Dataset_ID,Manual_Review_Result,Modification_Details,Deletion_Details
haluevalqa-00002,Keep,,
haluevalqa-00006,Keep,,
haluevalqa-00007,Deleted,,"Right-answer issue: the right answer is incorrect, question-misaligned, incomplete, or insufficiently supported by the context."
haluevalqa-00008,Modified,"hallucinated_answer: ""Badr Hari is a notorious kickboxer."" -> ""Badr Hari was never involved in controversies concerning unsportsmanlike conduct.""",
haluevalqa-00010,Keep,,
haluevalqa-00011,Keep,,
haluevalqa-00014,Keep,,
haluevalqa-00017,Keep,,
haluevalqa-00018,Keep,,
haluevalqa-00019,Keep,,
haluevalqa-00021,Keep,,
haluevalqa-00024,Keep,,
haluevalqa-00027,Deleted,,Supported/equivalent hallucinated answer: the hallucinated answer is supported by the context or semantically equivalent to the correct answer.
haluevalqa-00030,Keep,,
haluevalqa-00035,Keep,,
haluevalqa-00040,Deleted,,"Weak/ambiguous negative: the hallucinated answer is too weak, approximate, ambiguous, or otherwise unstable as a negative example."
haluevalqa-00042,Keep,,
haluevalqa-00043,Keep,,
haluevalqa-00044,Keep,,
haluevalqa-00045,Deleted,,Supported/equivalent hallucinated answer: the hallucinated answer is supported by the context or semantically equivalent to the correct answer.
haluevalqa-00048,Keep,,
haluevalqa-00049,Keep,,
haluevalqa-00052,Keep,,
haluevalqa-00053,Keep,,
haluevalqa-00054,Keep,,
haluevalqa-00055,Keep,,
haluevalqa-00057,Keep,,
haluevalqa-00059,Keep,,
haluevalqa-00061,Keep,,
haluevalqa-00062,Keep,,
haluevalqa-00064,Keep,,
haluevalqa-00067,Keep,,
haluevalqa-00071,Keep,,
haluevalqa-00076,Keep,,
haluevalqa-00079,Keep,,
haluevalqa-00082,Keep,,
haluevalqa-00091,Keep,,
haluevalqa-00092,Keep,,
haluevalqa-00095,Keep,,
haluevalqa-00096,Keep,,
haluevalqa-00098,Keep,,
haluevalqa-00100,Deleted,,"Weak/ambiguous negative: the hallucinated answer is too weak, approximate, ambiguous, or otherwise unstable as a negative example."
haluevalqa-00102,Keep,,
haluevalqa-00105,Keep,,
haluevalqa-00106,Keep,,
haluevalqa-00107,Deleted,,Supported/equivalent hallucinated answer: the hallucinated answer is supported by the context or semantically equivalent to the correct answer.
haluevalqa-00108,Keep,,
haluevalqa-00109,Keep,,
haluevalqa-00111,Deleted,,Supported/equivalent hallucinated answer: the hallucinated answer is supported by the context or semantically equivalent to the correct answer.
haluevalqa-00112,Deleted,,"Weak/ambiguous negative: the hallucinated answer is too weak, approximate, ambiguous, or otherwise unstable as a negative example."
haluevalqa-00113,Keep,,
haluevalqa-00119,Keep,,
haluevalqa-00123,Keep,,
haluevalqa-00124,Keep,,
haluevalqa-00127,Keep,,
haluevalqa-00128,Keep,,
haluevalqa-00130,Keep,,
haluevalqa-00136,Keep,,
haluevalqa-00137,Deleted,,Supported/equivalent hallucinated answer: the hallucinated answer is supported by the context or semantically equivalent to the correct answer.
haluevalqa-00139,Keep,,
haluevalqa-00141,Deleted,,"Weak/ambiguous negative: the hallucinated answer is too weak, approximate, ambiguous, or otherwise unstable as a negative example."
haluevalqa-00143,Keep,,
haluevalqa-00148,Keep,,
haluevalqa-00151,Keep,,
haluevalqa-00154,Keep,,
haluevalqa-00156,Keep,,
haluevalqa-00158,Modified,"hallucinated_answer: ""Der Mond was composed by Carl Orff."" -> ""Carl Orff was best known for the cantata ""The Moon"".""",
haluevalqa-00160,Keep,,
haluevalqa-00166,Keep,,
haluevalqa-00167,Keep,,
haluevalqa-00172,Keep,,
haluevalqa-00175,Keep,,
haluevalqa-00178,Keep,,
haluevalqa-00184,Keep,,
haluevalqa-00186,Keep,,
haluevalqa-00191,Keep,,
haluevalqa-00192,Keep,,
haluevalqa-00195,Keep,,
haluevalqa-00197,Modified,"hallucinated_answer: ""The Pineground Bridge formerly carried Depot Road over the Suncook River into a town with a population of about 2,500 residents."" -> ""The Pineground Bridge formerly carried Depot Road over the Suncook River into a town with a population of 3,523 residents.""",
haluevalqa-00199,Keep,,
haluevalqa-00201,Keep,,
haluevalqa-00203,Deleted,,Supported/equivalent hallucinated answer: the hallucinated answer is supported by the context or semantically equivalent to the correct answer.
haluevalqa-00204,Keep,,
haluevalqa-00208,Modified,"hallucinated_answer: ""Lee Ranaldo is older than Mary Ramsey."" -> ""Mary Ramsey is older than Lee Ranaldo.""",
haluevalqa-00209,Keep,,
haluevalqa-00211,Keep,,
haluevalqa-00213,Keep,,
haluevalqa-00214,Keep,,
haluevalqa-00215,Keep,,
haluevalqa-00218,Keep,,
haluevalqa-00220,Keep,,
haluevalqa-00221,Deleted,,Supported/equivalent hallucinated answer: the hallucinated answer is supported by the context or semantically equivalent to the correct answer.
haluevalqa-00222,Deleted,,Supported/equivalent hallucinated answer: the hallucinated answer is supported by the context or semantically equivalent to the correct answer.
haluevalqa-00224,Keep,,
haluevalqa-00229,Deleted,,"Weak/ambiguous negative: the hallucinated answer is too weak, approximate, ambiguous, or otherwise unstable as a negative example."
haluevalqa-00242,Keep,,
haluevalqa-00243,Keep,,
haluevalqa-00245,Keep,,
haluevalqa-00246,Keep,,
haluevalqa-00251,Keep,,
haluevalqa-00252,Keep,,
haluevalqa-00254,Keep,,
haluevalqa-00257,Keep,,
haluevalqa-00258,Keep,,
haluevalqa-00261,Keep,,
haluevalqa-00264,Keep,,
haluevalqa-00265,Keep,,
haluevalqa-00272,Keep,,
haluevalqa-00274,Keep,,
haluevalqa-00277,Keep,,
haluevalqa-00280,Deleted,,Supported/equivalent hallucinated answer: the hallucinated answer is supported by the context or semantically equivalent to the correct answer.
haluevalqa-00283,Keep,,
haluevalqa-00285,Keep,,
haluevalqa-00288,Keep,,
haluevalqa-00289,Keep,,
haluevalqa-00292,Keep,,
haluevalqa-00293,Keep,,
haluevalqa-00298,Keep,,
haluevalqa-00299,Keep,,
haluevalqa-00305,Deleted,,Supported/equivalent hallucinated answer: the hallucinated answer is supported by the context or semantically equivalent to the correct answer.
haluevalqa-00307,Keep,,
haluevalqa-00308,Deleted,,Supported/equivalent hallucinated answer: the hallucinated answer is supported by the context or semantically equivalent to the correct answer.
haluevalqa-00309,Keep,,
haluevalqa-00310,Deleted,,Supported/equivalent hallucinated answer: the hallucinated answer is supported by the context or semantically equivalent to the correct answer.
haluevalqa-00311,Keep,,
haluevalqa-00313,Keep,,
haluevalqa-00314,Keep,,
haluevalqa-00318,Keep,,
haluevalqa-00320,Keep,,
haluevalqa-00326,Deleted,,Supported/equivalent hallucinated answer: the hallucinated answer is supported by the context or semantically equivalent to the correct answer.
haluevalqa-00329,Keep,,
haluevalqa-00331,Keep,,
haluevalqa-00333,Keep,,
haluevalqa-00334,Keep,,
haluevalqa-00336,Keep,,
haluevalqa-00337,Deleted,,Supported/equivalent hallucinated answer: the hallucinated answer is supported by the context or semantically equivalent to the correct answer.
haluevalqa-00338,Keep,,
haluevalqa-00341,Keep,,
haluevalqa-00345,Keep,,
haluevalqa-00346,Keep,,
haluevalqa-00347,Keep,,
haluevalqa-00348,Keep,,
haluevalqa-00352,Keep,,
haluevalqa-00353,Keep,,
haluevalqa-00356,Keep,,
haluevalqa-00358,Keep,,
haluevalqa-00360,Keep,,
haluevalqa-00362,Keep,,
haluevalqa-00364,Keep,,
haluevalqa-00365,Keep,,
haluevalqa-00368,Deleted,,Supported/equivalent hallucinated answer: the hallucinated answer is supported by the context or semantically equivalent to the correct answer.
haluevalqa-00371,Keep,,
haluevalqa-00374,Keep,,
haluevalqa-00376,Keep,,
haluevalqa-00382,Keep,,
haluevalqa-00383,Keep,,
haluevalqa-00385,Keep,,
haluevalqa-00387,Keep,,
haluevalqa-00388,Keep,,
haluevalqa-00396,Keep,,
haluevalqa-00398,Keep,,
haluevalqa-00399,Deleted,,"Weak/ambiguous negative: the hallucinated answer is too weak, approximate, ambiguous, or otherwise unstable as a negative example."
haluevalqa-00401,Deleted,,Supported/equivalent hallucinated answer: the hallucinated answer is supported by the context or semantically equivalent to the correct answer.
haluevalqa-00402,Keep,,
haluevalqa-00403,Keep,,
haluevalqa-00404,Keep,,
haluevalqa-00407,Keep,,
haluevalqa-00408,Keep,,
haluevalqa-00421,Keep,,
haluevalqa-00424,Keep,,
haluevalqa-00427,Keep,,
haluevalqa-00432,Keep,,
haluevalqa-00433,Deleted,,Supported/equivalent hallucinated answer: the hallucinated answer is supported by the context or semantically equivalent to the correct answer.
haluevalqa-00435,Keep,,
haluevalqa-00436,Keep,,
haluevalqa-00440,Keep,,
haluevalqa-00441,Keep,,
haluevalqa-00442,Keep,,
haluevalqa-00446,Deleted,,Supported/equivalent hallucinated answer: the hallucinated answer is supported by the context or semantically equivalent to the correct answer.
haluevalqa-00448,Keep,,
haluevalqa-00452,Deleted,,Supported/equivalent hallucinated answer: the hallucinated answer is supported by the context or semantically equivalent to the correct answer.
haluevalqa-00455,Keep,,
haluevalqa-00460,Keep,,
haluevalqa-00470,Keep,,
haluevalqa-00472,Keep,,
haluevalqa-00474,Keep,,
haluevalqa-00475,Keep,,
haluevalqa-00478,Keep,,
haluevalqa-00488,Keep,,
haluevalqa-00495,Keep,,
haluevalqa-00499,Keep,,
haluevalqa-00501,Deleted,,Supported/equivalent hallucinated answer: the hallucinated answer is supported by the context or semantically equivalent to the correct answer.
haluevalqa-00504,Keep,,
haluevalqa-00505,Keep,,
haluevalqa-00506,Keep,,
haluevalqa-00512,Keep,,
haluevalqa-00519,Keep,,
haluevalqa-00521,Keep,,
haluevalqa-00523,Keep,,
haluevalqa-00526,Keep,,
haluevalqa-00528,Keep,,
haluevalqa-00531,Keep,,
haluevalqa-00532,Keep,,
haluevalqa-00533,Keep,,
haluevalqa-00534,Deleted,,"Right-answer issue: the right answer is incorrect, question-misaligned, incomplete, or insufficiently supported by the context."
haluevalqa-00541,Keep,,
haluevalqa-00543,Keep,,
haluevalqa-00546,Keep,,
haluevalqa-00547,Keep,,
haluevalqa-00553,Deleted,,"Weak/ambiguous negative: the hallucinated answer is too weak, approximate, ambiguous, or otherwise unstable as a negative example."
haluevalqa-00556,Keep,,
haluevalqa-00562,Keep,,
haluevalqa-00563,Deleted,,Supported/equivalent hallucinated answer: the hallucinated answer is supported by the context or semantically equivalent to the correct answer.
haluevalqa-00566,Keep,,
haluevalqa-00568,Keep,,
haluevalqa-00570,Keep,,
haluevalqa-00576,Keep,,
haluevalqa-00585,Keep,,
haluevalqa-00590,Keep,,
haluevalqa-00591,Deleted,,Supported/equivalent hallucinated answer: the hallucinated answer is supported by the context or semantically equivalent to the correct answer.
haluevalqa-00593,Keep,,
haluevalqa-00594,Keep,,
haluevalqa-00604,Deleted,,Supported/equivalent hallucinated answer: the hallucinated answer is supported by the context or semantically equivalent to the correct answer.
haluevalqa-00608,Keep,,
haluevalqa-00610,Keep,,
haluevalqa-00615,Keep,,
haluevalqa-00618,Keep,,
haluevalqa-00636,Keep,,
haluevalqa-00638,Keep,,
haluevalqa-00643,Keep,,
haluevalqa-00645,Keep,,
haluevalqa-00647,Keep,,
haluevalqa-00653,Keep,,
haluevalqa-00654,Keep,,
haluevalqa-00656,Keep,,
haluevalqa-00659,Keep,,
haluevalqa-00671,Keep,,
haluevalqa-00672,Keep,,
haluevalqa-00673,Keep,,
haluevalqa-00674,Keep,,
haluevalqa-00680,Keep,,
haluevalqa-00681,Keep,,
haluevalqa-00683,Keep,,
haluevalqa-00688,Keep,,
haluevalqa-00703,Keep,,
haluevalqa-00704,Keep,,
haluevalqa-00706,Deleted,,"Weak/ambiguous negative: the hallucinated answer is too weak, approximate, ambiguous, or otherwise unstable as a negative example."
haluevalqa-00707,Keep,,
haluevalqa-00711,Keep,,
haluevalqa-00712,Keep,,
haluevalqa-00713,Keep,,
haluevalqa-00714,Keep,,
haluevalqa-00715,Deleted,,Supported/equivalent hallucinated answer: the hallucinated answer is supported by the context or semantically equivalent to the correct answer.
haluevalqa-00716,Keep,,
haluevalqa-00717,Keep,,
haluevalqa-00718,Keep,,
haluevalqa-00719,Keep,,
haluevalqa-00724,Deleted,,Supported/equivalent hallucinated answer: the hallucinated answer is supported by the context or semantically equivalent to the correct answer.
haluevalqa-00725,Keep,,
haluevalqa-00727,Keep,,
haluevalqa-00732,Keep,,
haluevalqa-00733,Deleted,,"Weak/ambiguous negative: the hallucinated answer is too weak, approximate, ambiguous, or otherwise unstable as a negative example."
haluevalqa-00734,Keep,,
haluevalqa-00736,Keep,,
haluevalqa-00737,Keep,,
haluevalqa-00741,Keep,,
haluevalqa-00743,Keep,,
haluevalqa-00745,Keep,,
haluevalqa-00753,Keep,,
haluevalqa-00754,Keep,,
haluevalqa-00757,Keep,,
haluevalqa-00758,Deleted,,Supported/equivalent hallucinated answer: the hallucinated answer is supported by the context or semantically equivalent to the correct answer.
haluevalqa-00759,Keep,,
haluevalqa-00760,Keep,,
haluevalqa-00763,Keep,,
haluevalqa-00764,Keep,,
haluevalqa-00767,Keep,,
haluevalqa-00771,Keep,,
haluevalqa-00772,Deleted,,Supported/equivalent hallucinated answer: the hallucinated answer is supported by the context or semantically equivalent to the correct answer.
haluevalqa-00774,Keep,,
haluevalqa-00778,Keep,,
haluevalqa-00780,Keep,,
haluevalqa-00781,Keep,,
haluevalqa-00783,Keep,,
haluevalqa-00784,Keep,,
haluevalqa-00791,Keep,,
haluevalqa-00795,Keep,,
haluevalqa-00797,Keep,,
haluevalqa-00800,Keep,,
haluevalqa-00803,Keep,,
haluevalqa-00807,Keep,,
haluevalqa-00810,Deleted,,Supported/equivalent hallucinated answer: the hallucinated answer is supported by the context or semantically equivalent to the correct answer.
haluevalqa-00811,Keep,,
haluevalqa-00812,Keep,,
haluevalqa-00826,Keep,,
haluevalqa-00827,Keep,,
haluevalqa-00833,Keep,,
haluevalqa-00835,Keep,,
haluevalqa-00839,Keep,,
haluevalqa-00841,Keep,,
haluevalqa-00845,Keep,,
haluevalqa-00847,Keep,,
haluevalqa-00848,Keep,,
haluevalqa-00857,Keep,,
haluevalqa-00858,Keep,,
haluevalqa-00860,Keep,,
haluevalqa-00862,Keep,,
haluevalqa-00864,Keep,,
haluevalqa-00868,Keep,,
haluevalqa-00869,Keep,,
haluevalqa-00875,Keep,,
haluevalqa-00876,Keep,,
haluevalqa-00878,Keep,,
haluevalqa-00883,Keep,,
haluevalqa-00886,Keep,,
haluevalqa-00891,Keep,,
haluevalqa-00892,Deleted,,Supported/equivalent hallucinated answer: the hallucinated answer is supported by the context or semantically equivalent to the correct answer.
haluevalqa-00895,Keep,,
haluevalqa-00896,Keep,,
haluevalqa-00900,Keep,,
haluevalqa-00901,Keep,,
haluevalqa-00902,Deleted,,Supported/equivalent hallucinated answer: the hallucinated answer is supported by the context or semantically equivalent to the correct answer.
haluevalqa-00905,Keep,,
haluevalqa-00910,Keep,,
haluevalqa-00912,Keep,,
haluevalqa-00914,Keep,,
haluevalqa-00917,Deleted,,Supported/equivalent hallucinated answer: the hallucinated answer is supported by the context or semantically equivalent to the correct answer.
haluevalqa-00918,Keep,,
haluevalqa-00920,Deleted,,Supported/equivalent hallucinated answer: the hallucinated answer is supported by the context or semantically equivalent to the correct answer.
haluevalqa-00925,Keep,,
haluevalqa-00930,Keep,,
haluevalqa-00933,Keep,,
haluevalqa-00934,Keep,,
haluevalqa-00935,Keep,,
haluevalqa-00942,Keep,,
haluevalqa-00944,Keep,,
haluevalqa-00945,Keep,,
haluevalqa-00948,Keep,,
haluevalqa-00949,Keep,,
haluevalqa-00950,Keep,,
haluevalqa-00954,Keep,,
haluevalqa-00955,Keep,,
haluevalqa-00963,Keep,,
haluevalqa-00966,Keep,,
haluevalqa-00968,Keep,,
haluevalqa-00971,Keep,,
haluevalqa-00975,Keep,,
haluevalqa-00978,Keep,,
haluevalqa-00981,Deleted,,Supported/equivalent hallucinated answer: the hallucinated answer is supported by the context or semantically equivalent to the correct answer.
haluevalqa-00982,Keep,,
haluevalqa-00983,Keep,,
haluevalqa-00984,Keep,,
haluevalqa-00985,Keep,,
haluevalqa-00987,Keep,,
haluevalqa-00989,Keep,,
haluevalqa-00990,Keep,,
haluevalqa-00996,Deleted,,Supported/equivalent hallucinated answer: the hallucinated answer is supported by the context or semantically equivalent to the correct answer.
haluevalqa-00999,Keep,,
haluevalqa-01000,Keep,,
haluevalqa-01003,Keep,,
haluevalqa-01005,Modified,"hallucinated_answer: ""Out of the six most common styles of playing of the Indian tabla, Pandit Kishan Maharaj belonged to the Benares gharānā."" -> ""Pandit Kishan Maharaj belonged to the Delhi gharānā.""",
haluevalqa-01006,Keep,,
haluevalqa-01007,Keep,,
haluevalqa-01009,Keep,,
haluevalqa-01011,Keep,,
haluevalqa-01014,Keep,,
haluevalqa-01015,Keep,,
haluevalqa-01021,Keep,,
haluevalqa-01022,Deleted,,Supported/equivalent hallucinated answer: the hallucinated answer is supported by the context or semantically equivalent to the correct answer.
haluevalqa-01023,Keep,,
haluevalqa-01026,Deleted,,Supported/equivalent hallucinated answer: the hallucinated answer is supported by the context or semantically equivalent to the correct answer.
haluevalqa-01027,Keep,,
haluevalqa-01029,Deleted,,"Weak/ambiguous negative: the hallucinated answer is too weak, approximate, ambiguous, or otherwise unstable as a negative example."
haluevalqa-01031,Keep,,
haluevalqa-01032,Keep,,
haluevalqa-01038,Keep,,
haluevalqa-01042,Keep,,
haluevalqa-01043,Keep,,
haluevalqa-01044,Keep,,
haluevalqa-01049,Keep,,
haluevalqa-01052,Keep,,
haluevalqa-01054,Keep,,
haluevalqa-01057,Keep,,
haluevalqa-01058,Keep,,
haluevalqa-01059,Keep,,
haluevalqa-01060,Keep,,
haluevalqa-01061,Keep,,
haluevalqa-01062,Keep,,
haluevalqa-01064,Keep,,
haluevalqa-01070,Keep,,
haluevalqa-01073,Deleted,,Supported/equivalent hallucinated answer: the hallucinated answer is supported by the context or semantically equivalent to the correct answer.
haluevalqa-01076,Keep,,
haluevalqa-01082,Keep,,
haluevalqa-01083,Keep,,
haluevalqa-01088,Keep,,
haluevalqa-01089,Keep,,
haluevalqa-01090,Deleted,,Supported/equivalent hallucinated answer: the hallucinated answer is supported by the context or semantically equivalent to the correct answer.
haluevalqa-01095,Keep,,
haluevalqa-01098,Keep,,
haluevalqa-01099,Keep,,
haluevalqa-01100,Keep,,
haluevalqa-01101,Deleted,,Supported/equivalent hallucinated answer: the hallucinated answer is supported by the context or semantically equivalent to the correct answer.
haluevalqa-01105,Keep,,
haluevalqa-01109,Keep,,
haluevalqa-01110,Keep,,
haluevalqa-01111,Keep,,
haluevalqa-01113,Keep,,
haluevalqa-01114,Keep,,
haluevalqa-01115,Keep,,
haluevalqa-01116,Keep,,
haluevalqa-01125,Keep,,
haluevalqa-01134,Keep,,
haluevalqa-01141,Keep,,
haluevalqa-01142,Keep,,
haluevalqa-01147,Keep,,
haluevalqa-01152,Keep,,
haluevalqa-01154,Keep,,
haluevalqa-01155,Deleted,,"Weak/ambiguous negative: the hallucinated answer is too weak, approximate, ambiguous, or otherwise unstable as a negative example."
haluevalqa-01160,Keep,,
haluevalqa-01161,Keep,,
haluevalqa-01164,Keep,,
haluevalqa-01165,Keep,,
haluevalqa-01168,Keep,,
haluevalqa-01172,Keep,,
haluevalqa-01174,Keep,,
haluevalqa-01177,Keep,,
haluevalqa-01180,Keep,,
haluevalqa-01182,Keep,,
haluevalqa-01183,Keep,,
haluevalqa-01184,Keep,,
haluevalqa-01185,Keep,,
haluevalqa-01187,Keep,,
haluevalqa-01188,Keep,,
haluevalqa-01190,Keep,,
haluevalqa-01191,Keep,,
haluevalqa-01192,Keep,,
haluevalqa-01193,Keep,,
haluevalqa-01195,Keep,,
haluevalqa-01196,Keep,,
haluevalqa-01200,Keep,,
haluevalqa-01201,Keep,,
haluevalqa-01202,Keep,,
haluevalqa-01204,Keep,,
haluevalqa-01205,Keep,,
haluevalqa-01206,Keep,,
haluevalqa-01207,Keep,,
haluevalqa-01211,Keep,,
haluevalqa-01212,Keep,,
haluevalqa-01213,Keep,,
haluevalqa-01215,Keep,,
haluevalqa-01216,Keep,,
haluevalqa-01218,Keep,,
haluevalqa-01221,Keep,,
haluevalqa-01223,Deleted,,Supported/equivalent hallucinated answer: the hallucinated answer is supported by the context or semantically equivalent to the correct answer.
haluevalqa-01225,Deleted,,Supported/equivalent hallucinated answer: the hallucinated answer is supported by the context or semantically equivalent to the correct answer.
haluevalqa-01226,Keep,,
haluevalqa-01232,Keep,,
haluevalqa-01233,Keep,,
haluevalqa-01235,Keep,,
haluevalqa-01238,Keep,,
haluevalqa-01239,Keep,,
haluevalqa-01241,Keep,,
haluevalqa-01244,Keep,,
haluevalqa-01245,Keep,,
haluevalqa-01250,Keep,,
haluevalqa-01254,Keep,,
haluevalqa-01255,Keep,,
haluevalqa-01258,Keep,,
haluevalqa-01262,Keep,,
haluevalqa-01264,Keep,,
haluevalqa-01272,Keep,,
haluevalqa-01277,Keep,,
haluevalqa-01278,Keep,,
haluevalqa-01281,Keep,,
haluevalqa-01290,Keep,,
haluevalqa-01302,Keep,,
haluevalqa-01307,Deleted,,Supported/equivalent hallucinated answer: the hallucinated answer is supported by the context or semantically equivalent to the correct answer.
haluevalqa-01310,Keep,,
haluevalqa-01312,Keep,,
haluevalqa-01315,Keep,,
haluevalqa-01320,Keep,,
haluevalqa-01322,Keep,,
haluevalqa-01323,Keep,,
haluevalqa-01324,Keep,,
haluevalqa-01325,Keep,,
haluevalqa-01326,Keep,,
haluevalqa-01332,Keep,,
haluevalqa-01335,Keep,,
haluevalqa-01336,Keep,,
haluevalqa-01339,Keep,,
haluevalqa-01345,Keep,,
haluevalqa-01349,Deleted,,Supported/equivalent hallucinated answer: the hallucinated answer is supported by the context or semantically equivalent to the correct answer.
haluevalqa-01352,Deleted,,Supported/equivalent hallucinated answer: the hallucinated answer is supported by the context or semantically equivalent to the correct answer.
haluevalqa-01355,Deleted,,Supported/equivalent hallucinated answer: the hallucinated answer is supported by the context or semantically equivalent to the correct answer.
haluevalqa-01356,Keep,,
haluevalqa-01359,Keep,,
haluevalqa-01360,Keep,,
haluevalqa-01365,Keep,,
haluevalqa-01366,Keep,,
haluevalqa-01369,Keep,,
haluevalqa-01371,Keep,,
haluevalqa-01373,Keep,,
haluevalqa-01376,Keep,,
haluevalqa-01379,Keep,,
haluevalqa-01383,Keep,,
haluevalqa-01390,Keep,,
haluevalqa-01391,Keep,,
haluevalqa-01392,Keep,,
haluevalqa-01397,Keep,,
haluevalqa-01402,Keep,,
haluevalqa-01405,Keep,,
haluevalqa-01407,Keep,,
haluevalqa-01408,Keep,,
haluevalqa-01410,Keep,,
haluevalqa-01413,Keep,,
haluevalqa-01414,Keep,,
haluevalqa-01418,Keep,,
haluevalqa-01421,Keep,,
haluevalqa-01425,Keep,,
haluevalqa-01427,Deleted,,Supported/equivalent hallucinated answer: the hallucinated answer is supported by the context or semantically equivalent to the correct answer.
haluevalqa-01428,Keep,,
haluevalqa-01430,Deleted,,Supported/equivalent hallucinated answer: the hallucinated answer is supported by the context or semantically equivalent to the correct answer.
haluevalqa-01432,Keep,,
haluevalqa-01434,Keep,,
haluevalqa-01437,Keep,,
haluevalqa-01438,Keep,,
haluevalqa-01450,Keep,,
haluevalqa-01453,Keep,,
haluevalqa-01454,Keep,,
haluevalqa-01455,Keep,,
haluevalqa-01457,Keep,,
haluevalqa-01458,Deleted,,Supported/equivalent hallucinated answer: the hallucinated answer is supported by the context or semantically equivalent to the correct answer.
haluevalqa-01459,Keep,,
haluevalqa-01463,Keep,,
haluevalqa-01464,Keep,,
haluevalqa-01465,Keep,,
haluevalqa-01469,Keep,,
haluevalqa-01470,Keep,,
haluevalqa-01472,Keep,,
haluevalqa-01473,Keep,,
haluevalqa-01476,Keep,,
haluevalqa-01478,Keep,,
haluevalqa-01479,Keep,,
haluevalqa-01481,Keep,,
haluevalqa-01485,Keep,,
haluevalqa-01486,Keep,,
haluevalqa-01488,Deleted,,Supported/equivalent hallucinated answer: the hallucinated answer is supported by the context or semantically equivalent to the correct answer.
haluevalqa-01489,Keep,,
haluevalqa-01490,Keep,,
haluevalqa-01491,Keep,,
haluevalqa-01492,Keep,,
haluevalqa-01494,Keep,,
haluevalqa-01496,Keep,,
haluevalqa-01497,Keep,,
haluevalqa-01499,Keep,,
haluevalqa-01504,Keep,,
haluevalqa-01506,Deleted,,Supported/equivalent hallucinated answer: the hallucinated answer is supported by the context or semantically equivalent to the correct answer.
haluevalqa-01514,Keep,,
haluevalqa-01517,Keep,,
haluevalqa-01518,Keep,,
haluevalqa-01522,Keep,,
haluevalqa-01526,Keep,,
haluevalqa-01527,Keep,,
haluevalqa-01528,Keep,,
haluevalqa-01529,Keep,,
haluevalqa-01530,Keep,,
haluevalqa-01533,Keep,,
haluevalqa-01534,Keep,,
haluevalqa-01538,Deleted,,Supported/equivalent hallucinated answer: the hallucinated answer is supported by the context or semantically equivalent to the correct answer.
haluevalqa-01539,Keep,,
haluevalqa-01540,Keep,,
haluevalqa-01548,Keep,,
haluevalqa-01549,Keep,,
haluevalqa-01551,Keep,,
haluevalqa-01558,Keep,,
haluevalqa-01565,Keep,,
haluevalqa-01567,Keep,,
haluevalqa-01568,Keep,,
haluevalqa-01570,Keep,,
haluevalqa-01571,Deleted,,Supported/equivalent hallucinated answer: the hallucinated answer is supported by the context or semantically equivalent to the correct answer.
haluevalqa-01578,Keep,,
haluevalqa-01580,Keep,,
haluevalqa-01585,Keep,,
haluevalqa-01588,Keep,,
haluevalqa-01589,Keep,,
haluevalqa-01592,Deleted,,Supported/equivalent hallucinated answer: the hallucinated answer is supported by the context or semantically equivalent to the correct answer.
haluevalqa-01605,Keep,,
haluevalqa-01606,Keep,,
haluevalqa-01610,Keep,,
haluevalqa-01612,Keep,,
haluevalqa-01613,Keep,,
haluevalqa-01614,Deleted,,Supported/equivalent hallucinated answer: the hallucinated answer is supported by the context or semantically equivalent to the correct answer.
haluevalqa-01617,Keep,,
haluevalqa-01618,Keep,,
haluevalqa-01619,Keep,,
haluevalqa-01622,Deleted,,Supported/equivalent hallucinated answer: the hallucinated answer is supported by the context or semantically equivalent to the correct answer.
haluevalqa-01623,Keep,,
haluevalqa-01625,Keep,,
haluevalqa-01626,Keep,,
haluevalqa-01631,Keep,,
haluevalqa-01636,Deleted,,Supported/equivalent hallucinated answer: the hallucinated answer is supported by the context or semantically equivalent to the correct answer.
haluevalqa-01637,Keep,,
haluevalqa-01646,Keep,,
haluevalqa-01650,Keep,,
haluevalqa-01653,Keep,,
haluevalqa-01656,Keep,,
haluevalqa-01659,Deleted,,Supported/equivalent hallucinated answer: the hallucinated answer is supported by the context or semantically equivalent to the correct answer.
haluevalqa-01661,Keep,,
haluevalqa-01662,Keep,,
haluevalqa-01663,Keep,,
haluevalqa-01665,Keep,,
haluevalqa-01666,Keep,,
haluevalqa-01667,Keep,,
haluevalqa-01668,Keep,,
haluevalqa-01669,Keep,,
haluevalqa-01670,Keep,,
haluevalqa-01671,Keep,,
haluevalqa-01673,Keep,,
haluevalqa-01674,Deleted,,Supported/equivalent hallucinated answer: the hallucinated answer is supported by the context or semantically equivalent to the correct answer.
haluevalqa-01677,Keep,,
haluevalqa-01678,Keep,,
haluevalqa-01680,Keep,,
haluevalqa-01681,Keep,,
haluevalqa-01682,Keep,,
haluevalqa-01683,Keep,,
haluevalqa-01689,Keep,,
haluevalqa-01690,Keep,,
haluevalqa-01695,Keep,,
haluevalqa-01696,Keep,,
haluevalqa-01700,Keep,,
haluevalqa-01702,Modified,"right_answer: ""The 2017 Macanese general election took place on 17 September 2017 according to the provisions of the Basic Law of Macau."" -> ""Yes, Macau elects a legislature on the national level.""",
haluevalqa-01714,Keep,,
haluevalqa-01715,Keep,,
haluevalqa-01718,Keep,,
haluevalqa-01732,Keep,,
haluevalqa-01733,Deleted,,Supported/equivalent hallucinated answer: the hallucinated answer is supported by the context or semantically equivalent to the correct answer.
haluevalqa-01736,Deleted,,Supported/equivalent hallucinated answer: the hallucinated answer is supported by the context or semantically equivalent to the correct answer.
haluevalqa-01737,Deleted,,Supported/equivalent hallucinated answer: the hallucinated answer is supported by the context or semantically equivalent to the correct answer.
haluevalqa-01739,Keep,,
haluevalqa-01740,Deleted,,"Weak/ambiguous negative: the hallucinated answer is too weak, approximate, ambiguous, or otherwise unstable as a negative example."
haluevalqa-01742,Keep,,
haluevalqa-01743,Keep,,
haluevalqa-01744,Keep,,
haluevalqa-01754,Keep,,
haluevalqa-01755,Keep,,
haluevalqa-01759,Keep,,
haluevalqa-01760,Keep,,
haluevalqa-01763,Keep,,
haluevalqa-01764,Keep,,
haluevalqa-01770,Keep,,
haluevalqa-01772,Keep,,
haluevalqa-01773,Keep,,
haluevalqa-01779,Keep,,
haluevalqa-01781,Keep,,
haluevalqa-01782,Keep,,
haluevalqa-01783,Keep,,
haluevalqa-01786,Keep,,
haluevalqa-01789,Keep,,
haluevalqa-01795,Keep,,
haluevalqa-01800,Keep,,
haluevalqa-01803,Keep,,
haluevalqa-01813,Keep,,
haluevalqa-01815,Keep,,
haluevalqa-01817,Keep,,
haluevalqa-01818,Keep,,
haluevalqa-01819,Keep,,
haluevalqa-01826,Keep,,
haluevalqa-01832,Keep,,
haluevalqa-01837,Keep,,
haluevalqa-01841,Keep,,
haluevalqa-01854,Deleted,,Supported/equivalent hallucinated answer: the hallucinated answer is supported by the context or semantically equivalent to the correct answer.
haluevalqa-01856,Keep,,
haluevalqa-01857,Deleted,,Supported/equivalent hallucinated answer: the hallucinated answer is supported by the context or semantically equivalent to the correct answer.
haluevalqa-01859,Keep,,
haluevalqa-01860,Deleted,,Supported/equivalent hallucinated answer: the hallucinated answer is supported by the context or semantically equivalent to the correct answer.
haluevalqa-01862,Keep,,
haluevalqa-01863,Keep,,
haluevalqa-01867,Keep,,
haluevalqa-01868,Keep,,
haluevalqa-01869,Keep,,
haluevalqa-01871,Keep,,
haluevalqa-01874,Keep,,
haluevalqa-01877,Keep,,
haluevalqa-01880,Keep,,
haluevalqa-01884,Keep,,
haluevalqa-01892,Deleted,,Supported/equivalent hallucinated answer: the hallucinated answer is supported by the context or semantically equivalent to the correct answer.
haluevalqa-01896,Keep,,
haluevalqa-01899,Keep,,
haluevalqa-01900,Keep,,
haluevalqa-01901,Keep,,
haluevalqa-01902,Keep,,
haluevalqa-01911,Keep,,
haluevalqa-01913,Keep,,
haluevalqa-01918,Keep,,
haluevalqa-01920,Keep,,
haluevalqa-01922,Keep,,
haluevalqa-01923,Keep,,
haluevalqa-01924,Keep,,
haluevalqa-01926,Keep,,
haluevalqa-01928,Keep,,
haluevalqa-01946,Deleted,,Supported/equivalent hallucinated answer: the hallucinated answer is supported by the context or semantically equivalent to the correct answer.
haluevalqa-01951,Keep,,
haluevalqa-01953,Keep,,
haluevalqa-01956,Keep,,
haluevalqa-01957,Deleted,,Supported/equivalent hallucinated answer: the hallucinated answer is supported by the context or semantically equivalent to the correct answer.
haluevalqa-01962,Keep,,
haluevalqa-01963,Keep,,
haluevalqa-01964,Keep,,
haluevalqa-01967,Keep,,
haluevalqa-01980,Keep,,
haluevalqa-01984,Keep,,
haluevalqa-01986,Keep,,
haluevalqa-01987,Keep,,
haluevalqa-01989,Keep,,
haluevalqa-01990,Keep,,
haluevalqa-02003,Keep,,
haluevalqa-02007,Keep,,
haluevalqa-02010,Keep,,
haluevalqa-02011,Keep,,
haluevalqa-02013,Keep,,
haluevalqa-02016,Keep,,
haluevalqa-02020,Keep,,
haluevalqa-02021,Keep,,
haluevalqa-02022,Keep,,
haluevalqa-02024,Keep,,
haluevalqa-02029,Keep,,
haluevalqa-02030,Keep,,
haluevalqa-02031,Keep,,
haluevalqa-02032,Keep,,
haluevalqa-02033,Keep,,
haluevalqa-02041,Keep,,
haluevalqa-02046,Deleted,,Supported/equivalent hallucinated answer: the hallucinated answer is supported by the context or semantically equivalent to the correct answer.
haluevalqa-02048,Keep,,
haluevalqa-02049,Keep,,
haluevalqa-02050,Keep,,
haluevalqa-02051,Keep,,
haluevalqa-02058,Keep,,
haluevalqa-02060,Keep,,
haluevalqa-02067,Keep,,
haluevalqa-02068,Deleted,,Supported/equivalent hallucinated answer: the hallucinated answer is supported by the context or semantically equivalent to the correct answer.
haluevalqa-02069,Keep,,
haluevalqa-02072,Keep,,
haluevalqa-02078,Keep,,
haluevalqa-02080,Keep,,
haluevalqa-02084,Keep,,
haluevalqa-02086,Keep,,
haluevalqa-02088,Keep,,
haluevalqa-02093,Keep,,
haluevalqa-02097,Keep,,
haluevalqa-02098,Keep,,
haluevalqa-02101,Keep,,
haluevalqa-02105,Keep,,
haluevalqa-02106,Keep,,
haluevalqa-02114,Keep,,
haluevalqa-02115,Keep,,
haluevalqa-02116,Keep,,
haluevalqa-02118,Deleted,,Supported/equivalent hallucinated answer: the hallucinated answer is supported by the context or semantically equivalent to the correct answer.
haluevalqa-02119,Keep,,
haluevalqa-02121,Keep,,
haluevalqa-02124,Keep,,
haluevalqa-02125,Keep,,
haluevalqa-02128,Keep,,
haluevalqa-02129,Keep,,
haluevalqa-02135,Keep,,
haluevalqa-02137,Keep,,
haluevalqa-02138,Keep,,
haluevalqa-02139,Keep,,
haluevalqa-02146,Keep,,
haluevalqa-02151,Keep,,
haluevalqa-02152,Keep,,
haluevalqa-02156,Keep,,
haluevalqa-02162,Keep,,
haluevalqa-02164,Keep,,
haluevalqa-02165,Keep,,
haluevalqa-02167,Deleted,,Supported/equivalent hallucinated answer: the hallucinated answer is supported by the context or semantically equivalent to the correct answer.
haluevalqa-02171,Keep,,
haluevalqa-02175,Keep,,
haluevalqa-02176,Keep,,
haluevalqa-02178,Keep,,
haluevalqa-02182,Keep,,
haluevalqa-02183,Keep,,
haluevalqa-02186,Keep,,
haluevalqa-02188,Keep,,
haluevalqa-02189,Deleted,,Supported/equivalent hallucinated answer: the hallucinated answer is supported by the context or semantically equivalent to the correct answer.
haluevalqa-02192,Keep,,
haluevalqa-02199,Keep,,
haluevalqa-02201,Keep,,
haluevalqa-02202,Keep,,
haluevalqa-02208,Keep,,
haluevalqa-02213,Keep,,
haluevalqa-02214,Deleted,,Supported/equivalent hallucinated answer: the hallucinated answer is supported by the context or semantically equivalent to the correct answer.
haluevalqa-02221,Keep,,
haluevalqa-02223,Keep,,
haluevalqa-02225,Keep,,
haluevalqa-02227,Keep,,
haluevalqa-02230,Keep,,
haluevalqa-02235,Keep,,
haluevalqa-02237,Keep,,
haluevalqa-02239,Keep,,
haluevalqa-02241,Keep,,
haluevalqa-02242,Keep,,
haluevalqa-02243,Keep,,
haluevalqa-02247,Keep,,
haluevalqa-02248,Keep,,
haluevalqa-02250,Keep,,
haluevalqa-02251,Keep,,
haluevalqa-02252,Deleted,,Supported/equivalent hallucinated answer: the hallucinated answer is supported by the context or semantically equivalent to the correct answer.
haluevalqa-02254,Keep,,
haluevalqa-02255,Keep,,
haluevalqa-02258,Keep,,
haluevalqa-02259,Keep,,
haluevalqa-02260,Keep,,
haluevalqa-02261,Keep,,
haluevalqa-02263,Keep,,
haluevalqa-02272,Keep,,
haluevalqa-02275,Keep,,
haluevalqa-02281,Keep,,
haluevalqa-02286,Keep,,
haluevalqa-02287,Deleted,,Supported/equivalent hallucinated answer: the hallucinated answer is supported by the context or semantically equivalent to the correct answer.
haluevalqa-02290,Keep,,
haluevalqa-02291,Keep,,
haluevalqa-02295,Keep,,
haluevalqa-02301,Keep,,
haluevalqa-02304,Keep,,
haluevalqa-02305,Keep,,
haluevalqa-02306,Keep,,
haluevalqa-02311,Keep,,
haluevalqa-02312,Deleted,,Supported/equivalent hallucinated answer: the hallucinated answer is supported by the context or semantically equivalent to the correct answer.
haluevalqa-02314,Modified,"hallucinated_answer: ""The Mexican President who headed the San Andrés Accords was Ernesto Zedillo, as he served as President of Mexico from December 1, 1994 to November 30, 2000."" -> ""The Mexican President who headed the San Andrés Accords was Carlos Salinas de Gortari.""",
haluevalqa-02315,Keep,,
haluevalqa-02316,Keep,,
haluevalqa-02317,Deleted,,Supported/equivalent hallucinated answer: the hallucinated answer is supported by the context or semantically equivalent to the correct answer.
haluevalqa-02319,Keep,,
haluevalqa-02326,Keep,,
haluevalqa-02327,Keep,,
haluevalqa-02329,Keep,,
haluevalqa-02330,Keep,,
haluevalqa-02331,Keep,,
haluevalqa-02337,Keep,,
haluevalqa-02340,Deleted,,Supported/equivalent hallucinated answer: the hallucinated answer is supported by the context or semantically equivalent to the correct answer.
haluevalqa-02341,Keep,,
haluevalqa-02350,Keep,,
haluevalqa-02353,Keep,,
haluevalqa-02355,Keep,,
haluevalqa-02356,Keep,,
haluevalqa-02357,Keep,,
haluevalqa-02358,Keep,,
haluevalqa-02360,Keep,,
haluevalqa-02363,Keep,,
haluevalqa-02365,Keep,,
haluevalqa-02370,Deleted,,Supported/equivalent hallucinated answer: the hallucinated answer is supported by the context or semantically equivalent to the correct answer.
haluevalqa-02376,Keep,,
haluevalqa-02379,Deleted,,Supported/equivalent hallucinated answer: the hallucinated answer is supported by the context or semantically equivalent to the correct answer.
haluevalqa-02380,Keep,,
haluevalqa-02381,Keep,,
haluevalqa-02384,Keep,,
haluevalqa-02386,Keep,,
haluevalqa-02394,Keep,,
haluevalqa-02395,Deleted,,Supported/equivalent hallucinated answer: the hallucinated answer is supported by the context or semantically equivalent to the correct answer.
haluevalqa-02404,Keep,,
haluevalqa-02407,Keep,,
haluevalqa-02411,Keep,,
haluevalqa-02412,Keep,,
haluevalqa-02413,Keep,,
haluevalqa-02414,Keep,,
haluevalqa-02417,Keep,,
haluevalqa-02418,Keep,,
haluevalqa-02420,Keep,,
haluevalqa-02422,Keep,,
haluevalqa-02423,Keep,,
haluevalqa-02426,Keep,,
haluevalqa-02428,Keep,,
haluevalqa-02430,Deleted,,Supported/equivalent hallucinated answer: the hallucinated answer is supported by the context or semantically equivalent to the correct answer.
haluevalqa-02432,Keep,,
haluevalqa-02433,Keep,,
haluevalqa-02434,Keep,,
haluevalqa-02443,Keep,,
haluevalqa-02444,Keep,,
haluevalqa-02447,Keep,,
haluevalqa-02453,Keep,,
haluevalqa-02454,Keep,,
haluevalqa-02456,Keep,,
haluevalqa-02457,Keep,,
haluevalqa-02458,Keep,,
haluevalqa-02460,Keep,,
haluevalqa-02466,Keep,,
haluevalqa-02473,Keep,,
haluevalqa-02474,Keep,,
haluevalqa-02477,Keep,,
haluevalqa-02487,Keep,,
haluevalqa-02490,Keep,,
haluevalqa-02491,Keep,,
haluevalqa-02492,Keep,,
haluevalqa-02495,Keep,,
haluevalqa-02496,Keep,,
haluevalqa-02498,Keep,,
haluevalqa-02505,Keep,,
haluevalqa-02510,Keep,,
haluevalqa-02515,Keep,,
haluevalqa-02516,Keep,,
haluevalqa-02525,Keep,,
haluevalqa-02529,Keep,,
haluevalqa-02532,Keep,,
haluevalqa-02537,Keep,,
haluevalqa-02549,Keep,,
haluevalqa-02550,Keep,,
haluevalqa-02552,Keep,,
haluevalqa-02555,Keep,,
haluevalqa-02556,Deleted,,Supported/equivalent hallucinated answer: the hallucinated answer is supported by the context or semantically equivalent to the correct answer.
haluevalqa-02557,Keep,,
haluevalqa-02558,Keep,,
haluevalqa-02567,Keep,,
haluevalqa-02568,Keep,,
haluevalqa-02571,Keep,,
haluevalqa-02576,Keep,,
haluevalqa-02582,Keep,,
haluevalqa-02583,Keep,,
haluevalqa-02585,Keep,,
haluevalqa-02587,Keep,,
haluevalqa-02591,Keep,,
haluevalqa-02592,Keep,,
haluevalqa-02609,Keep,,
haluevalqa-02611,Keep,,
haluevalqa-02613,Keep,,
haluevalqa-02616,Keep,,
haluevalqa-02618,Keep,,
haluevalqa-02620,Keep,,
haluevalqa-02621,Keep,,
haluevalqa-02622,Keep,,
haluevalqa-02626,Keep,,
haluevalqa-02627,Keep,,
haluevalqa-02630,Keep,,
haluevalqa-02636,Keep,,
haluevalqa-02638,Keep,,
haluevalqa-02639,Keep,,
haluevalqa-02641,Keep,,
haluevalqa-02646,Deleted,,Supported/equivalent hallucinated answer: the hallucinated answer is supported by the context or semantically equivalent to the correct answer.
haluevalqa-02648,Keep,,
haluevalqa-02649,Keep,,
haluevalqa-02652,Keep,,
haluevalqa-02653,Deleted,,Supported/equivalent hallucinated answer: the hallucinated answer is supported by the context or semantically equivalent to the correct answer.
haluevalqa-02656,Keep,,
haluevalqa-02657,Keep,,
haluevalqa-02664,Keep,,
haluevalqa-02673,Keep,,
haluevalqa-02679,Deleted,,Supported/equivalent hallucinated answer: the hallucinated answer is supported by the context or semantically equivalent to the correct answer.
haluevalqa-02681,Keep,,
haluevalqa-02682,Keep,,
haluevalqa-02687,Keep,,
haluevalqa-02688,Keep,,
haluevalqa-02700,Keep,,
haluevalqa-02702,Keep,,
haluevalqa-02704,Keep,,
haluevalqa-02706,Keep,,
haluevalqa-02710,Keep,,
haluevalqa-02714,Keep,,
haluevalqa-02716,Keep,,
haluevalqa-02718,Keep,,
haluevalqa-02720,Keep,,
haluevalqa-02723,Keep,,
haluevalqa-02728,Keep,,
haluevalqa-02729,Keep,,
haluevalqa-02734,Keep,,
haluevalqa-02735,Keep,,
haluevalqa-02738,Keep,,
haluevalqa-02740,Keep,,
haluevalqa-02741,Keep,,
haluevalqa-02744,Keep,,
haluevalqa-02751,Keep,,
haluevalqa-02753,Keep,,
haluevalqa-02756,Keep,,
haluevalqa-02758,Keep,,
haluevalqa-02759,Keep,,
haluevalqa-02761,Keep,,
haluevalqa-02762,Deleted,,Supported/equivalent hallucinated answer: the hallucinated answer is supported by the context or semantically equivalent to the correct answer.
haluevalqa-02763,Keep,,
haluevalqa-02765,Deleted,,Supported/equivalent hallucinated answer: the hallucinated answer is supported by the context or semantically equivalent to the correct answer.
haluevalqa-02771,Keep,,
haluevalqa-02776,Keep,,
haluevalqa-02779,Keep,,
haluevalqa-02780,Keep,,
haluevalqa-02781,Keep,,
haluevalqa-02782,Keep,,
haluevalqa-02784,Keep,,
haluevalqa-02786,Keep,,
haluevalqa-02788,Keep,,
haluevalqa-02791,Keep,,
haluevalqa-02792,Keep,,
haluevalqa-02796,Deleted,,"Weak/ambiguous negative: the hallucinated answer is too weak, approximate, ambiguous, or otherwise unstable as a negative example."
haluevalqa-02800,Keep,,
haluevalqa-02802,Keep,,
haluevalqa-02804,Keep,,
haluevalqa-02810,Keep,,
haluevalqa-02811,Keep,,
haluevalqa-02816,Keep,,
haluevalqa-02817,Keep,,
haluevalqa-02818,Keep,,
haluevalqa-02821,Keep,,
haluevalqa-02824,Keep,,
haluevalqa-02839,Keep,,
haluevalqa-02841,Keep,,
haluevalqa-02843,Keep,,
haluevalqa-02845,Keep,,
haluevalqa-02846,Keep,,
haluevalqa-02847,Keep,,
haluevalqa-02849,Deleted,,Supported/equivalent hallucinated answer: the hallucinated answer is supported by the context or semantically equivalent to the correct answer.
haluevalqa-02850,Keep,,
haluevalqa-02853,Keep,,
haluevalqa-02854,Keep,,
haluevalqa-02855,Keep,,
haluevalqa-02857,Keep,,
haluevalqa-02858,Keep,,
haluevalqa-02859,Keep,,
haluevalqa-02860,Keep,,
haluevalqa-02866,Keep,,
haluevalqa-02873,Keep,,
haluevalqa-02881,Keep,,
haluevalqa-02882,Keep,,
haluevalqa-02884,Keep,,
haluevalqa-02885,Keep,,
haluevalqa-02886,Keep,,
haluevalqa-02887,Keep,,
haluevalqa-02889,Keep,,
haluevalqa-02894,Keep,,
haluevalqa-02906,Keep,,
haluevalqa-02907,Keep,,
haluevalqa-02908,Deleted,,"Right-answer issue: the right answer is incorrect, question-misaligned, incomplete, or insufficiently supported by the context."
haluevalqa-02909,Deleted,,Supported/equivalent hallucinated answer: the hallucinated answer is supported by the context or semantically equivalent to the correct answer.
haluevalqa-02914,Keep,,
haluevalqa-02916,Deleted,,Supported/equivalent hallucinated answer: the hallucinated answer is supported by the context or semantically equivalent to the correct answer.
haluevalqa-02917,Deleted,,Supported/equivalent hallucinated answer: the hallucinated answer is supported by the context or semantically equivalent to the correct answer.
haluevalqa-02920,Keep,,
haluevalqa-02921,Keep,,
haluevalqa-02923,Keep,,
haluevalqa-02924,Keep,,
haluevalqa-02929,Keep,,
haluevalqa-02932,Keep,,
haluevalqa-02934,Keep,,
haluevalqa-02935,Keep,,
haluevalqa-02936,Keep,,
haluevalqa-02938,Keep,,
haluevalqa-02940,Keep,,
haluevalqa-02948,Keep,,
haluevalqa-02951,Keep,,
haluevalqa-02957,Keep,,
haluevalqa-02958,Keep,,
haluevalqa-02961,Keep,,
haluevalqa-02963,Deleted,,Supported/equivalent hallucinated answer: the hallucinated answer is supported by the context or semantically equivalent to the correct answer.
haluevalqa-02969,Keep,,
haluevalqa-02971,Keep,,
haluevalqa-02972,Keep,,
haluevalqa-02975,Keep,,
haluevalqa-02977,Keep,,
haluevalqa-02979,Keep,,
haluevalqa-02980,Keep,,
haluevalqa-02981,Keep,,
haluevalqa-02983,Keep,,
haluevalqa-02987,Keep,,
haluevalqa-02990,Keep,,
haluevalqa-02991,Keep,,
haluevalqa-02993,Keep,,
haluevalqa-02995,Keep,,
haluevalqa-03007,Deleted,,Supported/equivalent hallucinated answer: the hallucinated answer is supported by the context or semantically equivalent to the correct answer.
haluevalqa-03010,Keep,,
haluevalqa-03014,Keep,,
haluevalqa-03015,Deleted,,Supported/equivalent hallucinated answer: the hallucinated answer is supported by the context or semantically equivalent to the correct answer.
haluevalqa-03017,Keep,,
haluevalqa-03018,Keep,,
haluevalqa-03019,Deleted,,Supported/equivalent hallucinated answer: the hallucinated answer is supported by the context or semantically equivalent to the correct answer.
haluevalqa-03024,Keep,,
haluevalqa-03026,Deleted,,Supported/equivalent hallucinated answer: the hallucinated answer is supported by the context or semantically equivalent to the correct answer.
haluevalqa-03027,Keep,,
haluevalqa-03028,Deleted,,"Right-answer issue: the right answer is incorrect, question-misaligned, incomplete, or insufficiently supported by the context."
haluevalqa-03031,Keep,,
haluevalqa-03032,Keep,,
haluevalqa-03035,Keep,,
haluevalqa-03038,Keep,,
haluevalqa-03039,Keep,,
haluevalqa-03042,Keep,,
haluevalqa-03049,Deleted,,Supported/equivalent hallucinated answer: the hallucinated answer is supported by the context or semantically equivalent to the correct answer.
haluevalqa-03050,Keep,,
haluevalqa-03051,Keep,,
haluevalqa-03060,Deleted,,Supported/equivalent hallucinated answer: the hallucinated answer is supported by the context or semantically equivalent to the correct answer.
haluevalqa-03061,Keep,,
haluevalqa-03063,Keep,,
haluevalqa-03068,Deleted,,Supported/equivalent hallucinated answer: the hallucinated answer is supported by the context or semantically equivalent to the correct answer.
haluevalqa-03071,Keep,,
haluevalqa-03080,Keep,,
haluevalqa-03083,Keep,,
haluevalqa-03085,Keep,,
haluevalqa-03088,Keep,,
haluevalqa-03089,Keep,,
haluevalqa-03092,Keep,,
haluevalqa-03093,Keep,,
haluevalqa-03095,Keep,,
haluevalqa-03096,Keep,,
haluevalqa-03099,Keep,,
haluevalqa-03100,Keep,,
haluevalqa-03106,Keep,,
haluevalqa-03110,Keep,,
haluevalqa-03112,Keep,,
haluevalqa-03114,Keep,,
haluevalqa-03120,Keep,,
haluevalqa-03124,Keep,,
haluevalqa-03127,Keep,,
haluevalqa-03128,Keep,,
haluevalqa-03129,Keep,,
haluevalqa-03133,Keep,,
haluevalqa-03137,Keep,,
haluevalqa-03138,Keep,,
haluevalqa-03142,Keep,,
haluevalqa-03144,Keep,,
haluevalqa-03151,Deleted,,Supported/equivalent hallucinated answer: the hallucinated answer is supported by the context or semantically equivalent to the correct answer.
haluevalqa-03153,Keep,,
haluevalqa-03156,Keep,,
haluevalqa-03157,Keep,,
haluevalqa-03159,Keep,,
haluevalqa-03165,Keep,,
haluevalqa-03166,Deleted,,Supported/equivalent hallucinated answer: the hallucinated answer is supported by the context or semantically equivalent to the correct answer.
haluevalqa-03167,Keep,,
haluevalqa-03168,Keep,,
haluevalqa-03169,Keep,,
haluevalqa-03176,Keep,,
haluevalqa-03181,Keep,,
haluevalqa-03185,Keep,,
haluevalqa-03188,Keep,,
haluevalqa-03193,Deleted,,Supported/equivalent hallucinated answer: the hallucinated answer is supported by the context or semantically equivalent to the correct answer.
haluevalqa-03196,Keep,,
haluevalqa-03197,Keep,,
haluevalqa-03198,Keep,,
haluevalqa-03200,Keep,,
haluevalqa-03202,Keep,,
haluevalqa-03205,Keep,,
haluevalqa-03207,Keep,,
haluevalqa-03210,Keep,,
haluevalqa-03213,Keep,,
haluevalqa-03214,Keep,,
haluevalqa-03217,Keep,,
haluevalqa-03224,Keep,,
haluevalqa-03231,Keep,,
haluevalqa-03235,Deleted,,"Weak/ambiguous negative: the hallucinated answer is too weak, approximate, ambiguous, or otherwise unstable as a negative example."
haluevalqa-03236,Keep,,
haluevalqa-03237,Keep,,
haluevalqa-03238,Keep,,
haluevalqa-03239,Deleted,,Supported/equivalent hallucinated answer: the hallucinated answer is supported by the context or semantically equivalent to the correct answer.
haluevalqa-03243,Keep,,
haluevalqa-03245,Keep,,
haluevalqa-03250,Keep,,
haluevalqa-03258,Keep,,
haluevalqa-03259,Keep,,
haluevalqa-03266,Keep,,
haluevalqa-03267,Keep,,
haluevalqa-03270,Keep,,
haluevalqa-03273,Keep,,
haluevalqa-03275,Keep,,
haluevalqa-03277,Keep,,
haluevalqa-03283,Keep,,
haluevalqa-03284,Keep,,
haluevalqa-03289,Deleted,,Supported/equivalent hallucinated answer: the hallucinated answer is supported by the context or semantically equivalent to the correct answer.
haluevalqa-03293,Keep,,
haluevalqa-03295,Keep,,
haluevalqa-03304,Keep,,
haluevalqa-03305,Keep,,
haluevalqa-03309,Keep,,
haluevalqa-03314,Keep,,
haluevalqa-03315,Keep,,
haluevalqa-03320,Keep,,
haluevalqa-03321,Keep,,
haluevalqa-03322,Keep,,
haluevalqa-03324,Keep,,
haluevalqa-03327,Keep,,
haluevalqa-03329,Keep,,
haluevalqa-03330,Deleted,,Supported/equivalent hallucinated answer: the hallucinated answer is supported by the context or semantically equivalent to the correct answer.
haluevalqa-03335,Keep,,
haluevalqa-03337,Deleted,,Supported/equivalent hallucinated answer: the hallucinated answer is supported by the context or semantically equivalent to the correct answer.
haluevalqa-03339,Keep,,
haluevalqa-03340,Keep,,
haluevalqa-03342,Keep,,
haluevalqa-03343,Keep,,
haluevalqa-03348,Keep,,
haluevalqa-03349,Keep,,
haluevalqa-03350,Keep,,
haluevalqa-03352,Keep,,
haluevalqa-03353,Keep,,
haluevalqa-03358,Keep,,
haluevalqa-03359,Keep,,
haluevalqa-03360,Keep,,
haluevalqa-03362,Keep,,
haluevalqa-03363,Deleted,,Supported/equivalent hallucinated answer: the hallucinated answer is supported by the context or semantically equivalent to the correct answer.
haluevalqa-03367,Keep,,
haluevalqa-03372,Keep,,
haluevalqa-03373,Keep,,
haluevalqa-03378,Keep,,
haluevalqa-03385,Keep,,
haluevalqa-03388,Keep,,
haluevalqa-03389,Keep,,
haluevalqa-03394,Keep,,
haluevalqa-03397,Keep,,
haluevalqa-03400,Keep,,
haluevalqa-03401,Keep,,
haluevalqa-03403,Keep,,
haluevalqa-03409,Keep,,
haluevalqa-03410,Keep,,
haluevalqa-03412,Keep,,
haluevalqa-03418,Keep,,
haluevalqa-03424,Keep,,
haluevalqa-03425,Keep,,
haluevalqa-03426,Keep,,
haluevalqa-03429,Deleted,,Supported/equivalent hallucinated answer: the hallucinated answer is supported by the context or semantically equivalent to the correct answer.
haluevalqa-03430,Keep,,
haluevalqa-03439,Keep,,
haluevalqa-03442,Keep,,
haluevalqa-03448,Keep,,
haluevalqa-03449,Keep,,
haluevalqa-03453,Keep,,
haluevalqa-03456,Keep,,
haluevalqa-03457,Keep,,
haluevalqa-03458,Deleted,,Supported/equivalent hallucinated answer: the hallucinated answer is supported by the context or semantically equivalent to the correct answer.
haluevalqa-03461,Keep,,
haluevalqa-03462,Keep,,
haluevalqa-03463,Keep,,
haluevalqa-03469,Keep,,
haluevalqa-03471,Keep,,
haluevalqa-03473,Keep,,
haluevalqa-03475,Keep,,
haluevalqa-03476,Keep,,
haluevalqa-03479,Deleted,,"Weak/ambiguous negative: the hallucinated answer is too weak, approximate, ambiguous, or otherwise unstable as a negative example."
haluevalqa-03483,Keep,,
haluevalqa-03486,Keep,,
haluevalqa-03492,Keep,,
haluevalqa-03494,Keep,,
haluevalqa-03495,Keep,,
haluevalqa-03496,Deleted,,Supported/equivalent hallucinated answer: the hallucinated answer is supported by the context or semantically equivalent to the correct answer.
haluevalqa-03498,Keep,,
haluevalqa-03501,Keep,,
haluevalqa-03502,Keep,,
haluevalqa-03503,Keep,,
haluevalqa-03511,Keep,,
haluevalqa-03515,Keep,,
haluevalqa-03516,Keep,,
haluevalqa-03517,Keep,,
haluevalqa-03524,Keep,,
haluevalqa-03527,Keep,,
haluevalqa-03528,Keep,,
haluevalqa-03535,Keep,,
haluevalqa-03540,Keep,,
haluevalqa-03541,Keep,,
haluevalqa-03542,Keep,,
haluevalqa-03543,Keep,,
haluevalqa-03548,Keep,,
haluevalqa-03550,Keep,,
haluevalqa-03551,Keep,,
haluevalqa-03552,Keep,,
haluevalqa-03553,Keep,,
haluevalqa-03556,Keep,,
haluevalqa-03558,Keep,,
haluevalqa-03561,Keep,,
haluevalqa-03562,Keep,,
haluevalqa-03564,Keep,,
haluevalqa-03566,Keep,,
haluevalqa-03567,Keep,,
haluevalqa-03568,Keep,,
haluevalqa-03571,Keep,,
haluevalqa-03573,Keep,,
haluevalqa-03578,Keep,,
haluevalqa-03580,Keep,,
haluevalqa-03581,Keep,,
haluevalqa-03583,Keep,,
haluevalqa-03587,Keep,,
haluevalqa-03590,Keep,,
haluevalqa-03594,Keep,,
haluevalqa-03595,Keep,,
haluevalqa-03598,Keep,,
haluevalqa-03603,Keep,,
haluevalqa-03604,Keep,,
haluevalqa-03608,Keep,,
haluevalqa-03612,Keep,,
haluevalqa-03613,Keep,,
haluevalqa-03615,Keep,,
haluevalqa-03620,Keep,,
haluevalqa-03622,Keep,,
haluevalqa-03624,Deleted,,Supported/equivalent hallucinated answer: the hallucinated answer is supported by the context or semantically equivalent to the correct answer.
haluevalqa-03625,Deleted,,Supported/equivalent hallucinated answer: the hallucinated answer is supported by the context or semantically equivalent to the correct answer.
haluevalqa-03626,Keep,,
haluevalqa-03627,Keep,,
haluevalqa-03629,Keep,,
haluevalqa-03636,Keep,,
haluevalqa-03640,Keep,,
haluevalqa-03644,Keep,,
haluevalqa-03645,Keep,,
haluevalqa-03646,Keep,,
haluevalqa-03649,Keep,,
haluevalqa-03650,Keep,,
haluevalqa-03653,Deleted,,Supported/equivalent hallucinated answer: the hallucinated answer is supported by the context or semantically equivalent to the correct answer.
haluevalqa-03655,Keep,,
haluevalqa-03656,Keep,,
haluevalqa-03657,Keep,,
haluevalqa-03658,Deleted,,Supported/equivalent hallucinated answer: the hallucinated answer is supported by the context or semantically equivalent to the correct answer.
haluevalqa-03661,Keep,,
haluevalqa-03664,Keep,,
haluevalqa-03666,Keep,,
haluevalqa-03667,Keep,,
haluevalqa-03673,Keep,,
haluevalqa-03675,Keep,,
haluevalqa-03678,Keep,,
haluevalqa-03681,Keep,,
haluevalqa-03682,Deleted,,Supported/equivalent hallucinated answer: the hallucinated answer is supported by the context or semantically equivalent to the correct answer.
haluevalqa-03684,Keep,,
haluevalqa-03687,Keep,,
haluevalqa-03689,Keep,,
haluevalqa-03691,Keep,,
haluevalqa-03696,Deleted,,Supported/equivalent hallucinated answer: the hallucinated answer is supported by the context or semantically equivalent to the correct answer.
haluevalqa-03699,Keep,,
haluevalqa-03701,Keep,,
haluevalqa-03702,Keep,,
haluevalqa-03704,Keep,,
haluevalqa-03705,Keep,,
haluevalqa-03706,Keep,,
haluevalqa-03708,Keep,,
haluevalqa-03710,Keep,,
haluevalqa-03711,Keep,,
haluevalqa-03713,Keep,,
haluevalqa-03723,Keep,,
haluevalqa-03724,Keep,,
haluevalqa-03725,Deleted,,"Weak/ambiguous negative: the hallucinated answer is too weak, approximate, ambiguous, or otherwise unstable as a negative example."
haluevalqa-03730,Deleted,,Supported/equivalent hallucinated answer: the hallucinated answer is supported by the context or semantically equivalent to the correct answer.
haluevalqa-03743,Deleted,,Supported/equivalent hallucinated answer: the hallucinated answer is supported by the context or semantically equivalent to the correct answer.
haluevalqa-03744,Deleted,,Supported/equivalent hallucinated answer: the hallucinated answer is supported by the context or semantically equivalent to the correct answer.
haluevalqa-03746,Keep,,
haluevalqa-03751,Keep,,
haluevalqa-03754,Keep,,
haluevalqa-03756,Keep,,
haluevalqa-03757,Keep,,
haluevalqa-03759,Keep,,
haluevalqa-03760,Keep,,
haluevalqa-03762,Keep,,
haluevalqa-03764,Deleted,,Supported/equivalent hallucinated answer: the hallucinated answer is supported by the context or semantically equivalent to the correct answer.
haluevalqa-03766,Keep,,
haluevalqa-03769,Keep,,
haluevalqa-03773,Keep,,
haluevalqa-03774,Keep,,
haluevalqa-03775,Keep,,
haluevalqa-03778,Keep,,
haluevalqa-03779,Keep,,
haluevalqa-03780,Keep,,
haluevalqa-03783,Keep,,
haluevalqa-03785,Keep,,
haluevalqa-03786,Keep,,
haluevalqa-03789,Keep,,
haluevalqa-03793,Keep,,
haluevalqa-03794,Keep,,
haluevalqa-03795,Keep,,
haluevalqa-03796,Keep,,
haluevalqa-03797,Keep,,
haluevalqa-03801,Keep,,
haluevalqa-03802,Keep,,
haluevalqa-03805,Keep,,
haluevalqa-03806,Keep,,
haluevalqa-03807,Keep,,
haluevalqa-03808,Keep,,
haluevalqa-03814,Keep,,
haluevalqa-03821,Keep,,
haluevalqa-03822,Keep,,
haluevalqa-03824,Deleted,,Supported/equivalent hallucinated answer: the hallucinated answer is supported by the context or semantically equivalent to the correct answer.
haluevalqa-03825,Keep,,
haluevalqa-03826,Keep,,
haluevalqa-03828,Keep,,
haluevalqa-03832,Keep,,
haluevalqa-03835,Keep,,
haluevalqa-03839,Keep,,
haluevalqa-03841,Deleted,,"Weak/ambiguous negative: the hallucinated answer is too weak, approximate, ambiguous, or otherwise unstable as a negative example."
haluevalqa-03842,Keep,,
haluevalqa-03846,Keep,,
haluevalqa-03855,Keep,,
haluevalqa-03856,Keep,,
haluevalqa-03857,Keep,,
haluevalqa-03858,Keep,,
haluevalqa-03860,Keep,,
haluevalqa-03861,Keep,,
haluevalqa-03867,Keep,,
haluevalqa-03868,Keep,,
haluevalqa-03870,Keep,,
haluevalqa-03871,Keep,,
haluevalqa-03872,Keep,,
haluevalqa-03873,Keep,,
haluevalqa-03874,Keep,,
haluevalqa-03880,Keep,,
haluevalqa-03882,Keep,,
haluevalqa-03883,Keep,,
haluevalqa-03884,Keep,,
haluevalqa-03885,Keep,,
haluevalqa-03888,Keep,,
haluevalqa-03892,Keep,,
haluevalqa-03893,Keep,,
haluevalqa-03896,Keep,,
haluevalqa-03902,Keep,,
haluevalqa-03903,Keep,,
haluevalqa-03905,Keep,,
haluevalqa-03907,Keep,,
haluevalqa-03911,Keep,,
haluevalqa-03913,Keep,,
haluevalqa-03914,Keep,,
haluevalqa-03915,Keep,,
haluevalqa-03919,Keep,,
haluevalqa-03920,Keep,,
haluevalqa-03921,Keep,,
haluevalqa-03925,Keep,,
haluevalqa-03932,Keep,,
haluevalqa-03933,Keep,,
haluevalqa-03936,Keep,,
haluevalqa-03937,Keep,,
haluevalqa-03939,Keep,,
haluevalqa-03940,Keep,,
haluevalqa-03942,Keep,,
haluevalqa-03944,Keep,,
haluevalqa-03951,Keep,,
haluevalqa-03954,Keep,,
haluevalqa-03962,Keep,,
haluevalqa-03966,Keep,,
haluevalqa-03974,Keep,,
haluevalqa-03975,Keep,,
haluevalqa-03979,Keep,,
haluevalqa-03983,Deleted,,Supported/equivalent hallucinated answer: the hallucinated answer is supported by the context or semantically equivalent to the correct answer.
haluevalqa-03984,Keep,,
haluevalqa-03986,Keep,,
haluevalqa-03991,Deleted,,Supported/equivalent hallucinated answer: the hallucinated answer is supported by the context or semantically equivalent to the correct answer.
haluevalqa-03993,Keep,,
haluevalqa-03998,Keep,,
haluevalqa-04002,Keep,,
haluevalqa-04003,Keep,,
haluevalqa-04004,Keep,,
haluevalqa-04005,Keep,,
haluevalqa-04007,Deleted,,Supported/equivalent hallucinated answer: the hallucinated answer is supported by the context or semantically equivalent to the correct answer.
haluevalqa-04010,Keep,,
haluevalqa-04012,Keep,,
haluevalqa-04016,Keep,,
haluevalqa-04020,Keep,,
haluevalqa-04023,Keep,,
haluevalqa-04026,Keep,,
haluevalqa-04028,Keep,,
haluevalqa-04035,Keep,,
haluevalqa-04037,Keep,,
haluevalqa-04042,Modified,"right_answer: ""an outstanding food for various bivalve larvae"" -> ""Isochrysis galbana extract""",
haluevalqa-04043,Keep,,
haluevalqa-04045,Keep,,
haluevalqa-04046,Keep,,
haluevalqa-04047,Keep,,
haluevalqa-04049,Keep,,
haluevalqa-04050,Keep,,
haluevalqa-04053,Keep,,
haluevalqa-04054,Keep,,
haluevalqa-04055,Keep,,
haluevalqa-04056,Keep,,
haluevalqa-04057,Keep,,
haluevalqa-04063,Keep,,
haluevalqa-04064,Keep,,
haluevalqa-04067,Keep,,
haluevalqa-04069,Keep,,
haluevalqa-04072,Keep,,
haluevalqa-04074,Keep,,
haluevalqa-04075,Keep,,
haluevalqa-04076,Keep,,
haluevalqa-04085,Keep,,
haluevalqa-04088,Keep,,
haluevalqa-04090,Keep,,
haluevalqa-04091,Keep,,
haluevalqa-04097,Keep,,
haluevalqa-04101,Keep,,
haluevalqa-04104,Keep,,
haluevalqa-04105,Keep,,
haluevalqa-04108,Keep,,
haluevalqa-04113,Keep,,
haluevalqa-04117,Keep,,
haluevalqa-04119,Keep,,
haluevalqa-04120,Keep,,
haluevalqa-04123,Keep,,
haluevalqa-04126,Keep,,
haluevalqa-04135,Keep,,
haluevalqa-04138,Deleted,,Supported/equivalent hallucinated answer: the hallucinated answer is supported by the context or semantically equivalent to the correct answer.
haluevalqa-04141,Keep,,
haluevalqa-04144,Keep,,
haluevalqa-04151,Keep,,
haluevalqa-04157,Keep,,
haluevalqa-04161,Keep,,
haluevalqa-04164,Keep,,
haluevalqa-04165,Keep,,
haluevalqa-04166,Deleted,,Supported/equivalent hallucinated answer: the hallucinated answer is supported by the context or semantically equivalent to the correct answer.
haluevalqa-04167,Keep,,
haluevalqa-04168,Deleted,,Supported/equivalent hallucinated answer: the hallucinated answer is supported by the context or semantically equivalent to the correct answer.
haluevalqa-04171,Keep,,
haluevalqa-04172,Keep,,
haluevalqa-04174,Keep,,
haluevalqa-04175,Keep,,
haluevalqa-04177,Keep,,
haluevalqa-04179,Deleted,,Supported/equivalent hallucinated answer: the hallucinated answer is supported by the context or semantically equivalent to the correct answer.
haluevalqa-04182,Deleted,,Supported/equivalent hallucinated answer: the hallucinated answer is supported by the context or semantically equivalent to the correct answer.
haluevalqa-04184,Keep,,
haluevalqa-04185,Keep,,
haluevalqa-04187,Keep,,
haluevalqa-04188,Keep,,
haluevalqa-04191,Deleted,,Supported/equivalent hallucinated answer: the hallucinated answer is supported by the context or semantically equivalent to the correct answer.
haluevalqa-04193,Deleted,,Supported/equivalent hallucinated answer: the hallucinated answer is supported by the context or semantically equivalent to the correct answer.
haluevalqa-04196,Keep,,
haluevalqa-04197,Deleted,,Supported/equivalent hallucinated answer: the hallucinated answer is supported by the context or semantically equivalent to the correct answer.
haluevalqa-04201,Keep,,
haluevalqa-04202,Keep,,
haluevalqa-04206,Deleted,,Supported/equivalent hallucinated answer: the hallucinated answer is supported by the context or semantically equivalent to the correct answer.
haluevalqa-04209,Keep,,
haluevalqa-04212,Keep,,
haluevalqa-04216,Deleted,,Supported/equivalent hallucinated answer: the hallucinated answer is supported by the context or semantically equivalent to the correct answer.
haluevalqa-04217,Keep,,
haluevalqa-04218,Deleted,,Supported/equivalent hallucinated answer: the hallucinated answer is supported by the context or semantically equivalent to the correct answer.
haluevalqa-04220,Keep,,
haluevalqa-04222,Keep,,
haluevalqa-04223,Keep,,
haluevalqa-04225,Keep,,
haluevalqa-04226,Keep,,
haluevalqa-04230,Keep,,
haluevalqa-04231,Keep,,
haluevalqa-04232,Keep,,
haluevalqa-04235,Keep,,
haluevalqa-04242,Keep,,
haluevalqa-04244,Keep,,
haluevalqa-04247,Keep,,
haluevalqa-04249,Keep,,
haluevalqa-04250,Keep,,
haluevalqa-04255,Keep,,
haluevalqa-04257,Keep,,
haluevalqa-04263,Deleted,,Supported/equivalent hallucinated answer: the hallucinated answer is supported by the context or semantically equivalent to the correct answer.
haluevalqa-04264,Keep,,
haluevalqa-04266,Deleted,,Supported/equivalent hallucinated answer: the hallucinated answer is supported by the context or semantically equivalent to the correct answer.
haluevalqa-04268,Keep,,
haluevalqa-04271,Deleted,,Supported/equivalent hallucinated answer: the hallucinated answer is supported by the context or semantically equivalent to the correct answer.
haluevalqa-04273,Keep,,
haluevalqa-04274,Keep,,
haluevalqa-04280,Keep,,
haluevalqa-04283,Keep,,
haluevalqa-04284,Keep,,
haluevalqa-04288,Keep,,
haluevalqa-04292,Keep,,
haluevalqa-04296,Keep,,
haluevalqa-04300,Keep,,
haluevalqa-04306,Keep,,
haluevalqa-04308,Keep,,
haluevalqa-04309,Keep,,
haluevalqa-04314,Deleted,,Supported/equivalent hallucinated answer: the hallucinated answer is supported by the context or semantically equivalent to the correct answer.
haluevalqa-04315,Keep,,
haluevalqa-04316,Keep,,
haluevalqa-04321,Keep,,
haluevalqa-04322,Keep,,
haluevalqa-04323,Keep,,
haluevalqa-04324,Keep,,
haluevalqa-04327,Keep,,
haluevalqa-04328,Keep,,
haluevalqa-04339,Keep,,
haluevalqa-04343,Keep,,
haluevalqa-04350,Keep,,
haluevalqa-04352,Deleted,,Supported/equivalent hallucinated answer: the hallucinated answer is supported by the context or semantically equivalent to the correct answer.
haluevalqa-04355,Deleted,,Supported/equivalent hallucinated answer: the hallucinated answer is supported by the context or semantically equivalent to the correct answer.
haluevalqa-04359,Keep,,
haluevalqa-04362,Deleted,,Supported/equivalent hallucinated answer: the hallucinated answer is supported by the context or semantically equivalent to the correct answer.
haluevalqa-04364,Keep,,
haluevalqa-04365,Keep,,
haluevalqa-04368,Keep,,
haluevalqa-04369,Keep,,
haluevalqa-04370,Deleted,,Supported/equivalent hallucinated answer: the hallucinated answer is supported by the context or semantically equivalent to the correct answer.
haluevalqa-04371,Keep,,
haluevalqa-04373,Keep,,
haluevalqa-04378,Keep,,
haluevalqa-04383,Deleted,,Supported/equivalent hallucinated answer: the hallucinated answer is supported by the context or semantically equivalent to the correct answer.
haluevalqa-04385,Keep,,
haluevalqa-04387,Keep,,
haluevalqa-04394,Keep,,
haluevalqa-04400,Keep,,
haluevalqa-04402,Keep,,
haluevalqa-04404,Keep,,
haluevalqa-04407,Keep,,
haluevalqa-04410,Keep,,
haluevalqa-04412,Deleted,,Supported/equivalent hallucinated answer: the hallucinated answer is supported by the context or semantically equivalent to the correct answer.
haluevalqa-04413,Keep,,
haluevalqa-04416,Keep,,
haluevalqa-04419,Keep,,
haluevalqa-04422,Deleted,,Supported/equivalent hallucinated answer: the hallucinated answer is supported by the context or semantically equivalent to the correct answer.
haluevalqa-04423,Keep,,
haluevalqa-04425,Deleted,,"Weak/ambiguous negative: the hallucinated answer is too weak, approximate, ambiguous, or otherwise unstable as a negative example."
haluevalqa-04429,Deleted,,Supported/equivalent hallucinated answer: the hallucinated answer is supported by the context or semantically equivalent to the correct answer.
haluevalqa-04432,Keep,,
haluevalqa-04433,Keep,,
haluevalqa-04434,Keep,,
haluevalqa-04438,Keep,,
haluevalqa-04440,Keep,,
haluevalqa-04442,Keep,,
haluevalqa-04443,Keep,,
haluevalqa-04445,Keep,,
haluevalqa-04448,Keep,,
haluevalqa-04450,Keep,,
haluevalqa-04455,Deleted,,Supported/equivalent hallucinated answer: the hallucinated answer is supported by the context or semantically equivalent to the correct answer.
haluevalqa-04456,Keep,,
haluevalqa-04457,Keep,,
haluevalqa-04462,Keep,,
haluevalqa-04474,Keep,,
haluevalqa-04476,Keep,,
haluevalqa-04485,Keep,,
haluevalqa-04486,Keep,,
haluevalqa-04488,Deleted,,Supported/equivalent hallucinated answer: the hallucinated answer is supported by the context or semantically equivalent to the correct answer.
haluevalqa-04492,Keep,,
haluevalqa-04493,Keep,,
haluevalqa-04495,Keep,,
haluevalqa-04497,Keep,,
haluevalqa-04498,Keep,,
haluevalqa-04504,Deleted,,Supported/equivalent hallucinated answer: the hallucinated answer is supported by the context or semantically equivalent to the correct answer.
haluevalqa-04506,Keep,,
haluevalqa-04507,Keep,,
haluevalqa-04508,Keep,,
haluevalqa-04516,Keep,,
haluevalqa-04521,Keep,,
haluevalqa-04522,Keep,,
haluevalqa-04523,Keep,,
haluevalqa-04525,Keep,,
haluevalqa-04528,Keep,,
haluevalqa-04531,Keep,,
haluevalqa-04532,Deleted,,Supported/equivalent hallucinated answer: the hallucinated answer is supported by the context or semantically equivalent to the correct answer.
haluevalqa-04538,Keep,,
haluevalqa-04539,Deleted,,Supported/equivalent hallucinated answer: the hallucinated answer is supported by the context or semantically equivalent to the correct answer.
haluevalqa-04540,Keep,,
haluevalqa-04545,Keep,,
haluevalqa-04548,Keep,,
haluevalqa-04550,Keep,,
haluevalqa-04552,Keep,,
haluevalqa-04558,Keep,,
haluevalqa-04559,Keep,,
haluevalqa-04560,Keep,,
haluevalqa-04561,Keep,,
haluevalqa-04564,Keep,,
haluevalqa-04567,Deleted,,Supported/equivalent hallucinated answer: the hallucinated answer is supported by the context or semantically equivalent to the correct answer.
haluevalqa-04572,Keep,,
haluevalqa-04577,Keep,,
haluevalqa-04578,Keep,,
haluevalqa-04580,Keep,,
haluevalqa-04581,Keep,,
haluevalqa-04582,Keep,,
haluevalqa-04585,Keep,,
haluevalqa-04586,Keep,,
haluevalqa-04588,Deleted,,Supported/equivalent hallucinated answer: the hallucinated answer is supported by the context or semantically equivalent to the correct answer.
haluevalqa-04590,Keep,,
haluevalqa-04594,Keep,,
haluevalqa-04598,Keep,,
haluevalqa-04600,Keep,,
haluevalqa-04602,Keep,,
haluevalqa-04607,Keep,,
haluevalqa-04609,Keep,,
haluevalqa-04613,Keep,,
haluevalqa-04617,Keep,,
haluevalqa-04618,Keep,,
haluevalqa-04620,Keep,,
haluevalqa-04622,Keep,,
haluevalqa-04625,Deleted,,Supported/equivalent hallucinated answer: the hallucinated answer is supported by the context or semantically equivalent to the correct answer.
haluevalqa-04626,Keep,,
haluevalqa-04629,Keep,,
haluevalqa-04636,Keep,,
haluevalqa-04638,Keep,,
haluevalqa-04640,Deleted,,"Weak/ambiguous negative: the hallucinated answer is too weak, approximate, ambiguous, or otherwise unstable as a negative example."
haluevalqa-04641,Keep,,
haluevalqa-04642,Keep,,
haluevalqa-04645,Keep,,
haluevalqa-04656,Keep,,
haluevalqa-04658,Keep,,
haluevalqa-04662,Keep,,
haluevalqa-04666,Keep,,
haluevalqa-04667,Keep,,
haluevalqa-04668,Keep,,
haluevalqa-04669,Keep,,
haluevalqa-04672,Keep,,
haluevalqa-04675,Deleted,,Supported/equivalent hallucinated answer: the hallucinated answer is supported by the context or semantically equivalent to the correct answer.
haluevalqa-04678,Keep,,
haluevalqa-04680,Keep,,
haluevalqa-04681,Keep,,
haluevalqa-04683,Keep,,
haluevalqa-04687,Keep,,
haluevalqa-04689,Keep,,
haluevalqa-04690,Keep,,
haluevalqa-04692,Keep,,
haluevalqa-04696,Deleted,,"Weak/ambiguous negative: the hallucinated answer is too weak, approximate, ambiguous, or otherwise unstable as a negative example."
haluevalqa-04699,Keep,,
haluevalqa-04703,Deleted,,"Weak/ambiguous negative: the hallucinated answer is too weak, approximate, ambiguous, or otherwise unstable as a negative example."
haluevalqa-04704,Deleted,,"Weak/ambiguous negative: the hallucinated answer is too weak, approximate, ambiguous, or otherwise unstable as a negative example."
haluevalqa-04705,Keep,,
haluevalqa-04707,Keep,,
haluevalqa-04708,Keep,,
haluevalqa-04709,Keep,,
haluevalqa-04710,Keep,,
haluevalqa-04712,Keep,,
haluevalqa-04714,Keep,,
haluevalqa-04719,Keep,,
haluevalqa-04725,Keep,,
haluevalqa-04726,Deleted,,Supported/equivalent hallucinated answer: the hallucinated answer is supported by the context or semantically equivalent to the correct answer.
haluevalqa-04728,Keep,,
haluevalqa-04731,Keep,,
haluevalqa-04732,Deleted,,Supported/equivalent hallucinated answer: the hallucinated answer is supported by the context or semantically equivalent to the correct answer.
haluevalqa-04733,Keep,,
haluevalqa-04735,Keep,,
haluevalqa-04738,Keep,,
haluevalqa-04741,Keep,,
haluevalqa-04742,Keep,,
haluevalqa-04747,Keep,,
haluevalqa-04748,Keep,,
haluevalqa-04753,Keep,,
haluevalqa-04754,Keep,,
haluevalqa-04757,Deleted,,Supported/equivalent hallucinated answer: the hallucinated answer is supported by the context or semantically equivalent to the correct answer.
haluevalqa-04760,Keep,,
haluevalqa-04761,Keep,,
haluevalqa-04762,Keep,,
haluevalqa-04764,Deleted,,Supported/equivalent hallucinated answer: the hallucinated answer is supported by the context or semantically equivalent to the correct answer.
haluevalqa-04765,Keep,,
haluevalqa-04768,Keep,,
haluevalqa-04769,Keep,,
haluevalqa-04772,Keep,,
haluevalqa-04773,Keep,,
haluevalqa-04774,Keep,,
haluevalqa-04781,Keep,,
haluevalqa-04790,Keep,,
haluevalqa-04795,Keep,,
haluevalqa-04797,Keep,,
haluevalqa-04799,Deleted,,Supported/equivalent hallucinated answer: the hallucinated answer is supported by the context or semantically equivalent to the correct answer.
haluevalqa-04802,Keep,,
haluevalqa-04806,Keep,,
haluevalqa-04810,Keep,,
haluevalqa-04813,Keep,,
haluevalqa-04815,Keep,,
haluevalqa-04819,Keep,,
haluevalqa-04826,Keep,,
haluevalqa-04829,Keep,,
haluevalqa-04831,Keep,,
haluevalqa-04833,Keep,,
haluevalqa-04835,Keep,,
haluevalqa-04838,Keep,,
haluevalqa-04847,Keep,,
haluevalqa-04849,Keep,,
haluevalqa-04856,Keep,,
haluevalqa-04858,Keep,,
haluevalqa-04859,Keep,,
haluevalqa-04862,Keep,,
haluevalqa-04871,Keep,,
haluevalqa-04873,Keep,,
haluevalqa-04876,Keep,,
haluevalqa-04883,Keep,,
haluevalqa-04885,Keep,,
haluevalqa-04886,Keep,,
haluevalqa-04887,Keep,,
haluevalqa-04896,Keep,,
haluevalqa-04898,Keep,,
haluevalqa-04899,Keep,,
haluevalqa-04901,Keep,,
haluevalqa-04902,Keep,,
haluevalqa-04904,Keep,,
haluevalqa-04906,Keep,,
haluevalqa-04907,Deleted,,Supported/equivalent hallucinated answer: the hallucinated answer is supported by the context or semantically equivalent to the correct answer.
haluevalqa-04909,Keep,,
haluevalqa-04911,Keep,,
haluevalqa-04912,Deleted,,Supported/equivalent hallucinated answer: the hallucinated answer is supported by the context or semantically equivalent to the correct answer.
haluevalqa-04914,Keep,,
haluevalqa-04916,Deleted,,Supported/equivalent hallucinated answer: the hallucinated answer is supported by the context or semantically equivalent to the correct answer.
haluevalqa-04917,Keep,,
haluevalqa-04919,Keep,,
haluevalqa-04920,Keep,,
haluevalqa-04921,Keep,,
haluevalqa-04922,Keep,,
haluevalqa-04923,Keep,,
haluevalqa-04924,Keep,,
haluevalqa-04926,Keep,,
haluevalqa-04929,Keep,,
haluevalqa-04932,Keep,,
haluevalqa-04941,Deleted,,Supported/equivalent hallucinated answer: the hallucinated answer is supported by the context or semantically equivalent to the correct answer.
haluevalqa-04942,Keep,,
haluevalqa-04943,Keep,,
haluevalqa-04946,Keep,,
haluevalqa-04947,Keep,,
haluevalqa-04951,Keep,,
haluevalqa-04952,Deleted,,Supported/equivalent hallucinated answer: the hallucinated answer is supported by the context or semantically equivalent to the correct answer.
haluevalqa-04953,Keep,,
haluevalqa-04956,Keep,,
haluevalqa-04961,Keep,,
haluevalqa-04962,Keep,,
haluevalqa-04970,Keep,,
haluevalqa-04971,Keep,,
haluevalqa-04972,Keep,,
haluevalqa-04974,Keep,,
haluevalqa-04983,Keep,,
haluevalqa-04984,Keep,,
haluevalqa-04985,Deleted,,Supported/equivalent hallucinated answer: the hallucinated answer is supported by the context or semantically equivalent to the correct answer.
haluevalqa-04986,Keep,,
haluevalqa-04989,Keep,,
haluevalqa-04991,Keep,,
haluevalqa-04992,Keep,,
haluevalqa-04994,Keep,,
haluevalqa-04996,Keep,,
haluevalqa-04998,Keep,,
haluevalqa-04999,Keep,,
haluevalqa-05001,Keep,,
haluevalqa-05011,Keep,,
haluevalqa-05014,Keep,,
haluevalqa-05020,Keep,,
haluevalqa-05022,Keep,,
haluevalqa-05023,Keep,,
haluevalqa-05026,Keep,,
haluevalqa-05029,Deleted,,Supported/equivalent hallucinated answer: the hallucinated answer is supported by the context or semantically equivalent to the correct answer.
haluevalqa-05031,Keep,,
haluevalqa-05032,Keep,,
haluevalqa-05037,Keep,,
haluevalqa-05048,Keep,,
haluevalqa-05056,Keep,,
haluevalqa-05058,Keep,,
haluevalqa-05059,Keep,,
haluevalqa-05062,Keep,,
haluevalqa-05066,Keep,,
haluevalqa-05068,Keep,,
haluevalqa-05074,Deleted,,Supported/equivalent hallucinated answer: the hallucinated answer is supported by the context or semantically equivalent to the correct answer.
haluevalqa-05079,Deleted,,Supported/equivalent hallucinated answer: the hallucinated answer is supported by the context or semantically equivalent to the correct answer.
haluevalqa-05082,Keep,,
haluevalqa-05085,Keep,,
haluevalqa-05086,Keep,,
haluevalqa-05087,Keep,,
haluevalqa-05090,Keep,,
haluevalqa-05091,Keep,,
haluevalqa-05092,Keep,,
haluevalqa-05096,Keep,,
haluevalqa-05098,Keep,,
haluevalqa-05108,Keep,,
haluevalqa-05109,Keep,,
haluevalqa-05110,Deleted,,Supported/equivalent hallucinated answer: the hallucinated answer is supported by the context or semantically equivalent to the correct answer.
haluevalqa-05117,Keep,,
haluevalqa-05118,Keep,,
haluevalqa-05133,Keep,,
haluevalqa-05134,Keep,,
haluevalqa-05135,Keep,,
haluevalqa-05137,Keep,,
haluevalqa-05144,Keep,,
haluevalqa-05145,Keep,,
haluevalqa-05147,Keep,,
haluevalqa-05148,Keep,,
haluevalqa-05155,Keep,,
haluevalqa-05157,Keep,,
haluevalqa-05161,Keep,,
haluevalqa-05163,Keep,,
haluevalqa-05164,Keep,,
haluevalqa-05167,Keep,,
haluevalqa-05169,Keep,,
haluevalqa-05171,Keep,,
haluevalqa-05173,Deleted,,Supported/equivalent hallucinated answer: the hallucinated answer is supported by the context or semantically equivalent to the correct answer.
haluevalqa-05175,Keep,,
haluevalqa-05178,Keep,,
haluevalqa-05184,Keep,,
haluevalqa-05187,Deleted,,Supported/equivalent hallucinated answer: the hallucinated answer is supported by the context or semantically equivalent to the correct answer.
haluevalqa-05188,Keep,,
haluevalqa-05189,Keep,,
haluevalqa-05190,Keep,,
haluevalqa-05192,Deleted,,"Weak/ambiguous negative: the hallucinated answer is too weak, approximate, ambiguous, or otherwise unstable as a negative example."
haluevalqa-05193,Keep,,
haluevalqa-05197,Keep,,
haluevalqa-05203,Keep,,
haluevalqa-05205,Keep,,
haluevalqa-05210,Keep,,
haluevalqa-05213,Keep,,
haluevalqa-05219,Keep,,
haluevalqa-05225,Keep,,
haluevalqa-05227,Keep,,
haluevalqa-05228,Keep,,
haluevalqa-05230,Keep,,
haluevalqa-05231,Keep,,
haluevalqa-05234,Keep,,
haluevalqa-05235,Keep,,
haluevalqa-05236,Keep,,
haluevalqa-05237,Keep,,
haluevalqa-05238,Keep,,
haluevalqa-05240,Deleted,,Supported/equivalent hallucinated answer: the hallucinated answer is supported by the context or semantically equivalent to the correct answer.
haluevalqa-05241,Keep,,
haluevalqa-05243,Keep,,
haluevalqa-05244,Keep,,
haluevalqa-05245,Keep,,
haluevalqa-05250,Keep,,
haluevalqa-05253,Keep,,
haluevalqa-05256,Keep,,
haluevalqa-05260,Deleted,,Supported/equivalent hallucinated answer: the hallucinated answer is supported by the context or semantically equivalent to the correct answer.
haluevalqa-05262,Keep,,
haluevalqa-05263,Keep,,
haluevalqa-05264,Keep,,
haluevalqa-05268,Keep,,
haluevalqa-05270,Keep,,
haluevalqa-05271,Keep,,
haluevalqa-05274,Deleted,,Supported/equivalent hallucinated answer: the hallucinated answer is supported by the context or semantically equivalent to the correct answer.
haluevalqa-05279,Keep,,
haluevalqa-05281,Keep,,
haluevalqa-05282,Keep,,
haluevalqa-05285,Keep,,
haluevalqa-05290,Keep,,
haluevalqa-05291,Keep,,
haluevalqa-05293,Keep,,
haluevalqa-05294,Keep,,
haluevalqa-05295,Keep,,
haluevalqa-05297,Keep,,
haluevalqa-05303,Keep,,
haluevalqa-05306,Keep,,
haluevalqa-05307,Keep,,
haluevalqa-05309,Keep,,
haluevalqa-05312,Keep,,
haluevalqa-05317,Keep,,
haluevalqa-05320,Keep,,
haluevalqa-05323,Keep,,
haluevalqa-05324,Deleted,,Supported/equivalent hallucinated answer: the hallucinated answer is supported by the context or semantically equivalent to the correct answer.
haluevalqa-05327,Keep,,
haluevalqa-05328,Keep,,
haluevalqa-05331,Keep,,
haluevalqa-05332,Keep,,
haluevalqa-05338,Keep,,
haluevalqa-05341,Modified,"hallucinated_answer: ""Philippe Perrin was born later."" -> ""Philippe Perrin was born earlier than Klaus-Dietrich Flade.""",
haluevalqa-05343,Keep,,
haluevalqa-05347,Keep,,
haluevalqa-05352,Keep,,
haluevalqa-05355,Keep,,
haluevalqa-05359,Keep,,
haluevalqa-05360,Keep,,
haluevalqa-05361,Keep,,
haluevalqa-05365,Keep,,
haluevalqa-05366,Keep,,
haluevalqa-05372,Keep,,
haluevalqa-05374,Keep,,
haluevalqa-05376,Keep,,
haluevalqa-05377,Keep,,
haluevalqa-05379,Keep,,
haluevalqa-05381,Keep,,
haluevalqa-05384,Keep,,
haluevalqa-05390,Deleted,,"Right-answer issue: the right answer is incorrect, question-misaligned, incomplete, or insufficiently supported by the context."
haluevalqa-05391,Keep,,
haluevalqa-05398,Keep,,
haluevalqa-05399,Keep,,
haluevalqa-05401,Keep,,
haluevalqa-05403,Keep,,
haluevalqa-05404,Deleted,,Supported/equivalent hallucinated answer: the hallucinated answer is supported by the context or semantically equivalent to the correct answer.
haluevalqa-05406,Keep,,
haluevalqa-05410,Keep,,
haluevalqa-05411,Keep,,
haluevalqa-05412,Keep,,
haluevalqa-05415,Keep,,
haluevalqa-05417,Keep,,
haluevalqa-05424,Keep,,
haluevalqa-05427,Keep,,
haluevalqa-05429,Keep,,
haluevalqa-05431,Keep,,
haluevalqa-05433,Keep,,
haluevalqa-05435,Keep,,
haluevalqa-05438,Keep,,
haluevalqa-05441,Keep,,
haluevalqa-05448,Keep,,
haluevalqa-05449,Keep,,
haluevalqa-05450,Keep,,
haluevalqa-05451,Keep,,
haluevalqa-05455,Keep,,
haluevalqa-05456,Keep,,
haluevalqa-05457,Keep,,
haluevalqa-05458,Keep,,
haluevalqa-05461,Keep,,
haluevalqa-05464,Keep,,
haluevalqa-05469,Keep,,
haluevalqa-05472,Keep,,
haluevalqa-05474,Keep,,
haluevalqa-05475,Keep,,
haluevalqa-05477,Keep,,
haluevalqa-05482,Keep,,
haluevalqa-05489,Keep,,
haluevalqa-05490,Keep,,
haluevalqa-05493,Keep,,
haluevalqa-05495,Keep,,
haluevalqa-05496,Keep,,
haluevalqa-05497,Keep,,
haluevalqa-05500,Keep,,
haluevalqa-05503,Keep,,
haluevalqa-05508,Keep,,
haluevalqa-05509,Deleted,,Supported/equivalent hallucinated answer: the hallucinated answer is supported by the context or semantically equivalent to the correct answer.
haluevalqa-05510,Keep,,
haluevalqa-05512,Keep,,
haluevalqa-05517,Deleted,,Supported/equivalent hallucinated answer: the hallucinated answer is supported by the context or semantically equivalent to the correct answer.
haluevalqa-05518,Keep,,
haluevalqa-05520,Keep,,
haluevalqa-05521,Keep,,
haluevalqa-05522,Keep,,
haluevalqa-05523,Keep,,
haluevalqa-05525,Keep,,
haluevalqa-05526,Keep,,
haluevalqa-05527,Keep,,
haluevalqa-05530,Keep,,
haluevalqa-05535,Keep,,
haluevalqa-05541,Keep,,
haluevalqa-05542,Keep,,
haluevalqa-05543,Keep,,
haluevalqa-05548,Keep,,
haluevalqa-05549,Keep,,
haluevalqa-05550,Keep,,
haluevalqa-05551,Keep,,
haluevalqa-05553,Keep,,
haluevalqa-05554,Keep,,
haluevalqa-05555,Keep,,
haluevalqa-05557,Deleted,,Supported/equivalent hallucinated answer: the hallucinated answer is supported by the context or semantically equivalent to the correct answer.
haluevalqa-05559,Keep,,
haluevalqa-05563,Keep,,
haluevalqa-05576,Keep,,
haluevalqa-05579,Keep,,
haluevalqa-05581,Deleted,,Supported/equivalent hallucinated answer: the hallucinated answer is supported by the context or semantically equivalent to the correct answer.
haluevalqa-05584,Deleted,,"Weak/ambiguous negative: the hallucinated answer is too weak, approximate, ambiguous, or otherwise unstable as a negative example."
haluevalqa-05586,Keep,,
haluevalqa-05588,Keep,,
haluevalqa-05590,Keep,,
haluevalqa-05591,Keep,,
haluevalqa-05592,Keep,,
haluevalqa-05593,Keep,,
haluevalqa-05596,Keep,,
haluevalqa-05599,Keep,,
haluevalqa-05601,Keep,,
haluevalqa-05603,Keep,,
haluevalqa-05605,Deleted,,Supported/equivalent hallucinated answer: the hallucinated answer is supported by the context or semantically equivalent to the correct answer.
haluevalqa-05606,Keep,,
haluevalqa-05609,Keep,,
haluevalqa-05611,Keep,,
haluevalqa-05624,Keep,,
haluevalqa-05626,Keep,,
haluevalqa-05631,Keep,,
haluevalqa-05637,Deleted,,Supported/equivalent hallucinated answer: the hallucinated answer is supported by the context or semantically equivalent to the correct answer.
haluevalqa-05641,Keep,,
haluevalqa-05642,Keep,,
haluevalqa-05643,Deleted,,"Weak/ambiguous negative: the hallucinated answer is too weak, approximate, ambiguous, or otherwise unstable as a negative example."
haluevalqa-05650,Deleted,,Supported/equivalent hallucinated answer: the hallucinated answer is supported by the context or semantically equivalent to the correct answer.
haluevalqa-05656,Keep,,
haluevalqa-05659,Keep,,
haluevalqa-05661,Keep,,
haluevalqa-05662,Keep,,
haluevalqa-05664,Deleted,,Supported/equivalent hallucinated answer: the hallucinated answer is supported by the context or semantically equivalent to the correct answer.
haluevalqa-05665,Keep,,
haluevalqa-05667,Keep,,
haluevalqa-05669,Keep,,
haluevalqa-05673,Keep,,
haluevalqa-05675,Keep,,
haluevalqa-05678,Keep,,
haluevalqa-05679,Keep,,
haluevalqa-05683,Keep,,
haluevalqa-05684,Keep,,
haluevalqa-05685,Keep,,
haluevalqa-05689,Keep,,
haluevalqa-05690,Keep,,
haluevalqa-05695,Deleted,,Supported/equivalent hallucinated answer: the hallucinated answer is supported by the context or semantically equivalent to the correct answer.
haluevalqa-05699,Keep,,
haluevalqa-05700,Keep,,
haluevalqa-05706,Keep,,
haluevalqa-05707,Keep,,
haluevalqa-05712,Keep,,
haluevalqa-05716,Keep,,
haluevalqa-05717,Keep,,
haluevalqa-05719,Keep,,
haluevalqa-05723,Keep,,
haluevalqa-05728,Deleted,,"Weak/ambiguous negative: the hallucinated answer is too weak, approximate, ambiguous, or otherwise unstable as a negative example."
haluevalqa-05729,Keep,,
haluevalqa-05731,Keep,,
haluevalqa-05734,Keep,,
haluevalqa-05737,Deleted,,Supported/equivalent hallucinated answer: the hallucinated answer is supported by the context or semantically equivalent to the correct answer.
haluevalqa-05741,Deleted,,Supported/equivalent hallucinated answer: the hallucinated answer is supported by the context or semantically equivalent to the correct answer.
haluevalqa-05753,Keep,,
haluevalqa-05759,Keep,,
haluevalqa-05760,Keep,,
haluevalqa-05763,Keep,,
haluevalqa-05764,Keep,,
haluevalqa-05767,Keep,,
haluevalqa-05768,Keep,,
haluevalqa-05769,Keep,,
haluevalqa-05771,Keep,,
haluevalqa-05775,Keep,,
haluevalqa-05787,Keep,,
haluevalqa-05788,Keep,,
haluevalqa-05789,Keep,,
haluevalqa-05791,Deleted,,Supported/equivalent hallucinated answer: the hallucinated answer is supported by the context or semantically equivalent to the correct answer.
haluevalqa-05792,Keep,,
haluevalqa-05793,Keep,,
haluevalqa-05794,Keep,,
haluevalqa-05795,Keep,,
haluevalqa-05797,Keep,,
haluevalqa-05806,Keep,,
haluevalqa-05807,Keep,,
haluevalqa-05808,Keep,,
haluevalqa-05809,Keep,,
haluevalqa-05810,Keep,,
haluevalqa-05814,Keep,,
haluevalqa-05819,Keep,,
haluevalqa-05820,Keep,,
haluevalqa-05825,Keep,,
haluevalqa-05827,Keep,,
haluevalqa-05828,Keep,,
haluevalqa-05829,Keep,,
haluevalqa-05832,Keep,,
haluevalqa-05834,Keep,,
haluevalqa-05837,Keep,,
haluevalqa-05838,Keep,,
haluevalqa-05843,Deleted,,Supported/equivalent hallucinated answer: the hallucinated answer is supported by the context or semantically equivalent to the correct answer.
haluevalqa-05847,Keep,,
haluevalqa-05849,Keep,,
haluevalqa-05850,Keep,,
haluevalqa-05853,Keep,,
haluevalqa-05854,Keep,,
haluevalqa-05855,Keep,,
haluevalqa-05857,Keep,,
haluevalqa-05859,Keep,,
haluevalqa-05864,Keep,,
haluevalqa-05865,Keep,,
haluevalqa-05872,Keep,,
haluevalqa-05876,Deleted,,Supported/equivalent hallucinated answer: the hallucinated answer is supported by the context or semantically equivalent to the correct answer.
haluevalqa-05879,Keep,,
haluevalqa-05880,Keep,,
haluevalqa-05884,Keep,,
haluevalqa-05888,Keep,,
haluevalqa-05892,Keep,,
haluevalqa-05894,Keep,,
haluevalqa-05895,Keep,,
haluevalqa-05903,Keep,,
haluevalqa-05907,Keep,,
haluevalqa-05909,Keep,,
haluevalqa-05913,Keep,,
haluevalqa-05914,Keep,,
haluevalqa-05920,Keep,,
haluevalqa-05921,Keep,,
haluevalqa-05922,Keep,,
haluevalqa-05923,Keep,,
haluevalqa-05928,Keep,,
haluevalqa-05931,Keep,,
haluevalqa-05932,Keep,,
haluevalqa-05934,Keep,,
haluevalqa-05935,Keep,,
haluevalqa-05938,Keep,,
haluevalqa-05947,Keep,,
haluevalqa-05948,Keep,,
haluevalqa-05949,Keep,,
haluevalqa-05953,Keep,,
haluevalqa-05954,Keep,,
haluevalqa-05955,Keep,,
haluevalqa-05956,Keep,,
haluevalqa-05959,Keep,,
haluevalqa-05961,Keep,,
haluevalqa-05965,Deleted,,Supported/equivalent hallucinated answer: the hallucinated answer is supported by the context or semantically equivalent to the correct answer.
haluevalqa-05967,Keep,,
haluevalqa-05971,Keep,,
haluevalqa-05972,Keep,,
haluevalqa-05973,Keep,,
haluevalqa-05977,Keep,,
haluevalqa-05980,Keep,,
haluevalqa-05986,Keep,,
haluevalqa-05988,Keep,,
haluevalqa-05999,Keep,,
haluevalqa-06004,Keep,,
haluevalqa-06010,Deleted,,Supported/equivalent hallucinated answer: the hallucinated answer is supported by the context or semantically equivalent to the correct answer.
haluevalqa-06012,Keep,,
haluevalqa-06016,Keep,,
haluevalqa-06027,Keep,,
haluevalqa-06028,Keep,,
haluevalqa-06032,Deleted,,Supported/equivalent hallucinated answer: the hallucinated answer is supported by the context or semantically equivalent to the correct answer.
haluevalqa-06034,Keep,,
haluevalqa-06035,Keep,,
haluevalqa-06037,Keep,,
haluevalqa-06039,Keep,,
haluevalqa-06045,Keep,,
haluevalqa-06048,Keep,,
haluevalqa-06051,Keep,,
haluevalqa-06056,Keep,,
haluevalqa-06059,Keep,,
haluevalqa-06060,Keep,,
haluevalqa-06064,Keep,,
haluevalqa-06067,Modified,"hallucinated_answer: ""Fee Waybill is the elder."" -> ""Kim Dong-jun is older than Fee Waybill.""",
haluevalqa-06071,Keep,,
haluevalqa-06072,Keep,,
haluevalqa-06075,Keep,,
haluevalqa-06077,Keep,,
haluevalqa-06078,Keep,,
haluevalqa-06079,Keep,,
haluevalqa-06082,Keep,,
haluevalqa-06083,Keep,,
haluevalqa-06085,Keep,,
haluevalqa-06087,Keep,,
haluevalqa-06088,Deleted,,Supported/equivalent hallucinated answer: the hallucinated answer is supported by the context or semantically equivalent to the correct answer.
haluevalqa-06097,Keep,,
haluevalqa-06102,Keep,,
haluevalqa-06103,Keep,,
haluevalqa-06104,Keep,,
haluevalqa-06105,Keep,,
haluevalqa-06106,Keep,,
haluevalqa-06118,Keep,,
haluevalqa-06124,Keep,,
haluevalqa-06129,Keep,,
haluevalqa-06133,Keep,,
haluevalqa-06135,Keep,,
haluevalqa-06139,Keep,,
haluevalqa-06141,Keep,,
haluevalqa-06144,Keep,,
haluevalqa-06146,Keep,,
haluevalqa-06147,Keep,,
haluevalqa-06150,Keep,,
haluevalqa-06151,Keep,,
haluevalqa-06164,Keep,,
haluevalqa-06167,Deleted,,Supported/equivalent hallucinated answer: the hallucinated answer is supported by the context or semantically equivalent to the correct answer.
haluevalqa-06169,Keep,,
haluevalqa-06170,Keep,,
haluevalqa-06171,Keep,,
haluevalqa-06172,Keep,,
haluevalqa-06174,Keep,,
haluevalqa-06175,Keep,,
haluevalqa-06178,Deleted,,Supported/equivalent hallucinated answer: the hallucinated answer is supported by the context or semantically equivalent to the correct answer.
haluevalqa-06179,Deleted,,Supported/equivalent hallucinated answer: the hallucinated answer is supported by the context or semantically equivalent to the correct answer.
haluevalqa-06180,Keep,,
haluevalqa-06181,Keep,,
haluevalqa-06182,Keep,,
haluevalqa-06184,Keep,,
haluevalqa-06192,Keep,,
haluevalqa-06199,Keep,,
haluevalqa-06201,Keep,,
haluevalqa-06204,Keep,,
haluevalqa-06205,Keep,,
haluevalqa-06207,Keep,,
haluevalqa-06213,Keep,,
haluevalqa-06214,Keep,,
haluevalqa-06217,Keep,,
haluevalqa-06219,Keep,,
haluevalqa-06220,Keep,,
haluevalqa-06221,Keep,,
haluevalqa-06222,Keep,,
haluevalqa-06226,Deleted,,Supported/equivalent hallucinated answer: the hallucinated answer is supported by the context or semantically equivalent to the correct answer.
haluevalqa-06230,Keep,,
haluevalqa-06231,Keep,,
haluevalqa-06233,Keep,,
haluevalqa-06234,Keep,,
haluevalqa-06235,Keep,,
haluevalqa-06238,Keep,,
haluevalqa-06239,Keep,,
haluevalqa-06241,Keep,,
haluevalqa-06243,Keep,,
haluevalqa-06245,Keep,,
haluevalqa-06246,Keep,,
haluevalqa-06247,Keep,,
haluevalqa-06252,Keep,,
haluevalqa-06253,Keep,,
haluevalqa-06255,Keep,,
haluevalqa-06256,Keep,,
haluevalqa-06257,Keep,,
haluevalqa-06259,Keep,,
haluevalqa-06263,Keep,,
haluevalqa-06264,Keep,,
haluevalqa-06269,Keep,,
haluevalqa-06270,Keep,,
haluevalqa-06271,Keep,,
haluevalqa-06273,Keep,,
haluevalqa-06274,Keep,,
haluevalqa-06275,Keep,,
haluevalqa-06277,Keep,,
haluevalqa-06278,Keep,,
haluevalqa-06279,Keep,,
haluevalqa-06280,Deleted,,Supported/equivalent hallucinated answer: the hallucinated answer is supported by the context or semantically equivalent to the correct answer.
haluevalqa-06281,Keep,,
haluevalqa-06285,Keep,,
haluevalqa-06287,Deleted,,Supported/equivalent hallucinated answer: the hallucinated answer is supported by the context or semantically equivalent to the correct answer.
haluevalqa-06288,Keep,,
haluevalqa-06292,Keep,,
haluevalqa-06293,Keep,,
haluevalqa-06295,Keep,,
haluevalqa-06299,Keep,,
haluevalqa-06301,Keep,,
haluevalqa-06304,Keep,,
haluevalqa-06305,Keep,,
haluevalqa-06307,Keep,,
haluevalqa-06312,Keep,,
haluevalqa-06314,Keep,,
haluevalqa-06315,Deleted,,Supported/equivalent hallucinated answer: the hallucinated answer is supported by the context or semantically equivalent to the correct answer.
haluevalqa-06321,Keep,,
haluevalqa-06325,Deleted,,Supported/equivalent hallucinated answer: the hallucinated answer is supported by the context or semantically equivalent to the correct answer.
haluevalqa-06330,Keep,,
haluevalqa-06331,Keep,,
haluevalqa-06332,Keep,,
haluevalqa-06340,Keep,,
haluevalqa-06343,Deleted,,Supported/equivalent hallucinated answer: the hallucinated answer is supported by the context or semantically equivalent to the correct answer.
haluevalqa-06344,Keep,,
haluevalqa-06347,Keep,,
haluevalqa-06350,Keep,,
haluevalqa-06352,Keep,,
haluevalqa-06360,Keep,,
haluevalqa-06362,Keep,,
haluevalqa-06364,Keep,,
haluevalqa-06365,Keep,,
haluevalqa-06367,Keep,,
haluevalqa-06368,Keep,,
haluevalqa-06371,Keep,,
haluevalqa-06374,Keep,,
haluevalqa-06376,Keep,,
haluevalqa-06378,Keep,,
haluevalqa-06379,Keep,,
haluevalqa-06380,Keep,,
haluevalqa-06382,Keep,,
haluevalqa-06383,Keep,,
haluevalqa-06384,Keep,,
haluevalqa-06385,Keep,,
haluevalqa-06387,Keep,,
haluevalqa-06389,Keep,,
haluevalqa-06390,Keep,,
haluevalqa-06393,Keep,,
haluevalqa-06398,Keep,,
haluevalqa-06401,Keep,,
haluevalqa-06404,Keep,,
haluevalqa-06406,Keep,,
haluevalqa-06409,Deleted,,Supported/equivalent hallucinated answer: the hallucinated answer is supported by the context or semantically equivalent to the correct answer.
haluevalqa-06415,Keep,,
haluevalqa-06416,Keep,,
haluevalqa-06420,Keep,,
haluevalqa-06422,Keep,,
haluevalqa-06424,Keep,,
haluevalqa-06425,Keep,,
haluevalqa-06430,Keep,,
haluevalqa-06431,Deleted,,Supported/equivalent hallucinated answer: the hallucinated answer is supported by the context or semantically equivalent to the correct answer.
haluevalqa-06432,Keep,,
haluevalqa-06438,Keep,,
haluevalqa-06439,Keep,,
haluevalqa-06440,Keep,,
haluevalqa-06441,Keep,,
haluevalqa-06444,Keep,,
haluevalqa-06448,Keep,,
haluevalqa-06451,Keep,,
haluevalqa-06452,Keep,,
haluevalqa-06458,Keep,,
haluevalqa-06462,Keep,,
haluevalqa-06463,Keep,,
haluevalqa-06464,Keep,,
haluevalqa-06469,Keep,,
haluevalqa-06476,Deleted,,Supported/equivalent hallucinated answer: the hallucinated answer is supported by the context or semantically equivalent to the correct answer.
haluevalqa-06477,Keep,,
haluevalqa-06478,Deleted,,Supported/equivalent hallucinated answer: the hallucinated answer is supported by the context or semantically equivalent to the correct answer.
haluevalqa-06483,Keep,,
haluevalqa-06485,Keep,,
haluevalqa-06492,Deleted,,Supported/equivalent hallucinated answer: the hallucinated answer is supported by the context or semantically equivalent to the correct answer.
haluevalqa-06494,Deleted,,Supported/equivalent hallucinated answer: the hallucinated answer is supported by the context or semantically equivalent to the correct answer.
haluevalqa-06495,Keep,,
haluevalqa-06496,Keep,,
haluevalqa-06497,Deleted,,Supported/equivalent hallucinated answer: the hallucinated answer is supported by the context or semantically equivalent to the correct answer.
haluevalqa-06501,Keep,,
haluevalqa-06504,Deleted,,Supported/equivalent hallucinated answer: the hallucinated answer is supported by the context or semantically equivalent to the correct answer.
haluevalqa-06506,Keep,,
haluevalqa-06507,Keep,,
haluevalqa-06508,Keep,,
haluevalqa-06510,Keep,,
haluevalqa-06513,Keep,,
haluevalqa-06514,Keep,,
haluevalqa-06515,Keep,,
haluevalqa-06517,Keep,,
haluevalqa-06519,Keep,,
haluevalqa-06523,Keep,,
haluevalqa-06524,Keep,,
haluevalqa-06528,Deleted,,Supported/equivalent hallucinated answer: the hallucinated answer is supported by the context or semantically equivalent to the correct answer.
haluevalqa-06531,Keep,,
haluevalqa-06533,Keep,,
haluevalqa-06536,Keep,,
haluevalqa-06538,Keep,,
haluevalqa-06539,Keep,,
haluevalqa-06542,Deleted,,Supported/equivalent hallucinated answer: the hallucinated answer is supported by the context or semantically equivalent to the correct answer.
haluevalqa-06549,Keep,,
haluevalqa-06550,Keep,,
haluevalqa-06554,Keep,,
haluevalqa-06556,Keep,,
haluevalqa-06557,Keep,,
haluevalqa-06559,Keep,,
haluevalqa-06560,Keep,,
haluevalqa-06561,Keep,,
haluevalqa-06564,Keep,,
haluevalqa-06570,Keep,,
haluevalqa-06571,Keep,,
haluevalqa-06575,Keep,,
haluevalqa-06578,Keep,,
haluevalqa-06580,Keep,,
haluevalqa-06584,Keep,,
haluevalqa-06586,Keep,,
haluevalqa-06589,Keep,,
haluevalqa-06590,Keep,,
haluevalqa-06594,Deleted,,Supported/equivalent hallucinated answer: the hallucinated answer is supported by the context or semantically equivalent to the correct answer.
haluevalqa-06597,Keep,,
haluevalqa-06598,Keep,,
haluevalqa-06600,Keep,,
haluevalqa-06601,Keep,,
haluevalqa-06604,Keep,,
haluevalqa-06606,Keep,,
haluevalqa-06615,Keep,,
haluevalqa-06616,Keep,,
haluevalqa-06619,Keep,,
haluevalqa-06622,Keep,,
haluevalqa-06623,Keep,,
haluevalqa-06630,Deleted,,Supported/equivalent hallucinated answer: the hallucinated answer is supported by the context or semantically equivalent to the correct answer.
haluevalqa-06632,Keep,,
haluevalqa-06633,Keep,,
haluevalqa-06634,Keep,,
haluevalqa-06638,Keep,,
haluevalqa-06639,Keep,,
haluevalqa-06640,Keep,,
haluevalqa-06642,Keep,,
haluevalqa-06643,Keep,,
haluevalqa-06646,Keep,,
haluevalqa-06650,Keep,,
haluevalqa-06654,Keep,,
haluevalqa-06658,Keep,,
haluevalqa-06660,Keep,,
haluevalqa-06661,Keep,,
haluevalqa-06664,Keep,,
haluevalqa-06666,Keep,,
haluevalqa-06671,Keep,,
haluevalqa-06673,Keep,,
haluevalqa-06675,Keep,,
haluevalqa-06682,Keep,,
haluevalqa-06683,Keep,,
haluevalqa-06684,Keep,,
haluevalqa-06685,Keep,,
haluevalqa-06687,Keep,,
haluevalqa-06689,Keep,,
haluevalqa-06691,Keep,,
haluevalqa-06692,Keep,,
haluevalqa-06693,Keep,,
haluevalqa-06696,Keep,,
haluevalqa-06697,Keep,,
haluevalqa-06700,Keep,,
haluevalqa-06703,Keep,,
haluevalqa-06712,Keep,,
haluevalqa-06714,Keep,,
haluevalqa-06715,Keep,,
haluevalqa-06717,Keep,,
haluevalqa-06721,Keep,,
haluevalqa-06723,Keep,,
haluevalqa-06724,Keep,,
haluevalqa-06729,Keep,,
haluevalqa-06731,Keep,,
haluevalqa-06732,Keep,,
haluevalqa-06737,Keep,,
haluevalqa-06740,Keep,,
haluevalqa-06741,Keep,,
haluevalqa-06744,Keep,,
haluevalqa-06748,Keep,,
haluevalqa-06757,Keep,,
haluevalqa-06759,Keep,,
haluevalqa-06760,Keep,,
haluevalqa-06768,Keep,,
haluevalqa-06770,Keep,,
haluevalqa-06776,Deleted,,"Right-answer issue: the right answer is incorrect, question-misaligned, incomplete, or insufficiently supported by the context."
haluevalqa-06778,Deleted,,Supported/equivalent hallucinated answer: the hallucinated answer is supported by the context or semantically equivalent to the correct answer.
haluevalqa-06784,Deleted,,Supported/equivalent hallucinated answer: the hallucinated answer is supported by the context or semantically equivalent to the correct answer.
haluevalqa-06786,Keep,,
haluevalqa-06790,Keep,,
haluevalqa-06794,Keep,,
haluevalqa-06803,Keep,,
haluevalqa-06807,Keep,,
haluevalqa-06808,Deleted,,Supported/equivalent hallucinated answer: the hallucinated answer is supported by the context or semantically equivalent to the correct answer.
haluevalqa-06810,Keep,,
haluevalqa-06819,Keep,,
haluevalqa-06822,Keep,,
haluevalqa-06824,Keep,,
haluevalqa-06826,Keep,,
haluevalqa-06831,Keep,,
haluevalqa-06834,Keep,,
haluevalqa-06835,Keep,,
haluevalqa-06836,Keep,,
haluevalqa-06837,Keep,,
haluevalqa-06839,Keep,,
haluevalqa-06840,Keep,,
haluevalqa-06844,Deleted,,Supported/equivalent hallucinated answer: the hallucinated answer is supported by the context or semantically equivalent to the correct answer.
haluevalqa-06848,Keep,,
haluevalqa-06849,Keep,,
haluevalqa-06852,Keep,,
haluevalqa-06853,Keep,,
haluevalqa-06859,Keep,,
haluevalqa-06860,Keep,,
haluevalqa-06861,Deleted,,Supported/equivalent hallucinated answer: the hallucinated answer is supported by the context or semantically equivalent to the correct answer.
haluevalqa-06863,Keep,,
haluevalqa-06868,Keep,,
haluevalqa-06870,Keep,,
haluevalqa-06871,Keep,,
haluevalqa-06878,Keep,,
haluevalqa-06884,Keep,,
haluevalqa-06885,Keep,,
haluevalqa-06886,Keep,,
haluevalqa-06889,Keep,,
haluevalqa-06892,Keep,,
haluevalqa-06895,Keep,,
haluevalqa-06897,Deleted,,"Right-answer issue: the right answer is incorrect, question-misaligned, incomplete, or insufficiently supported by the context."
haluevalqa-06899,Keep,,
haluevalqa-06905,Keep,,
haluevalqa-06906,Keep,,
haluevalqa-06909,Keep,,
haluevalqa-06911,Keep,,
haluevalqa-06913,Keep,,
haluevalqa-06917,Keep,,
haluevalqa-06925,Keep,,
haluevalqa-06926,Keep,,
haluevalqa-06927,Keep,,
haluevalqa-06928,Keep,,
haluevalqa-06930,Keep,,
haluevalqa-06932,Keep,,
haluevalqa-06934,Deleted,,Supported/equivalent hallucinated answer: the hallucinated answer is supported by the context or semantically equivalent to the correct answer.
haluevalqa-06935,Keep,,
haluevalqa-06936,Keep,,
haluevalqa-06938,Keep,,
haluevalqa-06939,Keep,,
haluevalqa-06941,Keep,,
haluevalqa-06946,Keep,,
haluevalqa-06948,Keep,,
haluevalqa-06950,Deleted,,Supported/equivalent hallucinated answer: the hallucinated answer is supported by the context or semantically equivalent to the correct answer.
haluevalqa-06957,Keep,,
haluevalqa-06960,Keep,,
haluevalqa-06961,Deleted,,Supported/equivalent hallucinated answer: the hallucinated answer is supported by the context or semantically equivalent to the correct answer.
haluevalqa-06962,Keep,,
haluevalqa-06965,Keep,,
haluevalqa-06966,Keep,,
haluevalqa-06969,Keep,,
haluevalqa-06970,Keep,,
haluevalqa-06972,Keep,,
haluevalqa-06973,Keep,,
haluevalqa-06974,Keep,,
haluevalqa-06976,Keep,,
haluevalqa-06977,Deleted,,"Weak/ambiguous negative: the hallucinated answer is too weak, approximate, ambiguous, or otherwise unstable as a negative example."
haluevalqa-06979,Keep,,
haluevalqa-06981,Keep,,
haluevalqa-06982,Keep,,
haluevalqa-06986,Keep,,
haluevalqa-06987,Keep,,
haluevalqa-06989,Keep,,
haluevalqa-06991,Deleted,,Supported/equivalent hallucinated answer: the hallucinated answer is supported by the context or semantically equivalent to the correct answer.
haluevalqa-06992,Keep,,
haluevalqa-06993,Deleted,,Supported/equivalent hallucinated answer: the hallucinated answer is supported by the context or semantically equivalent to the correct answer.
haluevalqa-06994,Keep,,
haluevalqa-06997,Keep,,
haluevalqa-07000,Keep,,
haluevalqa-07001,Keep,,
haluevalqa-07002,Keep,,
haluevalqa-07003,Keep,,
haluevalqa-07004,Keep,,
haluevalqa-07005,Keep,,
haluevalqa-07007,Keep,,
haluevalqa-07008,Keep,,
haluevalqa-07009,Keep,,
haluevalqa-07011,Keep,,
haluevalqa-07015,Keep,,
haluevalqa-07017,Keep,,
haluevalqa-07021,Keep,,
haluevalqa-07030,Keep,,
haluevalqa-07035,Keep,,
haluevalqa-07037,Keep,,
haluevalqa-07040,Keep,,
haluevalqa-07042,Deleted,,"Weak/ambiguous negative: the hallucinated answer is too weak, approximate, ambiguous, or otherwise unstable as a negative example."
haluevalqa-07043,Keep,,
haluevalqa-07048,Keep,,
haluevalqa-07054,Keep,,
haluevalqa-07055,Keep,,
haluevalqa-07058,Keep,,
haluevalqa-07068,Keep,,
haluevalqa-07071,Keep,,
haluevalqa-07073,Keep,,
haluevalqa-07078,Keep,,
haluevalqa-07079,Keep,,
haluevalqa-07080,Keep,,
haluevalqa-07082,Keep,,
haluevalqa-07084,Keep,,
haluevalqa-07086,Keep,,
haluevalqa-07088,Keep,,
haluevalqa-07089,Keep,,
haluevalqa-07090,Keep,,
haluevalqa-07097,Keep,,
haluevalqa-07100,Keep,,
haluevalqa-07103,Keep,,
haluevalqa-07104,Keep,,
haluevalqa-07105,Keep,,
haluevalqa-07110,Keep,,
haluevalqa-07114,Keep,,
haluevalqa-07116,Deleted,,"Weak/ambiguous negative: the hallucinated answer is too weak, approximate, ambiguous, or otherwise unstable as a negative example."
haluevalqa-07117,Keep,,
haluevalqa-07120,Keep,,
haluevalqa-07122,Keep,,
haluevalqa-07126,Keep,,
haluevalqa-07134,Keep,,
haluevalqa-07135,Keep,,
haluevalqa-07138,Keep,,
haluevalqa-07145,Keep,,
haluevalqa-07149,Keep,,
haluevalqa-07150,Keep,,
haluevalqa-07151,Keep,,
haluevalqa-07152,Keep,,
haluevalqa-07156,Keep,,
haluevalqa-07158,Keep,,
haluevalqa-07162,Keep,,
haluevalqa-07165,Keep,,
haluevalqa-07166,Keep,,
haluevalqa-07167,Deleted,,Supported/equivalent hallucinated answer: the hallucinated answer is supported by the context or semantically equivalent to the correct answer.
haluevalqa-07173,Keep,,
haluevalqa-07174,Keep,,
haluevalqa-07175,Keep,,
haluevalqa-07178,Keep,,
haluevalqa-07182,Keep,,
haluevalqa-07184,Keep,,
haluevalqa-07185,Deleted,,Supported/equivalent hallucinated answer: the hallucinated answer is supported by the context or semantically equivalent to the correct answer.
haluevalqa-07196,Keep,,
haluevalqa-07197,Keep,,
haluevalqa-07198,Keep,,
haluevalqa-07199,Keep,,
haluevalqa-07200,Keep,,
haluevalqa-07201,Keep,,
haluevalqa-07203,Keep,,
haluevalqa-07206,Keep,,
haluevalqa-07207,Keep,,
haluevalqa-07212,Keep,,
haluevalqa-07213,Keep,,
haluevalqa-07214,Keep,,
haluevalqa-07221,Keep,,
haluevalqa-07225,Keep,,
haluevalqa-07228,Keep,,
haluevalqa-07231,Keep,,
haluevalqa-07239,Keep,,
haluevalqa-07240,Keep,,
haluevalqa-07242,Keep,,
haluevalqa-07243,Deleted,,Supported/equivalent hallucinated answer: the hallucinated answer is supported by the context or semantically equivalent to the correct answer.
haluevalqa-07246,Deleted,,Supported/equivalent hallucinated answer: the hallucinated answer is supported by the context or semantically equivalent to the correct answer.
haluevalqa-07247,Keep,,
haluevalqa-07256,Keep,,
haluevalqa-07258,Keep,,
haluevalqa-07260,Keep,,
haluevalqa-07261,Keep,,
haluevalqa-07262,Keep,,
haluevalqa-07263,Keep,,
haluevalqa-07267,Deleted,,Supported/equivalent hallucinated answer: the hallucinated answer is supported by the context or semantically equivalent to the correct answer.
haluevalqa-07270,Keep,,
haluevalqa-07275,Keep,,
haluevalqa-07276,Keep,,
haluevalqa-07278,Keep,,
haluevalqa-07279,Keep,,
haluevalqa-07291,Keep,,
haluevalqa-07292,Keep,,
haluevalqa-07293,Keep,,
haluevalqa-07296,Keep,,
haluevalqa-07297,Keep,,
haluevalqa-07301,Keep,,
haluevalqa-07303,Keep,,
haluevalqa-07306,Keep,,
haluevalqa-07308,Keep,,
haluevalqa-07309,Keep,,
haluevalqa-07310,Keep,,
haluevalqa-07312,Keep,,
haluevalqa-07318,Keep,,
haluevalqa-07330,Keep,,
haluevalqa-07331,Keep,,
haluevalqa-07333,Keep,,
haluevalqa-07343,Keep,,
haluevalqa-07344,Keep,,
haluevalqa-07348,Deleted,,Supported/equivalent hallucinated answer: the hallucinated answer is supported by the context or semantically equivalent to the correct answer.
haluevalqa-07352,Keep,,
haluevalqa-07357,Keep,,
haluevalqa-07369,Keep,,
haluevalqa-07372,Keep,,
haluevalqa-07373,Keep,,
haluevalqa-07376,Keep,,
haluevalqa-07380,Keep,,
haluevalqa-07382,Deleted,,Supported/equivalent hallucinated answer: the hallucinated answer is supported by the context or semantically equivalent to the correct answer.
haluevalqa-07384,Keep,,
haluevalqa-07386,Keep,,
haluevalqa-07388,Keep,,
haluevalqa-07389,Deleted,,Supported/equivalent hallucinated answer: the hallucinated answer is supported by the context or semantically equivalent to the correct answer.
haluevalqa-07390,Keep,,
haluevalqa-07397,Keep,,
haluevalqa-07398,Keep,,
haluevalqa-07401,Keep,,
haluevalqa-07403,Deleted,,Supported/equivalent hallucinated answer: the hallucinated answer is supported by the context or semantically equivalent to the correct answer.
haluevalqa-07414,Keep,,
haluevalqa-07428,Keep,,
haluevalqa-07430,Keep,,
haluevalqa-07431,Keep,,
haluevalqa-07435,Keep,,
haluevalqa-07436,Deleted,,Supported/equivalent hallucinated answer: the hallucinated answer is supported by the context or semantically equivalent to the correct answer.
haluevalqa-07439,Keep,,
haluevalqa-07440,Keep,,
haluevalqa-07442,Keep,,
haluevalqa-07443,Keep,,
haluevalqa-07448,Keep,,
haluevalqa-07449,Keep,,
haluevalqa-07454,Keep,,
haluevalqa-07456,Keep,,
haluevalqa-07460,Keep,,
haluevalqa-07462,Keep,,
haluevalqa-07463,Keep,,
haluevalqa-07467,Keep,,
haluevalqa-07470,Keep,,
haluevalqa-07473,Keep,,
haluevalqa-07474,Keep,,
haluevalqa-07475,Keep,,
haluevalqa-07478,Keep,,
haluevalqa-07479,Deleted,,Supported/equivalent hallucinated answer: the hallucinated answer is supported by the context or semantically equivalent to the correct answer.
haluevalqa-07481,Keep,,
haluevalqa-07486,Keep,,
haluevalqa-07487,Keep,,
haluevalqa-07489,Keep,,
haluevalqa-07499,Keep,,
haluevalqa-07500,Keep,,
haluevalqa-07505,Keep,,
haluevalqa-07507,Keep,,
haluevalqa-07510,Keep,,
haluevalqa-07512,Keep,,
haluevalqa-07513,Keep,,
haluevalqa-07515,Keep,,
haluevalqa-07518,Keep,,
haluevalqa-07521,Keep,,
haluevalqa-07525,Keep,,
haluevalqa-07527,Keep,,
haluevalqa-07530,Keep,,
haluevalqa-07538,Keep,,
haluevalqa-07541,Keep,,
haluevalqa-07543,Keep,,
haluevalqa-07544,Keep,,
haluevalqa-07552,Deleted,,Supported/equivalent hallucinated answer: the hallucinated answer is supported by the context or semantically equivalent to the correct answer.
haluevalqa-07553,Keep,,
haluevalqa-07554,Keep,,
haluevalqa-07572,Keep,,
haluevalqa-07573,Deleted,,Supported/equivalent hallucinated answer: the hallucinated answer is supported by the context or semantically equivalent to the correct answer.
haluevalqa-07574,Keep,,
haluevalqa-07576,Keep,,
haluevalqa-07578,Keep,,
haluevalqa-07579,Keep,,
haluevalqa-07582,Keep,,
haluevalqa-07585,Deleted,,Supported/equivalent hallucinated answer: the hallucinated answer is supported by the context or semantically equivalent to the correct answer.
haluevalqa-07587,Keep,,
haluevalqa-07588,Keep,,
haluevalqa-07594,Keep,,
haluevalqa-07596,Keep,,
haluevalqa-07597,Deleted,,Supported/equivalent hallucinated answer: the hallucinated answer is supported by the context or semantically equivalent to the correct answer.
haluevalqa-07599,Keep,,
haluevalqa-07601,Keep,,
haluevalqa-07602,Keep,,
haluevalqa-07607,Keep,,
haluevalqa-07610,Keep,,
haluevalqa-07616,Keep,,
haluevalqa-07618,Keep,,
haluevalqa-07619,Keep,,
haluevalqa-07621,Keep,,
haluevalqa-07625,Keep,,
haluevalqa-07626,Keep,,
haluevalqa-07627,Keep,,
haluevalqa-07630,Keep,,
haluevalqa-07632,Keep,,
haluevalqa-07637,Keep,,
haluevalqa-07643,Keep,,
haluevalqa-07648,Keep,,
haluevalqa-07656,Keep,,
haluevalqa-07657,Keep,,
haluevalqa-07658,Keep,,
haluevalqa-07665,Keep,,
haluevalqa-07673,Keep,,
haluevalqa-07677,Keep,,
haluevalqa-07679,Keep,,
haluevalqa-07680,Keep,,
haluevalqa-07685,Keep,,
haluevalqa-07687,Keep,,
haluevalqa-07688,Keep,,
haluevalqa-07689,Keep,,
haluevalqa-07691,Deleted,,"Weak/ambiguous negative: the hallucinated answer is too weak, approximate, ambiguous, or otherwise unstable as a negative example."
haluevalqa-07692,Keep,,
haluevalqa-07696,Keep,,
haluevalqa-07697,Keep,,
haluevalqa-07700,Keep,,
haluevalqa-07704,Keep,,
haluevalqa-07710,Keep,,
haluevalqa-07715,Keep,,
haluevalqa-07718,Keep,,
haluevalqa-07720,Keep,,
haluevalqa-07724,Keep,,
haluevalqa-07725,Keep,,
haluevalqa-07730,Keep,,
haluevalqa-07731,Keep,,
haluevalqa-07732,Keep,,
haluevalqa-07740,Deleted,,Supported/equivalent hallucinated answer: the hallucinated answer is supported by the context or semantically equivalent to the correct answer.
haluevalqa-07741,Keep,,
haluevalqa-07743,Keep,,
haluevalqa-07746,Keep,,
haluevalqa-07754,Keep,,
haluevalqa-07756,Keep,,
haluevalqa-07758,Keep,,
haluevalqa-07759,Keep,,
haluevalqa-07762,Keep,,
haluevalqa-07779,Keep,,
haluevalqa-07782,Keep,,
haluevalqa-07783,Keep,,
haluevalqa-07788,Keep,,
haluevalqa-07789,Keep,,
haluevalqa-07802,Keep,,
haluevalqa-07804,Keep,,
haluevalqa-07806,Deleted,,Supported/equivalent hallucinated answer: the hallucinated answer is supported by the context or semantically equivalent to the correct answer.
haluevalqa-07807,Keep,,
haluevalqa-07808,Keep,,
haluevalqa-07810,Keep,,
haluevalqa-07813,Keep,,
haluevalqa-07815,Keep,,
haluevalqa-07818,Keep,,
haluevalqa-07820,Keep,,
haluevalqa-07822,Keep,,
haluevalqa-07825,Deleted,,Supported/equivalent hallucinated answer: the hallucinated answer is supported by the context or semantically equivalent to the correct answer.
haluevalqa-07827,Deleted,,"Weak/ambiguous negative: the hallucinated answer is too weak, approximate, ambiguous, or otherwise unstable as a negative example."
haluevalqa-07832,Keep,,
haluevalqa-07833,Keep,,
haluevalqa-07841,Keep,,
haluevalqa-07844,Keep,,
haluevalqa-07846,Keep,,
haluevalqa-07848,Keep,,
haluevalqa-07849,Deleted,,Supported/equivalent hallucinated answer: the hallucinated answer is supported by the context or semantically equivalent to the correct answer.
haluevalqa-07854,Keep,,
haluevalqa-07856,Keep,,
haluevalqa-07857,Deleted,,Supported/equivalent hallucinated answer: the hallucinated answer is supported by the context or semantically equivalent to the correct answer.
haluevalqa-07862,Keep,,
haluevalqa-07864,Keep,,
haluevalqa-07870,Deleted,,Supported/equivalent hallucinated answer: the hallucinated answer is supported by the context or semantically equivalent to the correct answer.
haluevalqa-07871,Keep,,
haluevalqa-07877,Keep,,
haluevalqa-07879,Keep,,
haluevalqa-07881,Deleted,,Supported/equivalent hallucinated answer: the hallucinated answer is supported by the context or semantically equivalent to the correct answer.
haluevalqa-07887,Keep,,
haluevalqa-07904,Keep,,
haluevalqa-07905,Keep,,
haluevalqa-07906,Deleted,,Supported/equivalent hallucinated answer: the hallucinated answer is supported by the context or semantically equivalent to the correct answer.
haluevalqa-07907,Keep,,
haluevalqa-07908,Deleted,,Supported/equivalent hallucinated answer: the hallucinated answer is supported by the context or semantically equivalent to the correct answer.
haluevalqa-07913,Deleted,,Supported/equivalent hallucinated answer: the hallucinated answer is supported by the context or semantically equivalent to the correct answer.
haluevalqa-07916,Keep,,
haluevalqa-07918,Keep,,
haluevalqa-07920,Keep,,
haluevalqa-07921,Keep,,
haluevalqa-07927,Keep,,
haluevalqa-07936,Keep,,
haluevalqa-07940,Keep,,
haluevalqa-07946,Keep,,
haluevalqa-07948,Deleted,,Supported/equivalent hallucinated answer: the hallucinated answer is supported by the context or semantically equivalent to the correct answer.
haluevalqa-07949,Keep,,
haluevalqa-07953,Keep,,
haluevalqa-07954,Keep,,
haluevalqa-07956,Deleted,,"Weak/ambiguous negative: the hallucinated answer is too weak, approximate, ambiguous, or otherwise unstable as a negative example."
haluevalqa-07958,Keep,,
haluevalqa-07959,Keep,,
haluevalqa-07960,Deleted,,Supported/equivalent hallucinated answer: the hallucinated answer is supported by the context or semantically equivalent to the correct answer.
haluevalqa-07963,Deleted,,Supported/equivalent hallucinated answer: the hallucinated answer is supported by the context or semantically equivalent to the correct answer.
haluevalqa-07964,Keep,,
haluevalqa-07966,Keep,,
haluevalqa-07975,Keep,,
haluevalqa-07977,Keep,,
haluevalqa-07984,Keep,,
haluevalqa-07987,Keep,,
haluevalqa-07989,Keep,,
haluevalqa-07990,Keep,,
haluevalqa-07993,Keep,,
haluevalqa-07999,Keep,,
haluevalqa-08001,Keep,,
haluevalqa-08002,Keep,,
haluevalqa-08013,Keep,,
haluevalqa-08021,Keep,,
haluevalqa-08026,Keep,,
haluevalqa-08027,Keep,,
haluevalqa-08032,Keep,,
haluevalqa-08033,Keep,,
haluevalqa-08040,Keep,,
haluevalqa-08041,Keep,,
haluevalqa-08044,Keep,,
haluevalqa-08051,Keep,,
haluevalqa-08052,Keep,,
haluevalqa-08055,Keep,,
haluevalqa-08056,Keep,,
haluevalqa-08063,Keep,,
haluevalqa-08066,Keep,,
haluevalqa-08067,Keep,,
haluevalqa-08069,Keep,,
haluevalqa-08070,Keep,,
haluevalqa-08074,Keep,,
haluevalqa-08077,Keep,,
haluevalqa-08078,Keep,,
haluevalqa-08082,Keep,,
haluevalqa-08086,Keep,,
haluevalqa-08090,Keep,,
haluevalqa-08093,Keep,,
haluevalqa-08096,Keep,,
haluevalqa-08097,Keep,,
haluevalqa-08098,Keep,,
haluevalqa-08099,Keep,,
haluevalqa-08103,Keep,,
haluevalqa-08106,Keep,,
haluevalqa-08109,Keep,,
haluevalqa-08113,Keep,,
haluevalqa-08118,Keep,,
haluevalqa-08121,Keep,,
haluevalqa-08123,Keep,,
haluevalqa-08127,Keep,,
haluevalqa-08128,Keep,,
haluevalqa-08133,Keep,,
haluevalqa-08136,Keep,,
haluevalqa-08137,Keep,,
haluevalqa-08138,Keep,,
haluevalqa-08151,Deleted,,Supported/equivalent hallucinated answer: the hallucinated answer is supported by the context or semantically equivalent to the correct answer.
haluevalqa-08159,Keep,,
haluevalqa-08162,Deleted,,Supported/equivalent hallucinated answer: the hallucinated answer is supported by the context or semantically equivalent to the correct answer.
haluevalqa-08163,Keep,,
haluevalqa-08167,Keep,,
haluevalqa-08168,Keep,,
haluevalqa-08169,Keep,,
haluevalqa-08170,Keep,,
haluevalqa-08171,Keep,,
haluevalqa-08175,Keep,,
haluevalqa-08180,Keep,,
haluevalqa-08181,Keep,,
haluevalqa-08185,Keep,,
haluevalqa-08186,Keep,,
haluevalqa-08189,Keep,,
haluevalqa-08190,Keep,,
haluevalqa-08194,Keep,,
haluevalqa-08195,Keep,,
haluevalqa-08196,Keep,,
haluevalqa-08198,Keep,,
haluevalqa-08202,Keep,,
haluevalqa-08203,Keep,,
haluevalqa-08209,Keep,,
haluevalqa-08210,Keep,,
haluevalqa-08211,Keep,,
haluevalqa-08215,Keep,,
haluevalqa-08217,Keep,,
haluevalqa-08222,Keep,,
haluevalqa-08225,Keep,,
haluevalqa-08231,Keep,,
haluevalqa-08239,Keep,,
haluevalqa-08242,Keep,,
haluevalqa-08243,Keep,,
haluevalqa-08244,Keep,,
haluevalqa-08245,Keep,,
haluevalqa-08246,Keep,,
haluevalqa-08251,Keep,,
haluevalqa-08252,Keep,,
haluevalqa-08253,Keep,,
haluevalqa-08254,Keep,,
haluevalqa-08257,Deleted,,Supported/equivalent hallucinated answer: the hallucinated answer is supported by the context or semantically equivalent to the correct answer.
haluevalqa-08259,Keep,,
haluevalqa-08260,Keep,,
haluevalqa-08263,Deleted,,"Right-answer issue: the right answer is incorrect, question-misaligned, incomplete, or insufficiently supported by the context."
haluevalqa-08265,Keep,,
haluevalqa-08266,Keep,,
haluevalqa-08270,Keep,,
haluevalqa-08278,Deleted,,Supported/equivalent hallucinated answer: the hallucinated answer is supported by the context or semantically equivalent to the correct answer.
haluevalqa-08284,Keep,,
haluevalqa-08285,Keep,,
haluevalqa-08286,Keep,,
haluevalqa-08287,Keep,,
haluevalqa-08295,Keep,,
haluevalqa-08298,Keep,,
haluevalqa-08299,Keep,,
haluevalqa-08301,Keep,,
haluevalqa-08305,Keep,,
haluevalqa-08307,Keep,,
haluevalqa-08321,Keep,,
haluevalqa-08327,Keep,,
haluevalqa-08330,Keep,,
haluevalqa-08336,Keep,,
haluevalqa-08337,Keep,,
haluevalqa-08339,Keep,,
haluevalqa-08340,Keep,,
haluevalqa-08344,Keep,,
haluevalqa-08346,Keep,,
haluevalqa-08350,Keep,,
haluevalqa-08352,Keep,,
haluevalqa-08354,Keep,,
haluevalqa-08355,Keep,,
haluevalqa-08358,Keep,,
haluevalqa-08361,Keep,,
haluevalqa-08369,Keep,,
haluevalqa-08370,Keep,,
haluevalqa-08371,Keep,,
haluevalqa-08373,Keep,,
haluevalqa-08378,Keep,,
haluevalqa-08381,Keep,,
haluevalqa-08384,Keep,,
haluevalqa-08387,Keep,,
haluevalqa-08388,Keep,,
haluevalqa-08391,Keep,,
haluevalqa-08395,Keep,,
haluevalqa-08401,Keep,,
haluevalqa-08408,Keep,,
haluevalqa-08411,Keep,,
haluevalqa-08413,Deleted,,Supported/equivalent hallucinated answer: the hallucinated answer is supported by the context or semantically equivalent to the correct answer.
haluevalqa-08416,Keep,,
haluevalqa-08417,Keep,,
haluevalqa-08418,Keep,,
haluevalqa-08421,Keep,,
haluevalqa-08423,Keep,,
haluevalqa-08428,Keep,,
haluevalqa-08429,Keep,,
haluevalqa-08430,Keep,,
haluevalqa-08433,Keep,,
haluevalqa-08436,Keep,,
haluevalqa-08440,Keep,,
haluevalqa-08442,Keep,,
haluevalqa-08443,Keep,,
haluevalqa-08445,Keep,,
haluevalqa-08449,Keep,,
haluevalqa-08452,Keep,,
haluevalqa-08453,Keep,,
haluevalqa-08456,Keep,,
haluevalqa-08457,Keep,,
haluevalqa-08464,Keep,,
haluevalqa-08465,Keep,,
haluevalqa-08466,Keep,,
haluevalqa-08468,Deleted,,Supported/equivalent hallucinated answer: the hallucinated answer is supported by the context or semantically equivalent to the correct answer.
haluevalqa-08469,Keep,,
haluevalqa-08472,Keep,,
haluevalqa-08476,Keep,,
haluevalqa-08479,Deleted,,"Weak/ambiguous negative: the hallucinated answer is too weak, approximate, ambiguous, or otherwise unstable as a negative example."
haluevalqa-08484,Keep,,
haluevalqa-08485,Keep,,
haluevalqa-08491,Keep,,
haluevalqa-08492,Keep,,
haluevalqa-08495,Keep,,
haluevalqa-08496,Keep,,
haluevalqa-08498,Keep,,
haluevalqa-08499,Keep,,
haluevalqa-08503,Keep,,
haluevalqa-08504,Keep,,
haluevalqa-08505,Keep,,
haluevalqa-08507,Deleted,,Supported/equivalent hallucinated answer: the hallucinated answer is supported by the context or semantically equivalent to the correct answer.
haluevalqa-08511,Keep,,
haluevalqa-08513,Keep,,
haluevalqa-08514,Deleted,,Supported/equivalent hallucinated answer: the hallucinated answer is supported by the context or semantically equivalent to the correct answer.
haluevalqa-08518,Keep,,
haluevalqa-08522,Keep,,
haluevalqa-08523,Deleted,,Supported/equivalent hallucinated answer: the hallucinated answer is supported by the context or semantically equivalent to the correct answer.
haluevalqa-08526,Keep,,
haluevalqa-08533,Keep,,
haluevalqa-08537,Keep,,
haluevalqa-08539,Keep,,
haluevalqa-08546,Keep,,
haluevalqa-08552,Keep,,
haluevalqa-08553,Keep,,
haluevalqa-08555,Keep,,
haluevalqa-08563,Keep,,
haluevalqa-08564,Keep,,
haluevalqa-08573,Keep,,
haluevalqa-08575,Keep,,
haluevalqa-08576,Keep,,
haluevalqa-08577,Keep,,
haluevalqa-08582,Keep,,
haluevalqa-08585,Keep,,
haluevalqa-08586,Keep,,
haluevalqa-08588,Keep,,
haluevalqa-08589,Keep,,
haluevalqa-08590,Keep,,
haluevalqa-08592,Keep,,
haluevalqa-08595,Keep,,
haluevalqa-08596,Deleted,,Supported/equivalent hallucinated answer: the hallucinated answer is supported by the context or semantically equivalent to the correct answer.
haluevalqa-08597,Keep,,
haluevalqa-08600,Deleted,,Supported/equivalent hallucinated answer: the hallucinated answer is supported by the context or semantically equivalent to the correct answer.
haluevalqa-08604,Keep,,
haluevalqa-08606,Deleted,,Supported/equivalent hallucinated answer: the hallucinated answer is supported by the context or semantically equivalent to the correct answer.
haluevalqa-08608,Keep,,
haluevalqa-08610,Keep,,
haluevalqa-08615,Keep,,
haluevalqa-08616,Keep,,
haluevalqa-08620,Keep,,
haluevalqa-08622,Keep,,
haluevalqa-08623,Keep,,
haluevalqa-08631,Keep,,
haluevalqa-08633,Keep,,
haluevalqa-08635,Keep,,
haluevalqa-08637,Keep,,
haluevalqa-08640,Keep,,
haluevalqa-08641,Keep,,
haluevalqa-08642,Keep,,
haluevalqa-08644,Keep,,
haluevalqa-08646,Keep,,
haluevalqa-08649,Deleted,,Supported/equivalent hallucinated answer: the hallucinated answer is supported by the context or semantically equivalent to the correct answer.
haluevalqa-08652,Keep,,
haluevalqa-08653,Keep,,
haluevalqa-08658,Keep,,
haluevalqa-08659,Keep,,
haluevalqa-08660,Keep,,
haluevalqa-08662,Deleted,,Supported/equivalent hallucinated answer: the hallucinated answer is supported by the context or semantically equivalent to the correct answer.
haluevalqa-08663,Keep,,
haluevalqa-08665,Keep,,
haluevalqa-08666,Deleted,,Supported/equivalent hallucinated answer: the hallucinated answer is supported by the context or semantically equivalent to the correct answer.
haluevalqa-08672,Keep,,
haluevalqa-08675,Keep,,
haluevalqa-08677,Keep,,
haluevalqa-08682,Keep,,
haluevalqa-08683,Keep,,
haluevalqa-08684,Keep,,
haluevalqa-08687,Deleted,,Supported/equivalent hallucinated answer: the hallucinated answer is supported by the context or semantically equivalent to the correct answer.
haluevalqa-08688,Deleted,,Supported/equivalent hallucinated answer: the hallucinated answer is supported by the context or semantically equivalent to the correct answer.
haluevalqa-08689,Keep,,
haluevalqa-08695,Keep,,
haluevalqa-08698,Keep,,
haluevalqa-08699,Keep,,
haluevalqa-08700,Keep,,
haluevalqa-08704,Keep,,
haluevalqa-08705,Keep,,
haluevalqa-08708,Keep,,
haluevalqa-08709,Keep,,
haluevalqa-08713,Keep,,
haluevalqa-08715,Keep,,
haluevalqa-08717,Deleted,,Supported/equivalent hallucinated answer: the hallucinated answer is supported by the context or semantically equivalent to the correct answer.
haluevalqa-08718,Keep,,
haluevalqa-08726,Keep,,
haluevalqa-08727,Keep,,
haluevalqa-08730,Keep,,
haluevalqa-08734,Keep,,
haluevalqa-08735,Keep,,
haluevalqa-08738,Keep,,
haluevalqa-08739,Keep,,
haluevalqa-08740,Keep,,
haluevalqa-08746,Deleted,,Supported/equivalent hallucinated answer: the hallucinated answer is supported by the context or semantically equivalent to the correct answer.
haluevalqa-08747,Keep,,
haluevalqa-08749,Deleted,,Supported/equivalent hallucinated answer: the hallucinated answer is supported by the context or semantically equivalent to the correct answer.
haluevalqa-08753,Keep,,
haluevalqa-08754,Keep,,
haluevalqa-08755,Keep,,
haluevalqa-08758,Keep,,
haluevalqa-08769,Keep,,
haluevalqa-08774,Keep,,
haluevalqa-08777,Keep,,
haluevalqa-08778,Keep,,
haluevalqa-08781,Deleted,,Supported/equivalent hallucinated answer: the hallucinated answer is supported by the context or semantically equivalent to the correct answer.
haluevalqa-08782,Keep,,
haluevalqa-08783,Keep,,
haluevalqa-08786,Keep,,
haluevalqa-08790,Keep,,
haluevalqa-08796,Deleted,,"Weak/ambiguous negative: the hallucinated answer is too weak, approximate, ambiguous, or otherwise unstable as a negative example."
haluevalqa-08797,Deleted,,Supported/equivalent hallucinated answer: the hallucinated answer is supported by the context or semantically equivalent to the correct answer.
haluevalqa-08799,Keep,,
haluevalqa-08800,Keep,,
haluevalqa-08802,Keep,,
haluevalqa-08804,Keep,,
haluevalqa-08814,Keep,,
haluevalqa-08816,Keep,,
haluevalqa-08822,Keep,,
haluevalqa-08823,Keep,,
haluevalqa-08827,Keep,,
haluevalqa-08831,Keep,,
haluevalqa-08832,Keep,,
haluevalqa-08834,Keep,,
haluevalqa-08839,Keep,,
haluevalqa-08841,Keep,,
haluevalqa-08843,Keep,,
haluevalqa-08851,Keep,,
haluevalqa-08853,Deleted,,Supported/equivalent hallucinated answer: the hallucinated answer is supported by the context or semantically equivalent to the correct answer.
haluevalqa-08855,Keep,,
haluevalqa-08860,Deleted,,Supported/equivalent hallucinated answer: the hallucinated answer is supported by the context or semantically equivalent to the correct answer.
haluevalqa-08866,Keep,,
haluevalqa-08867,Keep,,
haluevalqa-08873,Keep,,
haluevalqa-08878,Keep,,
haluevalqa-08879,Keep,,
haluevalqa-08891,Keep,,
haluevalqa-08894,Keep,,
haluevalqa-08897,Keep,,
haluevalqa-08907,Keep,,
haluevalqa-08910,Keep,,
haluevalqa-08911,Keep,,
haluevalqa-08913,Deleted,,Supported/equivalent hallucinated answer: the hallucinated answer is supported by the context or semantically equivalent to the correct answer.
haluevalqa-08914,Keep,,
haluevalqa-08915,Keep,,
haluevalqa-08921,Keep,,
haluevalqa-08927,Keep,,
haluevalqa-08931,Keep,,
haluevalqa-08936,Deleted,,Supported/equivalent hallucinated answer: the hallucinated answer is supported by the context or semantically equivalent to the correct answer.
haluevalqa-08937,Keep,,
haluevalqa-08939,Keep,,
haluevalqa-08942,Keep,,
haluevalqa-08943,Keep,,
haluevalqa-08944,Keep,,
haluevalqa-08945,Keep,,
haluevalqa-08949,Keep,,
haluevalqa-08950,Keep,,
haluevalqa-08956,Keep,,
haluevalqa-08957,Keep,,
haluevalqa-08958,Deleted,,Supported/equivalent hallucinated answer: the hallucinated answer is supported by the context or semantically equivalent to the correct answer.
haluevalqa-08961,Keep,,
haluevalqa-08964,Keep,,
haluevalqa-08969,Keep,,
haluevalqa-08974,Keep,,
haluevalqa-08976,Keep,,
haluevalqa-08978,Deleted,,Supported/equivalent hallucinated answer: the hallucinated answer is supported by the context or semantically equivalent to the correct answer.
haluevalqa-08980,Keep,,
haluevalqa-08985,Keep,,
haluevalqa-08987,Keep,,
haluevalqa-08988,Deleted,,Supported/equivalent hallucinated answer: the hallucinated answer is supported by the context or semantically equivalent to the correct answer.
haluevalqa-08990,Keep,,
haluevalqa-08991,Keep,,
haluevalqa-08992,Keep,,
haluevalqa-08994,Keep,,
haluevalqa-08998,Keep,,
haluevalqa-09002,Keep,,
haluevalqa-09004,Keep,,
haluevalqa-09007,Keep,,
haluevalqa-09015,Keep,,
haluevalqa-09017,Keep,,
haluevalqa-09018,Keep,,
haluevalqa-09023,Keep,,
haluevalqa-09027,Keep,,
haluevalqa-09029,Keep,,
haluevalqa-09030,Keep,,
haluevalqa-09032,Keep,,
haluevalqa-09036,Keep,,
haluevalqa-09037,Keep,,
haluevalqa-09040,Keep,,
haluevalqa-09045,Keep,,
haluevalqa-09049,Keep,,
haluevalqa-09052,Keep,,
haluevalqa-09055,Keep,,
haluevalqa-09057,Keep,,
haluevalqa-09059,Keep,,
haluevalqa-09068,Keep,,
haluevalqa-09072,Keep,,
haluevalqa-09074,Keep,,
haluevalqa-09075,Keep,,
haluevalqa-09076,Keep,,
haluevalqa-09078,Keep,,
haluevalqa-09079,Keep,,
haluevalqa-09094,Deleted,,Supported/equivalent hallucinated answer: the hallucinated answer is supported by the context or semantically equivalent to the correct answer.
haluevalqa-09095,Keep,,
haluevalqa-09098,Keep,,
haluevalqa-09099,Keep,,
haluevalqa-09100,Keep,,
haluevalqa-09106,Keep,,
haluevalqa-09108,Keep,,
haluevalqa-09110,Keep,,
haluevalqa-09114,Keep,,
haluevalqa-09115,Keep,,
haluevalqa-09116,Keep,,
haluevalqa-09123,Keep,,
haluevalqa-09125,Keep,,
haluevalqa-09127,Keep,,
haluevalqa-09128,Keep,,
haluevalqa-09136,Keep,,
haluevalqa-09137,Keep,,
haluevalqa-09138,Keep,,
haluevalqa-09140,Keep,,
haluevalqa-09143,Keep,,
haluevalqa-09146,Keep,,
haluevalqa-09155,Keep,,
haluevalqa-09157,Keep,,
haluevalqa-09162,Keep,,
haluevalqa-09164,Keep,,
haluevalqa-09165,Keep,,
haluevalqa-09166,Keep,,
haluevalqa-09167,Modified,"hallucinated_answer: ""The Flight to Mars was a dark amusement ride that could be found at both the 1962 World's Fair and at the Seattle Center's Fun Forest."" -> ""The Flight to Mars was located only at the 1962 World's Fair and was never part of the Seattle Center's Fun Forest.""",
haluevalqa-09170,Keep,,
haluevalqa-09174,Keep,,
haluevalqa-09177,Keep,,
haluevalqa-09179,Keep,,
haluevalqa-09180,Keep,,
haluevalqa-09181,Keep,,
haluevalqa-09187,Deleted,,Supported/equivalent hallucinated answer: the hallucinated answer is supported by the context or semantically equivalent to the correct answer.
haluevalqa-09194,Keep,,
haluevalqa-09197,Deleted,,"Weak/ambiguous negative: the hallucinated answer is too weak, approximate, ambiguous, or otherwise unstable as a negative example."
haluevalqa-09198,Keep,,
haluevalqa-09199,Keep,,
haluevalqa-09202,Keep,,
haluevalqa-09205,Keep,,
haluevalqa-09206,Keep,,
haluevalqa-09210,Keep,,
haluevalqa-09211,Keep,,
haluevalqa-09215,Deleted,,Supported/equivalent hallucinated answer: the hallucinated answer is supported by the context or semantically equivalent to the correct answer.
haluevalqa-09217,Keep,,
haluevalqa-09221,Keep,,
haluevalqa-09223,Keep,,
haluevalqa-09228,Keep,,
haluevalqa-09230,Keep,,
haluevalqa-09237,Deleted,,Supported/equivalent hallucinated answer: the hallucinated answer is supported by the context or semantically equivalent to the correct answer.
haluevalqa-09238,Keep,,
haluevalqa-09242,Keep,,
haluevalqa-09246,Keep,,
haluevalqa-09251,Keep,,
haluevalqa-09253,Keep,,
haluevalqa-09256,Keep,,
haluevalqa-09259,Keep,,
haluevalqa-09261,Keep,,
haluevalqa-09262,Keep,,
haluevalqa-09267,Keep,,
haluevalqa-09269,Keep,,
haluevalqa-09272,Keep,,
haluevalqa-09273,Keep,,
haluevalqa-09278,Keep,,
haluevalqa-09279,Keep,,
haluevalqa-09283,Keep,,
haluevalqa-09284,Keep,,
haluevalqa-09286,Keep,,
haluevalqa-09292,Keep,,
haluevalqa-09297,Deleted,,"Weak/ambiguous negative: the hallucinated answer is too weak, approximate, ambiguous, or otherwise unstable as a negative example."
haluevalqa-09298,Keep,,
haluevalqa-09299,Keep,,
haluevalqa-09300,Keep,,
haluevalqa-09302,Keep,,
haluevalqa-09306,Keep,,
haluevalqa-09310,Keep,,
haluevalqa-09311,Keep,,
haluevalqa-09314,Keep,,
haluevalqa-09323,Keep,,
haluevalqa-09332,Keep,,
haluevalqa-09333,Keep,,
haluevalqa-09337,Keep,,
haluevalqa-09339,Keep,,
haluevalqa-09340,Keep,,
haluevalqa-09344,Keep,,
haluevalqa-09345,Deleted,,Supported/equivalent hallucinated answer: the hallucinated answer is supported by the context or semantically equivalent to the correct answer.
haluevalqa-09346,Keep,,
haluevalqa-09349,Keep,,
haluevalqa-09352,Keep,,
haluevalqa-09353,Keep,,
haluevalqa-09359,Keep,,
haluevalqa-09361,Keep,,
haluevalqa-09364,Keep,,
haluevalqa-09368,Keep,,
haluevalqa-09374,Keep,,
haluevalqa-09377,Keep,,
haluevalqa-09380,Keep,,
haluevalqa-09383,Keep,,
haluevalqa-09385,Keep,,
haluevalqa-09386,Keep,,
haluevalqa-09387,Keep,,
haluevalqa-09388,Deleted,,Supported/equivalent hallucinated answer: the hallucinated answer is supported by the context or semantically equivalent to the correct answer.
haluevalqa-09391,Deleted,,"Weak/ambiguous negative: the hallucinated answer is too weak, approximate, ambiguous, or otherwise unstable as a negative example."
haluevalqa-09394,Keep,,
haluevalqa-09398,Keep,,
haluevalqa-09400,Keep,,
haluevalqa-09407,Keep,,
haluevalqa-09409,Keep,,
haluevalqa-09410,Keep,,
haluevalqa-09416,Keep,,
haluevalqa-09417,Keep,,
haluevalqa-09419,Keep,,
haluevalqa-09421,Keep,,
haluevalqa-09422,Keep,,
haluevalqa-09424,Keep,,
haluevalqa-09425,Keep,,
haluevalqa-09426,Keep,,
haluevalqa-09427,Keep,,
haluevalqa-09429,Deleted,,Supported/equivalent hallucinated answer: the hallucinated answer is supported by the context or semantically equivalent to the correct answer.
haluevalqa-09430,Keep,,
haluevalqa-09433,Keep,,
haluevalqa-09436,Keep,,
haluevalqa-09439,Keep,,
haluevalqa-09453,Keep,,
haluevalqa-09455,Keep,,
haluevalqa-09461,Keep,,
haluevalqa-09462,Keep,,
haluevalqa-09469,Keep,,
haluevalqa-09477,Keep,,
haluevalqa-09478,Keep,,
haluevalqa-09480,Keep,,
haluevalqa-09481,Keep,,
haluevalqa-09483,Keep,,
haluevalqa-09484,Keep,,
haluevalqa-09488,Keep,,
haluevalqa-09491,Keep,,
haluevalqa-09502,Keep,,
haluevalqa-09503,Keep,,
haluevalqa-09509,Keep,,
haluevalqa-09512,Deleted,,Supported/equivalent hallucinated answer: the hallucinated answer is supported by the context or semantically equivalent to the correct answer.
haluevalqa-09514,Keep,,
haluevalqa-09515,Keep,,
haluevalqa-09520,Keep,,
haluevalqa-09525,Keep,,
haluevalqa-09527,Keep,,
haluevalqa-09528,Keep,,
haluevalqa-09529,Deleted,,"Weak/ambiguous negative: the hallucinated answer is too weak, approximate, ambiguous, or otherwise unstable as a negative example."
haluevalqa-09530,Deleted,,Supported/equivalent hallucinated answer: the hallucinated answer is supported by the context or semantically equivalent to the correct answer.
haluevalqa-09532,Keep,,
haluevalqa-09533,Deleted,,"Weak/ambiguous negative: the hallucinated answer is too weak, approximate, ambiguous, or otherwise unstable as a negative example."
haluevalqa-09537,Keep,,
haluevalqa-09538,Keep,,
haluevalqa-09539,Keep,,
haluevalqa-09541,Keep,,
haluevalqa-09542,Keep,,
haluevalqa-09544,Keep,,
haluevalqa-09545,Keep,,
haluevalqa-09551,Keep,,
haluevalqa-09552,Keep,,
haluevalqa-09555,Keep,,
haluevalqa-09556,Keep,,
haluevalqa-09557,Keep,,
haluevalqa-09558,Keep,,
haluevalqa-09560,Keep,,
haluevalqa-09561,Keep,,
haluevalqa-09562,Keep,,
haluevalqa-09566,Keep,,
haluevalqa-09567,Keep,,
haluevalqa-09570,Keep,,
haluevalqa-09571,Keep,,
haluevalqa-09572,Keep,,
haluevalqa-09576,Keep,,
haluevalqa-09577,Keep,,
haluevalqa-09578,Keep,,
haluevalqa-09579,Keep,,
haluevalqa-09581,Keep,,
haluevalqa-09588,Keep,,
haluevalqa-09590,Keep,,
haluevalqa-09591,Keep,,
haluevalqa-09594,Keep,,
haluevalqa-09595,Keep,,
haluevalqa-09597,Keep,,
haluevalqa-09605,Keep,,
haluevalqa-09606,Keep,,
haluevalqa-09607,Keep,,
haluevalqa-09609,Deleted,,Supported/equivalent hallucinated answer: the hallucinated answer is supported by the context or semantically equivalent to the correct answer.
haluevalqa-09611,Keep,,
haluevalqa-09615,Keep,,
haluevalqa-09617,Keep,,
haluevalqa-09618,Keep,,
haluevalqa-09621,Keep,,
haluevalqa-09623,Keep,,
haluevalqa-09636,Keep,,
haluevalqa-09639,Keep,,
haluevalqa-09640,Keep,,
haluevalqa-09641,Keep,,
haluevalqa-09644,Keep,,
haluevalqa-09645,Keep,,
haluevalqa-09646,Keep,,
haluevalqa-09648,Deleted,,Supported/equivalent hallucinated answer: the hallucinated answer is supported by the context or semantically equivalent to the correct answer.
haluevalqa-09652,Keep,,
haluevalqa-09655,Keep,,
haluevalqa-09658,Keep,,
haluevalqa-09660,Keep,,
haluevalqa-09663,Keep,,
haluevalqa-09669,Keep,,
haluevalqa-09670,Keep,,
haluevalqa-09671,Keep,,
haluevalqa-09672,Keep,,
haluevalqa-09674,Keep,,
haluevalqa-09676,Keep,,
haluevalqa-09677,Keep,,
haluevalqa-09681,Keep,,
haluevalqa-09683,Keep,,
haluevalqa-09684,Keep,,
haluevalqa-09685,Keep,,
haluevalqa-09688,Keep,,
haluevalqa-09698,Keep,,
haluevalqa-09702,Keep,,
haluevalqa-09704,Keep,,
haluevalqa-09705,Keep,,
haluevalqa-09710,Keep,,
haluevalqa-09713,Deleted,,Supported/equivalent hallucinated answer: the hallucinated answer is supported by the context or semantically equivalent to the correct answer.
haluevalqa-09714,Keep,,
haluevalqa-09720,Keep,,
haluevalqa-09721,Keep,,
haluevalqa-09722,Keep,,
haluevalqa-09723,Keep,,
haluevalqa-09725,Keep,,
haluevalqa-09730,Keep,,
haluevalqa-09733,Keep,,
haluevalqa-09734,Keep,,
haluevalqa-09737,Keep,,
haluevalqa-09739,Keep,,
haluevalqa-09742,Keep,,
haluevalqa-09743,Keep,,
haluevalqa-09745,Keep,,
haluevalqa-09749,Keep,,
haluevalqa-09751,Keep,,
haluevalqa-09752,Keep,,
haluevalqa-09754,Keep,,
haluevalqa-09755,Keep,,
haluevalqa-09760,Keep,,
haluevalqa-09764,Keep,,
haluevalqa-09766,Keep,,
haluevalqa-09767,Keep,,
haluevalqa-09768,Keep,,
haluevalqa-09774,Deleted,,Supported/equivalent hallucinated answer: the hallucinated answer is supported by the context or semantically equivalent to the correct answer.
haluevalqa-09782,Keep,,
haluevalqa-09785,Keep,,
haluevalqa-09791,Keep,,
haluevalqa-09793,Keep,,
haluevalqa-09795,Keep,,
haluevalqa-09796,Keep,,
haluevalqa-09800,Keep,,
haluevalqa-09801,Keep,,
haluevalqa-09804,Keep,,
haluevalqa-09805,Keep,,
haluevalqa-09807,Keep,,
haluevalqa-09809,Keep,,
haluevalqa-09810,Keep,,
haluevalqa-09811,Deleted,,"Weak/ambiguous negative: the hallucinated answer is too weak, approximate, ambiguous, or otherwise unstable as a negative example."
haluevalqa-09814,Keep,,
haluevalqa-09815,Keep,,
haluevalqa-09818,Deleted,,Supported/equivalent hallucinated answer: the hallucinated answer is supported by the context or semantically equivalent to the correct answer.
haluevalqa-09819,Keep,,
haluevalqa-09820,Keep,,
haluevalqa-09822,Keep,,
haluevalqa-09825,Keep,,
haluevalqa-09832,Keep,,
haluevalqa-09833,Keep,,
haluevalqa-09836,Keep,,
haluevalqa-09842,Keep,,
haluevalqa-09843,Keep,,
haluevalqa-09844,Keep,,
haluevalqa-09847,Keep,,
haluevalqa-09849,Keep,,
haluevalqa-09850,Keep,,
haluevalqa-09856,Keep,,
haluevalqa-09859,Keep,,
haluevalqa-09860,Keep,,
haluevalqa-09861,Keep,,
haluevalqa-09862,Deleted,,"Right-answer issue: the right answer is incorrect, question-misaligned, incomplete, or insufficiently supported by the context."
haluevalqa-09863,Keep,,
haluevalqa-09865,Keep,,
haluevalqa-09866,Keep,,
haluevalqa-09869,Keep,,
haluevalqa-09871,Keep,,
haluevalqa-09873,Keep,,
haluevalqa-09874,Keep,,
haluevalqa-09877,Keep,,
haluevalqa-09878,Keep,,
haluevalqa-09883,Deleted,,Supported/equivalent hallucinated answer: the hallucinated answer is supported by the context or semantically equivalent to the correct answer.
haluevalqa-09889,Keep,,
haluevalqa-09890,Keep,,
haluevalqa-09891,Keep,,
haluevalqa-09893,Keep,,
haluevalqa-09894,Keep,,
haluevalqa-09903,Keep,,
haluevalqa-09904,Keep,,
haluevalqa-09905,Keep,,
haluevalqa-09912,Keep,,
haluevalqa-09914,Keep,,
haluevalqa-09916,Keep,,
haluevalqa-09921,Keep,,
haluevalqa-09922,Keep,,
haluevalqa-09924,Keep,,
haluevalqa-09926,Keep,,
haluevalqa-09933,Keep,,
haluevalqa-09934,Keep,,
haluevalqa-09935,Keep,,
haluevalqa-09936,Keep,,
haluevalqa-09937,Keep,,
haluevalqa-09939,Keep,,
haluevalqa-09941,Keep,,
haluevalqa-09952,Keep,,
haluevalqa-09954,Keep,,
haluevalqa-09957,Keep,,
haluevalqa-09958,Keep,,
haluevalqa-09961,Keep,,
haluevalqa-09964,Keep,,
haluevalqa-09966,Keep,,
haluevalqa-09969,Keep,,
haluevalqa-09970,Keep,,
haluevalqa-09974,Keep,,
haluevalqa-09978,Keep,,
haluevalqa-09979,Keep,,
haluevalqa-09981,Deleted,,Supported/equivalent hallucinated answer: the hallucinated answer is supported by the context or semantically equivalent to the correct answer.
haluevalqa-09982,Keep,,
haluevalqa-09986,Keep,,
haluevalqa-09987,Keep,,
haluevalqa-09988,Deleted,,Supported/equivalent hallucinated answer: the hallucinated answer is supported by the context or semantically equivalent to the correct answer.
haluevalqa-09992,Keep,,
haluevalqa-09993,Keep,,
haluevalqa-09994,Keep,,
haluevalqa-09999,Keep,,
haluevalqa-10000,Keep,,
