annotation_id,source_order,question,context,factoid,atomicity,question_relevance,primary_category,category_name,context_support,evidence_clarity,annotator_id
RQ3-0001,1,"Formerly titled the Collegiate Church of St Peter at Westminster, of which church was John Fecknam the last abbot?","John Feckenham (c. 1515 – October, 1584), also known as John Howman of Feckingham and later John de Feckenham or John Fecknam, was an English churchman, the last abbot of Westminster.Westminster Abbey, formally titled the Collegiate Church of St Peter at Westminster, is a large, mainly Gothic abbey church in the City of Westminster, London, just to the west of the Palace of Westminster.",John Feckenham was the last abbot of Westminster Abbey.,PASS,PASS,Cat1,Entity / Alias / Lexical Relation,TRUE,CLEAR,Annotator B
RQ3-0002,2,"Björn Ulvaeus was a part of a Swedish pop group, formed in Stockholm in 1972, as well as co-producer on the film ""Mamma Mia!"" with who?","ABBA (] ) were a Swedish pop group, formed in Stockholm in 1972 by members Agnetha Fältskog, Björn Ulvaeus, Benny Andersson, and Anni-Frid Lyngstad.Björn Kristian Ulvaeus (] ) (born 25 April 1945; credited as Björn Ulvæus) is a Swedish songwriter, producer, a former member of the Swedish musical group ABBA (1972–1982), and co-composer of the musicals ""Chess"", ""Kristina från Duvemåla"", and ""Mamma Mia! He co-produced the film ""Mamma Mia!"" with fellow ABBA member and close friend Benny Andersson.",Benny Andersson is a member of the pop group ABBA.,PASS,PASS,Cat1,Entity / Alias / Lexical Relation,TRUE,CLEAR,Annotator B
RQ3-0003,3,Where does the flat iron cut of meat come from?,"of steak is from the shoulder of a beef animal. It is located adjacent to the heart of the shoulder clod, under the seven or paddle bone (shoulder blade or scapula). The steak encompasses the infraspinatus muscles of beef, and one may see this displayed in some butcher shops and meat markets as a ""top blade"" roast. Anatomically, the muscle forms the dorsal part of the rotator cuff of the steer. This cut is anatomically distinct from the shoulder tender, which lies directly below it and is the teres major. Flat iron steaks usually have a significant amount of marbling.

the original flat iron cut was identified in 2002 as part of a National Cattlemen's Beef Association initiative, in conjunction with the University of Nebraska and the University of Florida to find lower-priced cuts which could be trimmed into steaks and roasts. Flat iron steak Flat iron steak (US), butlers' steak (UK), or oyster blade steak (Australia and New Zealand) is a cut of steak cut with the grain from the shoulder of the animal. This produces a flavorful cut that is a bit tough because it contains a gristly fascia membrane unless removed. Some restaurants offer it on their

Flat iron steak Flat iron steak (US), butlers' steak (UK), or oyster blade steak (Australia and New Zealand) is a cut of steak cut with the grain from the shoulder of the animal. This produces a flavorful cut that is a bit tough because it contains a gristly fascia membrane unless removed. Some restaurants offer it on their menu, often at lower price than the more popular rib-eye and strip steaks of the same grade. This is used, in some places, as a means of selling a less expensive cut from the same animal, for example Kobe beef. This cut",The part of the shoulder a flat iron cut of meat comes from is under the seven or paddle bone.,PASS,PASS,Cat1,Entity / Alias / Lexical Relation,TRUE,CLEAR,Annotator B
RQ3-0004,4,Mali Finn cast which New Zealand citizen as an actor in one of her films?,"She cast numerous actors in successful films, including Edward Furlong, Leonardo DiCaprio, and Russell Crowe.Russell Ira Crowe (born 7 April 1964) is an actor, film producer and musician.",Mali Finn cast Russell Crowe in successful films.,PASS,PASS,Cat1,Entity / Alias / Lexical Relation,TRUE,CLEAR,Annotator B
RQ3-0005,5,"Abraham Bankier was one of the owners of the Rekord factory that was taken over by a German Industrialist, spy, and member of the Nazi Party who is credited with saving how many Jews during the Holocaust?","Abraham Bankier (1910-1956) was one of the owners of the ""Rekord"" factory on Lipowa street in Cracow, Poland, that Oskar Schindler took over during World War II.Oskar Schindler (28 April 1908 – 9 October 1974) was a German industrialist, spy, and member of the Nazi Party who is credited with saving the lives of 1,200 Jews during the Holocaust by employing them in his enamelware and ammunitions factories, which were located in occupied Poland and the Protectorate of Bohemia and Moravia.",Abraham Bankier was one of the owners of the Rekord factory.,PASS,FAIL,Cat1,Entity / Alias / Lexical Relation,TRUE,CLEAR,Annotator B
RQ3-0006,6,Who sang i can't let maggie go?,"I Can't Let Maggie Go ""I Can't Let Maggie Go"" is a song by the British pop group Honeybus from early 1968. Written by band member Pete Dello, it was released as a non-album single. The song became an international Top 20 hit, reaching number 13 in New Zealand and number 11 in Ireland. It did best in their native United Kingdom, where it reached number eight in the UK Singles Chart. ""I Can't Let Maggie Go"" was included on the group's later compilation LPs, ""Honeybus at Their Best"" and ""Old Masters Hidden Treasures"". The song was also a top

with 1968's ""I Can't Let Maggie Go"", which was so popular that it earned the band a cover photo on the popular music magazine, ""Disc and Music Echo"", for which they posed atop a red London bus. ""I Can't Let Maggie Go"" reached Number 8 in the UK Singles Chart, in April 1968, staying in the Top 40 for over two months. Dello resigned in August 1968. The band recruited Jim Kelly on guitar and vocals to replace him and Cane began songwriting and performing lead vocals. This line-up scored minor successes with ""She Sold Blackpool Rock"" and ""Girl Of

10 hit in Italy, with a 1968 version made by Equipe 84, entitled ""Un angelo blu"" (""A blue angel""). It enjoyed an unexpected reprise in popularity in the 1970s, when it was used as the soundtrack for a television advertisement for ""Nimble"", a bread produced for slimmers. ""I Can't Let Maggie Go"" has been covered by J. Vincent Edwards in 1974, as well as by the Sideburns in 1993. David Essex included his own version on the 2005 compilation album, ""The Complete Collection"". I Can't Let Maggie Go ""I Can't Let Maggie Go"" is a song by the British pop","The song ""I Can't Let Maggie Go"" has been covered by the Sideburns in 1993.",PASS,PASS,Cat4,Time / Sequence,FALSE,CLEAR,Annotator B
RQ3-0007,7,Where does anything you can do i can do better come from?,"Anything You Can Do (I Can Do Better) ""Anything You Can Do"" is a song composed by Irving Berlin for the 1946 Broadway musical ""Annie Get Your Gun"". The song is a duet, with one male singer and one female singer attempting to outdo each other in increasingly complex tasks. In the musical, the song sets the scene for the climactic sharpshooting contest between Annie Oakley and Frank Butler. Its most memorable lines are, ""Anything you can do I can do better; I can do anything better than you."" The song was first performed in ""Annie Get Your Gun"" by

Ethel Merman and Ray Middleton. During the song, they argue playfully about who can, for example, sing softer, sing higher, sing sweeter, and hold a note for longer, and boast of their abilities and accomplishments, such as opening safes and living on bread and cheese, although Annie always seems to counter Frank's argument. Neither can ""bake a pie,"" though. Anything You Can Do (I Can Do Better) ""Anything You Can Do"" is a song composed by Irving Berlin for the 1946 Broadway musical ""Annie Get Your Gun"". The song is a duet, with one male singer and one female singer

choosing the occupation of ""newspaper carrier"" was required to ride a bicycle down a narrow yellow line (without veering from it) and throw several newspapers at targets. She lost control of the bicycle, fell to the studio floor, and apparently broke a bone. Wood mentioned other contestants being injured as well. The title of the show is inspired by a 1946 song called ""Anything You Can Do, I Can Do Better"" from the hit broadway musical ""Annie Get Your Gun"" (composed by Irving Berlin) as a sprirted duet with one male singer and one female singer attempting to outdo each","In ""Anything You Can Do"", the two singers argue over who can sing higher.",PASS,FAIL,Cat5,Comparative / Superlative,TRUE,CLEAR,Annotator B
RQ3-0008,8,"What is the name of the Tindersticks' soundtrack for which the film, written by Denis and Jean-Pol Fargeau, is also named?","Trouble Every Day is the name of Tindersticks' soundtrack to French director Claire Denis's 2001 film ""Trouble Every Day"".Trouble Every Day is a 2001 French erotic horror film directed by Claire Denis and written by Denis and Jean-Pol Fargeau.",The title of the work is Trouble Every Day.,PASS,PASS,Cat1,Entity / Alias / Lexical Relation,TRUE,CLEAR,Annotator B
RQ3-0009,9,What area is the species of Spruce which can be found in Rensselaer Plateau native to?," Vegetation on the plateau is more similar to that found in the Adirondack Mountains to the northwest, with abundant Eastern White Pine, Eastern Hemlock, Red Spruce, and Balsam Fir, along with more limited occurrences of Red Pine and Tamarack.Picea rubens, commonly known as red spruce, is a species of spruce native to eastern North America, ranging from eastern Quebec to Nova Scotia, and from New England south in the Adirondack Mountains and Appalachians to western North Carolina.",Red spruce is native to the Adirondack Mountains.,PASS,PASS,Cat1,Entity / Alias / Lexical Relation,TRUE,CLEAR,Annotator B
RQ3-0010,10,What video game magazine was a part subsidiary of a Chinese-owned venture capital organization?,"GamePro was an American multiplatform video game magazine media company that published online and print content covering the video game industry, video game hardware and video game software.International Data Group, Inc. (IDG) is a Chinese-owned, American-based media, data and marketing services and venture capital organization.",GamePro was published by IDG Communications.,PASS,PASS,Cat1,Entity / Alias / Lexical Relation,FALSE,CLEAR,Annotator B
RQ3-0011,11,"Which style of minimalist furniture and housewares from Denmark associated was Hans J. Wegner, one of the leading figures of its movement "," It is the company behind many of the classical furniture designs of Hans J. Wegner, one of the leading figures of the Danish modern movement.Danish modern is a style of minimalist furniture and housewares from Denmark associated with the Danish design movement.",Danish modern originated in Denmark.,PASS,PASS,Cat1,Entity / Alias / Lexical Relation,TRUE,CLEAR,Annotator B
RQ3-0012,12,What group does LE rap in?,"She is the main rapper of the K-pop girl group EXID. Although it includes all genres of ""popular music"" within South Korea, the term is often used in a narrower sense to describe a modern form of South Korean pop music drawing inspiration on a range of styles and genres incorporated from the rest of the world such as Western pop music, rock, experimental, jazz, gospel, Latin, hip hop, R&B, reggae, electronic dance, folk, country and classical on top of its uniquely traditional Korean music roots.",LE is the main rapper of the K-pop girl group EXID.,PASS,PASS,Cat1,Entity / Alias / Lexical Relation,TRUE,CLEAR,Annotator B
RQ3-0013,13,Josh Aubrey played college football at a school in what city?," He played college football at Stephen F. Austin State University.Stephen F. Austin State University (SFA) is a public university located in Nacogdoches, Texas, United States.",Nacogdoches is in Texas.,PASS,PASS,Cat1,Entity / Alias / Lexical Relation,TRUE,CLEAR,Annotator B
RQ3-0014,14,Cyril Briggs was dedicated to advancing what  worldwide intellectual movement that aims to encourage and strengthen bonds of solidarity between all people of African descent," Briggs is best remembered as founder and editor of ""The Crusader,"" a seminal New York magazine of the New Negro Movement of the 1920s and as founder of the African Blood Brotherhood, a small but historically important radical organization dedicated to advancing the cause of Pan-Africanism.Pan-Africanism is a worldwide intellectual movement that aims to encourage and strengthen bonds of solidarity between all people of African descent.",Pan-Africanism aims to encourage and strengthen bonds of solidarity between all people of African descent.,PASS,PASS,Cat1,Entity / Alias / Lexical Relation,TRUE,CLEAR,Annotator B
RQ3-0015,15,"The SS-owned company that funded a Nazi association to raise the birth rate of ""Aryan"" children was created to market a reflector invented by which employee of Hitler?","Anton Loibl GmbH was a company owned by the SS which was a funding source for the Ahnenerbe research branch and the Lebensborn eugenics programme. It was created to market a bicycle reflector invented by Anton Loibl, a chauffeur for Hitler.Lebensborn e.V. (literally: ""Fount of Life"") was an SS-initiated, state-supported, registered association in Nazi Germany with the goal of raising the birth rate of ""Aryan"" children of persons classified as ""racially pure and healthy"" based on Nazi racial hygiene and health ideology.",The bicycle reflector was invented by Hitler's chauffeur.,PASS,PASS,Cat7,Multi-entity / Multi-hop,TRUE,CLEAR,Annotator B
RQ3-0016,16,Who did ed sheeran wrote nancy mulligan about?,"Nancy Mulligan ""Nancy Mulligan"" is a song by English singer-songwriter Ed Sheeran. It was included on the deluxe edition of his third studio album ""÷"" (2017). After the album's release it charted at number 13 on the UK Singles Chart. Sheeran recorded the song together with Beoga. ""Nancy Mulligan"" is one of the most personal songs on the album, telling the story of how his grandparents, William Sheeran, a Protestant from Belfast, Northern Ireland and Nancy Mulligan (real name Anne Mulligan), a Catholic from Republic of Ireland, met, fell in love during the Second World War and got married at

Hopefully if these songs are successful, more people will do a bit more like it."" In 2017, the song was covered by the Irish country singer Mike Denver with an accompanying music video. Sheeran performed the song, backed on stage by Beoga, during his headline performance at the Glastonbury Festival. Nancy Mulligan ""Nancy Mulligan"" is a song by English singer-songwriter Ed Sheeran. It was included on the deluxe edition of his third studio album ""÷"" (2017). After the album's release it charted at number 13 on the UK Singles Chart. Sheeran recorded the song together with Beoga. ""Nancy Mulligan"" is

the Wexford border. Sheeran said: ""They got engaged and no one turned up at their wedding. He stole all the gold teeth in his dental surgery and melted them down into a wedding ring, and they wore borrowed clothes to get married, and just basically have this kind of Romeo and Juliet romance, which is like the most romantic thing. So I thought I'd write a song about it and make it a jig."" In an interview with the ""Irish Times"", talking about the song's Irish roots, Sheeran said ""I don't think enough people use Irish folk in pop music...","The song ""Nancy Mulligan"" tells the story of how Ed Sheeran's grandparents got married.",PASS,PASS,Cat1,Entity / Alias / Lexical Relation,TRUE,CLEAR,Annotator B
RQ3-0017,17,What country of origin does Nick Kroll and Get Him to the Greek have in common?,"Nicholas Kroll (born June 5, 1978) is an American actor, comedian, writer, and producer.Get Him to the Greek is a 2010 American black comedy film written, produced and directed by Nicholas Stoller and starring Russell Brand and Jonah Hill.",Nick Kroll and Get Him to the Greek share the same national origin: American.,PASS,PASS,Cat7,Multi-entity / Multi-hop,TRUE,CLEAR,Annotator B
RQ3-0018,18,Who won the Best Character Actress award at the Asianet Television Awards 2016?," Her daughter Thara Kalyan is also an actress in Malayalam movies.Currently she is playing lead role in Malayalam Soap opera Karuthamuthu and she won ""Best Character Actress"" at Asianet Television Awards 2016",Thara Kalyan won the Best Character Actress award at the Asianet Television Awards 2016.,PASS,PASS,Cat1,Entity / Alias / Lexical Relation,TRUE,CLEAR,Annotator B
RQ3-0019,19,The Abbey of Saint-Étienne was founded by a descendant of who?,"The Abbey of Saint-Étienne, also known as Abbaye aux Hommes (""Men's Abbey"") by contrast with the Abbaye aux Dames (""Ladies' Abbey""), is a former Benedictine monastery in the French city of Caen, Normandy, dedicated to Saint Stephen. It was founded in 1063 by William the Conqueror and is one of the most important Romanesque buildings in Normandy.William I (c. 1028 – 9 September 1087), usually known as William the Conqueror and sometimes William the Bastard, was the first Norman King of England, reigning from 1066 until his death in 1087. A descendant of Rollo, he was Duke of Normandy (as Duke William II) from 1035 onward.",The Abbey of Saint-Étienne was founded by William the Conqueror.,PASS,FAIL,Cat1,Entity / Alias / Lexical Relation,TRUE,CLEAR,Annotator B
RQ3-0020,20,"Where did the Navy Reserve Unit that is headquartered at Port Hueneme, CA get its nickname?","Naval Mobile Construction Battalion 25 or NMCB 25 is a Navy Reserve Seabee unit that is headquartered at Port Hueneme, CA. Their nickname is a heterograph of the first initials ""C.B."" from the words Construction Battalion.","The first initials ""C.B."" are from the words Construction Battalion.",PASS,PASS,Cat1,Entity / Alias / Lexical Relation,TRUE,CLEAR,Annotator B
RQ3-0021,21,Who played in the world series in 1989?,"champion Oakland A's, who won 104 games. The Twins eventually sank towards the bottom of the standings, finishing last in 1990. In 1991, the Twins returned to the playoffs by beating the Blue Jays in the ALCS and winning what many call the greatest World Series ever played over the Atlanta Braves. The 1987 World Series featured at least two players who would go on to win ""Manager of the Year"" awards. The Twins' Don Baylor won it in 1995 for his work with the Colorado Rockies while the Cardinals' Tony Peña won it in 2003 for his work with

1989 World Series The 1989 World Series was the 86th edition of Major League Baseball's championship series, and the conclusion of the 1989 Major League Baseball season. A best-of-seven playoff, it was played between the American League (AL) champion Oakland Athletics and the National League (NL) champion San Francisco Giants. The Series ran from October 14 through October 28, with the Athletics sweeping the Giants in four games. It was the first World Series sweep since 1976. The four game sweep by the Athletics at the time would mark only the third time in World Series history that a team

1987 World Series The 1987 World Series was the 84th edition of Major League Baseball's championship series, and the conclusion of the 1987 Major League Baseball season. It was a best-of-seven playoff played between the American League (AL) champion Minnesota Twins and the National League (NL) champion St. Louis Cardinals. The Twins defeated the Cardinals four games to three to win the Series. Twins pitcher Frank Viola was named as the 1987 World Series MVP. Minnesota was victorious in a World Series that was the first to feature games played indoors. It was also the first World Series in which",The Oakland Athletics swept the San Francisco Giants in four games in the 1989 World Series.,PASS,PASS,Cat7,Multi-entity / Multi-hop,TRUE,CLEAR,Annotator B
RQ3-0022,22,"Who replaced the Peabody Award winner, made famous for his NPR flagship program, in 2004?","Renée Montagne (pronounced Mon-TAIN) is an American radio journalist and was the co-host (with Steve Inskeep and David Greene) of National Public Radio's weekday morning news program, ""Morning Edition"", from May 2004 to November 11, 2016. Montagne and Inskeep succeeded longtime host Bob Edwards, initially as interim replacements, and Greene joined the team in 2012. Montagne had served as a correspondent and occasional host since 1989. She usually broadcasts from NPR West in Culver City, California, a Los Angeles suburb.Robert Alan ""Bob"" Edwards (born May 16, 1947) is an American broadcast journalist, a Peabody Award-winning member of the National Radio Hall of Fame. He gained reputation as the first host of National Public Radio's flagship program, ""Morning Edition"". Starting in 2004, Edwards then was the host of ""The Bob Edwards Show"" on Sirius XM Radio and ""Bob Edwards Weekend"" distributed by Public Radio International to more than 150 public radio stations.",Steve Inskeep replaced the Peabody Award winner in 2004.,PASS,PASS,Cat1,Entity / Alias / Lexical Relation,FALSE,CLEAR,Annotator B
RQ3-0023,23,"What shopping centre located in Kuala Lumpur, Malaysia does KLCC District Cooling provide district cooling for?","KLCC District Cooling is a building that is used to provide district cooling for the KLCC vicinity. It is a 30,000 ton gas-powered turbine-driven chilled water unit providing cool air not only to Petronas Twin Towers and Suria KLCC, but also to Maxis Tower, Menara Exxon Mobil, Kuala Lumpur Convention Centre, and Mandarin Oriental Kuala Lumpur as well as As Syakirin Mosque.Suria KLCC is a shopping centre located in central Kuala Lumpur, Malaysia.",Suria KLCC is a shopping mall.,PASS,PASS,Cat1,Entity / Alias / Lexical Relation,TRUE,CLEAR,Annotator B
RQ3-0024,24,"Who partnered with the writer of ""Brooklyn By The Sea"" to write the song ""A Teenager in Love""?","""A Teenager in Love"" is a song written by Doc Pomus and partner Mort Shuman and was originally sung and released by Dion and the Belmonts in March 1959. He also wrote and sang many songs in French, such as ""Le Lac Majeur"", ""Allo Papa Tango Charlie"", ""Sha Mi Sha"", ""Un Eté de Porcelaine"", and ""Brooklyn by the Sea"" which became hits in France.",Mort Shuman partnered with Doc Pomus.,PASS,PASS,Cat1,Entity / Alias / Lexical Relation,TRUE,CLEAR,Annotator B
RQ3-0025,25,What is the musculoskeletal system and what does it do?,"Human musculoskeletal system The human musculoskeletal system (also known as the locomotor system, and previously the activity system) is an organ system that gives humans the ability to move using their muscular and skeletal systems. The musculoskeletal system provides form, support, stability, and movement to the body. It is made up of the bones of the skeleton, muscles, cartilage, tendons, ligaments, joints, and other connective tissue that supports and binds tissues and organs together. The musculoskeletal system's primary functions include supporting the body, allowing motion, and protecting vital organs. The skeletal portion of the system serves as the main storage

effectiveness of the system. These diseases can be difficult to diagnose due to the close relation of the musculoskeletal system to other internal systems. The musculoskeletal system refers to the system having its muscles attached to an internal skeletal system and is necessary for humans to move to a more favorable position. Complex issues and injuries involving the musculoskeletal system are usually handled by a physiatrist (specialist in physical medicine and rehabilitation) or an orthopaedic surgeon. The skeletal system serves many important functions; it provides the shape and form for the body, support and protection, allows bodily movement, produces blood

provide energy for exercises lasting up to ten seconds. Recovery is very quick, with full creatine stores regenerated within five minutes. Multiple diseases can affect the muscular system. Muscular system The muscular system is an organ system consisting of skeletal, smooth and cardiac muscles. It permits movement of the body, maintains posture and circulates blood throughout the body. The muscular systems in vertebrates are controlled through the nervous system although some muscles (such as the cardiac muscle) can be completely autonomous. Together with the skeletal system, it forms the musculoskeletal system, which is responsible for movement of the human body.",The musculoskeletal system is made up of muscles.,PASS,PASS,Cat1,Entity / Alias / Lexical Relation,TRUE,CLEAR,Annotator B
RQ3-0026,26,"Editors and Working for a Nuclear Free City, is of which nationality?","Editors are an English rock band, formed in 2002 in Birmingham.Working for a Nuclear Free City (sometimes abbreviated to WFANFC) was an indie nu gaze band from Manchester, England.",Editors and Working for a Nuclear Free City are both from England.,PASS,PASS,Cat7,Multi-entity / Multi-hop,TRUE,CLEAR,Annotator B
RQ3-0027,27,Lochner v. New York and New York v. Ferber where both handled by who?,"New York v. Ferber, 458 U.S. 747 (1982) , is a precedential decision given by the United States Supreme Court, which ruled unanimously that the First Amendment right to free speech did not forbid states from banning the sale of material depicting children engaged in sexual activity, even if the material was not obscene.Lochner v. New York, 198 US 45 (1905) was a landmark US labor law case in the US Supreme Court, holding that limits to working time violated the Fourteenth Amendment.",The United States Supreme Court is the highest court in the United States.,PASS,PASS,Cat1,Entity / Alias / Lexical Relation,TRUE,CLEAR,Annotator B
RQ3-0028,28,Arthur bell as an amateur cricketer player for what league known for employing professional players.," An architect by trade, Bell also played as an amateur cricketer for Burnley Cricket Club for 20 years, during which time he won five Lancashire League championships. Its real importance is probably due to the history of employing professional players of international standing to play in the League.",The Lancashire League has featured many famous cricketers from around the world.,PASS,PASS,Cat3,Quantifier / Boundary,TRUE,CLEAR,Annotator B
RQ3-0029,29,"The World's Best Prom and Shape of the Moon, are films of which genre?","The World's Best Prom is a 2006 documentary film about a high school prom in Racine, Wisconsin.Shape of the Moon (Dutch: ""Stand van de maan"" ) is a Dutch/Indonesian documentary film from 2004 directed by Leonard Retel Helmrich.",The World's Best Prom is a non-fiction movie.,PASS,PASS,Cat1,Entity / Alias / Lexical Relation,TRUE,CLEAR,Annotator B
RQ3-0030,30,Which musician has a solo punk rock project: Toshiko Koshijima or Frank Iero?,"Toshiko Koshijima (こしじま としこ , Koshijima Toshiko , born March 3, 1980 in Kanazawa, Ishikawa) is a Japanese singer.Frank Anthony Iero, Jr. (born October 31, 1981) is an American musician who was the rhythm guitarist and backup vocalist of the rock band My Chemical Romance and post-hardcore band Leathermouth. He has a solo punk rock project titled Frank Iero and the Patience.","Frank Anthony Iero, Jr. is a person.",PASS,FAIL,Cat1,Entity / Alias / Lexical Relation,TRUE,CLEAR,Annotator B
RQ3-0031,31,"What is the name of this infantry regiment of the United States Army, whose captain was John McCunn?","John H. McCunn (Nov. 2, 1820–Jul. 6, 1872) belonged to a poor Irish immigrant family who arrived in New York City in the 19th century. When the American Civil War began in 1861 he joined the Union Army as a Captain in the 69th New York Infantry Regiment before he recruited the 37th New York Infantry which he commanded as colonel.The 69th Infantry Regiment is an infantry regiment of the United States Army.",The 69th Infantry Regiment is a military unit.,PASS,PASS,Cat1,Entity / Alias / Lexical Relation,TRUE,CLEAR,Annotator B
RQ3-0032,32,What occupation was shared by both John Frankenheimer and Tiffanie DeBartolo?,"John Michael Frankenheimer (February 19, 1930 – July 6, 2002) was an American film and television director known for social dramas and action/suspense films. She wrote and directed the film ""Dream for an Insomniac"", featuring Jennifer Aniston, but which had a very limited release in 1996.",John Frankenheimer and Tiffanie DeBartolo both worked as film directors.,PASS,PASS,Cat7,Multi-entity / Multi-hop,TRUE,CLEAR,Annotator B
RQ3-0033,33,Space Island One starred what English actress who is married to roy battersby," A co-production between the UK's Sky One channel and the German Vox channel, it starred Judy Loe as Kathryn McTiernan, the commander of the multinational crew of the space station ""Unity"".Judith Margaret ""Judy"" Loe (born 6 March 1947) is an English actress.",Judy Loe is the actress who starred in Space Island One.,PASS,PASS,Cat1,Entity / Alias / Lexical Relation,TRUE,CLEAR,Annotator B
RQ3-0034,34,What is the meaning of the latin word camera obscura?,"Camera obscura Camera obscura (plural ""camera obscura"" or ""camera obscuras""; from Latin, meaning ""dark room"": ""camera"" ""(vaulted) chamber or room,"" and ""obscura"" ""darkened, dark""), also referred to as pinhole image, is the natural optical phenomenon that occurs when an image of a scene at the other side of a screen (or for instance a wall) is projected through a small hole in that screen as a reversed and inverted image (left to right and upside down) on a surface opposite to the opening. The surroundings of the projected image have to be relatively dark for the image to be clear,

per second. When the images are combined and displayed in order, the illusion of motion is achieved. The forerunner to the photographic camera was the ""camera obscura"". Camera obscura (Latin for ""dark room"") is the natural phenomenon that occurs when an image of a scene at the other side of a screen (or for instance a wall) is projected through a small hole in that screen and forms an inverted image (left to right and upside down) on a surface opposite to the opening. The oldest known record of this principle is a description by Han Chinese philosopher Mozi (ca.

making one it only requires a few items including: a box, tracing paper, tape, foil, a box cutter, a pencil and a blanket to keep out the light. Camera obscura Camera obscura (plural ""camera obscura"" or ""camera obscuras""; from Latin, meaning ""dark room"": ""camera"" ""(vaulted) chamber or room,"" and ""obscura"" ""darkened, dark""), also referred to as pinhole image, is the natural optical phenomenon that occurs when an image of a scene at the other side of a screen (or for instance a wall) is projected through a small hole in that screen as a reversed and inverted image (left to

so many historical camera obscura experiments were performed in dark rooms. The term ""camera obscura"" also refers to constructions or devices that make use of the principle within a box, tent or room. Camerae obscurae with a lens in the opening have been used since the second half of the 16th century and became popular as an aid for drawing and painting. The camera obscura box was developed further into the photographic camera in the first half of the 19th century when camera obscura boxes were used to expose light-sensitive materials to the projected image. The camera obscura was used

channels but is not well known or widely used. It has enjoyed a resurgence recently through a number of Kickstarter campaigns. The name """"camera lucida"""" (Latin for ""light chamber"") is obviously intended to recall the much older drawing aid, the ""camera obscura"" (Latin for ""dark chamber""). There is no optical similarity between the devices. The ""camera lucida"" is a light, portable device that does not require special lighting conditions. No image is projected by the ""camera lucida"". In the simplest form of ""camera lucida"", the artist looks down at the drawing surface through a half-silvered mirror tilted at 45 degrees.","The Latin term ""camera obscura"" means ""dark room"" or ""dark chamber"".",PASS,PASS,Cat1,Entity / Alias / Lexical Relation,TRUE,CLEAR,Annotator B
RQ3-0035,35,"In between The Joy Formidable and The Lumineers which consists of Rhiannon ""Ritzy"" Bryan (lead vocals, guitar),?","The Joy Formidable is a Welsh alternative rock band, formed in 2007 in North Wales and currently based in London, England. The band consists of Rhiannon ""Ritzy"" Bryan (lead vocals, guitar), Rhydian Dafydd (bass, vocals) and Matthew James Thomas (drums, percussion).The Lumineers are an American folk rock/Americana band based in Denver, Colorado.","The Joy Formidable consists of Ritzy Bryan, Rhydian Dafydd, and Matt Thomas.",PASS,PASS,Cat1,Entity / Alias / Lexical Relation,TRUE,CLEAR,Annotator B
RQ3-0036,36,Who determines the size of the supreme court?,"Procedures of the Supreme Court of the United States The Supreme Court of the United States is the highest court in the federal judiciary of the United States. The procedures of the Supreme Court of the United States are governed by the U.S. Constitution, various federal statutes, and the Court's own internal rules. Since 1869, the Court has consisted of one chief justice and eight associate justices. Justices are nominated by the president, and with the advice and consent (confirmation) of the U.S. Senate, appointed to the Court by the president. Once appointed, justices have lifetime tenure unless they resign,

Supreme Court of Florida The Supreme Court of Florida is the highest court in the U.S. state of Florida. It consists of seven members—the Chief Justice and six Justices. Five members are chosen from five districts around the state to foster geographic diversity and two are selected at-large. The Justices are appointed by the Governor to set terms that do not exceed six years. Immediately after appointment, the initial term is three years or less, because the Justices must appear on the ballot in the next general election that occurs more than one year after their appointment. Afterward they serve

Gallery of United States Supreme Court composition templates The Supreme Court of the United States is the highest ranking judicial body in the United States. Established by Article III of the Constitution, the detailed structure of the Court was laid down by the 1st United States Congress in 1789. Congress, through the Judiciary Act of 1789, specified the Court's original and appellate jurisdiction, created 13 judicial districts, and fixed the initial size of the Supreme Court at six members. The number of justices on the Court changed several times over the ensuing 80 years. The Judiciary Act of 1801 would

Less commonly, though with historical precedent, vacancies may occur as a result of Congress changing the size of the Court. Because the Constitution does not specify the Court's size, it was left to Congress to determine the matter through law, and a small number of statutes have legally changed the size of the Court throughout its history. Changing the Court's size can have the effect of changing the seats on the Court; a newly created seat brings with it a vacancy which must be filled by an initial officeholder. The original Judiciary Act of 1789 called for six justices, vacancies

account of the controversy in ""Inside Bush v. Gore"" released in April 2013. Supreme Court of Florida The Supreme Court of Florida is the highest court in the U.S. state of Florida. It consists of seven members—the Chief Justice and six Justices. Five members are chosen from five districts around the state to foster geographic diversity and two are selected at-large. The Justices are appointed by the Governor to set terms that do not exceed six years. Immediately after appointment, the initial term is three years or less, because the Justices must appear on the ballot in the next general",Congress determines the size of the U.S. Supreme Court through law.,PASS,PASS,Cat1,Entity / Alias / Lexical Relation,TRUE,CLEAR,Annotator B
RQ3-0037,37,"What was the screenplay novelist, Caroline Thompson, base in an Victorian era village for Victor and Emily?","Caroline Thompson (born April 23, 1956) is an American novelist, screenwriter, film director, and producer. She wrote the screenplays for Tim Burton's films ""Edward Scissorhands"", ""The Nightmare Before Christmas"", and ""Corpse Bride"".Corpse Bride is a 2005 British-American stop-motion-animated musical fantasy film directed by Mike Johnson and Tim Burton with a screenplay by John August, Caroline Thompson and Pamela Pettler based on characters created by Burton and Carlos Grangel. The plot is set in a fictional Victorian era village in Europe. ""Corpse Bride"" is the third stop-motion feature film produced by Burton and the first directed by him (the previous two films, ""The Nightmare Before Christmas"" and ""James and the Giant Peach"", were directed by Henry Selick).",Corpse Bride is a stop-motion film.,PASS,PASS,Cat1,Entity / Alias / Lexical Relation,TRUE,CLEAR,Annotator B
RQ3-0038,38,"The 1895/96 Football League season was the eighth in Football League history with Everton, their Goodison Park home, is a football stadium located in Walton, Liverpool, in which country?"," Their Goodison Park home hosted the drawn semi final between Wednesday and Bolton Wanderers.Goodison Park is a football stadium located in Walton, Liverpool, England.",Goodison Park is located in England.,PASS,PASS,Cat1,Entity / Alias / Lexical Relation,TRUE,CLEAR,Annotator B
RQ3-0039,39,What major Albanian musical event did Aurela Gaçe win?," She is a three-time Festivali i Këngës winner, a three-time Kënga Magjike winner and a two-time Balkan Music Award winner for ""Balkan's Song of The Year"" and ""Best Singer from Albania"".Kënga Magjike (""Magical Song"" in English) is a major musical event in Albania.",Kënga Magjike includes a competition for the best song.,PASS,PASS,Cat1,Entity / Alias / Lexical Relation,TRUE,CLEAR,Annotator B
RQ3-0040,40,Which group won the 2011 Grammy Award for Best Hard Rock Performance?,"Them Crooked Vultures is a rock supergroup formed in Los Angeles in 2009 by John Paul Jones (former member of Led Zeppelin) on bass and keyboards, Dave Grohl (of Foo Fighters and formerly of Nirvana) on drums and backing vocals, and Josh Homme (of Queens of the Stone Age, Eagles of Death Metal and formerly of Kyuss) on guitar and vocals. The group won the 2011 Grammy Award for Best Hard Rock Performance for ""New Fang"".The Vines are an Australian rock band formed in 1994 in Sydney.",Them Crooked Vultures won the 2011 Grammy Award for Best Hard Rock Performance.,PASS,PASS,Cat1,Entity / Alias / Lexical Relation,TRUE,CLEAR,Annotator B
RQ3-0041,41,Where do they film the tv show the crossing?,"a threat. Set in the fictional town of Port Canaan, Oregon and in Seattle, the series was filmed in coastal areas of British Columbia and in the city of Vancouver in 2017. The beach where the refugees arrive is near Ucluelet on Vancouver Island while the sheriff's office and some other locations were filmed in and around the village of Britannia Beach, north of Vancouver. The Oceanic Plaza in Vancouver was the setting for the Seattle offices of the show's Homeland Security and other scenes were filmed in and around the city. Additional shooting locations in BC were in Steveston,

British Columbia and in New Westminster. The first camp footage was filmed at Camp McLean. Filming in Vancouver started in July and wrapped in late-November 2017. On May 11, 2018, ABC canceled the show after one season. On the review aggregator website Rotten Tomatoes, the series has an approval rating of 69% based on 16 reviews, with an average rating of 6.1/10. Metacritic, which uses a weighted average, assigned a score of 59 out of 100 based on 12 critics, indicating ""mixed or average reviews"". The Crossing (TV series) The Crossing is an American science fiction thriller series that aired

The Crossing (TV series) The Crossing is an American science fiction thriller series that aired on ABC. The series debuted on April 2, 2018, and aired its final episode on June 9, 2018 On March 19, 2018, ABC released the pilot episode on their website. The series was filmed in British Columbia, Canada. On May 11, 2018, ABC cancelled the show after one season. Refugees fleeing a war seek asylum in an American town—but they claim to be from America, 180 years in the future. Moreover, at least one of the refugees exhibits apparently superhuman powers that may make her",Some other locations were filmed in and around the village of Britannia Beach.,PASS,PASS,Cat1,Entity / Alias / Lexical Relation,TRUE,CLEAR,Annotator B
RQ3-0042,42,the made for television biopic  Ishi: The Last of His Tribe based on  Alfred L. Kroeber is about what tribe?,"Ishi: The Last of His Tribe (1978) is a made-for-television biopic based on a book by Theodora Kroeber which relates the experiences of her husband Alfred L. Kroeber who made friends with Ishi, thought to be the last of his people, the Yahi tribe. Kroeber provided detailed information about Ishi, the last surviving member of the Yahi people, whom he studied over a period of years.",Ishi was the last known member of the Yahi tribe.,PASS,PASS,Cat5,Comparative / Superlative,TRUE,CLEAR,Annotator B
RQ3-0043,43,What is stacey's surname in gavin and stacey?,"from Billericay in Essex, and Stacey, from Barry in the Vale of Glamorgan, Wales. Initially, Gavin lives with his parents, Pam and Mick, and spends most of his time with his best friend, Smithy. Stacey lives with her widowed mother, Gwen, and is frequently visited by her uncle, Bryn, who lives across the road, and by her best friend Nessa. The series follows the key moments in their relationship: their first meeting, meeting each other's families, getting engaged, marrying, looking for a flat, briefly splitting up, looking for new jobs and trying for children. The characters of Gavin and Stacey

Gavin & Stacey Gavin & Stacey is a British sitcom, written by James Corden and Ruth Jones, that follows the long-distance relationship of an Englishman and a Welsh woman. The merging of their quirky families forms the focus of the show. Mathew Horne and Joanna Page play the title characters, while the writers co-star as Gavin and Stacey's friends, Smithy and Nessa. Other prominent cast members include Alison Steadman and Larry Lamb, who play Gavin's parents, Pam and Mick, and Melanie Walters and Rob Brydon, who portray Stacey's mother, Gwen, and her uncle, Bryn. The theme for the series was

to Sullivan as her housemate; a member of the band she initially lives with. Nessa had also claimed to have had an affair with Prescott. The initial series begins with the lives of the title characters, Gavin Shipman (Mathew Horne) and Stacey West (Joanna Page). Gavin is 28 and lives at home in Billericay, Essex, with his parents, Mick (Larry Lamb) and Pam (Alison Steadman). He and Stacey, along with their respective best friends Neil ""Smithy"" Smith (James Corden) and Nessa Jenkins (Ruth Jones), go out on a double date. The night ends with Gavin and Stacey returning to a",A key moment in Gavin Shipman and Stacey West's relationship is their first meeting.,PASS,PASS,Cat1,Entity / Alias / Lexical Relation,TRUE,CLEAR,Annotator B
RQ3-0044,44,A pioneer in the field of eye witness research?,"and states within the US are now attempting to make changes in how eyewitness testimony is presented in court. Eyewitness testimony is a specialized focus within cognitive psychology. Psychologists have probed the reliability of eyewitness testimony since the beginning of the 20th century. One prominent pioneer was Hugo Münsterberg, whose controversial book ""On the Witness Stand"" (1908) demonstrated the fallibility of eyewitness accounts, but met with fierce criticism, particularly in legal circles. His ideas did, however, gain popularity with the public. Decades later, DNA testing would clear individuals convicted on the basis of errant eyewitness testimony. Studies by Scheck, Neufel,

(Wells, 2015). Wells has further developed these Bayesian methods to show how the amount of information (about guilt) gained from eyewitness identification evidence can be quite small and is highly dependent on other (non-witness) evidence. Wells, along with Steven D. Penrod, also wrote a chapter on ""Eyewitness identification research: Strengths and weaknesses of alternative methods"" for Research Methods in Forensic Psychology. In this chapter, Wells and Penrod evaluate alternative research methods for eyewitness testimony, including laboratory and field experiments (Wells & Penrod, 2011). Wells and his colleagues collected field experiment data from four police departments and published the data showing

in providing both individual and group treatment to assault victims. To better understand the experience of assault victims and to assist them during times of crisis, Dr. Daylen also volunteered at a rape crisis center. She has even contributed to a book: ""Trauma, Trials, and Transformation, Guiding sexual assault victims through the legal system and beyond"". In addition to her work with sexual assault victims, Dr. Daylen has contributed to assessing the reliability of eyewitness testimony. Along with John C. Yuille in 1986, Dr. Daylen published a psychological experiment which concluded that eyewitness testimony is often reliable and has merit.

a new reality- which sets it apart from similar books. Dr. Daylen was published in the 1986 study on ""Eyewitness Effectiveness"" which aimed to investigate the accuracy of recall in eyewitness testimonies by using a real crime and real eyewitnesses. Thirteen participants, who all witnessed a gun shooting incident, were interviewed and asked to recall the event. They were also asked misleading questions which aimed to further test the accuracy of the eyewitness' recall. It was found that their memories were very accurate and matched police reports. In addition, leading questions had little effect on memory. This study had high

the first important works was the two-volume publication in 1886, ""Phantasms of the Living"", concerning telepathy and apparitions, co-authored by Gurney, Myers and Frank Podmore. This text, and subsequent research in this area, was received negatively by the scientific mainstream, though Gurney and Podmore provided a defense of the society's early work in this area in mainstream publications. The SPR ""devised methodological innovations such as randomized study designs"" and conducted ""the first experiments investigating the psychology of eyewitness testimony (Hodgson and Davey, 1887), [and] empirical and conceptual studies illuminating mechanisms of dissociation and hypnotism"" In 1894, the ""Census of Hallucinations""",Hugo Münsterberg was a prominent pioneer in eyewitness testimony research.,PASS,PASS,Cat1,Entity / Alias / Lexical Relation,TRUE,CLEAR,Annotator B
RQ3-0045,45,Which novenario are part of The Guadalupe-Reyes Marathon?," In Mexico, posadas are part of what has recently been called The Guadalupe-Reyes Marathon.Las Posadas is a novenario (nine days of religious observance) celebrated chiefly in Mexico and by Mexican-Americans in the United States, beginning December 16 and ending December 24.",Las Posadas commemorates the journey of Mary and Joseph to Bethlehem.,PASS,PASS,Cat1,Entity / Alias / Lexical Relation,TRUE,CLEAR,Annotator B
RQ3-0046,46,Who played wilma in the movie the flintstones?,"The Flintstones (film) The Flintstones is a 1994 American buddy comedy film directed by Brian Levant and written by Tom S. Parker, Jim Jennewein, and Steven E. de Souza. It is a live-action motion picture adaptation of the 1960–1966 animated television series of the same name. The film stars John Goodman as Fred Flintstone, Rick Moranis as Barney Rubble, Elizabeth Perkins as Wilma Flintstone, and Rosie O'Donnell as Betty Rubble, along with Kyle MacLachlan as a villainous executive-vice president of Fred's company, Halle Berry as his seductive secretary and Elizabeth Taylor (in her final theatrical film appearance), as Pearl Slaghoople,

Slaghoople. Flintstones' writer Earl Kress explained the discrepancy as such: ""Unfortunately, it's just as simple as [Hanna-Barbera] not caring about the continuity."" Jean Vander Pyl was the original voice artist of Wilma until her death in 1999. Since then, Tress MacNeille has taken over as Wilma's voice. In ""The Flintstone Kids"", Wilma was voiced by Julie McWhirter Dees and Elizabeth Lyn Frasier at different points. In the live-action film ""The Flintstones"", Wilma was played by Elizabeth Perkins, although Vander Pyl made a cameo at Fred's surprise party (in the conga line behind Dino). In the prequel film ""The Flintstones in

Genesis version developed by Foley Hi-Tech and published by Ocean Software was also planned, but was later canceled and was released on the Sega Channel instead The Flintstones (film) The Flintstones is a 1994 American buddy comedy film directed by Brian Levant and written by Tom S. Parker, Jim Jennewein, and Steven E. de Souza. It is a live-action motion picture adaptation of the 1960–1966 animated television series of the same name. The film stars John Goodman as Fred Flintstone, Rick Moranis as Barney Rubble, Elizabeth Perkins as Wilma Flintstone, and Rosie O'Donnell as Betty Rubble, along with Kyle MacLachlan

Viva Rock Vegas"", Wilma was played by Kristen Johnston. Wilma Flintstone Wilma Flintstone is a fictional character in the television animated series ""The Flintstones"". Wilma is the red-headed wife of caveman Fred Flintstone, daughter of Pearl Slaghoople, and mother of Pebbles Flintstone. Her best friend is her next door neighbor, Betty. Wilma's personality is based on that of Alice Kramden, wife of Ralph Kramden on the 1950s television series ""The Honeymooners"". Much like Alice, Wilma plays the strong-willed, level-headed person in her marriage, often criticizing Fred for pursuing his various ill-fated schemes. Wilma is often the one to bail out

Kristen Johnston Kristen Angela Johnston (born September 20, 1967) is an American actress. She is known for her role as Sally Solomon in the television series ""3rd Rock from the Sun"", for which she twice won the Primetime Emmy Award for Outstanding Supporting Actress in a Comedy Series. She also starred as Wilma Flintstone in ""The Flintstones in Viva Rock Vegas"" and as Holly Franklin in the sitcom ""The Exes"". She currently stars in the sixth season of the television sitcom ""Mom"". Johnston was born in Washington, D.C., but was raised mostly in Fox Point, Wisconsin, a suburb of Milwaukee,","In the live-action film ""The Flintstones"", Wilma was played by Elizabeth Perkins.",PASS,PASS,Cat1,Entity / Alias / Lexical Relation,TRUE,CLEAR,Annotator B
RQ3-0047,47,What wrestling promotion was formed by the current NEVER Openweight Champion?,"Pro Wrestling Fujiwara Group (""Purofesshonaru-resuringu Fujiwara-Gumi"", プロフェッショナルレスリング藤原組) was a shoot style professional wrestling promotion based in Japan, operating from 1991 to 1996. It was formed by Yoshiaki Fujiwara, Masakatsu Funaki and Minoru Suzuki after the collapse of the Japanese UWF.Minoru Suzuki (鈴木 実 , Suzuki Minoru , ring name: 鈴木 みのる) (born June 17, 1968) is a Japanese professional wrestler and mixed martial artist who is currently working for New Japan Pro Wrestling (NJPW) as a freelancer. He is the current NEVER Openweight Champion in his first reign.",Minoru Suzuki was a founding member of Pro Wrestling Fujiwara Group.,PASS,PASS,Cat1,Entity / Alias / Lexical Relation,TRUE,CLEAR,Annotator B
RQ3-0048,48,Which award did the star of The Nativity Story win at the 2004 Broadcast Film Critics Association Awards?,"The Nativity Story is a 2006 biblical drama film based on the nativity of Jesus, directed by Catherine Hardwicke and starring Keisha Castle-Hughes and Oscar Isaac. The film was nominated for many awards, including an Academy Award for Best Actress (at the time the youngest person nominated in the Best Actress category) and an award at the Broadcast Film Critics Association Awards for Best Young Actor/Actress, which she won in 2004.",The category is Best Young Actor/Actress.,PASS,PASS,Cat1,Entity / Alias / Lexical Relation,TRUE,CLEAR,Annotator B
RQ3-0049,49,"What is the name of the magazine that Funk & Wagnalls published thateventually merged with two similar weekly magazines, ""Public Opinion"" and ""Current Opinion""? "," Funk & Wagnalls Company published The Literary Digest, ""The Standard Dictionary of the English Language"", and ""Funk & Wagnalls Standard Encyclopedia"", Founded by Isaac Kaufmann Funk in 1890, it eventually merged with two similar weekly magazines, ""Public Opinion"" and ""Current Opinion"".","The magazine merged with ""Current Opinion"".",PASS,FAIL,Cat1,Entity / Alias / Lexical Relation,TRUE,CLEAR,Annotator B
RQ3-0050,50,What connects Reinhard Heydrich and Erich Raeder?," He was sentenced to life in prison at the Nuremberg Trials, but was released early due to failing health. Raeder is also well known for dismissing Reinhard Heydrich from the Reichsmarine in April 1931 for ""conduct unbecoming to an officer and a gentleman"". He was an SS-""Obergruppenführer und General der Polizei"" (Senior Group Leader and General of Police) as well as chief of the Reich Main Security Office (including the Gestapo, Kripo, and SD). Heydrich served as president of the International Criminal Police Commission (ICPC; later known as Interpol) and chaired the January 1942 Wannsee Conference, which formalised plans for the Final Solution to the Jewish Question—the deportation and genocide of all Jews in German-occupied Europe.",Reinhard Heydrich and Erich Raeder both held leadership roles in Nazi security organizations.,PASS,PASS,Cat7,Multi-entity / Multi-hop,FALSE,CLEAR,Annotator B
RQ3-0051,51,Which American actress born in 1966 has written Lisa Picard is Famous?,"Lisa Picard is Famous, also known as Famous, is a 2000 comedy-drama film directed by Griffin Dunne and written by Nat DeWolf & Laura Kirk.Laura Ellen Kirk (born 1966 in Lecompton, Kansas) is an American actress and university professor.",Lisa Picard is Famous was written by Laura Palmer.,PASS,PASS,Cat1,Entity / Alias / Lexical Relation,FALSE,CLEAR,Annotator B
RQ3-0052,52,Lucy Elizabeth Fry played the lead in a television series that follows Eve who is a 19-year-old what?,"Lucy Elizabeth Fry (born 13 March 1992) is an Australian actress. Fry was also cast in Hulu's eight part miniseries ""11.22.63"" as Marina Oswald, wife of Lee Harvey Oswald, and played the lead in the 2016 Australian horror television series ""Wolf Creek"".Wolf Creek is a 2016 Australian horror web television series which screens on Stan. It is a spin-off of the movies ""Wolf Creek"" and ""Wolf Creek 2"" and follows Eve, a 19-year-old American tourist, who is targeted by crazed serial killer Mick Taylor, survives his attack and embarks on a mission of revenge.",Eve is a werewolf hunter.,PASS,PASS,Cat1,Entity / Alias / Lexical Relation,FALSE,CLEAR,Annotator B
RQ3-0053,53,"What British rock band is responsible for bolstering Quiet Riot's hit ""Mental Health?""","Metal Health is the third studio album by American heavy metal band Quiet Riot. It was released on March 11, 1983, bolstered by the No. 5 hit ""Cum On Feel the Noize"" and the No. 31 hit ""Metal Health"".""Cum On Feel the Noize"" is a song by the British rock band Slade, released in 1973 as a non-album single.","Van Halen is responsible for bolstering Quiet Riot's hit ""Metal Health.""",PASS,PASS,Cat1,Entity / Alias / Lexical Relation,FALSE,CLEAR,Annotator B
RQ3-0054,54,"What side of town is the Chicago Mayer-endorsed, 38th Ward of the City of Chicago alderman serving?","Nicholas Sposato serves on Chicago City Council as alderman of the 38th Ward of the City of Chicago on the city's Northwest Side.Rahm Israel Emanuel ( ; born November 29, 1959) is an American politician who is the 44th and current mayor of Chicago.",The 38th Ward alderman serves downtown.,PASS,PASS,Cat1,Entity / Alias / Lexical Relation,FALSE,CLEAR,Annotator B
RQ3-0055,55,Who owns green and black's organic chocolate?,"Green & Black's Green & Black's is a British chocolate company founded in 1991. The company produces a range of organic products, including: chocolate bars, ice cream, biscuits and hot chocolate, with its principal manufacturing sites in Canada, Poland, and Italy. It was bought by Cadbury in 2005, and later became part of Mondelēz International (formerly known as Kraft Foods). Green & Black's was founded in 1991 by the couple Craig Sams and Josephine Fairley, organic food pioneer and journalist respectively. The name was derived from a wordplay — ""Green"" standing for the environmental concerns of the founders, and ""Black""

are Fairtrade Certified. On 15 October 2012 Mondelēz Global LLC conducted voluntary U.S. recall of Green & Black’s organic peanut and sea salt milk chocolate bar due to possible health risk. Green & Black's Green & Black's is a British chocolate company founded in 1991. The company produces a range of organic products, including: chocolate bars, ice cream, biscuits and hot chocolate, with its principal manufacturing sites in Canada, Poland, and Italy. It was bought by Cadbury in 2005, and later became part of Mondelēz International (formerly known as Kraft Foods). Green & Black's was founded in 1991 by the

Grain, the following year. He and his brother Greg and their father Ken edited and published 'Seed, the Journal of Organic Living' 1971-1977. In 1970 Greg and Craig set up Harmony Foods, which eventually became known as Whole Earth Foods. In 1991, with his partner Josephine Fairley, he founded Green & Black's chocolate, which was sold to Cadbury in 2005. He continues to be involved with the company. He writes a monthly column in the organic products section of Natural Product News From 1990 until 2001 he was honorary treasurer of the Soil Association, the British organic food and farming",Green & Black's later became part of Nestlé.,PASS,PASS,Cat1,Entity / Alias / Lexical Relation,FALSE,CLEAR,Annotator B
RQ3-0056,56,"Richard Yates published a work by the name of ""Eleven Kinds of Loneliness"", one of Italo Calvino's best known works was of the same genre and named what?"," His first short story collection, ""Eleven Kinds of Loneliness"", brought comparisons to James Joyce. His best known works include the ""Our Ancestors"" trilogy (1952–1959), the ""Cosmicomics"" collection of short stories (1965), and the novels ""Invisible Cities"" (1972) and ""If on a winter's night a traveler"" (1979).",Cosmicomics is Italo Calvino's single best-known work.,PASS,PASS,Cat5,Comparative / Superlative,FALSE,CLEAR,Annotator B
RQ3-0057,57,At which age Audrey Kathryn Lindvall's super model sister was discover by IMG scout?,"Audrey Kathryn Lindvall (August 11, 1982 – August 2, 2006) was an American model. She was the sister of supermodel Angela Lindvall, and the former face of Coach and Ann Taylor.Angela Lindvall (born January 14, 1979) is an American supermodel and actress. Lindvall was discovered by an IMG scout when she was 14 years old, and immediately signed with IMG New York.",Angela Lindvall's age when she was discovered was 14.,PASS,PASS,Cat4,Time / Sequence,TRUE,CLEAR,Annotator B
RQ3-0058,58,"What nationality is the actor Gilles Tschudi, who appears in the romantic 2014 drama film Clouds of Sils Maria?","Gilles Tschudi is a Swiss actor.Clouds of Sils Maria (known simply as Sils Maria in some territories) is a 2014 drama film written and directed by Olivier Assayas, and starring Juliette Binoche, Kristen Stewart, and Chloë Grace Moretz.",Gilles Tschudi is French.,PASS,PASS,Cat1,Entity / Alias / Lexical Relation,FALSE,CLEAR,Annotator B
RQ3-0059,59,What Unites States Air Force installation was last assigned the 65th Aggressor Squadron?,"It was last assigned to the 57th Adversary Tactics Group at Nellis Air Force Base, Nevada.) is a United States Air Force installation in southern Nevada with military schools and more squadrons than any other USAF base.",The 65th Aggressor Squadron was last assigned to Edwards Air Force Base.,PASS,PASS,Cat4,Time / Sequence,FALSE,CLEAR,Annotator B
RQ3-0060,60,"Which English couriter was married to the daughter of Gilbert Talbot, 7th Earl of Shrewsbury?","Alethea Howard, 13th Baroness Furnivall, Countess of Arundel (1585 – 3 June [O.S. 24 May] 1654 ), née Lady Alethea Talbot (pronounced ""Al-ee-thia""), was the wife of Thomas Howard, 21st Earl of Arundel. She was the youngest daughter of Gilbert Talbot, 7th Earl of Shrewsbury and his wife Mary Cavendish; and the sister of two other countesses: Mary Herbert, Countess of Pembroke and Elizabeth Grey, Countess of Kent.Thomas Howard, 21st Earl of Arundel KG, (7 July 1586 – 4 October 1646) was a prominent English courtier during the reigns of King James I and King Charles I, but he made his name as a Grand Tourist and art collector rather than as a politician.",Thomas Talbot is the 21st Earl of Arundel.,PASS,PASS,Cat1,Entity / Alias / Lexical Relation,FALSE,CLEAR,Annotator B
RQ3-0061,61,"Heartbreak Express, Dolly Parton's 24th solo studio album, featured this re-recording of what song, originally recorded in 1973 and featured in the ""Best Little Whorehouse in Texas Soundtrack""?","Heartbreak Express is Dolly Parton's 24th solo studio album. ""Do I Ever Cross Your Mind"" (a song Parton had written in the early 1970s but had never ""officially"" recorded) appeared as a double-A-sided single (along with Parton's rerecording of ""I Will Always Love You"" from the ""Best Little Whorehouse in Texas Soundtrack""), and reached #1 on the country charts in August 1982.The song, ""I Will Always Love You"" was originally written and recorded in 1973 by American singer-songwriter, Dolly Parton.","""Do I Ever Cross Your Mind"" was originally from the ""Best Little Whorehouse in Texas Soundtrack"".",PASS,PASS,Cat1,Entity / Alias / Lexical Relation,FALSE,CLEAR,Annotator B
RQ3-0062,62,"Who founded the group who established the Tama-Re village in Putnam County, Georgia?","The Tama-Re village in Putnam County, Georgia (a.k.a. ""Kodesh"", “Wahannee”, “The Golden City”, “Al Tamaha”) was an Egyptian-themed set of buildings and monuments established on 476 acres near Eatonton, Georgia by the Nuwaubian Nation in 1993.The Nuwaubian Nation or Nuwaubian movement is a religious organization founded and led by Dwight York.","The Tama-Re village in Putnam County, Georgia was founded by a group of Egyptian scholars.",PASS,PASS,Cat1,Entity / Alias / Lexical Relation,FALSE,CLEAR,Annotator B
RQ3-0063,63,"Who is an American journalist and has been Literary Editor of ""The Weekly Standard,"",  Philip Terzian or Derek Sherinian","Philip Henry Terzian (born 1950) is an American journalist and has been Literary Editor of ""The Weekly Standard,"" the well-known journal of politics and culture founded by William Kristol and Fred Barnes in 1995, since 2005.Derek Sherinian (born August 25, 1966) is an American keyboardist who has toured and recorded for Alice Cooper, Billy Idol, Yngwie Malmsteen, Kiss, Steve Vai, and Joe Bonamassa.",Derek Sherinian is the Literary Editor.,PASS,PASS,Cat1,Entity / Alias / Lexical Relation,FALSE,CLEAR,Annotator B
RQ3-0064,64,"Restoration literature is the English literature written during the historical period commonly referred to as the English Restoration (1660–1689), which corresponds to the last years of the direct Stuart reign, it saw Locke's ""Treatises of Government"", the founding of the Royal Society, the experiments and holy meditations of Robert William Boyle, was an Anglo-Irish natural philosopher, chemist, physicist and inventor born in Lismore, County Waterford, in which location?"," It saw Locke's ""Treatises of Government"", the founding of the Royal Society, the experiments and holy meditations of Robert Boyle, the hysterical attacks on theaters from Jeremy Collier, and the pioneering of literary criticism from John Dryden and John Dennis.Robert William Boyle {'1': "", '2': "", '3': "", '4': ""} (25 January 1627 – 31 December 1691) was an Anglo-Irish natural philosopher, chemist, physicist and inventor born in Lismore, County Waterford, Ireland.",County Kerry is in Ireland.,PASS,PASS,Cat1,Entity / Alias / Lexical Relation,FALSE,CLEAR,Annotator B
RQ3-0065,65,Ted Sutton plays Sergeant Cunningham in a2002 film that stars Mel Gibson as what character?," He is best known for playing Sergeant Cunningham in M. Night Shyamalan's 2002 film ""Signs"". Its story focuses on a former Episcopal priest named Graham Hess, played by Mel Gibson, who discovers a series of crop circles in his cornfield.",The 2002 film stars Mel Gibson as a farmer.,PASS,PASS,Cat1,Entity / Alias / Lexical Relation,TRUE,CLEAR,Annotator B
RQ3-0066,66,Orange is the new black who plays piper?,"Piper Kerman Piper Eressea Kerman (born September 28, 1969) is an American writer who was indicted in 1998 on charges of felonious money-laundering activities and sentenced to 15 months' detention in a federal correctional facility, of which she eventually served 13. Her memoir of her prison experiences, """", was adapted into the critically acclaimed Netflix original comedy-drama series ""Orange Is the New Black"". Since leaving prison, Kerman has spoken widely about women in jail and about her own experiences there. She now works as a communication strategist for non-profit organizations. Kerman was born in Boston into a family which included

20th Satellite Awards. Piper Chapman Piper Elizabeth Chapman is a fictional character (played by Taylor Schilling) and the protagonist of the Netflix series ""Orange Is the New Black"". She is based on Piper Kerman, author of the non-fiction book """", upon which the series is based. Schilling was nominated for awards in both comedy and drama categories for this role. A Boston-bred Smith College grad, Piper Kerman got involved in a relationship with an international drug smuggler, Catherine Cleary Wolters. Chapman's girlfriend in the series, Alex Vause, is based on Wolters, whom Kerman met circa 1991 in Northampton, Massachusetts. Eventually,

Piper Chapman Piper Elizabeth Chapman is a fictional character (played by Taylor Schilling) and the protagonist of the Netflix series ""Orange Is the New Black"". She is based on Piper Kerman, author of the non-fiction book """", upon which the series is based. Schilling was nominated for awards in both comedy and drama categories for this role. A Boston-bred Smith College grad, Piper Kerman got involved in a relationship with an international drug smuggler, Catherine Cleary Wolters. Chapman's girlfriend in the series, Alex Vause, is based on Wolters, whom Kerman met circa 1991 in Northampton, Massachusetts. Eventually, 24-year-old Kerman flew

stars as Piper Chapman in the Netflix original series ""Orange Is the New Black"", based on the Piper Kerman memoir """". The show premiered on July 11, 2013. For her work on the show, Schilling was nominated for the Golden Globe Award for Best Actress in a Television Series – Drama and the Primetime Emmy Award for Outstanding Lead Actress in a Comedy Series in 2014. Regarding her sexuality, Schilling stated: ""I’ve had very serious relationships with lots of people, and I’m a very expansive human. There’s no part of me that can be put under a label. I really

Taylor Schilling Taylor Schilling (born July 27, 1984) is an American actress. She is known for her role as Piper Chapman on the Netflix original comedy-drama series ""Orange Is the New Black"" (2013–present), for which she received a nomination for the Primetime Emmy Award for Outstanding Lead Actress in a Comedy Series and two Golden Globe Award nominations for Best Actress – Television Series Musical or Comedy and Best Actress – Television Series Drama. She made her film debut in the 2007 drama ""Dark Matter"". Schilling also starred in the short-lived NBC medical drama ""Mercy"" (2009–10). Her other films include",Piper Kerman plays Piper Chapman in Orange Is the New Black.,PASS,PASS,Cat1,Entity / Alias / Lexical Relation,FALSE,CLEAR,Annotator B
RQ3-0067,67,"This ""New York Herald Tribune"" and the ""Chicago Daily News"" figure had a Pulitzer Prize in the 1960s for what category that pertains to a type of two-dimensional illustration, possibly animated?","John R. Fischetti (September 27, 1916 – November 18, 1980) was an editorial cartoonist for the ""New York Herald Tribune"" and the ""Chicago Daily News"". He received a Pulitzer Prize for Editorial Cartooning in 1969 and numerous awards from the National Cartoonists Society.A cartoon is a type of two-dimensional illustration, possibly animated.",John R. Fischetti won a Pulitzer Prize for his work in animated illustration.,PASS,PASS,Cat1,Entity / Alias / Lexical Relation,FALSE,CLEAR,Annotator B
RQ3-0068,68,What was the original name of the gazette that publishes Lytham St Annes Express?," It is published by the Blackpool Gazette and therefore owned by Johnson Press. It was founded as ""The West Lancashire Evening Gazette"" in 1929 before being renamed the ""Evening Gazette"", and then ""Blackpool Gazette"".",The West Lancashire Evening Gazette is a print advertiser.,PASS,FAIL,Cat1,Entity / Alias / Lexical Relation,FALSE,CLEAR,Annotator B
RQ3-0069,69," Which species, Cardwellia or Ochagavia, is native to South America?"," The species Cardwellia sublimis (northern silky oak) grows naturally only (endemic) in the rainforests of the wet tropics region of north eastern Queensland, Australia.Ochagavia is a genus of the botanical family Bromeliaceae, subfamily Bromelioideae. The genus is named for Sylvestris Ochagavia, Chilean minister of education. Endemic to southern and central Chile (including the Juan Fernández Islands), this genus is represented by four accepted species.",Ochagavia is native to Australia.,PASS,PASS,Cat1,Entity / Alias / Lexical Relation,FALSE,CLEAR,Annotator B
RQ3-0070,70,Who sings evermore in the movie beauty and the beast?,"Evermore (Beauty and the Beast song) ""Evermore"" is a song written by composer Alan Menken and lyricist Tim Rice for the musical fantasy film ""Beauty and the Beast"" (2017), a live-action remake of Disney's 1991 animated film of the same name. Originally recorded for the film by English actor Dan Stevens, who performs the song in his starring role as the titular Beast, ""Evermore"" was first released as a single by American singer Josh Groban on March 3, 2017. Stevens' version became available on March 10, 2017 when the film's soundtrack was released online, while Groban's cover is played during

song ""If I Can't Love Her"" in the Broadway musical, identified by Fred Hawson of ""ABS-CBN News"" as ""a grand moving solo"" during which the Beast sincerely expresses his undying feelings for Belle. In ""Beauty and the Beast"", ""Evermore"" appears as a solo performed by the Beast shortly before ""The Mob Song"" as the film approaches its dramatic climax. After the Beast and Belle (Emma Watson) share a dance in the castle's ballroom to Mrs. Potts (Emma Thompson) singing ""Beauty and the Beast"", the couple has a conversation during which the Beast learns how much Belle actually misses her father,

Maurice (Kevin Kline). Finally admitting that Belle is no longer his prisoner, the character sings ""Evermore"" shortly after he releases the heroine from the castle, insisting that she return to her village and protect Maurice from Gaston (Luke Evans). Believing that Belle has been lost to him forever, the Beast is heartbroken by the character's departure and laments his misfortune by performing ""Evermore"", accepting that releasing his former prisoner makes breaking the enchantress' spell more difficult, even impossible. Serving as a culmination of both the Beast's personal and emotional journeys, Tracy Goldman of ""The"" ""Cornell Daily Sun"" observed that the

Following the release of Ariana Grande and John Legend's pop rendition of ""Beauty and the Beast"", Leib asked the studio for permission to release another one of ""Beauty and the Beast""'s original songs as a single ahead of the film's March 17, 2017 release date. After eliminating ""Days in the Sun"" and confirming that Canadian singer Celine Dion would not be available to promote her cover of ""How Does a Moment Last Forever"", the studio ultimately decided to release ""Evermore"". Menken and Condon had been discussing which contemporary recording artist would be capable of delivering a song as vocally ""demanding""

and performs ""Evermore"", had little singing experience prior to being cast in the film. Before ""Evermore"" was written, Condon informed Stevens that he would be singing a new song in his role as Beast. Having not sung professionally since childhood, Stevens was required to retrain his singing voice, the process of which he found challenging. To prepare for the recording, Stevens received extensive vocal coaching from vocal coach Ann-Marie Speed in addition to working closely with Menken. Stevens first recorded a ""guide track"" for ""Evermore"" before he and Menken revisited the track to modify specific lines and notes. To make",Josh Groban performs 'Evermore' as the Beast in the 2017 Beauty and the Beast film.,PASS,PASS,Cat1,Entity / Alias / Lexical Relation,FALSE,CLEAR,Annotator B
RQ3-0071,71,"George Palmer Putnam, was an American publisher, author and explorer, known for his marriage to who, which American aviation pioneer and author, and was the first female aviator to fly solo across the Atlantic Ocean?"," Known for his marriage to (and being the widower of) Amelia Earhart, he had also achieved fame as one of the most successful promoters in the United States during the 1930s.Amelia Mary Earhart ( , born July 24, 1897; disappeared July 2, 1937) was an American aviation pioneer and author.",George Palmer Putnam married Kathleen Levy.,PASS,PASS,Cat1,Entity / Alias / Lexical Relation,FALSE,CLEAR,Annotator B
RQ3-0072,72,The 34th Foot Regiment was sent to fight who?,Charles Blake (13 August 1746 – 22 April 1810) was a British army surgeon with the 34th Foot Regiment as part of the force sent to fight the Americans. Under the Childers Reforms it amalgamated with the 55th (Westmorland) Regiment of Foot to form the Border Regiment in 1881.,The 34th Foot Regiment was sent to fight Irish rebels.,PASS,PASS,Cat1,Entity / Alias / Lexical Relation,FALSE,CLEAR,Annotator B
RQ3-0073,73,What instrument do you blow into with a keyboard?,"wind controllers introduced in the mid-1980s and had a built-in speaker (with limited sound sources) as well as being usable as midi controllers. A recent addition to the wind controller category is the Synthophone, an entirely electronic wind controller embedded in the shell of an alto saxophone. Since the electronic components take up the open space of the saxophone, it is not playable as an acoustic instrument; however, since the exterior matches that of the acoustic instrument, it is significantly more familiar to play. Additionally, keyboard-based breath controllers are also available. These modulate standard keyboards, computers and other midi devices,

universal semitone-up key operated by the left pinky. The left thumb operates a sax-like octave-up key. A 'transpose' button permits the player to change to any chromatic key over a two-octave range. The ""DH-280"" also has a tuning button. A key near the top of the instrument allows a portamento-like slide between notes. Finally, a switch permits the instrument to be played without blowing through it, making the keys operate like a digital keyboard. These instruments were breath-sensitive for volume. Unlike other digital wind controllers, the breath actually flows through the instrument, making it feel similar to an acoustic woodwind

devices. MIDI capabilities can also be built into traditional keyboard instruments, such as grand pianos and Rhodes pianos. Pedal keyboards can operate the pedal tones of a MIDI organ, or can drive a bass synthesizer such as the revived Moog Taurus. Wind controllers allow MIDI parts to be played with the same kind of expression and articulation that is available to players of wind and brass instruments. They allow breath and pitch glide control that provide a more versatile kind of phrasing, particularly when playing sampled or physically modeled wind instrument parts. A typical wind controller has a sensor that

Melodica The melodica, also known as the pianica, blow-organ, key harmonica, free-reed clarinet, face piano or melodyhorn, is a free-reed instrument similar to the pump organ and harmonica. It has a musical keyboard on top, and is played by blowing air through a mouthpiece that fits into a hole in the side of the instrument. Pressing a key opens a hole, allowing air to flow through a reed. The keyboard is usually two or three octaves long. Melodicas are small, light, and portable. They are popular in music education, especially in Asia. The modern form of the instrument was invented

same fingering as in the lower octave. In brass instruments, overblowing (sometimes combined with tightening of the embouchure) produces a different harmonic. In beating, or striking, reed wind instruments such as the saxophone, clarinet, and oboe, the transition from lower to higher register is aided by a ""register key"" which encourages a vibration node at a particular point in the pipe such that a higher harmonic is produced. Another type of overblowing is that used on instruments such as the flute, where the ""direction"" of the airstream is altered in order to sound higher notes. This technique can also be",The instrument with a musical keyboard on top is a clarinet.,PASS,PASS,Cat1,Entity / Alias / Lexical Relation,FALSE,CLEAR,Annotator B
RQ3-0074,74,What does the Hacker-Pschorr Brewery have to limit in order to comply with German regulations?,"Hacker-Pschorr is a brewery in Munich, formed in 1972 out of the merger of two breweries, Hacker and Pschorr.The Reinheitsgebot (] , literally ""purity order""), sometimes called the ""German Beer Purity Law"" in English, is the collective name for a series of regulations limiting the ingredients in beer in Germany and the states of the former Holy Roman Empire. The best-known version of the law was adopted in Bavaria in 1516, but similar regulations predate the Bavarian order, and modern regulations also significantly differ from the 1516 Bavarian version.",Hacker-Pschorr Brewery must limit Hacker-Pschorr Brewery's beer's purity.,PASS,PASS,Cat1,Entity / Alias / Lexical Relation,FALSE,CLEAR,Annotator B
RQ3-0075,75,Who wrote remember me i'm the one who loves you?,"while reaching No. 7 on ""Billboard""s Easy Listening chart, and No. 14 on Canada's R.P.M. Play Sheet. (Remember Me) I'm the One Who Loves You ""(Remember Me) I'm The One Who Loves You"" is a song written and originally sung by Stuart Hamblen, which he released in 1950. The song was also a hit for Ernest Tubb the same year, and Dean Martin in 1965. Hamblen's version reached No. 2 on ""Billboard""s chart of ""Country & Western Records Most Played by Folk Disk Jockeys"", No. 3 on ""Billboard""s chart of ""Best-Selling Retail Folk (Country & Western) Records"", and No. 4

(Remember Me) I'm the One Who Loves You ""(Remember Me) I'm The One Who Loves You"" is a song written and originally sung by Stuart Hamblen, which he released in 1950. The song was also a hit for Ernest Tubb the same year, and Dean Martin in 1965. Hamblen's version reached No. 2 on ""Billboard""s chart of ""Country & Western Records Most Played by Folk Disk Jockeys"", No. 3 on ""Billboard""s chart of ""Best-Selling Retail Folk (Country & Western) Records"", and No. 4 on ""Billboard""s chart of ""Most Played Juke Box Folk (Country & Western) Records."" Hamblen's version was also

chorus."" Ruhlman added that ""...The country market never bit at these records, but Martin had a clutch of material that sounded fresh to pop fans. And, the liner notes notwithstanding, Bowen and Freeman knew that the time had come to vary the formula."" (Remember Me) I'm the One Who Loves You (album) (Remember Me) I'm the One Who Loves You is a 1965 studio album by Dean Martin, produced by Jimmy Bowen and arranged by Ernie Freeman. The album was Martin's fifth album to appear in the Top 40, and peaked at number 12 on the ""Billboard"" Top LP's chart.

(Remember Me) I'm the One Who Loves You (album) (Remember Me) I'm the One Who Loves You is a 1965 studio album by Dean Martin, produced by Jimmy Bowen and arranged by Ernie Freeman. The album was Martin's fifth album to appear in the Top 40, and peaked at number 12 on the ""Billboard"" Top LP's chart. The album was reissued on CD by Hip-O Records in 2009. William Ruhlmann on AllMusic gave the album three stars out of five, commenting on the ""Formula"" developed by Bowen for Martin's sound, of ""piano triplets, a 4/4 beat, swooping strings, a female

ranked No. 8 on ""Billboard""s ranking of 1950's ""Top Country & Western Records According to Retail Sales"" and No. 24 on ""Billboard""s ranking of 1950's ""Top Country & Western Records According to Juke Box Plays."" Ernest Tubb released a version of the song in 1950, which reached No. 5 on ""Billboard""s chart of ""Most Played Juke Box Folk (Country & Western) Records"" and No. 7 on ""Billboard""s chart of ""Best-Selling Retail Folk (Country & Western) Records."" In 1965, the song was released by Dean Martin. The song spent 7 weeks on the ""Billboard"" Hot 100 chart, peaking at No. 32,",Dean Martin wrote '(Remember Me) I'm the One Who Loves You'.,PASS,PASS,Cat1,Entity / Alias / Lexical Relation,FALSE,CLEAR,Annotator B
RQ3-0076,76,"the head coach of the LSU Tigers football team is Ed Orgeron, who is currently the head coach at what university?",The LSU Tigers football team represents Louisiana State University in the sport of American football. He is currently the head coach at Louisiana State University (LSU).,Ed Orgeron is currently the head coach at Louisiana State Normal School.,PASS,PASS,Cat1,Entity / Alias / Lexical Relation,FALSE,CLEAR,Annotator B
RQ3-0077,77,Abuzar Aydamirov wrote lyrics in 1992 to what Russian national anthwm?,"Abuzar Abdulhakimovich Aydamirov, Russian: Абузар Абдулхакимович Айдамиров (29 October 1929 – 27 May 2005) was a Chechen novelist and poet, author of a historical trilogy dedicated to Caucasian Wars (Long Nights; A Lightning in Mountains; A Tempest) and of the Anthem of the Chechen Republic of Ichkeria. It was written in 1992 by either Ali Dimaev or Umar Beksultanov, with the lyrics contributed by Abuzar Aydamirov.",Abuzar Aydamirov wrote lyrics in 1992 for the Russian national anthem.,PASS,PASS,Cat1,Entity / Alias / Lexical Relation,FALSE,CLEAR,Annotator B
RQ3-0078,78,Whitney Williams has a chair on the board of a non-profit with Ben Affleck and what other company?,"The Eastern Congo Initiative (ECI) is an American nonprofit organization established by Ben Affleck and Whitney Williams in 2010 as ""the first U.S. based advocacy and grant-making initiative wholly focused on working with and for the people of eastern Congo"".Whitney Williams is an American businesswoman and philanthropist, currently serving as Vice-Chair of the board for Eastern Congo Initiative and Founder + CEO of the Seattle-based consultancy williamsworks.",Whitney Williams is a member of a board at Oracle.,PASS,PASS,Cat1,Entity / Alias / Lexical Relation,FALSE,CLEAR,Annotator B
RQ3-0079,79,Which British company whose majority of its business interests are in Asia was related to the London Based Trading house Matheson & Company?,"Matheson & Company was a London-based trading house closely associated with Jardine Matheson of Hong Kong and Jardine Skinner of Calcutta.Jardine Matheson Holdings Limited, also known as Jardines, is a British conglomerate incorporated in Bermuda, with its primary listing on the Singapore Exchange. The majority of its business interests are in Asia, and its subsidiaries include Jardine Pacific, Jardine Motors, Jardine Lloyd Thompson, Hongkong Land, Jardine Strategic Holdings, Dairy Farm, Mandarin Oriental Hotel Group, Jardine Cycle & Carriage and Astra International.",Matheson & Company was founded by Jardine Matheson.,PASS,PASS,Cat1,Entity / Alias / Lexical Relation,FALSE,CLEAR,Annotator B
RQ3-0080,80,Where did the fictional character portrayed in Ragnarok film first appreared?,"Thor: Ragnarok is an upcoming American superhero film based on the Marvel Comics character Thor, produced by Marvel Studios and distributed by Walt Disney Studios Motion Pictures. Debuting in the Silver Age of comic books, Hela first appeared in ""Journey into Mystery"" #102 and was adapted from Norse mythology by Stan Lee and Jack Kirby.",Hela first appeared in Thor.,PASS,PASS,Cat4,Time / Sequence,FALSE,CLEAR,Annotator B
RQ3-0081,81,Who played the older dottie in a league of their own?,"Lynn Cartwright Lynn Cartwright (February 27, 1927 – January 2, 2004) was an American character actress known for her performance as the older version of Geena Davis' character, Dottie Hinson, in the 1992 film ""A League of Their Own"". She was born Doralyn Emma Cartwright in McAlester, Oklahoma, the daughter of U.S. Congressman Wilburn Cartwright and his wife Carrie (née Staggs). Her younger sister, Wilburta (b. 1928-d.2012), was an artist. She was also related to former Oklahoma legislator Buck Cartwright and former Oklahoma Attorney General Jan-Eric Cartwright. Her acting career spanned from 1957 to 1992 and included smaller roles in

of dementia on 2 January 2004, aged 76, after having suffered a fall in which she fractured her hip. Her interment was located in Hollywood Forever Cemetery. Lynn Cartwright Lynn Cartwright (February 27, 1927 – January 2, 2004) was an American character actress known for her performance as the older version of Geena Davis' character, Dottie Hinson, in the 1992 film ""A League of Their Own"". She was born Doralyn Emma Cartwright in McAlester, Oklahoma, the daughter of U.S. Congressman Wilburn Cartwright and his wife Carrie (née Staggs). Her younger sister, Wilburta (b. 1928-d.2012), was an artist. She was also

Dottie Green Dorothy M. ""Dottie"" Green (April 30, 1921 – October 26, 1992) was an American professional baseball catcher for the Rockford Peaches in the All-American Girls Professional Baseball League (AAGPBL) from 1943 through 1947, and a team chaperone from 1947 until the league ended in 1954. Listed at and , she batted and threw right-handed. Despite similarities, Green was not the inspiration for Geena Davis's character, Dottie Hinson, in the 1992 film ""A League of Their Own""; Dottie Hinson was loosely based on Green's teammate, Dottie Kamenshek. The lanky and thin Green was one of the 60 original founding

any individual player. The 1992 film ""A League of Their Own"" introduced a new generation to the history of women's baseball. Geena Davis played Dottie Hinson, the best ballplayer in the league, a character loosely based on Kamenshek. In 1999, ""Sports Illustrated for Women"" selected Kamenshek as the 100th greatest female athlete of the 20th century. Kamenshek died on May 17, 2010 at the age of 84. She was buried at Forest Lawn Cemetery in Cathedral City, California. She was inducted into *National Women's Baseball Hall of Fame in 2013 Dorothy Kamenshek Dorothy ""Dottie"" Kamenshek (December 21, 1925 – May

(Geena Davis), the catcher for a local dairy's team. Dottie turns down Capadino's offer, happy with her simple farm life while waiting for her husband Bob (Bill Pullman) to come back from the war. Her sister and teammate, Kit (Lori Petty), however, is desperate to get away and make something of herself. Capadino is not impressed by Kit's hitting performance, but agrees to take her along if she can change Dottie's mind. Dottie agrees, but only for her sister's sake. Dottie and Kit head out to Harvey Field in Chicago for the tryout. There they meet a pair of New",The actress who played the younger Dottie Hinson also played the older Dottie Hinson.,PASS,PASS,Cat7,Multi-entity / Multi-hop,FALSE,CLEAR,Annotator B
RQ3-0082,82,Who is the Russian figure skater who danced with a Russian pair skater and in 1988 and 1994.," Together with partner and wife Ekaterina Gordeeva, he was the 1988 and 1994 Olympic Champion and a four-time World Champion. Together with her partner and husband, the late Sergei Grinkov, she was the 1988 and 1994 Olympic Champion and four-time World Champion in pair skating.",The Russian figure skater is Tatiana Tarasova.,PASS,PASS,Cat1,Entity / Alias / Lexical Relation,FALSE,CLEAR,Annotator B
RQ3-0083,83,What commercial starring Vinny Warren first debuted during Monday Night Football in December of 1999?,"Vinny Warren is an Irish-born American advertising creative director, most notable for his iconic ""Whassup? The first spot aired during ""Monday Night Football"", December 20, 1999.","The first commercial starring Vinny Warren was ""What's the deal?"".",PASS,PASS,Cat1,Entity / Alias / Lexical Relation,FALSE,CLEAR,Annotator B
RQ3-0084,84,BLIZZARD! The Storm That Changed America was about the storm also referred to as what?," It is about the Blizzard of 1888 that hit the north-east of North America, and concentrates on New York City. The storm, referred to as the Great White Hurricane, paralyzed the East Coast from the Chesapeake Bay to Maine, as well as the Atlantic provinces of Canada.",The Snowmageddon of 1888 occurred.,PASS,PASS,Cat4,Time / Sequence,FALSE,CLEAR,Annotator B
RQ3-0085,85,"""Funnybot"" is the second episode of the fifteenth season of which American animated television series, created by Trey Parker and Matt Stone?  "," ""Funnybot"" premiered in the United States on Comedy Central on May 4, 2011, the first time a ""South Park"" episode has aired in May since season 10's ""Tsst"" in 2006.The tenth season of ""South Park"", an American animated television series created by Trey Parker and Matt Stone, began airing on March 22, 2006.","""Funnybot"" is the third episode of the fifteenth season of ""American Dad.""",PASS,PASS,Cat5,Comparative / Superlative,FALSE,CLEAR,Annotator B
RQ3-0086,86,What 5th generation USAF tactical fighter built by Lockheed Martin and Boeing will remain in service alongside the new sixth generation fighter?," The USAF is pursuing development and acquisition of a sixth-generation fighter through the F-X program to complement existing platforms in service such as the Lockheed Martin F-22 Raptor.The Lockheed Martin F-22 Raptor is a fifth-generation, single-seat, twin-engine, all-weather stealth tactical fighter aircraft developed for the United States Air Force (USAF). The prime contractor, Lockheed Martin, built most of the F-22's airframe and weapons systems and conducted final assembly, while Boeing provided the wings, aft fuselage, avionics integration, and training systems.",The Boeing F-22 Raptor is a fighter aircraft.,PASS,PASS,Cat1,Entity / Alias / Lexical Relation,FALSE,CLEAR,Annotator B
RQ3-0087,87,Where did kevin durant go in the nba draft?,"2007 NBA draft The 2007 NBA draft was held on June 28, 2007 at the WaMu Theatre at Madison Square Garden in New York City, New York. It was broadcast on television in 115 countries. In this draft, National Basketball Association (NBA) teams took turns selecting amateur U.S. college basketball players and other eligible players, including international players. Freshman Greg Oden from Ohio State University was drafted first overall by the Portland Trail Blazers, who won the draft lottery. However, he missed the 2007–08 season due to microfracture surgery on his right knee during the pre-season. Another freshman, Kevin Durant,

Kevin Durant Kevin Wayne Durant (born September 29, 1988) is an American professional basketball player for the Golden State Warriors of the National Basketball Association (NBA). He played one season of college basketball for the University of Texas, and was selected as the second overall pick by the Seattle SuperSonics in the 2007 NBA draft. He played nine seasons in Oklahoma City before signing with Golden State in 2016, winning back-to-back championships in 2017 and 2018. Durant was a heavily recruited high school prospect who was widely regarded as the second-best player in his class. In college, he won numerous

from University of Connecticut was drafted second by the Memphis Grizzlies. Thabeet became the first player born in Tanzania to be drafted by an NBA team. James Harden was drafted 3rd by the Oklahoma City Thunder. This made him the first player to be drafted by the franchise as the Oklahoma City Thunder whose franchise moved from Seattle to OKC in 2008. The Sacramento Kings drafted Tyreke Evans 4th; he was named 2009–10 NBA Rookie of the Year, after he became the fourth NBA player in history to average at least 20 points, 5 rebounds and 5 assists in his",Kevin Durant was selected by the Seattle SuperSonics in the 2007 NBA draft.,PASS,PASS,Cat1,Entity / Alias / Lexical Relation,TRUE,CLEAR,Annotator B
RQ3-0088,88,Chris Taylor stared in a film directed by who?,"Chris Taylor, known as ""The Glove"", is a pioneer DJ and producer on the West Coast hip hop scene in the 1980s and 1990s. Taylor is known for his appearance in the film ""Breakin'"" alongside Ice-T.Breakin' (also known as Breakdance: the Movie or Break Street '84) is a 1984 American breakdancing-themed comedy-drama film directed by Joel Silberg and written by Charles Parker and Allen DeBevoise based on a story by Parker, DeBevoise, and Gerald Scaife.",The 1990 sci-fi film was directed by Joel Silberg.,PASS,PASS,Cat1,Entity / Alias / Lexical Relation,FALSE,CLEAR,Annotator B
RQ3-0089,89,Logan Lerman starred in which 2017 drama directed by Shawn Christensen?," He subsequently played d'Artagnan in 2011's ""The Three Musketeers"", starred in the coming-of-age dramas ""The Perks of Being a Wallflower"" (2012), ""Indignation"" (2016) and ""Sidney Hall"" (2017), and had major roles in the 2014 films ""Noah"" and ""Fury"".Sidney Hall is a 2017 American drama film directed and co-written by Shawn Christensen.",Sidney Hall is a building.,PASS,PASS,Cat1,Entity / Alias / Lexical Relation,FALSE,CLEAR,Annotator B
RQ3-0090,90,Subbalakshmi's daughter won what award at Asianet Television Awards 2016?," Her daughter Thara Kalyan is also an actress in Malayalam movies.Currently she is playing lead role in Malayalam Soap opera Karuthamuthu and she won ""Best Character Actress"" at Asianet Television Awards 2016","Thara Kalyan won ""Best Supporting Actress"".",PASS,PASS,Cat1,Entity / Alias / Lexical Relation,FALSE,CLEAR,Annotator B
RQ3-0091,91,Hong Kong Macau cultural exchange was a trip that tested which law who's purpose was to fulfil Article 23 of the Macau Basic Law?,"Hong Kong Macau cultural exchange was a trip that took place on the Sunday morning of March 15, 2009. The goal was to have Pan-democracy camp members test the newly enacted Macau national security law by going from Hong Kong to Macau to see who gets banned.The Macau's national security law (, Portuguese: Lei relative à defesa da segurança do Estado) is a law in Macau which prohibits and punishes acts of ""treason, secession, and subversion"" against the Central government, as well as ""preparatory acts"" leading to any of the three acts. Taken into effect on 3 March 2009, the purpose of the law is to fulfil Article 23 of the Macau Basic Law, the constitutional document of the Macau Special Administration Region.",The law tested during the Hong Kong Macau cultural exchange was designed to fulfil Article 23 of the Hong Kong Basic Law.,PASS,PASS,Cat1,Entity / Alias / Lexical Relation,FALSE,CLEAR,Annotator B
RQ3-0092,92,"In a Front-engine, rear-wheel-drive layout what type of engine is a heat engine where the combustion of a fuel occurs with an oxidizer (usually air) in a combustion chamber that is an integral part of the working fluid flow circuit?","In automotive design, an FR, or front-engine, rear-wheel-drive layout is one where the engine is located at the front of the vehicle and driven wheels are located at the rear.An internal combustion engine (ICE) is a heat engine where the combustion of a fuel occurs with an oxidizer (usually air) in a combustion chamber that is an integral part of the working fluid flow circuit.",The combustion chamber is an integral part of the working fluid flow circuit in a diesel engine.,PASS,PASS,Cat1,Entity / Alias / Lexical Relation,FALSE,CLEAR,Annotator B
RQ3-0093,93,"In which theatre in Los Angeles did the late-night talk show host of ""Chelsea Lately"" host the 2010 MTV Video Music Awards?","The 2010 MTV Video Music Awards took place on September 12, 2010 at Nokia Theatre in Los Angeles, honoring the best music videos from the previous year. Chelsea Handler hosted the event, the first woman in sixteen years – since the 1994 MTV Video Music Awards – to do so. She hosted the late-night talk show ""Chelsea Lately"" on the E! network from 2007 to 2014, and released a documentary series, ""Chelsea Does"", on Netflix in January 2016.",Nokia Theatre is part of the L.A. Live entertainment complex.,PASS,PASS,Cat1,Entity / Alias / Lexical Relation,FALSE,CLEAR,Annotator B
RQ3-0094,94,"State Route 126 connects Lewiston and which official Town of Washington and town in Knox County, Maine?","State Route 126 (SR 126) is a state highway in central Maine connecting Lewiston and Washington.Washington, officially the Town of Washington, is a town in Knox County, Maine.",State Route 126 connects Lewiston and Camden.,PASS,PASS,Cat1,Entity / Alias / Lexical Relation,FALSE,CLEAR,Annotator B
RQ3-0095,95,Where is the ferris wheel located in myrtle beach?,"Myrtle Beach SkyWheel SkyWheel is a Ferris wheel in Myrtle Beach, South Carolina. When it opened on May 20th, 2011 it was the second-tallest extant Ferris wheel in North America, after the Texas Star in Dallas, and the tallest wheel in the United States east of the Mississippi River. SkyWheel is a Ronald Bussink Professional Rides designed R60 Giant Wheel, and was manufactured by Chance Morgan. It is similar in design to the Niagara SkyWheel on Canada's side of Niagara Falls, and the Seattle Great Wheel, both of which are tall. Skywheel has ""42 glass-enclosed, temperature controlled gondolas"" described as

""ballooned-out square"", each with seating for six passengers. Unrelated people are not required to sit together. The wheel operates year-round. The gondolas must be removed if high winds are predicted, a process that takes eight to ten hours. City manager Tom Leath said, ""It's big enough to be an iconic feature for the city."" St. Louis-based developer Koch Development Company and Pacific Development had been looking for a site for a Ferris wheel; they chose Myrtle Beach because of its new boardwalk, which has its northern end near the site, next to Plyler Park. Architect James Hubbard, AIA a Principal

Downtown Redevelopment Corporation, has received calls from most business owners who opposed the boardwalk, saying they are happy now. The number of area businesses increased even before summer's end, and those who already had businesses along the boardwalk reported higher income; some reported their best July ever. Additional development includes Myrtle Beach SkyWheel near Plyler Park, which at 187 feet was at the time of its construction the tallest Ferris wheel in the United States east of the Mississippi River, and similar in design to the Niagara SkyWheel, on the Canadian side of Niagara Falls. The Collins family planned to

made in Switzerland. The wheel will go on a deck above sea level to protect it from possible hurricane storm surge. Construction of the building started in December, while the wheel's frame began work on February 23. Land Shark Bar & Grill opened the same day as SkyWheel, the third restaurant in the city connected with Jimmy Buffett. The others are Jimmy Buffett's Margaritaville at Broadway at the Beach and Cheeseburger in Paradise on the city's north end. In 2012, Officialbestof.com named SkyWheel ""Best Scenic Experience in South Carolina"". Myrtle Beach SkyWheel SkyWheel is a Ferris wheel in Myrtle Beach,

is short. The Ferris wheel lift is a type of lift based on the rotating circular design of a ferris wheel. Created by Premier Rides, it exists on 'Round About' (formerly Maximum RPM) which operated at Freestyle Music Park in Myrtle Beach, South Carolina prior to being dismantled and moved to a park in Vietnam. It uses a Ferris Wheel like motion to lift the cars to the top, as on a Ferris Wheel. The cars are then released onto the track. The elevator lift is a new technology used to make the ascension of the roller coaster faster and",The Myrtle Beach SkyWheel is located away from Myrtle Beach's boardwalk rather than next to its northern end near Plyler Park.,PASS,PASS,Cat2,Negation / Exception,FALSE,CLEAR,Annotator B
RQ3-0096,96,Who sings better than i in joseph king of dreams?,"companion to the video"", also written by Mackall. ""Joseph, King of Dreams: read-along"" (8 Mar 2001) was a full-color storybook and accompanying cassette which ""capture[d] all the emotional and dramatic high points"". Written by Catherine McCafferty, it included the song ""Better Than I"" and dialogue from the film. A fourth book was published as well. The film received mixed to positive reviews from critics. While praising the film's merits including animation, storytelling, and music, much of the criticism came with comparing it negatively to its theatrically released predecessor ""The Prince of Egypt"". The song ""You Know Better Than I"" was

You Know Better Than I ""You Know Better Than I"" (aka ""Better Than I"") is a song from the 2000 direct-to-video film """". It is performed by Joseph (David Campbell). The song is performed when Joseph is at his lowest point, almost giving up on his faith. He decides to trust fully in God and acknowledge that he is the master of the universe who has an ultimate plan, even if things seem bad at present and he doesn't fully understand why. PluggedIn explains the song's meaning: ""Persevering through dark times can yield great rewards. God’s role in Joseph’s comeback

yet never feel sentimental or generic"". You Know Better Than I ""You Know Better Than I"" (aka ""Better Than I"") is a song from the 2000 direct-to-video film """". It is performed by Joseph (David Campbell). The song is performed when Joseph is at his lowest point, almost giving up on his faith. He decides to trust fully in God and acknowledge that he is the master of the universe who has an ultimate plan, even if things seem bad at present and he doesn't fully understand why. PluggedIn explains the song's meaning: ""Persevering through dark times can yield great","The song ""Better Than I"" was originally performed by the character Moses.",PASS,PASS,Cat1,Entity / Alias / Lexical Relation,FALSE,CLEAR,Annotator B
RQ3-0097,97,"The republic with the smallest population of all the members of the Council of Europe is one of few places in Europe where a species of beetle cannot be found, that wew originally described in 1809 by whom?"," It was described by Panzer in 1809 and can be found everywhere in Europe except for Albania, Andorra, Monaco, Portugal, San Marino, Vatican City and various European islands. San Marino has the smallest population of all the members of the Council of Europe.",The beetle described by Charles Darwin cannot be found in San Marino.,PASS,PASS,Cat2,Negation / Exception,FALSE,CLEAR,Annotator B
RQ3-0098,98,What process releases nitrogen gas into the atmosphere?,"fossil fuel and biomass combustion. In agroecosystems, fertilizer application has increased microbial nitrification (aerobic process in which microorganisms oxidize ammonium [NH] to nitrate [NO]) and denitrification (anaerobic process in which microorganisms reduce NO to atmospheric nitrogen gas [N]). Both processes naturally leak nitric oxide (NO) and nitrous oxide (NO) to the atmosphere. Of particular concern is NO, which has an average atmospheric lifetime of 114–120 years, and is 300 times more effective than CO as a greenhouse gas. NO produced by industrial processes, automobiles and agricultural fertilization and NH emitted from soils (i.e., as an additional byproduct of nitrification) and

noted that the lightning-produced is typically found at altitudes greater than 5 km, while combustion and biogenic (soil) are typically found near the sources at near surface elevation (where it can cause the most significant health effects). Agricultural fertilization and the use of nitrogen fixing plants also contribute to atmospheric , by promoting nitrogen fixation by microorganisms. The nitrification process transforms ammonia into nitrate. And the denitrification is basically the reverse process of nitrification. During the denitrification, nitrate is reduced to nitrite then NO then NO and finally nitrogen. Through these processes, NO is emitted to the atmosphere. A recent

the industrial synthesis of ammonia and nitric acid became common. Nitrogen compounds constantly interchange between the atmosphere and living organisms. Nitrogen must first be processed, or ""fixed"", into a plant-usable form, usually ammonia. Some nitrogen fixation is done by lightning strikes producing the nitrogen oxides, but most is done by diazotrophic bacteria through enzymes known as nitrogenases (although today industrial nitrogen fixation to ammonia is also significant). When the ammonia is taken up by plants, it is used to synthesise proteins. These plants are then digested by animals who use the nitrogen compounds to synthesise their own proteins and excrete

result of extensive cultivation of legumes (particularly soy, alfalfa, and clover), growing use of the Haber–Bosch process in the creation of chemical fertilizers, and pollution emitted by vehicles and industrial plants, human beings have more than doubled the annual transfer of nitrogen into biologically available forms. In addition, humans have significantly contributed to the transfer of nitrogen trace gases from Earth to the atmosphere and from the land to aquatic systems. Human alterations to the global nitrogen cycle are most intense in developed countries and in Asia, where vehicle emissions and industrial agriculture are highest. Nitrous oxide (NO) has risen

nitrogen availability can affect the rate of key ecosystem processes, including primary production and decomposition. Human activities such as fossil fuel combustion, use of artificial nitrogen fertilizers, and release of nitrogen in wastewater have dramatically altered the global nitrogen cycle. Nitrogen is present in the environment in a wide variety of chemical forms including organic nitrogen, ammonium (NH), nitrite (NO), nitrate (NO), nitrous oxide, (NO), nitric oxide (NO) or inorganic nitrogen gas (N). Organic nitrogen may be in the form of a living organism, humus or in the intermediate products of organic matter decomposition. The processes in the nitrogen cycle",Nitrification is the process that releases nitrogen gas back into the atmosphere.,PASS,PASS,Cat1,Entity / Alias / Lexical Relation,FALSE,CLEAR,Annotator B
RQ3-0099,99,What is a small network appliance and entertainment device that serves as a the media player for the iTunes Store?," It also serves as a media player for television shows and films purchased in the iTunes Store, replacing the ""Videos"" application on earlier versions of iOS.Apple TV is a digital media player and microconsole developed and sold by Apple Inc. It is a small network appliance and entertainment device that can receive digital data from a number of sources and stream it to a capable television.",Apple TV is similar to a set-top box.,PASS,PASS,Cat5,Comparative / Superlative,TRUE,CLEAR,Annotator B
RQ3-0100,100,Greenland is the largest island in the world in which continent it is situated?,"Greenland Greenland (, ; , ) is an autonomous constituent country of the Kingdom of Denmark between the Arctic and Atlantic Oceans, east of the Canadian Arctic Archipelago. Though physiographically a part of the continent of North America, Greenland has been politically and culturally associated with Europe (specifically Norway and Denmark, the colonial powers, as well as the nearby island of Iceland) for more than a millennium. The majority of its residents are Inuit, whose ancestors began migrating from the Canadian mainland in the 13th century, gradually settling across the island. Greenland is the world's largest island. Australia and Antarctica

of its natural resources, the grant will gradually be diminished. This is generally considered to be a step toward eventual full independence from Denmark. Greenlandic was declared the sole official language of Greenland at the historic ceremony. Greenland is the world's largest non-continental island and the third largest country in North America. It is between latitudes 59° and 83°N, and longitudes 11° and 74°W. The Atlantic Ocean borders Greenland's southeast; the Greenland Sea is to the east; the Arctic Ocean is to the north; and Baffin Bay is to the west. The nearest countries are Canada, to the west and

Geography of Greenland Greenland is located between the Arctic Ocean and the North Atlantic Ocean, northeast of Canada and northwest of Iceland. The territory comprises the island of Greenland–the largest island in the world–and more than a hundred other smaller islands (see ). As an island, Greenland has no land boundaries and 44,087 km of coastline. A sparse population is confined to small settlements along certain sectors of the coast. Greenland possesses the world's second largest ice sheet. Greenland sits atop the Greenland plate, a subplate of the North American plate. The Greenland craton is made up of some of",Greenland is physiographically a part of the continent of South America.,PASS,PASS,Cat1,Entity / Alias / Lexical Relation,FALSE,CLEAR,Annotator B
RQ3-0101,101,Who sings you've got a friend in me in toy story 2?,"Woody sees this and has an epiphany, realizing that his mission as a toy is to be there for a child. (In-universe, the song was presumably written for ""Woody's Roundup"".) The ""Woody's Roundup"" version was performed by Tom Hanks, with acoustic guitar backing; Wheezy's version was sung by Robert Goulet (though the character was voiced by Joe Ranft); and the Spanish version, ""You've Got a Friend in Me (Para el Buzz Español)"", was performed by the Gipsy Kings. Michael Bublé covered ""You've Got a Friend in Me"" on his 2013 album, ""To Be Loved"". The track became a U.S. Adult

You've Got a Friend in Me ""You've Got a Friend in Me"" is a song by Randy Newman. Used as the theme song for the 1995 Disney/Pixar animated film ""Toy Story"", it has since become a major musical component for its sequels, ""Toy Story 2"" (1999) and ""Toy Story 3"" (2010) as well as a musical leitmotif throughout the whole ""Toy Story"" franchise. The song was nominated for both the Academy Award for Best Original Song and the Golden Globe Award for Best Original Song, but lost both to ""Colors of the Wind"" from Disney's ""Pocahontas"". Like many other Disney

Contemporary chart hit, spending 14 weeks on the chart and peaking at number 10. On May 31, 2018, Rex Orange County released a cover of “You’ve Got a Friend in Me”, performing along with Randy Newman, the creator of the song. You've Got a Friend in Me ""You've Got a Friend in Me"" is a song by Randy Newman. Used as the theme song for the 1995 Disney/Pixar animated film ""Toy Story"", it has since become a major musical component for its sequels, ""Toy Story 2"" (1999) and ""Toy Story 3"" (2010) as well as a musical leitmotif throughout the","Wheezy's version of ""You've Got a Friend in Me"" was not sung by Tom Hanks.",PASS,PASS,Cat2,Negation / Exception,TRUE,CLEAR,Annotator B
RQ3-0102,102,Kalitta Charters is what to Kalitta Air ?,"""Not to be confused with the Kalitta Air division, Kalitta Charters.""""Not to be confused with sister company, Kalitta Air.""",Kalitta Charters should not be confused with Kalitta Air.,PASS,FAIL,Cat2,Negation / Exception,TRUE,CLEAR,Annotator B
RQ3-0103,103,"Regarding its initial release in 1968, 'I Can't Let Maggie Go' was not included on what type of Honeybus record?","I Can't Let Maggie Go ""I Can't Let Maggie Go"" is a song by the British pop group Honeybus from early 1968. Written by band member Pete Dello, it was released as a non-album single. The song became an international Top 20 hit, reaching number 13 in New Zealand and number 11 in Ireland. It did best in their native United Kingdom, where it reached number eight in the UK Singles Chart. ""I Can't Let Maggie Go"" was included on the group's later compilation LPs, ""Honeybus at Their Best"" and ""Old Masters Hidden Treasures"". The song was also a top

with 1968's ""I Can't Let Maggie Go"", which was so popular that it earned the band a cover photo on the popular music magazine, ""Disc and Music Echo"", for which they posed atop a red London bus. ""I Can't Let Maggie Go"" reached Number 8 in the UK Singles Chart, in April 1968, staying in the Top 40 for over two months. Dello resigned in August 1968. The band recruited Jim Kelly on guitar and vocals to replace him and Cane began songwriting and performing lead vocals. This line-up scored minor successes with ""She Sold Blackpool Rock"" and ""Girl Of

10 hit in Italy, with a 1968 version made by Equipe 84, entitled ""Un angelo blu"" (""A blue angel""). It enjoyed an unexpected reprise in popularity in the 1970s, when it was used as the soundtrack for a television advertisement for ""Nimble"", a bread produced for slimmers. ""I Can't Let Maggie Go"" has been covered by J. Vincent Edwards in 1974, as well as by the Sideburns in 1993. David Essex included his own version on the 2005 compilation album, ""The Complete Collection"". I Can't Let Maggie Go ""I Can't Let Maggie Go"" is a song by the British pop",I Can't Let Maggie Go was not included on an album in its initial release.,PASS,PASS,Cat2,Negation / Exception,TRUE,CLEAR,Annotator B
RQ3-0104,104,"Which genus is aquatic, Phylica or Nelumbo?","Phylica is a genus of plants in the family Rhamnaceae.Nelumbo is a genus of aquatic plants with large, showy flowers. Members are commonly called lotus, though ""lotus"" is a name also applied to various other plants and plant groups, including the unrelated genus ""Lotus"".",Phylica is not an aquatic genus.,PASS,PASS,Cat2,Negation / Exception,FALSE,CLEAR,Annotator B
RQ3-0105,105,Which city in China is a prefecture-level city Xinzhou or Guanghan,"Xinzhou () is a prefecture-level city occupying the north-central section of Shanxi province, People's Republic of China.Guanghan () is a county-level city in Deyang, Sichuan province, China, and only 23 km from Chengdu.",Guanghan is not a prefecture-level city.,PASS,PASS,Cat2,Negation / Exception,TRUE,CLEAR,Annotator B
RQ3-0106,106,"What film director is from Great Britain, Miloš Forman or Alex Cox?","Jan Tomáš Forman (] ; born 18 February 1932), known as Miloš Forman (] ), is a Czech film director, screenwriter, actor, and professor, who until 1968 lived and worked primarily in Czechoslovakia.Alexander ""Alex"" Cox (born 15 December 1954 in Bebington, Cheshire) is a British film director, screenwriter, nonfiction author, broadcaster and sometime actor, notable for his idiosyncratic style and approach to scripts.",Miloš Forman is not from Great Britain.,PASS,PASS,Cat2,Negation / Exception,TRUE,CLEAR,Annotator B
RQ3-0107,107,"What is the nationality of the actress who plays Brittany in ""Sexy""?"," Santana (Naya Rivera) expresses her love for Brittany (Heather Morris), and Burt Hummel (Mike O'Malley) has a talk with his son Kurt (Chris Colfer) about sex.Heather Elizabeth Morris (born February 1, 1987) is an American actress, dancer, singer and model, known for her role as Brittany S. Pierce in the Fox musical comedy-drama series ""Glee"".","The actress who played Brittany in ""Sexy"" is not British.",PASS,PASS,Cat2,Negation / Exception,TRUE,CLEAR,Annotator B
RQ3-0108,108,"Which band is from Glastonbury, Reef or Simple Plan?","Reef are an English band from Glastonbury, England.Simple Plan is a Canadian rock band from Montreal, Quebec.",Simple Plan is not from Glastonbury.,PASS,PASS,Cat2,Negation / Exception,TRUE,CLEAR,Annotator B
RQ3-0109,109,Who played the leprechaun in the movies leprechaun?,"Leprechaun (film series) Leprechaun is a series of horror comedy films consisting of eight films. Beginning with 1993's ""Leprechaun"" (filmed in 1991) the series centers on a malevolent and murderous leprechaun named ""Lubdan"" (although he never reveals his name), who, when his gold is taken from him, resorts to any means necessary to reclaim it. None of the series are in chronological order. English actor Warwick Davis plays the title role in every film except for the reboot, """", and the TV movie, ""Leprechaun Returns"". In the reboot, Dylan ""Hornswoggle"" Postl, of WWE fame, portrays the creature and in the

TV movie, the creature is played by Linden Porco. The first two films were theatrically released. After a disappointing gross from ""Leprechaun 2"", Vidmark released ""Leprechaun 3"" direct-to-video. The following sequels were all direct-to-video. In the original ""Leprechaun"" (1993), Daniel O'Grady (Shay Duffin) captures the Leprechaun (Warwick Davis) while in Ireland, takes his gold and smuggles it back to his home in North Dakota, unaware the Leprechaun has followed him. Confronting O'Grady and demanding his gold the Leprechaun is injured by O'Grady and sealed in a crate with a four-leaf clover, though before O'Grady can kill the creature he suffers

Leprechaun (film) Leprechaun is a 1993 American comedy horror film written and directed by Mark Jones. It stars Warwick Davis in the title role and Jennifer Aniston in her film debut. Davis plays a vengeful leprechaun who believes a family has stolen his pot of gold. As he hunts them, they attempt to locate his gold to vanquish him. The film was originally meant to be more of a straight horror film, but Davis injected humor into his role. Re-shoots also added increased gore to appeal to older audiences. It was the first film produced in-house by Trimark to be

which would have been written by Nick Lyons and released in late 2009, were made, but did not come to pass. It was revealed in March 2012 that Lionsgate and WWE Studios (who worked together on ""See No Evil"" and ""The Condemned"") were teaming up to reboot the film series. Two weeks later, WWE.com unveiled a new video depicting Dylan Post (who works under a leprechaun gimmick in WWE as Hornswoggle) starring in the role as Lubdan. He announced via Twitter that it would come out in March 2013. Until May 2013, there were no updates on the film's progress.

the Hood"" (2000), and """" (2003). In 2014, a reboot, """" was released. After ""Leprechaun 2""s theatrical gross disappointed Trimark, ""Leprechaun 3"" was released direct-to-video. ""Origins"" was theatrically released. ""Leprechaun Returns"" will be released on DVD on December 11, 2018, ""Leprechaun Returns"" serves as a direct sequel to the original film, ignoring the subsequent installments. The film stars Linden Porco as the Leprechaun and Mark Holton as Ozzie Jones, who reprise his role from the first film and directed by Steven Kostanski. On release, critical reception for the film was negative. Writing for ""The Deseret News"", Chris Hicks said that","Warwick Ashley Davis plays the title role in every Leprechaun movie except for the reboot, and the TV movie, ""Leprechaun Returns"".",PASS,PASS,Cat2,Negation / Exception,TRUE,CLEAR,Annotator B
RQ3-0110,110,What does gvwr stand for on a truck?,"Gross vehicle weight rating The gross vehicle weight rating (GVWR), or gross vehicle mass (GVM) is the maximum operating weight/mass of a vehicle as specified by the manufacturer including the vehicle's chassis, body, engine, engine fluids, fuel, accessories, driver, passengers and cargo but excluding that of any trailers. The term is used for motor vehicles and trains. The weight of a vehicle is influenced by passengers, cargo, even fuel level, so a number of terms are used to express the weight of a vehicle in a designated state. Gross combined weight rating (GCWR) refers to the ""total mass"" of a

this information printed on the outside of the vehicle, and for it to be clearly visible from a specified distance. Gross vehicle weight rating The gross vehicle weight rating (GVWR), or gross vehicle mass (GVM) is the maximum operating weight/mass of a vehicle as specified by the manufacturer including the vehicle's chassis, body, engine, engine fluids, fuel, accessories, driver, passengers and cargo but excluding that of any trailers. The term is used for motor vehicles and trains. The weight of a vehicle is influenced by passengers, cargo, even fuel level, so a number of terms are used to express the

vehicle, including all trailers. GVWR and GCWR both describe a vehicle that is ""in operation"" and are used to specify weight limitations and restrictions. Curb weight describes a vehicle which is ""parked at the curb"" and excludes the weight of any occupants or cargo. Dry weight further excludes the weight of all consumables, such as fuel and oils. Gross trailer weight rating specifies the maximum weight of a trailer and the gross axle weight rating specifies the maximum weight on any particular axle. A car driver licence is limited to driving vehicles up to a maximum GVM of . Beyond",The gross vehicle weight rating (GVWR) excludes the weight/mass of any trailers.,PASS,PASS,Cat2,Negation / Exception,TRUE,CLEAR,Annotator B
RQ3-0111,111,What is the name of this retired professional tennis player and former World No. 1 who was the defending champion of the 2004 Siebel Open - Singles?,"Andre Agassi was the defending champion but lost in the semifinals to Mardy Fish.Andre Kirk Agassi ( ; born April 29, 1970) is an American retired professional tennis player and former World No. 1 who was one of the sport's most dominant players from the early 1990s to the mid-2000s.",Andre Agassi did not reach the final of the 2004 Siebel Open.,PASS,FAIL,Cat2,Negation / Exception,TRUE,CLEAR,Annotator B
RQ3-0112,112,Ryōishi Station is a railway that stopped service after what 9.0–9.1 magnitude event?,"Following the 2011 Tōhoku earthquake and tsunami, operations at the station were suspended and have been replaced by a provisional Bus Rapid Transit line.The 2011 earthquake off the Pacific coast of Tōhoku (東北地方太平洋沖地震 , Tōhoku-chihō Taiheiyō Oki Jishin ) was a magnitude 9.0–9.1 (M) undersea megathrust earthquake off the coast of Japan that occurred at 14:46 JST (05:46 UTC) on Friday 11 March 2011, with the epicentre approximately 70 km east of the Oshika Peninsula of Tōhoku and the hypocenter at an underwater depth of approximately 29 km .",Operations at the station did not continue after the 2011 Tōhoku earthquake and tsunami.,PASS,PASS,Cat2,Negation / Exception,TRUE,CLEAR,Annotator B
RQ3-0113,113,Dartmouth College was founded to educate which group of people descended from the pre-Columbian indigenous population of North America?,"Although founded as a school to educate Native Americans in Christian theology and the English way of life, Dartmouth primarily trained Congregationalist ministers throughout its early history before it gradually secularized, emerging at the turn of the 20th century from relative obscurity into national prominence. These tribes and bands are descended from the pre-Columbian indigenous population of North America.",Dartmouth's primary early trainees differed from the group it was founded to educate.,PASS,FAIL,Cat7,Multi-entity / Multi-hop,TRUE,CLEAR,Annotator B
RQ3-0114,114,Where does the tv show this is us take place?,"period or use multiple flashback time periods. Flashbacks often focus on Jack and Rebecca c.1980 both before and after their babies' birth, or on the family when the Big Three are children (at least ages 8–10) or adolescents; these scenes usually take place in Pittsburgh, where the Big Three are born and raised. Various other time periods and locations have also served as settings. Recently, the show has flashed back to follow the lives of newer characters, such as Randall's foster child, Deja. As adults, Kate lives in Los Angeles, Randall and his family are in New Jersey, and Kevin

relocates from Los Angeles to New York City. ""This is Us"" originally began as an 80 page movie script that Dan Fogelman was developing while working for ABC Studios in the spring of Spring 2015. The story line, which Fogelman admitted to not having a definite direction, revolved around the lives of eight adults who, as it would be revealed, were octuplets. After moving to an eight-figure deal with 20th Television, Fogelman made the decision to develop a TV series from the characters of his original script, cutting a few characters and shortening the script to 45 pages before bringing

This Is Us (TV series) This Is Us is an American comedy-drama television series created by Dan Fogelman that premiered on NBC on September 20, 2016. The series follows the lives and families of two parents, and their three children, in several different time frames. It stars an ensemble cast featuring Milo Ventimiglia, Mandy Moore, Sterling K. Brown, Chrissy Metz, Justin Hartley, Susan Kelechi Watson, Chris Sullivan, Ron Cephas Jones, Jon Huertas, Alexandra Breckenridge, Niles Fitch, Logan Shroyer, Hannah Zeile, Mackenzie Hancsicsak, Parker Bates, Lonnie Chavis, Eris Baker, and Faithe Herman. ""This Is Us"" is filmed in Los Angeles. The

9:00pm, the first season's first two episodes and eleventh episode aired on a Tuesday at 10:00pm, while the second season's fourteenth episode, ""Super Bowl Sunday"", aired on a Sunday at 10:15pm. This Is Us (TV series) This Is Us is an American comedy-drama television series created by Dan Fogelman that premiered on NBC on September 20, 2016. The series follows the lives and families of two parents, and their three children, in several different time frames. It stars an ensemble cast featuring Milo Ventimiglia, Mandy Moore, Sterling K. Brown, Chrissy Metz, Justin Hartley, Susan Kelechi Watson, Chris Sullivan, Ron Cephas

intimate series of portraits and stitch them together. But at the same time, waves of cloying sentiment threaten to submerge everything."" ""This Is Us"" was included on multiple Best/Top TV Shows of 2016 lists; these are listed below in order of rank. ""This Is Us"" premiered on September 20, 2016, in the U.S. on NBC. The series premiered on CTV in Canada on September 21, 2016, on TVNZ 2 in New Zealand on September 27, 2016, and in the United Kingdom on Channel 4 on December 6, 2016. The series premiered in Australia on Channel Ten on February 8, 2017.","""This Is Us"" does not take place in only one location; its settings include Pittsburgh, Los Angeles, New Jersey, and New York City.",PASS,PASS,Cat3,Quantifier / Boundary,TRUE,CLEAR,Annotator B
RQ3-0115,115,"The university of Phoenix was the host of what winning team on January 8,2007","The season concluded on January 8, 2007 when Big Ten champion Ohio State lost in the BCS National Championship Game to the Florida Gators.The 2007 Tostitos BCS National Championship Game was an American football game played at the University of Phoenix Stadium in Glendale, Arizona, on January 8, 2007.",Ohio State did not win the BCS National Championship Game at University of Phoenix Stadium; it lost to the Florida Gators.,PASS,PASS,Cat2,Negation / Exception,TRUE,CLEAR,Annotator B
RQ3-0116,116,"Was John Travolta the only star of the film ""Moment by Moment""?","""Moment by Moment"" is the title theme song to the 1978 Universal Pictures film ""Moment by Moment"" starring Lily Tomlin and John Travolta.Mary Jean ""Lily"" Tomlin (born September 1, 1939) is an American actress, comedian, writer, singer, and producer.","The film ""Moment by Moment"" did not star only John Travolta.",PASS,PASS,Cat2,Negation / Exception,TRUE,CLEAR,Annotator B
RQ3-0117,117,"The Sia song ""Never Give Up"" is from the soundtrack of a film that is based on what non-fiction book?","""Never Give Up"" is a song recorded by Sia, from the soundtrack of the Garth Davis-directed film, ""Lion"".Lion is a 2016 biographical film directed by Garth Davis (in his feature debut) and written by Luke Davies, based on the non-fiction book ""A Long Way Home"" by Saroo Brierley with Larry Buttrose.","The film whose soundtrack includes ""Never Give Up"" is not based on a fictional book.",PASS,FAIL,Cat2,Negation / Exception,TRUE,CLEAR,Annotator B
RQ3-0118,118,Bryan Brown performed in what 1984 British musical drama that was directed by Peter Webb?," He has performed in over eighty film and television projects since the late 1970s, both in his native Australia and abroad. Notable films include ""Breaker Morant"" (1980), ""Give My Regards to Broad Street"" (1984), ""F/X"" (1986), ""Cocktail"" (1988), ""Gorillas in the Mist"" (1988), ""F/X2"" (1991), ""Along Came Polly"" (2004), ""Australia"" (2008), ""Kill Me Three Times"" (2014) and ""Gods of Egypt"" (2016).Give My Regards to Broad Street is a 1984 British musical drama film directed by Peter Webb, which starred Paul McCartney, Bryan Brown and Ringo Starr.",Give My Regards to Broad Street was not a television project.,PASS,PASS,Cat2,Negation / Exception,TRUE,CLEAR,Annotator B
RQ3-0119,119,"Which magazine, In These Times or Tall Timber Short Lines, is an American politically progressive/democratic socialist monthly magazine of news and opinion published in Chicago, Illinois?","In These Times is an American politically progressive/democratic socialist monthly magazine of news and opinion published in Chicago, Illinois.Tall Timber Short Lines was a magazine dedicated to logging railroads and short line railroads, and was published by Oso Publications.",Tall Timber Short Lines is not an American politically progressive/democratic socialist monthly magazine.,PASS,PASS,Cat2,Negation / Exception,TRUE,CLEAR,Annotator B
RQ3-0120,120,Song at the end of who dat boy?,"accompanied music video was uploaded on June 29, 2017 on Tyler's official YouTube channel. The music video was directed by Tyler under the pseudonym Wolf Haley. The music video features visual allusions to the 2017 film ""Get Out"" and rapper Action Bronson's face being sewn onto Tyler's. It also features a snippet of the song ""911"" at the end of the track. Who Dat Boy ""Who Dat Boy"" is a song by American rapper Tyler, the Creator. It was released on June 30, 2017 alongside, ""911 / Mr. Lonely"" through Columbia Records, as the lead singles from his fourth studio

Who Dat Boy ""Who Dat Boy"" is a song by American rapper Tyler, the Creator. It was released on June 30, 2017 alongside, ""911 / Mr. Lonely"" through Columbia Records, as the lead singles from his fourth studio album ""Flower Boy"". The song features vocals from ASAP Rocky. Tyler, the Creator began a one-week countdown on Twitter and Instagram to promote and release the two dual-singles called ""Who Dat Boy"" and ""911 / Mr. Lonely"" on June 30, 2017. The single is Tyler, the Creator's highest charting single to date debuting at 87 on the ""Billboard"" Hot 100. The song

before the announced release date of July 21. After a one-week countdown on Twitter and Instagram, Tyler, the Creator released a music video, titled ""Who Dat Boy"", to his official YouTube channel on June 29, 2017. The album's lead single, ""Who Dat Boy"" / ""911"", containing two songs: ""Who Dat Boy"" and ""911 / Mr. Lonely"" was released on June 30, 2017. The single peaked at number 87 on the US ""Billboard"" Hot 100. The album's second single, ""Boredom"", was released on July 11, 2017. The album's third single, ""I Ain't Got Time!"", was released on July 19, 2017. The","The song featured at the end of ""Who Dat Boy"" is not ""Who Dat Boy"" itself.",PASS,PASS,Cat2,Negation / Exception,FALSE,CLEAR,Annotator B
RQ3-0121,121,The discovery of the supercurrent in SNS contacts is sometimes mistakenly attributed to what Welsh theoretical physicist and professor emeritus of physics at the University of Cambridge?,"The discovery of the supercurrent in SNS contacts is sometimes mistakenly attributed to Brian Josephson's 1962 work, yet the effect was known long before his publication and was understood as the proximity effect.Brian David Josephson, {'1': "", '2': "", '3': "", '4': ""} (born 4 January 1940), is a Welsh theoretical physicist and professor emeritus of physics at the University of Cambridge.",Brian Josephson did not discover the supercurrent in SNS contacts.,PASS,PASS,Cat2,Negation / Exception,TRUE,CLEAR,Annotator B
RQ3-0122,122,"Which is a genus of Australian shrubs, Anemonopsis or Westringia? ","Westringia is a genus of Australian shrubs.Anemonopsis, the false anemone, is a monotypic genus in the family Ranunculaceae, containing only the species Anemonopsis macrophylla, endemic to Japan's main island of Honshu.",Anemonopsis is definitely not Australian.,PASS,PASS,Cat2,Negation / Exception,TRUE,CLEAR,Annotator B
RQ3-0123,123,Who sang i don't want to live without your love?,"I Don't Wanna Live Without Your Love ""I Don't Wanna Live Without Your Love"" is a hit song written by Diane Warren and Albert Hammond for the group Chicago and recorded for their album ""Chicago 19"" (1988), with Bill Champlin singing lead vocals. It is the first Chicago single to feature Champlin performing all lead vocals himself. The first single released from ""Chicago 19"", it reached number three on the U.S. ""Billboard"" Hot 100 chart. The B-side of the single was ""I Stand Up"" written by Robert Lamm and Gerard McMahon. The song was featured in the Netflix original movie

""Death Note"", which is based on the anime of the same name. I Don't Wanna Live Without Your Love ""I Don't Wanna Live Without Your Love"" is a hit song written by Diane Warren and Albert Hammond for the group Chicago and recorded for their album ""Chicago 19"" (1988), with Bill Champlin singing lead vocals. It is the first Chicago single to feature Champlin performing all lead vocals himself. The first single released from ""Chicago 19"", it reached number three on the U.S. ""Billboard"" Hot 100 chart. The B-side of the single was ""I Stand Up"" written by Robert Lamm

album 'Waterloo Road' released on the Plastic Fantastic label, PFLR 3001. In 2017, the song was used in an advert for Heathrow Airport, following the tale of 2 bears who met on a flight and how their relationship blossomed over the years. I Couldn't Live Without Your Love ""I Couldn't Live Without Your Love"" is a 1966 single written by Tony Hatch and Jackie Trent and recorded by Petula Clark. It was inspired by the affair the songwriters were having at the time. Clark has cited ""I Couldn't Live Without Your Love"" along with ""Don't Sleep in the Subway"" as","Diane Warren did not sing the lead vocals on ""I Don't Wanna Live Without Your Love"".",PASS,PASS,Cat2,Negation / Exception,TRUE,CLEAR,Annotator B
RQ3-0124,124,In between Memphis International Airport and Southwest Georgia Regional Airport which one is in Tennessee?,"Memphis International Airport (IATA: MEM, ICAO: KMEM, FAA LID: MEM) is a civil-military airport seven miles (11.2 km) southeast of downtown Memphis in Shelby County, Tennessee, United States.Southwest Georgia Regional Airport (IATA: ABY, ICAO: KABY, FAA LID: ABY) is a city owned, public use airport located three nautical miles (6 km) southwest of the central business district of Albany, a city in Dougherty County, Georgia, United States.",Southwest Georgia Regional Airport is not in Tennessee.,PASS,PASS,Cat2,Negation / Exception,TRUE,CLEAR,Annotator B
RQ3-0125,125,"""The Real Slim Shady"" is a song taken from the eighth studio album ""The Marshall Mathers LP 2"" (2013)  of what hip hop recording artist?","""So Far..."" is a song by American hip hop recording artist Eminem, taken from his eighth studio album ""The Marshall Mathers LP 2"" (2013).""The Real Slim Shady"" is a song by American rapper Eminem from his third album ""The Marshall Mathers LP"" (2000).","""The Real Slim Shady"" is not included in the eighth studio album ""The Marshall Mathers LP 2"" (2013) of any hip hop recording artist.",PASS,PASS,Cat2,Negation / Exception,TRUE,CLEAR,Annotator B
RQ3-0126,126,Brickleberry was co-produced by which American comedian and television host?,"The series was created by Roger Black and Waco O'Guin (creators of MTV2's ""Stankervision"") and executive produced by Black, O'Guin and comedian Daniel Tosh.Daniel Dwight Tosh (born May 29, 1975) is an American comedian, television host, actor, writer, and executive producer.",Daniel Tosh was not one of Brickleberry's creators.,PASS,FAIL,Cat2,Negation / Exception,TRUE,CLEAR,Annotator B
RQ3-0127,127,Was the memphis belle the first to complete 25 missions?,"chosen by the Eighth Air Force from those who had flown combat aboard, led by Capt. Morgan, for a 31-city war bond tour. Morgan's original co-pilot was Capt. James A. Verinis, who himself piloted the ""Memphis Belle"" for one mission. Verinis was promoted to aircraft commander of another B-17 for his final 16 missions and finished his tour on 13 May. He rejoined Morgan's crew as co-pilot for the flight back to the United States. The B-17 ""Hell's Angels"" (41-24577) of the 303rd Bomb Group completed 25 combat missions on 13 May 1943, becoming the first B-17 to complete the

of the 324th Bomb Squadron (Heavy); the squadron code ""DF"" and individual aircraft letter ""A."" Captain Robert K. Morgan's crew flew 29 combat missions with the 324th Bomb Squadron, all but four in the ""Memphis Belle"". The aircraft's 25 combat missions, which included eight German aircraft shot down by her crew, were: <nowiki>*</nowiki> Sources disagree on which two of these three missions the ""Memphis Belle"" received mission credits for. Morgan's crew completed the following missions in B-17s other than the ""Memphis Belle"": The aircraft was then flown back to the United States on 8 June 1943, by a composite crew

had been the pilot on the majority of the missions flown by the B-17 Flying Fortress, ""Memphis Belle"", when it was designated the official ""first"" bomber to complete 25 operations, while flying with the 91st Bomb Group, VIII Bomber Command, in the European Theatre of Operations. (""Hell's Angels"", of the 303d Bomb Group, actually beat the ""Belle"" by one week.) ""Memphis Belle"" was the first combat-veteran bomber to return to the United States as part of a publicity campaign to sell war bonds. Morgan flew the plane all over the United States for bond rallies. Promoted to Major, Morgan flew",The first B-17 was not the Memphis Belle.,PASS,PASS,Cat2,Negation / Exception,TRUE,CLEAR,Annotator B
RQ3-0128,128,"Which tennis player is from Europe, Virginia Ruano Pascual or Andy Roddick?","Virginia Ruano Pascual (born 21 September 1973) is a Spanish former professional tennis player. She was born in Madrid, Spain.Andrew Stephen Roddick (born August 30, 1982) is an American former professional tennis player from the US.",Andy Roddick is not from Europe.,PASS,PASS,Cat2,Negation / Exception,TRUE,CLEAR,Annotator B
RQ3-0129,129,How far from Sydney was Marie Cornish born at?,"Marie Cornish (born 1 October 1956 in Wellington, New South Wales) is an Australian former cricket player.<ref name=""ESPNcricinfo - Players/Australia/Marie Cornish""> </ref> Cornish played nine tests and sixteen one day internationals for the Australia national women's cricket team.Wellington is a town in inland New South Wales, Australia, located at the junction of the Macquarie and Bell Rivers. The town is 362 km from Sydney on the Great Western Highway and Mitchell Highway.",Marie Cornish was not born near Sydney.,PASS,PASS,Cat2,Negation / Exception,FALSE,CLEAR,Annotator B
RQ3-0130,130,What king to whom Rev James MacGregor was made chaplain died in 1936?,"Very Rev James MacGregor DD FRSE (1832-1910) Scottish minister and philanthropist. He was Moderator of the General Assembly of the Church of Scotland in 1891. In 1886 he was made Chaplain in Ordinary to Queen Victoria, in 1901 Chaplain to King Edward VII, and in 1910 to King George V, serving three monarchs in all.George V (George Frederick Ernest Albert; 3 June 1865 – 20 January 1936) was King of the United Kingdom and the British Dominions, and Emperor of India, from 6 May 1910 until his death in 1936.",The king to whom James MacGregor was made chaplain who died in 1936 was not King Edward VII.,PASS,PASS,Cat2,Negation / Exception,TRUE,CLEAR,Annotator B
RQ3-0131,131,Which store founded in 1974 in Yorkshire is the primary focus of BBC One's Pound Shop Wars?,"Narrated by Caroline Aherne, the series shows the competition between rival pound shops, focusing on Poundworld. In contrast to many high street retailers, Poundworld maintained strong sales and growth during the global recession that started in 2007.","Unlike many high street retailers during the global recession, Poundworld maintained strong sales.",PASS,FAIL,Cat5,Comparative / Superlative,TRUE,CLEAR,Annotator B
RQ3-0132,132,Where does the blastocyst implanted in the female human reproductive system?,"vivo"" fertilization for fertilizing an egg with sperm and implanting that embryo into a female’s womb. For many years the embryo was inserted into the uterus two to three days after fertilization. However at this stage of development it is very difficult to predict which embryos will develop best, and several embryos were typically implanted. Several implanted embryos increased the likelihood of a developing fetus but also led to the development of multiple fetuses. This was a major problem and drawback for using embryos to IVF. A recent breakthrough for ""in vitro"" fertilization is the use of blastocysts. A blastocyst

blastocyst has a diameter of about 0.1–0.2 mm and comprises 200–300 cells following rapid cleavage (cell division). About 1 day after blastocyst formation (5–6 days post-fertilization), which is when the blastocyst usually reaches the uterus, the blastocyst begins to embed into the endometrium of the uterine wall where it will undergo further developmental processes, including gastrulation. Embedding of the blastocyst into the endometrium requires that it hatches from the zona pellucida, which prevents adherence to the oviduct as the pre-embryo makes its way to the uterus. The blastocyst is completely embedded in the endometrium only 11–12 days after fertilization. The

use of blastocysts in ""in vitro"" fertilization (IVF) involves culturing a fertilized egg for five days before implanting it into the uterus. It can be a more viable method of fertility treatment than traditional IVF. The inner cell mass of blastocysts is the source of embryonic stem cells. During human embryogenesis, approximately 5–6 days after fertilization, the cells of the morula begin to undergo cell differentiation, and the morula changes into the blastocyst. In the uterus the zona pellucida surrounding the blastocyst breaks down, allowing it to implant into the uterine wall approximately 6 days after fertilization. Implantation marks the

trophoblast then differentiates into an inner layer, the cytotrophoblast, and an outer layer, the syncytiotrophoblast. The cytotrophoblast contains cuboidal epithelial cells and is the source of dividing cells, and the syncytiotrophoblast is a syncytial layer without cell boundaries. The syncytiotrophoblast implants the blastocyst in the decidual epithelium by projections of chorionic villi, forming the embryonic part of the placenta. The placenta develops once the blastocyst is implanted, connecting the embryo to the uterine wall. The decidua here is termed the decidua basalis; it lies between the blastocyst and the myometrium and forms the maternal part of the placenta. The implantation

is implanted five to six days after the eggs have been fertilized. After five or six days it is much easier to determine which embryos will result in healthy live births. Knowing which embryos will succeed allows just one blastocyst to be implanted, cutting down dramatically on the health risk and expense of multiple births. Now that the nutrient requirements for embryonic and blastocyst development have been determined, it is much easier to give embryos the correct nutrients to sustain them into the blastocyst phase. Blastocyst implantation through ""in vitro"" fertilization is a painless procedure in which a catheter is",A blastocyst normally implants in the uterine wall rather than adhering to the oviduct.,PASS,PASS,Cat2,Negation / Exception,TRUE,CLEAR,Annotator B
RQ3-0133,133,"What railroad company acquired the Johnsonburg, Kane, Warren and Irvine Railroad?"," The JKWI was the designated operator of the Irvine, Warren, Kane & Johnsonburg Railroad, that was a partnership of Brock Railroad (a wholly owned subsidiary of Warren Car Company), Irvine Railroad (a wholly owned subsidiary of National Forge Company) and Struthers Wells Inter-American Corporation (a subsidiary of Struthers Wells), all three being Pennsylvania corporations, and had acquired from Conrail the following railroad line segments: MP 58.52 to MP 66.7 (Irvine to Warren) and MP 92.5 to MP 111.0 (Kane to Johnsonburg).Conrail, the Consolidated Rail Corporation, (reporting mark CR) , was the primary Class I railroad in the Northeastern United States between 1976 and 1999, when its routes were split between the CSX Corporation and Norfolk Southern Railway.","The Johnsonburg, Kane, Warren and Irvine Railroad did not acquire its rail line segments from Norfolk Southern Railway.",PASS,PASS,Cat2,Negation / Exception,TRUE,CLEAR,Annotator B
RQ3-0134,134,"King of Queens is the debut studio album by Nigerian singer Yemi Alade, it features guest appearances and skits from which Ghanaian hip hop and hiplife duo from Tema made up of Faisal Hakeem ""(Paedae da Pralem/Omar Sterling)"", and Rashid Mugeez ""(Mugeez)""?"," It features guest appearances and skits from Bovi, R2Bees, Phyno, Chidinma, DIL, Selebobo and Diamond Platnumz.R2Bees is a Ghanaian hip hop and hiplife duo from Tema made up of Faisal Hakeem ""(Paedae da Pralem/Omar Sterling)"" and Rashid Mugeez ""(Mugeez)"".",The guest appearance was not by Faisal Hakeem alone.,PASS,PASS,Cat2,Negation / Exception,TRUE,CLEAR,Annotator B
RQ3-0135,135,Who presides over the joint session of the indian parliament?,"Joint Session of Indian Parliament The Parliament of India is bicameral. Concurrence of both houses are required to pass any bill. However, the makers of the Constitution of India visualised situations of deadlock between the upper house i.e. Rajya Sabha and the lower house i.e. Lok Sabha. Therefore, the Constitution of India provides for Joint sittings of both the Houses to break this deadlock. The joint sitting of the Parliament is called by the President (Article 108) and is presided over by the Speaker or, in his absence, by the Deputy Speaker of the Lok Sabha or in his absence,

influence in a joint sitting of Parliament. A joint session is chaired by the Speaker of Lok Sabha. Also, because the joint session is convened by the President on advice of the government, which already has a majority in Lok Sabha, the joint session is usually convened to get bills passed through a Rajya Sabha in which the government has a minority. Joint sessions of Parliament are a rarity, and have been convened three times in last 71 years, for the purpose of passage of a specific legislative act, the latest time being in 2002: Unlike the Lok Sabha, a

the President of Germany. It includes members from the Bundestag and representatives of the States of Germany. In India, if an ordinary bill has been rejected by any house of the parliament and if more than six months have elapsed, the President may summon a joint session for purpose of passing the bill. The bill is passed by a simple majority of a joint sitting. Since the lower house (Lok Sabha) has more than twice the members of the upper house (Rajya Sabha), a group commanding a majority in the lower house of the Government of India can pass such","In the absence of the Speaker of the Lok Sabha, the joint sitting of the Parliament is presided over by the Deputy Speaker of the Lok Sabha.",PASS,PASS,Cat2,Negation / Exception,TRUE,CLEAR,Annotator B
RQ3-0136,136,Which game element from the previous season returned in season 26 of The Amazing Race but was not used or claimed by any team?,"Race"" took. The season finale aired on May 15, 2015. Blind date couple Laura Pierson & Tyler Adams, known as ""Team SoCal,"" were the winners of the 26th season of ""The Amazing Race"". This season covered , five continents, and eight countries, including visits to Japan, Thailand, Namibia, Germany, and for the first time Monaco. In some race segments, a special clue was available. Teams selecting the special clue received a Date Night reward, an opportunity to participate in a romantic activity. The Save from the previous season returned for this season but was unaired, unclaimed, and unused. It could

The Amazing Race 27 The Amazing Race 27 was the twenty-seventh installment of the U.S. reality television show ""The Amazing Race"". It featured eleven teams of two, with each team centered on a pre-existing relationship between the cast members such as marriage, dating, or best friends. Teams competed in a race around the world for a grand prize. This season premiered on September 25, 2015. Dating news reporters Kelsey Gerckens and Joey Buttitta were the winners of this season. Seen on ""The Amazing Race 25"", the show's Twitter page announced this season's filming on June 22, 2015. The tweet announced

The Amazing Race 28 The Amazing Race 28 is the twenty-eighth U.S. season of the reality television show ""The Amazing Race"". The season premiered on February 12, 2016. In this installment, it featured 11 teams of two with notable social media personalities (or at least one pair to team up with a non-notable internet celebrity) in a race around the world for a $1 million grand prize. ""Engaged dancers"" Dana Alexa and Matt Steffanina were the winners of this season of ""The Amazing Race"". Filming of ""The Amazing Race 28"" began on November 15, 2015, with host Phil Keoghan broadcasting",No team claimed the Save in season 26.,PASS,PASS,Cat2,Negation / Exception,TRUE,CLEAR,Annotator B
RQ3-0137,137,"Which director is American, Mark L. Lester or Ken Loach?","Mark L. Lester (born November 26, 1946) is an American film director, screenwriter, and producer.Kenneth Charles Loach (born 17 June 1936) is an English director of television and independent film.",Ken Loach is not American.,PASS,PASS,Cat2,Negation / Exception,TRUE,CLEAR,Annotator B
RQ3-0138,138,The company that manufactured PDQ Chocolate is a registered trademark of what company?,"PDQ Chocolate was a popular drink mix in the 1960s and 1970s. It was manufactured by Ovaltine. Ovaltine, a registered trademark of Associated British Foods, is made by Wander AG, a subsidiary of Twinings which acquired the brand from Novartis in 2002, except in the United States where Nestlé acquired the rights separately from Novartis later on.",The company that manufactured PDQ Chocolate is not a registered trademark of Twinings.,PASS,PASS,Cat2,Negation / Exception,TRUE,CLEAR,Annotator B
RQ3-0139,139,"What is the name of the body double for the character in the television adaptation of George R. R. Martin's ""A Song of Ice and Fire"" series played by Emilia Clarke?","Rosie Mac (born 12 February 1997) is an actress, model and singer from England. She was the body double for Emilia Clarke in her portrayal of Daenerys Targaryen in season five of the HBO series ""Game of Thrones"".Daenerys Targaryen is a fictional character in George R. R. Martin's ""A Song of Ice and Fire"" series of novels, as well as the television adaptation, ""Game of Thrones"", where she is portrayed by Emilia Clarke.",Rosie Mac did not portray Daenerys Targaryen in Game of Thrones.,PASS,FAIL,Cat2,Negation / Exception,TRUE,CLEAR,Annotator B
RQ3-0140,140,Who got rid of the romans in britain?,"End of Roman rule in Britain The end of Roman rule in Britain was the transition from Roman Britain to post-Roman Britain. Roman rule ended in different parts of Britain at different times, and under different circumstances. In 383, the usurper Magnus Maximus withdrew troops from northern and western Britain, probably leaving local warlords in charge. Around 410, the Romano-British expelled the magistrates of the usurper Constantine III, ostensibly in response to his failures to use the Roman garrison he had stripped from Britain to protect the island. Roman Emperor Honorius replied to a request for assistance with the ""Rescript

the Romano-Britons to revolt. Regarding the events of 409 and 410 when the Romano-Britons expelled Roman officials and sent a request for aid to Honorius, Michael Jones (""The End of Roman Britain"", 1998) offered a different chronology to the same end result: he suggested that the Britons first appealed to Rome and when no help was forthcoming, they expelled the Roman officials and took charge of their own affairs. One theory that occurs in some modern histories concerns the ""Rescript of Honorius"", holding that it refers to the cities of the Bruttii (who lived at the ""toe"" of Italy in

Roman Britain Roman Britain ( or, later, """", ""the Britains"") was the area of the island of Great Britain that was governed by the Roman Empire, from 43 to 410 AD. It comprised almost all of England and Wales and, for a short period, southern Scotland. Julius Caesar invaded Britain in 55 and 54 BC as part of his Gallic Wars. According to Caesar, the Britons had been overrun or culturally assimilated by other Celtic tribes during the British Iron Age and had been aiding Caesar's enemies. He received tribute, installed a friendly king over the Trinovantes, and returned to

settle in the British Isles along with other people from various parts of the Roman Empire. They came as far back as 55 and 54 BC when Julius Caesar (initially landing in Deal) led expeditionary campaigns in the south-east of England, and then again in AD 43 when Emperor Claudius invaded and subsequently conquered the British islands. Historian Theodore Mommsen calculated that in the five centuries of Roman presence in the British isles, more than 50,000 Roman soldiers (mainly from The Balkans) moved to live permanently in Roman Britain. Continuous contact with Rome and the Catholic world was initially restricted

those major supporters who had not turned against him, and he himself was assassinated. There are various interpretations that characterise the events in a way that supports a particular thesis without taking issue with the basic chronology. The historian Theodor Mommsen (""Britain"", 1885) said that ""It was not Britain that gave up Rome, but Rome that gave up Britain ..."", arguing that Roman needs and priorities lay elsewhere. Michael Jones (""The End of Roman Britain"", 1998) took the opposite view, saying that it was Britain that left Rome, arguing that numerous usurpers based in Britain combined with poor administration caused",Roman rule ended in different parts of Britain at different times.,PASS,PASS,Cat3,Quantifier / Boundary,TRUE,CLEAR,Annotator B
RQ3-0141,141,"This character appeared in comics published by Marvel, one of his adversaries were Flag-Smasher and was created by Rob Liefeld. Who was the other creatore of this character?","The original was most often a foe of Captain America while other adversaries of the Flag-Smasher include The Punisher, Moon Knight, Ghost Rider, The Runaways, The Liberteens and Deadpool.Deadpool (Wade Winston Wilson) is a fictional antihero appearing in American comic books published by Marvel Comics. Created by artist/writer Rob Liefeld and writer Fabian Nicieza, the character first appeared in ""The New Mutants"" #98 (cover-dated February 1991).",Rob Liefeld was not Deadpool's sole creator.,PASS,FAIL,Cat2,Negation / Exception,TRUE,CLEAR,Annotator B
RQ3-0142,142,"Which is a heavy metal band, Gary Braver or System of a Down?","System of a Down, sometimes shortened to System and abbreviated as SOAD, is an Armenian-American heavy metal band from Glendale, California, formed in 1994.Gary Goshgarian known by his pen name Gary Braver is an English professor at Northeastern University (Boston), United States, where he teaches courses in science fiction, modern bestsellers, horror fiction, and fiction writing.",Gary Braver is not a heavy metal band.,PASS,PASS,Cat2,Negation / Exception,TRUE,CLEAR,Annotator B
RQ3-0143,143,"Kellas, Moray is a village that gave its name to a feline that was first discovered in what year?","The Kellas cat is named after this village. Once thought to be a mythological wild cat, with its few sightings dismissed as hoaxes, a specimen was killed by being caught in a snare in 1984 by a gamekeeper named Ronnie Douglas and found to be a hybrid between wild and domestic sub-species of ""Felis silvestris"".",The Kellas cat was not merely a mythological wild cat.,PASS,FAIL,Cat2,Negation / Exception,TRUE,CLEAR,Annotator B
RQ3-0144,144,"Which dog type is of the spitz type, Ariegeois or Norwegian Buhund?","The Ariegeois is a breed of dog from the ""département"" of Ariège in the Midi-Pyrenées region of southern France.The Norwegian Buhund is a breed of dog of the spitz type.",The Norwegian Buhund is not outside the spitz type.,PASS,PASS,Cat2,Negation / Exception,TRUE,CLEAR,Annotator B
RQ3-0145,145,The pansexual pride flag is used to increase visibility and recognition for people who may refer to theselves as what?,"The pansexual pride flag was designed as a symbol for the pansexual community to use. The pansexual pride flag is used to increase visibility and recognition for the pansexual community, and to distinguish it from bisexuality.Pansexuality, or omnisexuality, is the sexual, romantic or emotional attraction towards people regardless of their sex or gender identity. Pansexual people may refer to themselves as gender-blind, asserting that gender and sex are not determining factors in their romantic or sexual attraction to others.",Pansexual people may refer to themselves as gender-blind.,PASS,PASS,Cat1,Entity / Alias / Lexical Relation,TRUE,CLEAR,Annotator B
RQ3-0146,146,"Who is an American musician, Peter Chelsom or Billy Bob Thornton?","Peter Chelsom (born 20 April 1956) is a British film director, writer, and actor.William Robert ""Billy Bob"" Thornton (born August 4, 1955) is an American actor, filmmaker, singer, songwriter, and musician.",Peter Chelsom is not an American musician.,PASS,PASS,Cat2,Negation / Exception,TRUE,CLEAR,Annotator B
RQ3-0147,147,"Who is the former professional tennis player from Italy, Chris Evert or Mara Santangelo?","Christine Marie Evert (born December 21, 1954), known as Chris Evert Lloyd from 1979 to 1987, is a former World No. 1 professional tennis player from the United States.Mara Santangelo (born 28 June 1981) is a former professional tennis player from Italy.",Chris Evert is not from Italy.,PASS,PASS,Cat2,Negation / Exception,TRUE,CLEAR,Annotator B
RQ3-0148,148,"The Mexican Cession of 1848 is a historical name in the United States for the region of the modern day southwestern United States that Mexico ceded to the U.S. in the Treaty of Guadalupe Hidalgo in 1848, it had not been part of the areas east of the Rio Grande which had been claimed by the Republic of Texas, though the Texas annexation resolution in which year,incorporation of the Republic of Texas into the United States of America, which was admitted to the Union as the 28th state, had not specified the southern and western boundary of Texas?"," It had not been part of the areas east of the Rio Grande which had been claimed by the Republic of Texas, though the Texas annexation resolution two years earlier had not specified the southern and western boundary of Texas.The Texas annexation was the 1845 incorporation of the Republic of Texas into the United States of America, which was admitted to the Union as the 28th state on December 29, 1845.",The Texas annexation resolution failed to specify the geographical boundary.,PASS,FAIL,Cat2,Negation / Exception,TRUE,CLEAR,Annotator B
RQ3-0149,149,Which  international border is San Ysidro Port of Entry at,"South of this station is the San Ysidro Port of Entry at the Mexico–United States border.The Mexico–United States border is an international border separating Mexico and the United States, extending from the Pacific Ocean to the west and Gulf of Mexico to the east.",The San Ysidro Port of Entry is not on the Canada–United States border; it is on the Mexico–United States border.,PASS,PASS,Cat2,Negation / Exception,TRUE,CLEAR,Annotator B
RQ3-0150,150,Who was You Make Loving Fun written about?,"You Make Loving Fun ""You Make Loving Fun"" is a song written and sung by Christine McVie of the British-American band Fleetwood Mac. It was released as the fourth and final 45 rpm single from the band's album ""Rumours"" in 1977; its fourth top-ten hit, the song peaked at number nine on the ""Billboard"" Hot 100. The song was inspired by an affair McVie had with the band's lighting director, Curry Grant. ""To avoid flare-ups"", she told her then-husband John McVie that the song was about her dog; he found out later what it was really about. On the American

""New York Post"" she remarked that she wanted it to be the third US single from the album, but instead ""Don't Stop"" was chosen, which boosted the album's commercial success in the US and the UK. The song also utilizes descending seconds in its chord progression. ""You Make Loving Fun"" was a concert staple for Fleetwood Mac and was played during every tour involving Christine McVie from 1976 until 1997, a year before McVie's departure from the band and retirement from touring. It has since been revived for Fleetwood Mac's 2014-2015 tour when McVie rejoined the band. You Make Loving

troubled, relationships. According to Christine McVie, the fact that the lyricists were extensively focusing on the various separations became apparent to the band only with hindsight. ""You Make Loving Fun"" is about her boyfriend, Fleetwood Mac's lighting director, after she split from John. Nicks' ""Dreams"" details a breakup and has a hopeful message, while Buckingham's similar effort in ""Go Your Own Way"" is more pessimistic. After a short fling with a New England woman, he was inspired to write ""Never Going Back Again"", a song about the illusion of thinking that sadness will never occur again once feeling content with","""You Make Loving Fun"" was not actually written about Christine McVie's dog.",PASS,PASS,Cat2,Negation / Exception,FALSE,CLEAR,Annotator B
RQ3-0151,151,"who voiced the  cartoon character in the animated television series which , Pablo Aurrecochea wears kits adorned with its cartoon characters"," He is usually known for wearing kits adorned with cartoon characters such as Tom and Jerry, Krusty the Clown, The Incredible Hulk, and others.Herschel Shmoikel Pinchas Yerucham Krustofsky, better known as Krusty the Clown (sometimes spelled as Krusty the Klown), is a cartoon character in the animated television series ""The Simpsons"". He is voiced by Dan Castellaneta.",The voice actor was not disclosed.,PASS,PASS,Cat2,Negation / Exception,FALSE,CLEAR,Annotator B
RQ3-0152,152,In what year was Archduke Franz Ferdinand assassinated during the July Crisis?," Immediately after Gavrilo Princip, a Slavic nationalist, assassinated Archduke Franz Ferdinand, heir presumptive to the Austro-Hungarian throne, in Sarajevo, a series of diplomatic manoeuvres led to an ultimatum from Austria-Hungary to the Kingdom of Serbia, and eventually to war.Franz Ferdinand Carl Ludwig Joseph Maria (18 December 1863 – 28 June 1914) was an Archduke of Austria-Este, Austro-Hungarian and Royal Prince of Hungary and of Bohemia and, from 1896 until his death, heir presumptive to the Austro-Hungarian throne.",Archduke Franz Ferdinand was not assassinated in 1914.,PASS,PASS,Cat2,Negation / Exception,FALSE,CLEAR,Annotator B
RQ3-0153,153,Tulapur is a village in which second largest city in Maharashtra?,"Tulapur is a village in Pune district, Maharashtra, India associated with the last moments of Chhatrapati Sambhaji Maharaj, Son of Chhatrapati Shivaji.Pune (] ; spelled ""Poona"" during British rule) is the second largest city in the Indian state of Maharashtra and the seventh most populous city in the country.",Tulapur is not located in Maharashtra.,PASS,PASS,Cat2,Negation / Exception,FALSE,CLEAR,Annotator B
RQ3-0154,154,"In which newspaper was the short story published, of which the film Maniac is a loose adaptation ?","Maniac, also known as Sex Maniac, is a 1934 black-and-white exploitation/horror film, directed by Dwain Esper and written by Hildagarde Stadie, Esper's wife, as a loose adaptation of the Edgar Allan Poe story ""The Black Cat"", with references to his ""Murders in the Rue Morgue"". It was first published in the August 19, 1843, edition of ""The Saturday Evening Post"".",The short story was not originally published in any particular newspaper.,PASS,PASS,Cat2,Negation / Exception,FALSE,CLEAR,Annotator B
RQ3-0155,155,"Which Major League Baseball did this Dominican former professional baseball player, whom the Indians gave up in exchange for Bruce Ellingsen wth the Dodgers, play in 1985 (other than the Dodgers)?"," For Ellingsen, the Indians gave up Pedro Guerrero, then a 17-year-old with one year of professional experience with the Rookie-classification Gulf Coast Indians.Pedro Guerrero (born June 29, 1956) is a Dominican former professional baseball player. He played all or part of fifteen seasons in Major League Baseball from 1978 to 1992 with the Los Angeles Dodgers and St. Louis Cardinals.",Pedro Guerrero did not play in Major League Baseball in 1985.,PASS,PASS,Cat2,Negation / Exception,FALSE,CLEAR,Annotator B
RQ3-0156,156,Second album The Message and its single It Was Written are by which rapper?,"""The Message"" is the third and final single from rapper Nas' second album ""It Was Written"".It Was Written is the second studio album by American rapper Nas, released July 2, 1996 on Columbia Records in the United States.",Nas did not release the album It Was Written.,PASS,PASS,Cat2,Negation / Exception,FALSE,CLEAR,Annotator B
RQ3-0157,157,"Downton is a civil parish in Herefordshire, located in the north of the county and containing the village of Downton-on-the-Rock, in which manuscript record of the ""Great Survey"" of much of England and parts of Wales completed in 1086, Downton is referred to as ""Duntune"", meaning ""hill settlement""?"," In the Domesday Book Downton is referred to as ""Duntune"", meaning ""hill settlement"".Domesday Book ( or ; Latin: ""Liber de Wintonia"" ""Book of Winchester"") is a manuscript record of the ""Great Survey"" of much of England and parts of Wales completed in 1086 by order of King William the Conqueror.",The Domesday Book does not refer to Downton.,PASS,PASS,Cat2,Negation / Exception,FALSE,CLEAR,Annotator B
RQ3-0158,158,When was the railroad opened which is north to the Bates Pond?,"Bates Pond is a 20 acre pond in Carver, Massachusetts. The pond is located south of Edaville Railroad.Edaville Railroad is a heritage railroad in South Carver, Massachusetts, opened in 1947.","Edaville Railroad is a heritage railroad in North Carver, Massachusetts.",PASS,FAIL,Cat1,Entity / Alias / Lexical Relation,FALSE,CLEAR,Annotator B
RQ3-0159,159,"What  Indian people living near Rock Hill, South Carolina was Fort Dobbs meant to protect against?"," It was intended to provide protection against Cherokee, Catawba, Shawnee, Delaware and French raids into North Carolina.The Catawba, also known as Issa or Essa or Iswä but most commonly Iswa (Catawba: ""iswa"" - “people of the river”), are a federally recognized tribe of Native Americans, known as the Catawba Indian Nation. They live in the Southeast United States, along the border of North Carolina near the city of Rock Hill, South Carolina.",Fort Dobbs was not built to protect against the Catawba.,PASS,PASS,Cat2,Negation / Exception,FALSE,CLEAR,Annotator B
RQ3-0160,160,Where is the school which is football rivalry of the The Hill School located?,"Since 1887, two of the oldest public schools in the United States, the Boston Latin School and English High School of Boston, have faced off in an annual football rivalry which now takes place on Thanksgiving day at Harvard Stadium. The rivalry is the oldest continuous high school football rivalry in the U.S, and fifth longest all time behind Phillips Academy versus Phillips Exeter Academy, Wellesley, Massachusetts versus Needham, Massachusetts, New London, Connecticut versus Norwich Free Academy in Norwich, Connecticut, and Lawrenceville School vs. The Hill School. The school is located on 700 acre in the historic Lawrenceville section of Lawrence Township, in Mercer County, New Jersey, United States.","The school in the football rivalry with The Hill School is not located in the historic Lawrenceville section of Lawrence Township, New Jersey.",PASS,PASS,Cat2,Negation / Exception,FALSE,CLEAR,Annotator B
RQ3-0161,161,What Beatles song recorded in 1963 was used to close out the each episode of the television show Young Talent Time?,"After his pop career ended returned to TV where he presented and produced the popular television show, ""Young Talent Time"", which screened on Network Ten from 1971 to 1988 – it launched the careers of teen pop stars Jamie Redfern, Debra Byrne, Dannii Minogue and Tina Arena – typically each episode closed with a sing-along rendition of The Beatles song ""All My Loving"".""All My Loving"" is a song by the English rock band the Beatles, written by Paul McCartney (credited to Lennon–McCartney), from the 1963 album ""With the Beatles"".",Young Talent Time did not typically close each episode with The Beatles' song All My Loving.,PASS,PASS,Cat2,Negation / Exception,FALSE,CLEAR,Annotator B
RQ3-0162,162,"Was the date that the album on which ""There's No Home for You Here"" appeared was released?","""There's No Home for You Here"" is a song by American alternative rock band The White Stripes, featured on their 2003 fourth studio album ""Elephant"".Elephant is the fourth album by the American alternative rock duo The White Stripes. Released on April 1, 2003 on V2 Records, its release garnered near unanimous critical acclaim and commercial success, garnering a nomination for Album of the Year and a win for Best Alternative Music Album at the 46th Grammy Awards in 2004, peaking at No. 6 in the US ""Billboard"" charts and topping the UK album charts.","The album ""There's No Home for You Here"" appeared on was not released in 2003.",PASS,PASS,Cat2,Negation / Exception,FALSE,CLEAR,Annotator B
RQ3-0163,163,Both Corydalis and Cedrus are what level of classification in the naming system?,"Corydalis (Greek ""korydalís"" ""crested lark"") is a genus of about 470 species of annual and perennial herbaceous plants in the Papaveraceae family, native to the temperate Northern Hemisphere and the high mountains of tropical eastern Africa.Cedrus (common English name cedar) is a genus of coniferous trees in the plant family Pinaceae.",Corydalis and Cedrus are not at the same taxonomic rank.,PASS,PASS,Cat2,Negation / Exception,FALSE,CLEAR,Annotator B
RQ3-0164,164,Who directed a 2011 British horror film starring an actress who trained at Royal Academy of Dramatic Art?,"The Awakening is a 2011 British horror film directed and co-written by Nick Murphy, starring Rebecca Hall, Dominic West, Isaac Hempstead-Wright and Imelda Staunton.Imelda Mary Philomena Bernadette Staunton, CBE (born 9 January 1956) is an English stage and screen actress. After training at the Royal Academy of Dramatic Art, Staunton began her career in repertory theatre in the 1970s before appearing in seasons at various theatres in the UK.",Nick Murphy did not direct the 2011 British horror film The Awakening.,PASS,PASS,Cat2,Negation / Exception,FALSE,CLEAR,Annotator B
RQ3-0165,165,Which director with the middle name Jerome helped work which movie with Roger Avary?,"He worked on ""Reservoir Dogs"" and ""Pulp Fiction"", for which he and Quentin Tarantino were awarded the Oscar for Best Original Screenplay at the 67th Academy Awards.Quentin Jerome Tarantino ( ; born March 27, 1963) is an American director, writer, and actor.",Quentin Tarantino did not work with Roger Avary on Pulp Fiction.,PASS,PASS,Cat2,Negation / Exception,FALSE,CLEAR,Annotator B
RQ3-0166,166,"Which song ,written by Mitchell Torok , catapulted ""Gentleman Jim"" to stardom?","He also wrote ""Mexican Joe"", which catapulted Jim Reeves to stardom. Known as ""Gentleman Jim"", his songs continued to chart for years after his death.","""Mexican Joe"" did not catapult ""Gentleman Jim"" Reeves to stardom.",PASS,PASS,Cat2,Negation / Exception,FALSE,CLEAR,Annotator B
RQ3-0167,167,"What character did Yaani King play in the crime drama starring Holly Hunter and Leon Rippy, set in Oklahoma City?","Yaani King (born August 10, 1981) is an American actress, known for her role as Neely Lloyd in the TNT crime drama series ""Saving Grace"". The show stars Holly Hunter as well as Leon Rippy, Kenny Johnson, Laura San Giacomo, Bailey Chase, Bokeem Woodbine, Gregory Norman Cruz and Yaani King.","Yaani King played Neely Lloyd in ""Saving Grace"".",PASS,PASS,Cat1,Entity / Alias / Lexical Relation,TRUE,CLEAR,Annotator B
RQ3-0168,168,The motorway reffered to as the Mid Wirral Motorway is located in a suburb known for which buildings?," Westminster is famous for its terraced houses and the Joseph Groome Towers, three thirteen-storey tower blocks built as public housing . It can also be referred to as the Mid Wirral Motorway.",The motorway referred to as the Mid Wirral Motorway is not located near any particular buildings.,PASS,PASS,Cat2,Negation / Exception,FALSE,CLEAR,Annotator B
RQ3-0169,169,Who is the president of the airline Hana Hou! is published for?,"Hana Hou! It is published for Hawaiian Airlines by Honolulu-based Pacific Travelogue Inc. Hawaiian Airlines is owned by Hawaiian Holdings, Inc. of which Mark Dunkerley is the current President and Chief Executive Officer.","""Hana Hou!"" is published for Hawaiian Airlines.",PASS,FAIL,Cat1,Entity / Alias / Lexical Relation,TRUE,CLEAR,Annotator B
RQ3-0170,170,E'Shun Melvin was the voice of Young Boyd on Teen Wolf  developed by Jeff Davis for what television network," He is best known for his role as Noah on the BET original comedy television series Real Husbands of Hollywood, and for providing the voice of Young Boyd on Teen Wolf.Teen Wolf is an American television series developed by Jeff Davis for MTV.",Teen Wolf was not developed for MTV.,PASS,PASS,Cat2,Negation / Exception,FALSE,CLEAR,Annotator B
RQ3-0171,171,"Known for his voice-over as ""Ren and Stimpy"", this actor also voiced what character on ""Futurama""?","Philip J. Fry, commonly known simply by his surname Fry, (August 14, 1974) is a fictional character and the main protagonist of the animated sitcom ""Futurama"". He has done hundreds of voice-overs in his career such as Ren (season 3 to season 5) and Stimpy on ""The Ren & Stimpy Show""; Doug Funnie and Roger Klotz on ""Doug""; and Philip J. Fry, Professor Farnsworth, Dr. Zoidberg, Zapp Brannigan and a number of others on ""Futurama"".",The voice actor known for Ren and Stimpy did not voice Philip J. Fry on Futurama.,PASS,PASS,Cat2,Negation / Exception,FALSE,CLEAR,Annotator B
RQ3-0172,172,"During Which debt crises did PIGS  used to refer to the economies of Portugal, Ireland, Greece, and Spain, four EU member states"," During the European debt crisis, the term was also increasingly used to refer to the economies of Portugal, Ireland, Greece, and Spain, four EU member states that were unable to refinance their government debt or to bail out over-indebted banks on their own during the crisis.The European debt crisis (often also referred to as the Eurozone crisis or the European sovereign debt crisis) is a multi-year debt crisis that has been taking place in the European Union since the end of 2009.",The term PIGS was not used.,PASS,PASS,Cat2,Negation / Exception,FALSE,CLEAR,Annotator B
RQ3-0173,173,"The actress that plays Karen van der Beek on ""Californication"" plays what role on the series ""Believe""?"," The film also stars Natascha McElhone as Erica Gallagher, Anne Reid as Jean Busby and Toby Stephens as Georgie's prospective headmaster. In addition, she is well known for her role as Karen van der Beek on the Showtime series ""Californication"".","The actress that plays Karen van der Beek on ""Californication"" does not appear on the series ""Believe"".",PASS,PASS,Cat2,Negation / Exception,FALSE,CLEAR,Annotator B
RQ3-0174,174,"What U.S Highway gives access to Zilpo Road, and is also known as Midland Trail?"," The nine mile byway starts south of Morehead, Kentucky and can be accessed by U.S. Highway 60.Morehead is a home rule-class city located along US 60 (the historic Midland Trail) and Interstate 64 in Rowan County, Kentucky, in the United States.",US 60 is not known as Midland Trail.,PASS,PASS,Cat2,Negation / Exception,FALSE,CLEAR,Annotator B
RQ3-0175,175,Kerry Hilson wrote songs for which female group started in Los Angeles?,"She attended Oxford College of Emory University in Georgia, while she continued writing songs for artists, including Britney Spears, The Pussycat Dolls, and Mary J. Blige, with the production and songwriting team, The Clutch.The Pussycat Dolls was an American girl group and dance ensemble, founded in Los Angeles, California, by choreographer Robin Antin in 1995 as a burlesque troupe.",Keri Hilson did not write songs for The Pussycat Dolls.,PASS,PASS,Cat2,Negation / Exception,FALSE,CLEAR,Annotator B
RQ3-0176,176,"Josefina Villamil Tinajero is a Mexican-American educator and author, she has worked as a professor of bilingual education at which public research university in El Paso, Texas, United States?","Tinajero has served as president of the National Association for Bilingual Education (NABE) and has worked as a professor of bilingual education at the University of Texas at El Paso (UTEP).The University of Texas at El Paso (UTEP) is a public research university in El Paso, Texas, United States.",Josefina Villamil Tinajero did not work as a professor of bilingual education at the University of Texas at El Paso.,PASS,PASS,Cat2,Negation / Exception,FALSE,CLEAR,Annotator B
RQ3-0177,177,What power ballad by the British-American rock band Foreigner was also in the Agent Provocateur album?," Although album sales were lower than their previous work in the U.S., it contains the band's biggest hit single, ""I Want to Know What Love Is"", which is their only #1 single in the UK and the U.S., staying at the top spot for three and two weeks respectively.""I Want to Know What Love Is"" is a power ballad by the British-American rock band Foreigner.","""I Want to Know What Love Is"" was not in the Agent Provocateur album.",PASS,PASS,Cat2,Negation / Exception,FALSE,CLEAR,Annotator B
RQ3-0178,178,Ray Winstone appeared in what 2005 French-British computer-animated adventure fantasy that was based on a TV series?," He has appeared in films such as ""Cold Mountain"", ""Nil By Mouth"", ""King Arthur"", ""The Magic Roundabout"", ""The Departed"", ""Beowulf"", ""Indiana Jones and the Kingdom of the Crystal Skull"", ""Edge of Darkness"", ""The Sweeney"" and ""Noah"".The Magic Roundabout (released in France as Pollux - Le manège enchanté and redubbed in the United States as Doogal or The Lord of the Springs) is a 2005 French-British computer-animated adventure fantasy film based on the television series ""The Magic Roundabout"".",Ray Winstone did not appear in The Magic Roundabout.,PASS,PASS,Cat2,Negation / Exception,FALSE,CLEAR,Annotator B
RQ3-0179,179,"Which band's song was used as the theme at the Pepsi Arena on January 8, 2006?","""Stricken"" is a song by the American heavy metal band Disturbed. ""Stricken"" was used as official theme for WWE's PPV New Year's Revolution, in 2006.New Year's Revolution (2006) was the second annual New Year's Revolution pay-per-view (PPV) event produced by World Wrestling Entertainment (WWE). It took place on January 8, 2006, at the Pepsi Arena in Albany, New York and starred talent from the Raw brand.",The song used at Pepsi Arena was not from Disturbed.,PASS,PASS,Cat2,Negation / Exception,FALSE,CLEAR,Annotator B
RQ3-0180,180,"The 2000–01 NBA season was the Jazz's 27th season in the National Basketball Association, and 22nd season in Salt Lake City, Utah, after the retirement of Jeff Hornacek, the Jazz signed free agents John Starks, and who?"," After the retirement of Jeff Hornacek, the Jazz signed free agents Danny Manning and John Starks, and acquired Donyell Marshall from the Golden State Warriors in an offseason four-team trade.John Levell Starks (born August 10, 1965) is an American retired professional basketball shooting guard.",The Jazz did not sign any other free agents.,PASS,PASS,Cat2,Negation / Exception,FALSE,CLEAR,Annotator B
RQ3-0181,181,"The Riot Club is a 2014 British drama film directed by Lone Scherfig and written by Laura Wade, the Riot Club was often described as a thinly veiled version of which exclusive but unofficial all-male students' dining club based in Oxford, called?","When the play ""Posh"" premiered, the Riot Club was often described as a thinly veiled version of the real-life Bullingdon Club, or High Trees Society, although according to Wade it is entirely fictitious.The Bullingdon Club is an exclusive but unofficial all-male students' dining club based in Oxford.",The Riot Club was not described as a thinly veiled version of the Bullingdon Club.,PASS,PASS,Cat2,Negation / Exception,FALSE,CLEAR,Annotator B
RQ3-0182,182,"Which song was written and produced by Rihanna and Verse Simmonds on Rihanna's fifth studio album ""Loud?"""," The duo has since co-written and produced tracks such as ""Man Down"" by Rihanna and ""Who Gon Stop Me"" by Kanye West and Jay-Z, both of which charted prominently on ""Billboard"".""Man Down"" is a song by Barbadian singer Rihanna from her fifth studio album, ""Loud"" (2010).","""Man Down"" is not a collaboration between Rihanna and Verse Simmonds.",PASS,PASS,Cat2,Negation / Exception,FALSE,CLEAR,Annotator B
RQ3-0183,183,"""I Gotcha Now"" is a song featuring strings similar to a song released on what date?","""I Gotcha Now"" is a song written by Lynsey de Paul and released as a single by Zakatek (Lenny Zakatek) on the Bell Records label on 2 March 1973. The song features a pounding piano (possibly played by de Paul), fuzz guitar and ""I Am the Walrus""-esque strings.""I Am the Walrus"" is a song by the Beatles released in November 1967.","""I Am the Walrus"" was not released in November 1967.",PASS,PASS,Cat2,Negation / Exception,FALSE,CLEAR,Annotator B
RQ3-0184,184,Who had a pre-excitation syndrome of the heart named after him and introduced a new use for the drug lidocaine?,"Lown–Ganong–Levine syndrome (LGL) is a pre-excitation syndrome of the heart due to abnormal electrical communication between the atria and the ventricles. The syndrome is named after Bernard Lown, William Francis Ganong, Jr., and Samuel A. Levine. Lown developed the direct current defibrillator for cardiac resuscitation and the cardioverter for correcting rapid disordered heart rhythms, and introduced a new use for the drug lidocaine to control heartbeat disturbances.",Bernard Lown did not introduce a new use for lidocaine to control heartbeat disturbances.,PASS,PASS,Cat2,Negation / Exception,FALSE,CLEAR,Annotator B
RQ3-0185,185,How many British ships were named Scipio the African?,"Two ships of the British Royal Navy have borne the name HMS ""Scipion"", after the French term for the Roman general Scipio Africanus:Publius Cornelius Scipio Africanus (236–183 BC), also known as Scipio the African, Scipio Africanus-Major, Scipio Africanus the Elder and Scipio the Great, was a Roman general and later consul who is often regarded as one of the greatest generals and military strategists of all time.",Scipio Africanus was never honored by the British Royal Navy.,PASS,PASS,Cat2,Negation / Exception,FALSE,CLEAR,Annotator B
RQ3-0186,186,The last team that footballer Lukas Sinkiewicz played for was in what city?,"He last played for SSV Jahn Regensburg.Sport- und Schwimmverein Jahn Regensburg e. V., commonly known as SSV Jahn Regensburg, Jahn Regensburg, SSV Jahn or simply Jahn is a German football club based in Regensburg, Bavaria.","SSV Jahn Regensburg is not based in Regensburg, Bavaria.",PASS,PASS,Cat2,Negation / Exception,FALSE,CLEAR,Annotator B
RQ3-0187,187,Which of the following airports can be accessed from Fairbanks via the Elliot and Dalton highways: Deadhorse Airport or Evansville Regional Airport?,"Deadhorse Airport (IATA: SCC, ICAO: PASC, FAA LID: SCC) is a public airport located in Deadhorse on the North Slope of Alaska. It can be accessed from Fairbanks via the Elliott and Dalton highways.Evansville Regional Airport (IATA: EVV, ICAO: KEVV, FAA LID: EVV) is three miles north of Evansville, in Vanderburgh County, Indiana, United States.",Neither airport can be accessed from Fairbanks.,PASS,PASS,Cat2,Negation / Exception,FALSE,CLEAR,Annotator B
RQ3-0188,188,Which of the founder of Basque artistic group was a Spanish Basque sculptor?,"Gaur ('today' in Basque) was a Basque artistic group founded in 1966 by Amable Arias, Rafael Ruiz Balerdi, Nestor Basterretxea, Eduardo Chillida, Remigio Mendiburu, Jorge Oteiza, José Antonio Sistiaga, and José Luis Zumeta.Eduardo Chillida Juantegui, or Eduardo Txillida Juantegi in Basque, (10 January 1924 – 19 August 2002) was a Spanish Basque sculptor notable for his monumental abstract works.",Eduardo Chillida was not the founder of the Basque artistic group.,PASS,PASS,Cat2,Negation / Exception,FALSE,CLEAR,Annotator B
RQ3-0189,189,Wayne's World featured the actor who was a member of what Chicago comedy troupe?," It also features Rob Lowe, Tia Carrere, Lara Flynn Boyle, Brian Doyle-Murray, Chris Farley, Ed O'Neill, Ione Skye, Meat Loaf, and Alice Cooper. Farley was known for his loud, energetic comedic style, and was a member of Chicago's Second City Theatre and later a cast member of the NBC sketch comedy show ""Saturday Night Live"" between 1990 and 1995.",Farley was not in Wayne's World.,PASS,PASS,Cat2,Negation / Exception,FALSE,CLEAR,Annotator B
RQ3-0190,190,Madge Ryan had a film role in which CinemaScope and Technicolor musical film featuring Cliff Richard?," Her film appearances included ""Summer Holiday"" (1963), ""A Clockwork Orange"" (1971), ""Frenzy"" (1972), and ""Who Is Killing the Great Chefs of Europe?Summer Holiday is a British CinemaScope and Technicolor musical film featuring singer Cliff Richard.","Madge Ryan did not feature in ""Summer Holiday"".",PASS,PASS,Cat2,Negation / Exception,FALSE,CLEAR,Annotator B
RQ3-0191,191,The real life person that James Woods' character is based on in the television film In Love and War was awarded what medal?,"In Love and War (1987) is a Vietnam war-based thriller/drama television film starring James Woods and Jane Alexander. The film is based on the true story of James Stockdale and Sybil Stockdale.James Bond Stockdale (December 23, 1923July 5, 2005) was a United States Navy vice admiral and aviator awarded the Medal of Honor in the Vietnam War, during which he was an American prisoner of war for over seven years.",James Stockdale was not awarded the Medal of Honor.,PASS,PASS,Cat2,Negation / Exception,FALSE,CLEAR,Annotator B
RQ3-0192,192,When did this American Southern rock band with multiple guitar players and a heavy metal drummer reach it's peak?,"Tommy Aldridge (born August 15, 1950) is an American heavy metal and hard rock drummer. Aldridge is noted for his work with numerous bands and artists since the 1970s, such as Black Oak Arkansas, Pat Travers Band, Ozzy Osbourne, Gary Moore, Whitesnake, Ted Nugent, Thin Lizzy, Vinnie Moore & Yngwie Malmsteen.Black Oak Arkansas is an American Southern rock band named after the band's hometown of Black Oak, Arkansas. Their style is punctuated by multiple guitar players and the raspy voice and on-stage antics of vocalist Jim ""Dandy"" Mangrum.",Black Oak Arkansas never reached its peak.,PASS,PASS,Cat2,Negation / Exception,FALSE,CLEAR,Annotator B
RQ3-0193,193,What nationality is the actress who played the role of Sam Sloan's wife Trudy in the sitcom The Single Guy ?," The series also starred Joey Slotnick as Eliot's best friend Sam Sloan, Ming-Na Wen as Sam's wife Trudy and Ernest Borgnine as doorman Manny, throughout its entire run.Ming-Na Wen (; born November 20, 1963) is an American actress.",Trudy's nationality in The Single Guy is never explicitly revealed.,PASS,PASS,Cat2,Negation / Exception,FALSE,CLEAR,Annotator B
RQ3-0194,194,"Heidi Newfield and Tim Rushlow, have which nationality?","Heidi Newfield (born October 4, 1970) is an American country music artist.Timothy Ray ""Tim"" Rushlow (born October 6, 1966) is an American country music artist.",Heidi Newfield is an American country music artist.,PASS,PASS,Cat1,Entity / Alias / Lexical Relation,TRUE,CLEAR,Annotator B
RQ3-0195,195,"Richard Conte appeared in which 1960 heist film, famously filled with Rat Pack stars?"," He appeared in more than 100 films from the 1940s through 1970s, including ""I'll Cry Tomorrow"", ""Ocean's 11"", and ""The Godfather"".Ocean's 11 is a 1960 heist film directed by Lewis Milestone and starring five Rat Packers: Peter Lawford, Frank Sinatra, Dean Martin, Sammy Davis, Jr. and Joey Bishop.",Richard Conte was not in Ocean's 11.,PASS,PASS,Cat2,Negation / Exception,FALSE,CLEAR,Annotator B
RQ3-0196,196,"Of the film directors Kenji Mizoguchi and Andrzej Żuławski, which one often went against mainstream commercialism in his films?","Kenji Mizoguchi (溝口 健二 , Mizoguchi Kenji , May 16, 1898 – August 24, 1956) was a Japanese film director and screenwriter.Andrzej Żuławski (] ; 22 November 1940 – 17 February 2016) was a Polish film director and writer. Żuławski often went against mainstream commercialism in his films, and enjoyed success mostly with European art-house audiences.",Kenji Mizoguchi never went against mainstream commercialism.,PASS,PASS,Cat2,Negation / Exception,FALSE,CLEAR,Annotator B
RQ3-0197,197,"""Movin'"" is a song by Swedish-Congolese singer-songwriter Mohombi, it is the lead singer from his second studio album, ""Universe"", it features Birdman, KMC and ""Movin'"" is a song by Swedish-Congolese singer-songwriter Mohombi, it is the lead singer from his second studio album, ""Universe"", it features Birdman, KMC and Brandon Caskey, an American rapper, from which organization?"," The song features Birdman, Caskey from Cash Money Records, and KMC.Brandon Caskey is an American rapper better known by the mononym Caskey.",Brandon Caskey is not a part of any organization.,PASS,PASS,Cat2,Negation / Exception,FALSE,CLEAR,Annotator B
RQ3-0198,198,Who wrote the music for avatar the last airbender?,"composers Jeremy Zuckerman and Benjamin Wynn. They jointly wrote the music for ""Avatar: The Last Airbender"", but split their roles for ""The Legend of Korra"": Zuckerman composed the music and Wynn was responsible for the sound design. Bryan Konietzko and Mike DiMartino's concept for the score was to blend traditional Chinese music with early jazz. On that basis, Zuckerman and Wynn composed a score combining elements of Dixieland, traditional Chinese music and Western orchestration, performed mainly by a string sextet and various Chinese solo instruments. A soundtrack CD, ""The Legend of Korra: Original Music from Book One"", was released on

in its fictional world in traditional Chinese characters, without translating it. For example, on the ""Wanted"" posters seen in the episode ""The Stakeout"", the names of the protagonists are written as Korra, Mako and Bolin. ""The Legend of Korra"" is set to music by Jeremy Zuckerman, who previously wrote the music for ""Avatar: The Last Airbender"" with Benjamin Wynn. For ""The Legend of Korra"", Zuckerman is the sole composer while Wynn is the lead sound designer; the two collaborate with Foley artist Aran Tanchum and showrunner Mike DiMartino on the soundscape of the series. Konietzko and DiMartino's

Viacom. The season's executive producers and co-creators were Michael Dante DiMartino and Bryan Konietzko, who worked alongside episode director and co-producer Aaron Ehasz. Most of the individual episodes were directed by Ethan Spaulding, Lauren MacMullan and Giancarlo Volpe. Episodes were written by a team of writers, which consisted of Aaron Ehasz, Elizabeth Welch Ehasz, Tim Hedrick, and John O'Bryan, along with creators DiMartino and Konietzko. The season's music was composed by ""The Track Team"", which consists of Jeremy Zuckerman and Benjamin Wynn, who were known to the show's creators because Zuckerman was Konietzko's roommate. In the season's beginning, protagonist Aang

Jeremy Zuckerman Jeremy Zuckerman is an American composer and musician mostly known for composing the score of the TV series """" and its sequel ""The Legend of Korra"". He studied at Berklee College of Music, Boston, and California Institute of the Arts and has collaborated with musicians such as David Lee Roth. Zuckerman is one half of a music and sound design company in Los Angeles called The Track Team. He started this business with co-founder Benjamin Wynn in 2004, as a result of working on Avatar. In 2010, it was confirmed that Zuckerman and Wynn would write the music

The Last Airbender (soundtrack) The Last Airbender is the soundtrack album of the fantasy adventure film ""The Last Airbender"", directed by M. Night Shyamalan. The score was composed by James Newton Howard. It was released on June 29, 2010, by Lakeshore Records. In contrast to the universally negative reviews of the film, the soundtrack has received near universal critical acclaim. Christian Clemmensen of Filmtracks.com gave it a full 5-star rating. Jonathan Broxton of MovieMusicUK also gave it five stars, stating that ""It’s constantly pleasing harmonics, interesting orchestrations, and powerful and heroic themes are thoroughly enjoyable from start to finish, making",Benjamin Wynn did not compose music for Avatar: The Last Airbender.,PASS,PASS,Cat2,Negation / Exception,FALSE,CLEAR,Annotator B
RQ3-0199,199,"What group, who's goal includes the conservation of biological diversity had Ahmed Djoghlaf been Executive Secretary of?","Ahmed Djoghlaf (born 25 November 1953 in Algiers), was the Executive Secretary of the Convention on Biological Diversity under the United Nations Environment Programme (UNEP) until 2012. The Convention has three main goals including: the conservation of biological diversity (or biodiversity); the sustainable use of its components; and the fair and equitable sharing of benefits arising from genetic resources.",Ahmed Djoghlaf was not Executive Secretary of the Convention on Biological Diversity.,PASS,PASS,Cat2,Negation / Exception,FALSE,CLEAR,Annotator B
RQ3-0200,200,"When did the romantic drama based on a 2010 Julie Maroh compete against ""Venus in Fur"" for Best Film?","The 19th Lumières Awards ceremony, presented by the Académie des Lumières, was held on 20 January 2014, at the Espace Pierre Cardin in Paris.Blue Is the Warmest Colour"" won four awards including Best Film. Other winners included ""Me, Myself and Mum"", ""The French Minister"", ""Venus in Fur"", ""Grand Central"", ""Horses of God"" and ""The Young and Prodigious T.S. Spivet"". The premise of ""Blue Is the Warmest Colour"" is based on the 2010 French graphic novel of the same name by Julie Maroh, which was published in North America in 2013.","The romantic drama was not in competition with ""Venus in Fur"".",PASS,PASS,Cat2,Negation / Exception,FALSE,CLEAR,Annotator B
RQ3-0201,201,Who is washington addressing in the atlanta exposition?,"Atlanta Exposition Speech. ""The Atlanta Exposition Address"": The speech that Washington gave to the Atlanta Exposition is printed here in its entirety. He also gives some explanation of the reaction to his speech: first, delight from all, then, slowly, a feeling among African Americans that Washington had not been strong enough in regards to the 'rights' of the race. In time, however, the African-American public would become, once again, generally pleased with Washington's goals and methods for African-American uplift. Washington also speaks about the African-American clergy. He also makes a much disputed statement about voting: ""I believe it is the

recognized as one of the most important and influential speeches in American history. The speech was preceded by the reading of a dedicatory ode written by Frank Lebby Stanton. Washington began with a call to the blacks, who composed one third of the Southern population, to join the world of work. He declared that the South was where blacks were given their chance, as opposed to the North, especially in the worlds of commerce and industry. He told the white audience that rather than relying on the immigrant population arriving at the rate of a million people a year, they

Atlanta Exposition Speech The Cotton States and International Exposition Speech was an address on the topic of race relations given by Booker T. Washington on September 18, 1895. The speech laid the foundation for the Atlanta compromise, an agreement between African-American leaders and Southern white leaders in which Southern blacks would work meekly and submit to white political rule, while Southern whites guaranteed that blacks would receive basic education and due process of law. The speech, presented before a predominantly white audience at the Cotton States and International Exposition (the site of today's Piedmont Park) in Atlanta, Georgia, has been

including such a simile, because it effectively disarmed any immediate threat posed by blacks toward segregation (accommodationism). Atlanta Exposition Speech The Cotton States and International Exposition Speech was an address on the topic of race relations given by Booker T. Washington on September 18, 1895. The speech laid the foundation for the Atlanta compromise, an agreement between African-American leaders and Southern white leaders in which Southern blacks would work meekly and submit to white political rule, while Southern whites guaranteed that blacks would receive basic education and due process of law. The speech, presented before a predominantly white audience at

the city incurred to hold the fair. Booker T. Washington delivered his famous Atlanta Exposition Speech at the Expo, which is ""widely regarded as one of the most significant speeches in American history."" In his speech, Washington pushed for progress but not integration, a point that angered many other black leaders such as W. E. B. Du Bois. Attractions included Buffalo Bill's Wild West Show, the Liberty Bell, and the first public demonstration of C. Francis Jenkins and Thomas Armat's motion picture projection device which they called the Phantoscope. John Philip Sousa's ""King Cotton"" march was created for the expo",Booker T. Washington delivered the Atlanta Exposition Speech before a predominantly white audience.,PASS,PASS,Cat7,Multi-entity / Multi-hop,TRUE,CLEAR,Annotator B
RQ3-0202,202,Man Overboard! is written in the MacGuffin style which uses what?,"As a MacGuffin, the novel centres on a supposedly newly discovered (though possibly fraudulent) reversible chemical process that converts petrol into an inert form which is much safer for transport and storage.In fiction, a MacGuffin (sometimes McGuffin or maguffin) is a plot device in the form of some goal, desired object, or other motivator that the protagonist pursues, often with little or no narrative explanation.",A MacGuffin often has little or no narrative explanation.,PASS,PASS,Cat3,Quantifier / Boundary,TRUE,CLEAR,Annotator B
RQ3-0203,203,"Who directed the 1985 film that details the serial killer who claimed to have killed over 3000 people, and who's confessions often contained inconsistencies or improbable logistics?","Confessions of a Serial Killer is a 1985 American horror film directed by Mark Blair. Preceding """" by one year, the film details a serial killer (based on Henry Lee Lucas) who, after being arrested, confesses to the murders of over 200 women.Henry Lee Lucas (August 23, 1936 – March 12, 2001) was an American serial killer who claimed to have killed over 3000 people; however, his confessions often contained inconsistencies or improbable logistics.","Henry Lee Lucas claimed to have killed over 3,000 people.",PASS,FAIL,Cat3,Quantifier / Boundary,TRUE,CLEAR,Annotator B
RQ3-0204,204,Civil court of the city of new york jurisdictional limit?,"county (borough), but it is a single citywide court. Landlords in New York City may use a blacklist of persons who have appeared in housing court as a plaintiff or defendant. Known among housing advocates and lawyers as the tenant blacklist, it is compiled by tenant-screening database companies from housing court records. The Civil Court has monetary jurisdiction up to $25,000, including replevin when the value of the chattel does not exceed that amount, real property actions such as partitions, and foreclosures within the monetary limit, and also has equity jurisdiction limited to real property actions, ejectment actions, and actions

New York County Court The County Court of the State of New York is a New York State Unified Court System court of general jurisdiction outside New York City. In New York City, criminal and civil matters are heard in the city Criminal Court and Civil Court, respectively, or the state Supreme Court. The court has unlimited criminal jurisdiction and civil jurisdiction where the amount in controversy is no more than $25,000. In many counties, this court primarily hears criminal cases (whereas the Supreme Court primarily hears civil cases), and usually only felonies as lesser crimes are handled by local

criminal matters appeals are to the Court of Appeals only by permission of a judge of the Court of Appeals. New York County Court The County Court of the State of New York is a New York State Unified Court System court of general jurisdiction outside New York City. In New York City, criminal and civil matters are heard in the city Criminal Court and Civil Court, respectively, or the state Supreme Court. The court has unlimited criminal jurisdiction and civil jurisdiction where the amount in controversy is no more than $25,000. In many counties, this court primarily hears criminal

New York City Civil Court The Civil Court of the City of New York is a civil court of the New York State Unified Court System in New York City that decides lawsuits involving claims for damages up to $25,000 and includes a small claims part (small claims court) for cases involving amounts up to $5,000 as well as a housing part (housing court) for landlord-tenant matters, and also handles other civil matters referred by the New York Supreme Court. It handles about 25% of all the New York state and local courts' total filings. The court has divisions by

to rescind or reform a contract not involving more than the $25,000 jurisdictional limit. The court's divisions are by each county (borough). In each division there are a number of court parts established by the Chief Administrative Judge: New York City Civil Court judges are elected countywide or from districts to 10-year terms, with vacancies filled by the mayor and with their service continuing until the last day of December after next election. The Legislature has consistently opted to fill judgeships using the preexisting mixed pattern of countywide and Municipal Court districts— (1) those whose seats were formerly held by","The Civil Court has monetary jurisdiction up to $25,000.",PASS,PASS,Cat3,Quantifier / Boundary,TRUE,CLEAR,Annotator B
RQ3-0205,205,Sinbad starred in what 1997 comedy film?,"David Adkins (born November 10, 1956), better known by his stage name Sinbad, is an American stand-up comedian, actor and musician. He became known in the 1990s from being featured on his own HBO specials, appearing on several television series, and starring in the films ""Necessary Roughness"", ""Houseguest"", ""First Kid"", ""Jingle All the Way"" and ""Good Burger"".Good Burger is a 1997 American comedy film directed by Brian Robbins and it stars ""All That"" and ""Kenan & Kel"" stars Kenan Thompson and Kel Mitchell.",Sinbad starred in all five of the films listed in the text.,PASS,FAIL,Cat3,Quantifier / Boundary,TRUE,CLEAR,Annotator B
RQ3-0206,206,Who did doc hudson's voice in cars?,"Doc Hudson Doc Hudson (also known as The Fabulous Hudson Hornet or simply Doc) is an animated, anthropomorphic retired race car who appears in the 2006 Pixar film ""Cars"" as a medical doctor and a local judge. He is voiced by actor Paul Newman in the first and third films and video game, and Corey Burton in all other media. Six-time Turismo Carretera champion Juan María Traverso voiced the character in the Rioplatense Spanish version of the first film. He is modeled after a 1951 Hudson Hornet. Doc Hudson (Voiced by Paul Newman in his last non-documentary film role) was

to win two NASCAR premier series championships (1951 and 1953). Doc Hudson Doc Hudson (also known as The Fabulous Hudson Hornet or simply Doc) is an animated, anthropomorphic retired race car who appears in the 2006 Pixar film ""Cars"" as a medical doctor and a local judge. He is voiced by actor Paul Newman in the first and third films and video game, and Corey Burton in all other media. Six-time Turismo Carretera champion Juan María Traverso voiced the character in the Rioplatense Spanish version of the first film. He is modeled after a 1951 Hudson Hornet. Doc Hudson (Voiced

Russo) in which he played the dissolute father of the protagonist, Miles Roby, and for which he won a Golden Globe and a Primetime Emmy. In 2006, in keeping with his strong interest in car racing, he provided the voice of Doc Hudson, a retired anthropomorphic race car, in Disney/Pixar's ""Cars"" — this was his final role for a major feature film. While not in the sequel ""Cars 2"" (2011), his voice was later used in the third film, ""Cars 3"" (2017), for which he received billing, almost nine years after his death. Newman retired from acting in May 2007,",The voice of Doc Hudson of the Pixar Cars films in all other English media is done by Corey Burton.,PASS,PASS,Cat3,Quantifier / Boundary,TRUE,CLEAR,Annotator B
RQ3-0207,207,Where is the telephone area code 571 located?,"introduced on March 1, 2000, as an overlay to 703. Area code 571 serves most new telephone numbers; while it is primarily associated with mobile telephone lines, it is also used for new landline numbers, including the United States Patent and Trademark Office upon moving to Alexandria; the Transportation Security Administration, which was created in 2001 and has its headquarters in Arlington; and the Fairfax County Public Schools, which moved its headquarters to the Falls Church area in 2006. Although former competitors Bell Atlantic (a former Baby Bell) and GTE had assigned geographical monopolies varying by region in Virginia, they

of 703 and 571, 10-digit dialing is mandatory even for local calls; cellphone callers do the same on all direct-dialled calls. Long-distance calls are dialed as eleven digits, using the prefix ""1"", but for landline-based phones only. Area code 703 and the overlay area code 571 serve the following cities and towns in Virginia: Alexandria, Annandale, Ashburn, Burke, Centreville, Chantilly, Dale City, Fairfax, Falls Church, Franconia, Great Falls, Groveton, Herndon, Lake Ridge, Leesburg, Lorton, Manassas, Manassas Park, McLean, Mount Vernon, North Springfield, Oakton, Occoquan, Reston, South Riding, Springfield, Sterling, Vienna, West Springfield, and Woodbridge, plus all or part of these

Area codes 703 and 571 Area codes 703 and 571 are the North American Numbering Plan telephone area codes for northern Virginia, including the independent cities of Alexandria, Fairfax, Falls Church, Manassas, and Manassas Park, as well as all of Arlington and Fairfax counties and parts of Fauquier, Loudoun, Prince William, and Stafford counties. The main area code, 703, was created as one of the original 86 North American area codes in October 1947, and originally served the entire Commonwealth of Virginia. Area code 571 was created on March 1, 2000 as an overlay to 703. Because of the overlay",The telephone area code 571 is in all of Arlington County.,PASS,PASS,Cat3,Quantifier / Boundary,TRUE,CLEAR,Annotator B
RQ3-0208,208,"The Nova Southeastern Sharks baseball team produced which Houston Astros pitcher, who tossed a no-hitter in 2015?","The Sharks have a very short history, having less than thirty years of play under their belt; however, the sharks have won the Division II championship in 2016, as well as producing several MLB stars, such as J. D. Martinez of the Arizona Diamondbacks, and Mike Fiers of the Houston Astros.Michael Bruce Fiers (born June 15, 1985) is an American professional baseball pitcher for the Houston Astros of Major League Baseball (MLB). Fiers pitched a no-hitter on August 21, 2015.","The Nova Southeastern Sharks have produced several MLB players, including Houston Astros pitcher Mike Fiers.",PASS,PASS,Cat3,Quantifier / Boundary,TRUE,CLEAR,Annotator B
RQ3-0209,209,Where does the blue lagoon water come from?,"ft). The water's peculiarly blue color, varying in intensity due to weather and flow, is the result of physical properties of the nanoscale limestone densely distributed in the water. The particles are so small that the so-called Rayleigh scattering of light takes place, preferentially scattering the blue color in the visible light. Similar effect is observed at the Blue Lagoon in Reykjavik, Iceland, where the blue color originates from nanoscale silica particles. Near the Blautopf is a hammermill fed by the water of the spring. A film, which documents the exploration of the cave, is shown at the same location.

The water temperature in the bathing and swimming area of the lagoon averages . The Blue Lagoon also operates a research and development facility to help find cures for other skin ailments using the mineral-rich water. The lagoon is a man-made lagoon which is fed by the water output of the nearby geothermal power plant Svartsengi and is renewed every two days. It is the largest in the world. Superheated water is vented from the ground near a lava flow and used to run turbines that generate electricity. After going through the turbines, the steam and hot water passes through

into the water and a shower chair. There is also a private changing room available for those with special needs, complete with a roll-in shower. The rich mineral content is provided by the underground geological layers and pushed up to the surface by the hot water (at about pressure and temperature) used by the plant. Because of its mineral concentration, water cannot be recycled and must be disposed of in the nearby landscape, a permeable lava field that varies in thickness from to . The silicate minerals is the primary cause of that water's milky blue shade. After the minerals

Blue Lagoon (geothermal spa) The Blue Lagoon (Icelandic: ""Bláa lónið"") is a geothermal spa in southwestern Iceland. The spa is located in a lava field near Grindavík on the Reykjanes Peninsula, in a location favourable for geothermal power, and is supplied by water used in the nearby Svartsengi geothermal power station. The Blue Lagoon is approximately from Keflavík International Airport, and is one of the most visited attractions in Iceland. The warm waters are rich in minerals like silica and sulfur and bathing in the Blue Lagoon is reputed to help some people suffering from skin diseases such as psoriasis.

""The Street"" remain near the beach. These were houses built for the quarry workers of the Blue Lagoon and was only abandoned after a flood in the early 20th century. The ""Blue Lagoon"" is 25m deep, according to a nearby Pembrokeshire National Park information board. Despite the name, the water is always a distinct greenish hue, owing to the mineral content within the quarry. The lagoon is a favourite for adventure groups practising coasteering, and also diving when the weather is bad. In September 2012 the Blue Lagoon at Abereiddi was the location for one of the stages of the",The Blue Lagoon's water is renewed every two days.,PASS,FAIL,Cat3,Quantifier / Boundary,TRUE,CLEAR,Annotator B
RQ3-0210,210,"Where does the railway line that provides services in Woodford, New South Wales extend to?","It is situated on the Great Western Highway and has a railway station (opened in 1868 as Buss's Platform) on the Main Western railway line served by NSW TrainLink's Blue Mountains services. NSW TrainLink services operate throughout New South Wales and extend into the neighbouring states and territories of Victoria, Queensland and the Australian Capital Territory.","NSW TrainLink services extend beyond New South Wales into all three named neighbouring jurisdictions: Victoria, Queensland, and the Australian Capital Territory.",PASS,PASS,Cat3,Quantifier / Boundary,TRUE,CLEAR,Annotator B
RQ3-0211,211,"How many miles long is this major railway link between London and Edinburgh, in which The Swinton-Doncaster line is a short railway between Swinton Junction and Doncaster South Yorkshire?","The Swinton–Doncaster line is a short railway line in South Yorkshire between Swinton Junction on the Wakefield Line and Doncaster South Yorkshire Junction on the East Coast Main Line.The East Coast Main Line (ECML) is a 393 mi major railway link between London and Edinburgh via Peterborough, Doncaster, Wakefield, Leeds, York, Darlington and Newcastle, electrified along the whole route.",The 393-mile East Coast Main Line is electrified along the whole route.,PASS,PASS,Cat7,Multi-entity / Multi-hop,TRUE,CLEAR,Annotator B
RQ3-0212,212,"Which hospital can house more patients,  St. Elizabeths Hospital or the Psychiatric Institute of Washington?","The Psychiatric Institute of Washington (PIW) is an acute (104 bed) psychiatric hospital in Washington, D.C. Opened in 1967, PIW is a short-term, private hospital.St. Elizabeths Hospital opened in 1855 as the first federally operated psychiatric hospital in the United States. Housing over 8,000 patients at its peak in the 1950s, the hospital at one point had a fully functioning medical-surgical unit, a school of nursing, and accredited internships and psychiatric residencies.","St. Elizabeths Hospital housed over 8,000 patients at its peak.",PASS,PASS,Cat3,Quantifier / Boundary,TRUE,CLEAR,Annotator B
RQ3-0213,213,What is the name of the business connected to the Treasure Island Hotel and Casino that is owned by General Growth Properties Inc?,"Treasure Island Hotel & Casino (also known as ""TI"") is a hotel and casino located on the Las Vegas Strip in Paradise, Nevada, USA with 2,664 rooms and 220 suites, and is connected by tram to The Mirage as well as pedestrian bridge to the Fashion Show Mall shopping center.Fashion Show Mall is a shopping mall located on the Las Vegas Strip in Paradise, Nevada, and is owned by General Growth Properties Inc. The mall spans 1888151 sqft of space, with more than 250 stores and seven anchors, and hosts weekend fashion shows on a retractable runway with the mall's central atrium, hence the name.",Fashion Show Mall has more than 250 stores.,PASS,FAIL,Cat3,Quantifier / Boundary,TRUE,CLEAR,Annotator B
RQ3-0214,214,"Which professional snooker and pool player is based at Legends Snooker Academy in Leytonstone, England and won an award in the 2012/2013 snooker season?","Ronnie O'Sullivan received the ""Performance of the Year"" for winning his fifth World title after playing just one competitive match during the season. O'Sullivan is based at the Legends Snooker Academy in Leytonstone, England, United Kingdom.",Ronnie O'Sullivan won his fifth World title after playing only one competitive match during the season.,PASS,PASS,Cat3,Quantifier / Boundary,TRUE,CLEAR,Annotator B
RQ3-0215,215,"Which uncompromising and minimalist, Swiss architect is Helene Binet known for working with?","She is most known for her work with architects Daniel Libeskind, Peter Zumthor and Zaha Hadid, and has published books on works of several architects.Peter Zumthor (born 26 April 1943) is a Swiss architect whose work is frequently described as uncompromising and minimalist.","Helene Binet is known for working with at least three named architects, including Peter Zumthor.",PASS,PASS,Cat3,Quantifier / Boundary,TRUE,CLEAR,Annotator B
RQ3-0216,216,where are the killers from,"Karla Leanne Homolka (born 4 May 1970), also known as Karla Leanne Teale and Leanne Bordelais, is a Canadian serial killer who, with her first husband Paul Bernardo, raped and murdered at least three minors.Paul Kenneth Bernardo (born 27 August 1964), also known as Paul Jason Teale, is a Canadian serial killer and serial rapist.",The number of minors raped and murdered by Karla Homolka and Paul Bernardo was at least three.,PASS,FAIL,Cat3,Quantifier / Boundary,TRUE,CLEAR,Annotator B
RQ3-0217,217,"Which director is Japanese, Tony Scott or Takashi Shimizu?","Anthony David Leighton Scott (21 June 1944 – 19 August 2012) was an English film director and producer.Takashi Shimizu (Shimizu Takashi, born 27 July 1972) is a Japanese filmmaker.","Of Tony Scott and Takashi Shimizu, only Takashi Shimizu is Japanese.",PASS,PASS,Cat3,Quantifier / Boundary,TRUE,CLEAR,Annotator B
RQ3-0218,218,"Peter E Murphy, is an American businessman and founder of Wentworth Capital Management, he was chief strategic officer of Disney and President, Strategy & Development of which American gaming corporation based in Paradise, Nevada that owns and operates over 50 casinos and hotels, and seven golf courses under several brands?","He was chief strategic officer of Disney and President, Strategy & Development of Caesars Entertainment Corporation.Caesars Entertainment Corporation, is an American gaming corporation based in Paradise, Nevada that owns and operates over 50 casinos and hotels, and seven golf courses under several brands.",The number of casinos and hotels owned and operated by Caesars Entertainment Corporation exceeds 50.,PASS,PASS,Cat3,Quantifier / Boundary,TRUE,CLEAR,Annotator B
RQ3-0219,219,What part of cow does ribeye come from?,"Rib eye steak The rib eye or ribeye is a beef steak from the rib section. The rib section of beef spans from ribs six through twelve. Ribeye steaks are mostly composed of the longissimus dorsi muscle but also contain the complexus and spinalis muscles. A rib steak is a beef steak sliced from the rib primal of a beef animal, with rib bone attached. In the United States, the term rib eye steak or Spencer steak is used for a rib steak with the bone removed; however in some areas, and outside the U.S., the terms are often used

Rib steak A rib steak is a beef steak sliced from the rib primal of a beef animal, with rib bone attached. In the United States, the term rib eye steak is used for a rib steak with the bone removed; however in some areas, and outside the U.S., the terms are often used interchangeably. The rib eye or ""ribeye"" was originally, as the name implies, the center portion of the rib steak, without the bone. It is considered a more flavorful cut than other steaks, such as the fillet, due to the muscle being exercised by the animal during

interchangeably. The rib eye or ""ribeye"" was originally, as the name implies, the center best portion of the rib steak, without the bone. In Australia and New Zealand, ""ribeye"" is used when this cut is served with the bone in. With the bone removed, it is called ""Scotch fillet"". It is both flavorful and tender, coming from the lightly worked upper rib cage area. Its marbling of fat makes it very good for fast and hot cooking. Rib eye steak The rib eye or ribeye is a beef steak from the rib section. The rib section of beef spans from",The ribeye comes from ribs six through twelve.,PASS,PASS,Cat3,Quantifier / Boundary,TRUE,CLEAR,Annotator B
RQ3-0220,220,What is the name of the album that was released by David Bowie that was recorded in secret?,"On 10 January 2016, English singer, songwriter and actor David Bowie died at his New York City apartment, having suffered from liver cancer for the previous 18 months. His death occurred two days after the release of his twenty-fifth studio album, ""Blackstar"", which coincided with his 69th birthday. The album was largely recorded in secret between The Magic Shop and Human Worldwide Studios in New York City with Bowie's longtime co-producer Tony Visconti and a group of local jazz musicians.",The majority of the album Blackstar was recorded in secret.,PASS,PASS,Cat3,Quantifier / Boundary,TRUE,CLEAR,Annotator B
RQ3-0221,221,"What is the population of the small town with an Air Force Base 7 mi northeast of Sacramento, California?","McClellan Park is a census-designated place in Sacramento County, California. The 2010 United States census reported McClellan Park's population was 743. It is the site of the former McClellan Air Force Base, closed by the federal government in 2003.McClellan Air Force Base (1935–2001) is a former United States Air Force base located in the North Highlands area of Sacramento County, 7 mi northeast of Sacramento, California.",The small town has less population than 744.,PASS,PASS,Cat5,Comparative / Superlative,TRUE,CLEAR,Annotator B
RQ3-0222,222,how much of South Dakota is west of the longest river in North America?,West River is the portion of the state of South Dakota located west of the Missouri River with well over one-half of the land area and between one-quarter and one-third of the population of the state.The Missouri River is the longest river in North America.,Most of South Dakota is west of the longest river in North America.,PASS,PASS,Cat3,Quantifier / Boundary,TRUE,CLEAR,Annotator B
RQ3-0223,223,Which author of Superman: The Wedding Album is known for creating the superhero Booster Gold?," The story was written by the five principal writers for the ""Superman"" titles at the time: Dan Jurgens, Karl Kesel, David Michelinie, Louise Simonson, and Roger Stern. He is known for creating the superhero Booster Gold, and for his lengthy runs on the Superman titles ""The Adventures of Superman"" and ""Superman"" (vol.",The creator of Booster Gold is one of the five principal writers for the Superman titles.,PASS,FAIL,Cat3,Quantifier / Boundary,TRUE,CLEAR,Annotator B
RQ3-0224,224,What aspect of pre-Columbian human sacrifice practices is not agreed upon by modern scholars?," The Nicarao shared many cultural traits with their Aztec cousins, including an identical calendar, the use of screenfold books, the worship of closely-related deities, and the practice of human sacrifice.Human sacrifice was a religious practice of the pre-Columbian Aztec civilization, as well as other Mesoamerican civilizations such as the Maya and the Zapotec. The extent of such practices is debated by modern scholars, but scholars agree that human sacrifice was a major part of Aztec worship and that some human victims were cannibalized.",The exact extent of such practices is not agreed upon by modern scholars.,PASS,PASS,Cat2,Negation / Exception,TRUE,CLEAR,Annotator B
RQ3-0225,225,Number of cigarettes in a pack in usa?,"set a minimum pack size. In Australia, the most common quantity per pack is 25, but some brands have changed them to 26 or to 20 (the minimum by law). 30, 40 and even 50 packs are also sold. In Canada, most packs sold have 25 cigarettes, but packs of 20 are also popular. In many European countries, increases of cigarette tax can cause the quantity of cigarettes in the pack to change to achieve the same end price. In Malaysia, the selling of packs containing fewer than 20 cigarettes is prohibited. In the United States, the quantity of cigarettes

in a pack must be at least 20. Certain brands, such as Export As, come in packs of 25. For many years, half-packs of 10 (or even 14) cigarettes were commonly available. In the United Kingdom brands are sold only in packets of 20 since a May 2017 law prohibits the sale of 10-stick packs (along with loose tobacco only being sold in 30g or 50g only).The legislation also outlawed branded packaging, introducing boxes which are a plain green color. The packaging has the brand name in a basic typeface, with most of the packet dedicated to textual and photographic

taxation. As of 1997, Denmark had the highest cigarette tax burden of $4.02 per pack. Taiwan only had a tax burden of $0.62 per pack. The federal government of the United States charges $1.01 per pack. Cigarette taxes vary widely from state to state in the United States. For example, Missouri has a cigarette tax of only 17 cents per pack, the nation's lowest, while New York has the highest cigarette tax in the U.S.: $4.35 per pack. In Alabama, Illinois, Missouri, New York City, Tennessee, and Virginia, counties and cities may impose an additional limited tax on the price

From 1965 to 2006, rates of smoking in the United States have declined from 42% to 20.8%. A significant majority of those who quit were professional, affluent men. Despite this decrease in the prevalence of consumption, the average number of cigarettes consumed per person per day increased from 22 in 1954 to 30 in 1978. This paradoxical event suggests that those who quit smoked less, while those who continued to smoke moved to smoke more light cigarettes. This trend has been paralleled by many industrialized nations as rates have either leveled-off or declined. In the developing countries, however, tobacco consumption

health warnings. Vending machines sometimes dispense packets containing 16 or 18 cigarettes although the dimensions of the packaging are the same as the equivalent packet that contains 20. A carton of cigarettes usually contains 10 packs, totaling 200 cigarettes. Some cartons contain twenty packs, totaling 400 cigarettes. A ""hard pack"" is the usual style of paperboard packaging for store bought cigarettes, which consists of a relatively stable box. This successfully prevents the crumpling of cigarettes when kept in a person's pocket or handbag. The flip-top hard pack cigarette case was introduced in 1955 by Philip Morris. A ""soft pack"" is","In the United States, a cigarette pack must contain at least 20 cigarettes.",PASS,PASS,Cat3,Quantifier / Boundary,TRUE,CLEAR,Annotator B
RQ3-0226,226,Joey Gathright was an outfielder for which AL Central team?,"Joey Renard Gathright (born April 27, 1981) is a former Major League Baseball outfielder for the Tampa Bay Devil Rays, Kansas City Royals, Chicago Cubs and Boston Red Sox.The Kansas City Royals are an American professional baseball team based in Kansas City, Missouri. The Royals compete in Major League Baseball (MLB) as a member team of the American League (AL) Central division.",Joey Gathright played for more than one Major League Baseball team.,PASS,FAIL,Cat3,Quantifier / Boundary,TRUE,CLEAR,Annotator B
RQ3-0227,227,Where have Pradhan Mantri Jan-Dhan Yojana and Narendra Damodardas Modi served in politics?,"Pradhan Mantri Jan-Dhan Yojana(P.M.J.D.Y), Prime Minister's People Money Scheme is India's National Mission for Financial Inclusion to ensure access to financial services, namely Banking Savings & Deposit Accounts, Remittance, Credit, Insurance, Pension in an affordable manner.Narendra Damodardas Modi (] , born 17 September 1950) is an Indian politician who is the 14th and current Prime Minister of India, in office since May 2014.",Narendra Damodardas Modi has only been involved in Indian politics.,PASS,PASS,Cat3,Quantifier / Boundary,FALSE,CLEAR,Annotator B
RQ3-0228,228,This successful pop singer who sold more than 45 million records collaborated with the musician of what song that reached Top 40 in 1961?,"""Mexico"" is the title of a 1961 instrumental recording by American bassist, orchestra leader, and Rockabilly Hall of Fame member Bob Moore. The song ""Mexico"" is credited to Bob Moore and His Orchestra, and in the fall of 1961 it became the only single where Moore is listed as an artist to reach the Top 40 of the U.S. ""Billboard"" Hot 100 chart. He sold more than 45 million records, had 38 top-40 hits, and appeared in more than 12 Hollywood films.","""Mexico"" was the only single on which Bob Moore was listed as an artist to reach the Top 40 of the U.S. Billboard Hot 100.",PASS,PASS,Cat3,Quantifier / Boundary,TRUE,CLEAR,Annotator B
RQ3-0229,229,"Which American guitarist and bluegrass musician from Danville, Virginia did Rebecca Rippy play or share the stage with?"," She has played or shared the stage with such well-known acts and artists as REM producer Don Dixon, Leon Russell, Lucy Kaplansky, Tony Rice, Donna the Buffalo, Jim Lauderdale, Bill Mallonee and the Vigilantes of Love, blues legend Tinsley Ellis, John Cowan, Rhonda Vincent, Danielle Howle, and Old Crow Medicine Show, and has become a regular performer at such prestigious songwriter venues as the Bluebird Café in Nashville, TN, and at the Neighborhood Theater in Charlotte, NC.Tony Rice (born David Anthony Rice, June 8, 1951, Danville, Virginia, United States) is an American guitarist and bluegrass musician.",Rebecca Rippy shared the stage with several well-known acts and artists.,PASS,FAIL,Cat3,Quantifier / Boundary,TRUE,CLEAR,Annotator B
RQ3-0230,230,Tarik Azzougarh conceptualized this album for which only one copy was made in 2015.,"He is associated with the Wu-Tang Clan and is best known for conceptualizing and producing the world's most expensive music album, Wu-Tang Clan's ""Once Upon a Time in Shaolin"".Once Upon a Time in Shaolin... is a double album by the New York hip hop group Wu-Tang Clan that was limited to a single copy sold in 2015.",Once Upon a Time in Shaolin was limited to a single copy.,PASS,PASS,Cat3,Quantifier / Boundary,TRUE,CLEAR,Annotator B
RQ3-0231,231,"Who produced the movie that ""Puss in Boots: The Three Diablos"" is the sequel of?","Puss in Boots: The Three Diablos is a 2012 American computer-animated short comedy film, and a sequel to ""Puss in Boots"".Puss in Boots is a 2011 American 3D computer-animated fantasy action comedy film produced by DreamWorks Animation and distributed by Paramount Pictures.",Puss in Boots: The Three Diablos is a sequel to at least one film.,PASS,FAIL,Cat3,Quantifier / Boundary,TRUE,CLEAR,Annotator B
RQ3-0232,232,What is the objective of tour de france?,"Tour de France The Tour de France () is an annual men's multiple stage bicycle race primarily held in France, while also occasionally passing through nearby countries. Like the other Grand Tours (the Giro d'Italia and the Vuelta a España), it consists of 21 day-long stages over the course of 23 days. The race was first organized in 1903 to increase sales for the newspaper ""L'Auto"" and is currently run by the Amaury Sport Organisation. The race has been held annually since its first edition in 1903 except when it was stopped for the two World Wars. As the Tour

time trials, the passage through the mountain chains of the Pyrenees and the Alps, and the finish on the Champs-Élysées in Paris. The modern editions of the Tour de France consist of 21 day-long segments (stages) over a 23-day period and cover around . The race alternates between clockwise and counterclockwise circuits of France. There are usually between 20 and 22 teams, with eight riders in each. All of the stages are timed to the finish; the riders' times are compounded with their previous stage times. The rider with the lowest cumulative finishing times is the leader of the race

Tour de France Automobile Tour de France Automobile was a sports car race held on roads around France regularly –mostly annually– between 1899 and 1986. The first edition was held in 1899 at speeds of 30 mph (50 km/h). The first event was won by René de Knyff driving a Panhard et Levassor. Organized by ""Le Matin"", under the control of the ""Automobile Club de France"", held July 16 to 24, in seven stages: Paris-Nancy; Nancy-Aix-les-Bains; Aix-les-Bains-Vichy; Vichy-Périgueux; Périgueux-Nantes; Nantes-Cabourg; Cabourg-Paris. Out of 49 starters, 21 vehicles finished. The 1908 event was won by Clément-Bayard. The competition is reborn in

not completely French: François Faber from Luxembourg ended as second in the general classification, after winning four stages. The 1908 Tour de France followed nearly the same route as the 1907 Tour de France, following the borders of France clockwise. The rules were also the same; the points system was still used instead of the time system to determine the winner. Before the start, the Tour de France organization announced that all necessary measures had been taken to prevent the regrettable incidents as in 1905, and that the 'Apaches' had 90% chance of being caught and spending time in jail.

of the event. The most watched stage of 2009 was stage 20, from Montélimar to Mont Ventoux in Provence, with a global total audience of 44 million, making it the 12th most watched sporting event in the world in 2009. The Tour is an important cultural event for fans in Europe. Millions line the route, some having camped for a week to get the best view. Crowds flanking the course are reminiscent of the community festivals that are part of another form of cycle racing in a different country – the Isle of Man TT. The Tour de France appealed",The Tour de France usually has between 20 and 22 teams.,PASS,FAIL,Cat3,Quantifier / Boundary,TRUE,CLEAR,Annotator B
RQ3-0233,233,"Which brand, originally developed by Procter & Gamble, is now owned by a company headquartered in Battle Creek, Michigan, United States?","The Kellogg Company (also Kellogg's, Kellogg, and Kellogg's of Battle Creek) is an American multinational food manufacturing company headquartered in Battle Creek, Michigan, United States. The company's brands include Froot Loops, Apple Jacks, Corn Flakes, Frosted Flakes, Rice Krispies, Special K, Cocoa Krispies, Keebler, Pringles, Pop-Tarts, Kashi, Cheez-It, Eggo, Nutri-Grain, Morningstar Farms, and many more.Pringles is an American brand of potato and wheat-based stackable snack chips owned by Kellogg's. Originally marketed as ""Pringle's Newfangled Potato Chips"", Pringles are sold in more than 140 countries, and it was the fourth most popular snack brand after Lay's, Doritos and Cheetos in 2012, with 2.2% market share globally, compared to Lay's share of 6.7%. The snack was originally developed by Procter & Gamble (P&G), who first sold the product in 1967.",Pringles is sold in more than 140 countries.,PASS,PASS,Cat3,Quantifier / Boundary,TRUE,CLEAR,Annotator B
RQ3-0234,234,Where was the first north american indigenous games held?,"Aboriginal people could come together to excel in their athletic field of endeavour and to come together to do other things: to make new friendships, to renew old ones, and so on..."" (Charles Wood, 1990 Chairperson) The dream became a reality in 1990. The first Indigenous Games (or ""NAIG"") were held in 1990 in Edmonton, Alberta, followed by Games in Prince Albert, Saskatchewan in 1993, Blaine, Minnesota in 1995, Victoria, British Columbia in 1997, and Winnipeg, Manitoba in 2002. Denver, Colorado in 2006 and Cowichan, British Columbia in 2008. The 2011 games were to be held in Milwaukee, Wisconsin, but

North American Indigenous Games The North American Indigenous Games is a multi-sport event involving indigenous North American athletes staged intermittently since 1990. The Games are governed by the North American Indigenous Games Council, a 26-member council of representatives from 13 provinces and territories in Canada and 13 regions in the United States. The dream to hold a Games for the Indigenous Peoples of North America began in the 1970s. In 1971, the Native Summer Games held in Enoch, Alberta, Canada drew 3,000 participants competing in 13 sports and many cultural events. In 1973, the Western Canada Native Winter Games were

2017 North American Indigenous Games The 2017 North American Indigenous Games were held in Toronto, Ontario, Canada July 16 to 23. The event featured 5000 athletes aged 13 to 19 in 14 sports. The 2017 North American Indigenous Games bidding process began on January 12, 2015 and Toronto submitted its bid on January 30, 2015. The bid to host the Games in Toronto, led by the Aboriginal Sport & Wellness Council of Ontario and the Mississaugas of New Credit First Nation, received unanimous support from the NAIG's International Governing Body. The Games was awarded to Toronto on June 26, 2015",The first North American Indigenous Games were followed by Games in more than one other city.,PASS,FAIL,Cat3,Quantifier / Boundary,TRUE,CLEAR,Annotator B
RQ3-0235,235,"Edwin Forrest's feud with William Charles Macready was the cause of what event that occurred on May 10, 1849, in Manhattan?"," His feud with the British actor William Charles Macready was the cause of the deadly Astor Place Riot of 1849.The Astor Place Riot occurred on May 10, 1849, at the now-demolished Astor Opera House in Manhattan, New York City and left at least 25 dead and more than 120 injured.",At least 22 people were killed in the Astor Place Riot.,PASS,PASS,Cat3,Quantifier / Boundary,FALSE,CLEAR,Annotator B
RQ3-0236,236,"State Road 922 (SR 922) is a 5.548 mi east–west road built in 1951, passing through the cities of North Miami, Bay Harbor Islands, and Bal Harbour, Florida, with stores lining much of the route, including the Bal Harbour Shops, is an upscale, open-air shopping mall in Bal Harbour, a wealthy suburb of Miami Beach, Florida, known internationally for its luxury retail, and is owned by which family?","The street is an important commercial artery in northeastern Miami-Dade County, with stores lining much of the route, including the Bal Harbour Shops mall near its eastern terminus. Bal Harbour Shops is owned by the Whitman family and is one of the few remaining family-owned malls in the nation.",Bal Harbour Shops is one of the few remaining family-owned malls in the nation.,PASS,FAIL,Cat3,Quantifier / Boundary,TRUE,CLEAR,Annotator B
RQ3-0237,237,"When was was an English author, best known for his books about the teddy bear Winnie-the-Pooh only mystery novel published?","The Red House Mystery is a ""locked room"" whodunnit by A. A. Milne, published in 1922. It was Milne's only mystery novel.Alan Alexander Milne ( ; 18 January 1882 – 31 January 1956) was an English author, best known for his books about the teddy bear Winnie-the-Pooh and for various poems.","""The Red House Mystery"" was A. A. Milne's only mystery novel.",PASS,FAIL,Cat3,Quantifier / Boundary,TRUE,CLEAR,Annotator B
RQ3-0238,238,"Which actor who won a Tony Award for his performance in ""M. Butterfly"", starred in the play ""Face Value""?","It was directed by Jerry Zaks, with B. D. Wong, Jane Krakowski, Mark Linn-Baker, Mia Korf, and Gina Torres in the cast. Wong won a Tony Award for his performance as Song Liling in ""M. Butterfly"", becoming the only actor in Broadway history to receive the Tony Award, Drama Desk Award, Outer Critics Circle Award, Clarence Derwent Award, and Theatre World Award for the same role.","B. D. Wong is the only actor in Broadway history to receive the Tony Award, Drama Desk Award, Outer Critics Circle Award, Clarence Derwent Award, and Theatre World Award for the same role.",PASS,PASS,Cat3,Quantifier / Boundary,TRUE,CLEAR,Annotator B
RQ3-0239,239,"Stargate is a Norwegian record producing and songwriting team composed of Tor Erik Hermansen, and Mikkel Storleer Eriksen, and have produced and written or only produced for stars including which Australian singer-songwriter, record producer and music video director, and started her career as a singer in the local Adelaide acid jazz band Crisp in the mid-1990s?","They have produced and written or only produced for Britney Spears, Beyoncé, Rihanna, Janet Jackson, Mariah Carey, Shakira, Jennifer Lopez, Mary J. Blige, Katy Perry, Coldplay, P!NK, Sia, Kylie Minogue, Lionel Richie and others.Sia Kate Isobelle Furler ( ; born 18 December 1975) is an Australian singer-songwriter, record producer and music video director.","Stargate has produced for at least fourteen named artists in the context, including Sia.",PASS,PASS,Cat3,Quantifier / Boundary,TRUE,CLEAR,Annotator B
RQ3-0240,240,"Goffstown, New Hampshire is the home to which only women's prison in New Hampshire?",The town is home to Saint Anselm College (and its New Hampshire Institute of Politics) and the New Hampshire State Prison for Women.New Hampshire State Prison for Women is the only women's prison in the U.S. state of New Hampshire.,The New Hampshire State Prison for Women is the only women's prison in New Hampshire.,PASS,PASS,Cat3,Quantifier / Boundary,TRUE,CLEAR,Annotator B
RQ3-0241,241,How old do you have to be to get a tattoo in washington?,"of 15. You must be over 18 years of age to get a tattoo freely without parental consent. You need to have parental or guardian consent at the ages of 16 and 17. The legal age is 18. The age is 18 or 15 with consent of parents. The minimum age is 18. In the Netherlands, the age at which persons may decide for themselves to have a tattoo and piercing is 16 years. This age limit is suspended for earlobe piercing but pertains to all other areas. Informed consent forms, with information concerning health (including allergies) must be available

pierce minors completely) The legal age to get a tattoo in Cyprus is 16 with written consent of parent. 18 without permission from parents The Danish tattoo law was valid from June 15, 1966. It is unlawful to tattoo someone under the age of 18. In addition to this it is unlawful to tattoo someone on the head, neck and hands. No legislation found. You need to be 18+ to get a tattoo in Finland, however, you may be able to get a permit to get a tattoo under the age of 18. The legal minimum age is 16 (with

Legal status of tattooing in the United States In the United States, there is no federal law regulating the practice of tattooing. However, all 50 states and the District of Columbia have statutory laws requiring a person receiving a tattoo be 18 years or older. This is partially based on the legal principle that a minor cannot enter into a legal contract or otherwise render informed consent for a procedure. Most states permit a person under the age of 18 to receive a tattoo with permission of a parent or guardian, but some states outright prohibit tattooing under a certain",The District of Columbia has statutory laws requiring a person receiving a tattoo be at least 18 years old.,PASS,PASS,Cat3,Quantifier / Boundary,TRUE,CLEAR,Annotator B
RQ3-0242,242,What is the seating capacity of the stadium in which The 1988 Soviet Cup Final football match that took place?,"The 1988 Soviet Cup Final was a football match that took place at the Lenin's Central Stadium, Moscow on May 28, 1988.Luzhniki Stadium (Russian: Стадион «Лужники» ; ] ), is a sports stadium in Moscow, Russia. Its total seating capacity is 81,000 seats, all covered (upgraded).","The seating capacity of the stadium where The 1988 Soviet Cup Final took place is less than 90,000 seats.",PASS,PASS,Cat3,Quantifier / Boundary,TRUE,CLEAR,Annotator B
RQ3-0243,243,The Best: Make the Music Go Bang! album included liner notes by an American skateboard legend most prominently known as a pioneer of what?,"The Best: Make the Music Go Bang! The album includes liner notes by Tony Alva, K. K. Barrett, Elissa Bello, Tito Larriva, Ray Manzarek, Paul Reubens, and Henry Rollins among others.Tony Alva (born September 2, 1957) is an American skateboard legend, entrepreneur, and musician, most prominently known as a pioneer of vertical skateboarding and as one of the original members of the Zephyr Competition Skateboarding Team, famously known as the Z-Boys.","The album ""The Best: Make the Music Go Bang!"" includes liner notes by at least seven named contributors, including Tony Alva.",PASS,FAIL,Cat3,Quantifier / Boundary,TRUE,CLEAR,Annotator B
RQ3-0244,244,What is the political party of the politician who represents 80% of the state's total land area in Congress?,"A Republican, he represents Maine's 2nd congressional district in the United States House of Representatives. Covering 27326 sqmi , it comprises nearly 80% of the state's total land area.",The Republican politician in the question represents a congressional district covering nearly 80% of Maine's total land area.,PASS,PASS,Cat3,Quantifier / Boundary,TRUE,CLEAR,Annotator B
RQ3-0245,245,What is the average weekly attendance at the church founded by the author of The Purpose Driven Life ?,"Weekly church attendance averages over 20,000 people, currently making it the fifth-largest church in the United States by attendance (this ranking includes multi-site churches). He is perhaps best known for the subsequent book ""The Purpose Driven Life"" which has sold more than 30 million copies, making Warren a ""New York Times bestselling author.","Weekly attendance at the church averages over 20,000 people.",PASS,PASS,Cat3,Quantifier / Boundary,TRUE,CLEAR,Annotator B
RQ3-0246,246,Who plays charlie on it's always sunny?,"Charlie Kelly (It's Always Sunny in Philadelphia) Charles Rutherford Kelly is a fictional character on the FX series ""It's Always Sunny in Philadelphia"", portrayed by Charlie Day. Charlie is co-owner at Paddy's (although he later sells his shares) and a childhood friend of Mac and Dennis. He is also Frank's roommate and possible biological son (""""Dennis and Dee Get a New Dad""""). He is addicted to various harmful substances (such as glue and alcohol), and is called illiterate by his peers (""""The Gang Gives Back""""). Charlie is an easily excitable man-child who is prone to emotional outbursts and is often

the 20 Best Characters of 2011, explaining: ""In a cast full of douchebags, the childlike ball of energy played by Charlie Day comes off as more endearing than despicable. He’s the personification of what makes ""It’s Always Sunny in Philadelphia"" such a great show: perverse, loud, crude and surprisingly likable."" ""TV Guide"" listed him in their list of TV's Most Lovable Lunkheads. Charlie Kelly (It's Always Sunny in Philadelphia) Charles Rutherford Kelly is a fictional character on the FX series ""It's Always Sunny in Philadelphia"", portrayed by Charlie Day. Charlie is co-owner at Paddy's (although he later sells his shares)

It's Always Sunny in Philadelphia It's Always Sunny in Philadelphia is an American sitcom that premiered on FX on August 4, 2005, and moved to FXX beginning with the ninth season in 2013. It was created by Rob McElhenney, who developed it with Glenn Howerton. It is executive produced and primarily written by McElhenney, Howerton, and Charlie Day, all of whom star alongside Kaitlin Olson and Danny DeVito. The series follows the exploits of ""The Gang,"" a group of debauched, nihilistic, self-centered, politically incorrect friends who run the Irish bar Paddy's Pub in South Philadelphia. On April 1, 2016, the","The character Charlie Kelly is portrayed by at least one actor, Charlie Day.",PASS,PASS,Cat3,Quantifier / Boundary,TRUE,CLEAR,Annotator B
RQ3-0247,247,Crime and Dissonance is an album of a compilation of score work from this Italian composer who has composed over 500 scores for cinema and television?,"Crime and Dissonance is a 2005 compilation album of Italian composer Ennio Morricone's film score work.Ennio Morricone, (] ; born 10 November 1928) is an Italian composer, orchestrator, conductor, and former trumpet player. Since 1946 Morricone has composed over 500 scores for cinema and television, as well as over 100 classical works.",Ennio Morricone has composed over 500 scores for cinema and television.,PASS,PASS,Cat3,Quantifier / Boundary,TRUE,CLEAR,Annotator B
RQ3-0248,248,Which fire killed up to 300 people and its wind may had caused another fire called The Great Michigan Fire?,"They were possibly caused (or at least reinforced) by the same winds that fanned the Great Chicago Fire; some believe lightning or even meteor showers may have started the fires.The Great Chicago Fire was a conflagration that burned from Sunday, October 8, to early Tuesday, October 10, 1871. The fire killed up to 300 people, destroyed roughly 3.3 sqmi of Chicago, Illinois, and left more than 100,000 residents homeless.",The Great Chicago Fire killed up to 300 people.,PASS,PASS,Cat3,Quantifier / Boundary,TRUE,CLEAR,Annotator B
RQ3-0249,249,"How many people died in the downing of the flight investigated by Eliot Higgins, the British citizen journalist and blogger?","Eliot Higgins (born 1979), who previously used the pseudonym Brown Moses, is a British citizen journalist and blogger, known for using open sources and social media to investigate the Syrian Civil War, 2014–15 Russian military intervention in Ukraine and the downing of Malaysia Airlines Flight 17.Malaysia Airlines Flight 17 (MH17/MAS17) was a scheduled passenger flight from Amsterdam to Kuala Lumpur that was shot down on 17 July 2014 while flying over eastern Ukraine, killing all 283 passengers and 15 crew on board.",All 283 passengers and all 15 crew aboard Malaysia Airlines Flight 17 were killed.,PASS,PASS,Cat3,Quantifier / Boundary,TRUE,CLEAR,Annotator B
RQ3-0250,250,Which film director was born in 1908 - Tex Avery or John G. Blystone?,"Frederick Bean ""Tex"" Avery (February 26, 1908 – August 26, 1980) was an American animator and animation director, known for producing animated cartoons during the golden age of American animation.John G. Blystone (December 2, 1892 – August 6, 1938) was an American film director.","Of Tex Avery and John G. Blystone, only Tex Avery was born in 1908.",PASS,PASS,Cat3,Quantifier / Boundary,TRUE,CLEAR,Annotator B
RQ3-0251,251,How many people were killed by a van bomb by the man Inga Bejer Engh prosecuted in a high profile 2012 trial?," Together with prosecutor Svein Holden she was prosecuting terror suspect Anders Behring Breivik in the 2012 trial following the 2011 Norway attacks. On 22 July 2011 he killed eight people by detonating a van bomb amid Regjeringskvartalet in Oslo, then shot dead 69 participants of a Workers' Youth League (AUF) summer camp on the island of Utøya.",Fewer than ten people were killed by the van bomb.,PASS,PASS,Cat3,Quantifier / Boundary,TRUE,CLEAR,Annotator B
RQ3-0252,252,Who sings the song for stuck in the middle?,"""Stuck in the Middle with You"" (sometimes known as ""Stuck in the Middle"") is a song written by Scottish musicians Gerry Rafferty and Joe Egan and originally performed by their band Stealers Wheel. The band performed the song on the BBC's ""Top of the Pops"" in May 1973, and the song charted at number 8 in the UK Singles Chart. It also became an international hit, reaching number 6 in the US ""Billboard"" Hot 100. ""Stuck in the Middle"" was released on Stealers Wheel's 1972 eponymous debut album. Gerry Rafferty provided the lead vocals,

is playing to find out why and where Very Bad Santa is. In 1997 Greg Kot of the ""Chicago Tribune"" suggested that the Sheryl Crow song ""All I Wanna Do"", released on her 1993 debut album ""Tuesday Night Music Club"", was ""a re-write"" of ""Stuck in the Middle With You."" Stuck in the Middle with You ""Stuck in the Middle with You"" (sometimes known as ""Stuck in the Middle"") is a song written by Scottish musicians Gerry Rafferty and Joe Egan and originally performed by their band Stealers Wheel. The band performed the song on the BBC's ""Top of the

Stuck in the Middle (Clea song) ""Stuck in the Middle"" is Clea's second single. It was released in the UK on 16 February 2004 and giving them their second Top 30, charting at #23. The girls performed this song in many shows, like Top of the Pops. The song appears on their international debut album, Identity Crisis, and was re-recorded for their UK debut album: Trinity. Clea filmed a video for this single, in black and white. The four girls are featured doing sexy moves and apparently hiding or looking for someone. The ""Stuck in the Middle"" video was edited

Caught in the Middle (song) ""Caught in the Middle"" is a song by British-Norwegian boy band A1. It was released on 21 January 2002 as the lead single from their third studio album, ""Make It Good"". The song peaked at number two on the UK Singles Chart and received a Silver certification from the British Phonographic Industry in October 2018. It became one of their most successful and recognised singles. In the United States, the song received moderate airplay and charted for seven weeks in the top 50 of the ""Radio & Records"" Mainstream chart, peaking at number 46. It

""Reservoir Dogs"" in the basement while the song plays. An episode of ""Supernatural"" is titled ""Stuck in the Middle (With You),"" in which the characters re-enact a scene from ""Reservoir Dogs"". A disco cover version by Louise was a chart hit in 2001. Alternative rock band Lazlo Bane covered the song for their 2007 cover album ""Guilty Pleasures"". Their version was used in the 2014 film ""Let's Be Cops"" and released on the soundtrack album. In ""I Am the Future,"" the season finale of ""Happy!"", Happy re-enacts the scene from ""Reservoir Dogs"" by tickling another imaginary friend while the song",Only Joe Egan sang Stuck in the Middle with You.,PASS,PASS,Cat3,Quantifier / Boundary,FALSE,CLEAR,Annotator B
RQ3-0253,253,Who signed the treaty of versailles from germany?,"position in the event of renewed hostilities. Upon receiving this, the new government recommended signing the treaty. The National Assembly voted in favour of signing the treaty by 237 to 138, with five abstentions (there were 421 delegates in total). This result was wired to Clemenceau just hours before the deadline. Foreign minister Hermann Müller and colonial minister Johannes Bell travelled to Versailles to sign the treaty on behalf of Germany. The treaty was signed on 28 June 1919 and ratified by the National Assembly on 9 July by a vote of 209 to 116. Conservatives, nationalists and ex-military leaders

the head of the new government, sent a telegram stating his intention to sign the treaty if certain articles were withdrawn, including articles 227, 230 and 231. In response, the Allies issued an ultimatum stating that Germany would have to accept the treaty or face an invasion of Allied forces across the Rhine within 24 hours. On 23 June 1919, Bauer capitulated and sent a second telegram with a confirmation that a German delegation would arrive shortly to sign the treaty. On 28 June 1919, Germany signed the Treaty of Versailles, a peace treaty which ended the formal state of

treaty within seven days or face the resumption of hostilities. The German government was divided on whether to sign or reject the peace treaty. On 19 June, Chancellor Philipp Scheidemann resigned rather than sign the treaty and was followed by Brockdorff-Rantzau and other members of the government, leaving Germany without a cabinet or peace delegation. After being advised by Field Marshal Paul von Hindenburg that Germany was in no condition to resume the war, President Friedrich Ebert and the new Chancellor, Gustav Bauer, recommended that the Weimar National Assembly ratify the treaty. The Assembly did so by a large majority,

Treaty of Versailles The Treaty of Versailles () was the most important of the peace treaties that brought World War I to an end. The Treaty ended the state of war between Germany and the Allied Powers. It was signed on 28 June 1919 in Versailles, exactly five years after the assassination of Archduke Franz Ferdinand which directly led to World War I. The other Central Powers on the German side of World War I signed separate treaties. Although the armistice, signed on 11 November 1918, ended the actual fighting, it took six months of Allied negotiations at the Paris

helped deal with these problems at two conferences of foreign ministers, one from 26 to 27 January 1957 and another on 4 February. On 25 March 1957, the six countries Belgium, France, Germany, Italy, Luxemburg, and Netherlands signed the Treaties of Rome. Adenauer and Hallstein signed for Germany. The foreign minister, Brentano had largely left the negotiations to Hallstein, so the signing of the treaty represented a major success for Hallstein. It was also Hallstein who explained the treaties to the German parliament on 21 March 1957, before they were signed on 25 March 1957. There had been previous suggestions",Only Hermann Müller signed the Treaty of Versailles on behalf of Germany.,PASS,PASS,Cat3,Quantifier / Boundary,FALSE,CLEAR,Annotator B
RQ3-0254,254,Who plays quill in guardians of the galaxy?,"same name. He has been featured in a variety of associated Marvel merchandise, including animated television series, toys and trading cards. Chris Pratt portrays the character in the Marvel Cinematic Universe beginning with the 2014 live action film ""Guardians of the Galaxy"", ""Guardians of the Galaxy Vol. 2"" and """". He will also reprise the role in """". Wyatt Oleff portrays a young Peter Quill in the first two ""Guardians of the Galaxy"" films. The character first appeared in the black-and-white magazine publication ""Marvel Preview"" #4 (Jan 1976). Creator Steve Englehart had plans for the character that went unrealized. He

play Peter Quill/Star-Lord in Marvel Studios' ""Guardians of the Galaxy"", explaining that he did not ""want another Captain Kirk or ""Avatar"" moment"" (after humbling auditions for both). The film's casting director, Sarah Finn, suggested Pratt to director James Gunn, who had struggled to cast that role and dismissed the idea. Despite this, Finn arranged for a meeting between the two, at which point Gunn was convinced that Pratt was perfect for the role. Pratt also won over Marvel Studios President Kevin Feige, despite having gained weight again for the comedy film ""Delivery Man"". The role was part of a multi-film

Other"", from ""The Avengers"". Ophelia Lovibond plays Carina, the Collector's slave; Peter Serafinowicz plays Denarian Garthan Saal, a Nova Corps officer; Gregg Henry plays Quill's grandfather; Laura Haddock plays Quill's mother, Meredith; Melia Kreiling plays Bereet; Christopher Fairbank plays The Broker; Mikaela Hoover plays Nova Prime's assistant; Marama Corlett plays a pit boss at the bar, The Boot; Emmett J. Scanlan plays a Nova riot guard; Alexis Rodney plays Moloka Dar; Tom Proctor plays Horuz, a Ravager; and Spencer Wilding plays a prison guard who confiscates Quill's Walkman. Canine actor Fred appears as Cosmo. Stephen Blackehart had a supporting role.

in comparison to Loki, and then we see Ronan wipe his ass with him. So that I liked, but even that was sort of difficult, because it played as funnier when I first wrote it, and the humor didn't work so much."" In September 2012, Gunn confirmed that he had signed on to direct the film and rewrite the script. By the end of November, Joel Edgerton, Jack Huston, Jim Sturgess, and Eddie Redmayne signed deals to test for the role of Peter Quill, as did Lee Pace, which he confirmed a week later in early December. Other actors who

Karen Gillan, Djimon Hounsou, John C. Reilly, Glenn Close, and Benicio del Toro. In ""Guardians of the Galaxy"", Peter Quill forms an uneasy alliance with a group of extraterrestrial criminals who are fleeing after stealing a powerful artifact. Perlman began working on the screenplay in 2009. Producer Kevin Feige first publicly mentioned ""Guardians of the Galaxy"" as a potential film in 2010 and Marvel Studios announced it was in active development at the San Diego Comic-Con International in July 2012. Gunn was hired to write and direct the film that September. In February 2013, Pratt was hired to play Peter",Only Wyatt Oleff portrays Peter Quill in the first two Guardians of the Galaxy films.,PASS,PASS,Cat3,Quantifier / Boundary,FALSE,CLEAR,Annotator B
RQ3-0255,255,The Wrekin is a hill that can be seen even as far as a landmark 47-storey mixed use skyscraper that is how tall?,"The Wrekin is a hill in east Shropshire, England. It can be seen well into Staffordshire and the Black Country, and even as far as the Beetham Tower in Manchester, Winter Hill in Lancashire and Cleeve Hill in Gloucestershire.Beetham Tower (also known as the Hilton Tower) is a landmark 47-storey mixed use skyscraper in Manchester, England. At a height of 554 ft , it is the tallest building in the United Kingdom outside London and 10th tallest building in the United Kingdom.",Beetham Tower is beyond the maximum visibility boundary of The Wrekin.,PASS,FAIL,Cat3,Quantifier / Boundary,FALSE,CLEAR,Annotator B
RQ3-0256,256,The city in which Abdelghani Bousta was born is the fourth largest city in the Country of Morocco after which three cities?,"Abdelghani Bousta (18 February 1949 in Marrakesh, Morocco – 21 September 1998, buried at Père-Lachaise cemetery in Paris, France) was a Moroccan politician who opposed the monarchical power of his country.Marrakesh ( or ; Arabic: مراكش‎ ‎ ""Murrākuš""; Berber: ""Meṛṛakec""), also known by the French spelling Marrakech, is a major city of the Kingdom of Morocco. It is the fourth largest city in the country, after Casablanca, Fez and Tangier.",At most two Moroccan cities are larger than Marrakesh.,PASS,FAIL,Cat3,Quantifier / Boundary,FALSE,CLEAR,Annotator B
RQ3-0257,257,Who was the mother of dragons married to?,"When Drogon kills a child, Daenerys feels compelled to chain her dragons Rhaegal and Viserion, but Drogon escapes. Her advisers suggest she marry Hizdahr zo Loraq to bring peace and she agrees, but also takes Daario as a lover. Hizdahr successfully negotiates an end to the violence, so she marries him. At her wedding feast, the blood and noise of the fighting pits attract Drogon, who is immediately attacked; Daenerys's attempt to control her dragon fails initially but she eventually flies off with him. After several days in Drogon's lair, she falls ill after eating some berries and begins to

relationship with the mercenary Daario Naharis, Daenerys marries the noble Hizdahr zo Loraq to secure an alliance that will hopefully appease the violent Meereenese resistance group called the Sons of the Harpy. At Hizdahr's insistence, she reopens the fighting pits as a gesture of good will to the citizens, but the noise and carnage attract Drogon. Two hundred people are trampled in the resulting panic or killed by the dragon, at which point Daenerys climbs on Drogon to calm him. He flies off with a helpless Daenerys in tow. Hizdahr is soon implicated in an attempt to poison Daenerys at

has been a guest of Illyrio Mopatis in Pentos for half a year. ""Game of Thrones"" creators D. B. Weiss and David Benioff described Daenerys as a combination of Joan of Arc, Lawrence of Arabia, and Napoleon. In ""A Game of Thrones"" (1996), Daenerys is sold off by her brother Viserys and Illyrio Mopatis to marry Khal Drogo, a Dothraki warlord, in exchange for an army for Viserys. At that time, Daenerys befriends Jorah Mormont, an exiled Westerosi knight, and is given three petrified dragon eggs as a wedding gift. Though initially terrified of Drogo, the marriage turns out to

of the last king of the original ruling dynasty, who was overthrown by Robert Baratheon – are running for their lives and trying to win back the throne. Daenerys becomes married to Khal Drogo (Jason Momoa), the leader of the nomadic Dothraki. Her retinue includes the exiled knight Ser Jorah Mormont (Iain Glen), her aide Missandei (Nathalie Emmanuel) and the sellsword Daario Naharis (Michiel Huisman). In January 2006, David Benioff had a phone conversation with George R. R. Martin's literary agent about the books he represented, and became interested in ""A Song of Ice and Fire"" as he had been

which means ""sown men"") grew from the teeth like plants. Cadmus hurled stones into their midst, causing them to kill each other until only five were left. To make restitution for having killed Ares's dragon, Cadmus was forced to serve Ares as a slave for eight years. At the end of this period, Cadmus married Harmonia, the daughter of Ares and Aphrodite. Cadmus and Harmonia moved to Illyria, where they ruled as king and queen, before eventually being transformed into dragons themselves. In the fifth century BC, the Greek historian Herodotus reported in Book IV of his ""Histories"" that western",Daenerys was married only to Hizdahr zo Loraq.,PASS,PASS,Cat3,Quantifier / Boundary,TRUE,CLEAR,Annotator B
RQ3-0258,258,When was the last time the cubs won the world series before 2016?,"NLCS win since the series was created in 1969. The win earned the Cubs their first World Series appearance since 1945 and a chance for their first World Series win since 1908. Coming back from a three-games-to-one deficit, the Cubs defeated the Cleveland Indians in seven games in the 2016 World Series, They were the first team to come back from a three-games-to-one deficit since the Kansas City Royals in 1985. On November 4, the city of Chicago held a victory parade and rally for the Cubs that began at Wrigley Field, headed down Lake Shore Drive, and ended in

never win another National League (NL) pennant (at least for the remainder of Sianis's life). The Cubs lost the 1945 World Series to the Detroit Tigers, and did not win a World Series championship again until 2016. The Cubs had last won the World Series in 1908. After the incident with Sianis and Murphy, the Cubs did not play in the World Series for the next 71 years until, on the 46th anniversary of Billy Sianis's death, the ""curse"" was broken when they defeated the Los Angeles Dodgers 5–0 in game 6 of the 2016 National League Championship Series to

Series, following the 1925 Pittsburgh Pirates, the 1958 New York Yankees, the 1968 Detroit Tigers, the 1979 Pittsburgh Pirates, and the 1985 Kansas City Royals. The Cubs, playing in their eleventh World Series and their first since 1945, won their third championship and first since 1908, ending the longest world championship drought in North American professional sports history. It was the Indians' sixth appearance in the World Series and their first since 1997, with their last Series win having come in 1948. The two teams entered their matchup as the two franchises with the longest World Series title droughts, a

with them. The Cubs ended the 2016 season with a () record. It was their first 100-win season since 1935 (, ), their best since 1910 (, ), and the sixth 100-win season in franchise history. The Cubs won the National League Championship Series (NLCS), their first pennant in 71 years, with a 5–0 shutout in Game 6 against the Los Angeles Dodgers at Wrigley Field on October 22, 2016, the ""curse"" was broken on the 46th anniversary of Billy Sianis's death. In 2016, the Cubs won the World Series for the first time since 1908, ending the historic 108-year

did not win another playoff game after the incident until 2015 when they defeated the Pittsburgh Pirates in the wild card game, but they were swept in the NLCS by the New York Mets. In 2016, the team advanced to the World Series for the first time since 1945, ending a 71-year-old drought. By some accounts, this represented the end of this particular ""curse"", since the Cubs had won the NLCS pennant, which they were unable to do in 2003. The Cubs then overcame a 3 games to 1 deficit to defeat the Cleveland Indians in the 2016 World Series,",The Chicago Cubs won at least one World Series between 1909 and 2015.,PASS,FAIL,Cat3,Quantifier / Boundary,FALSE,CLEAR,Annotator B
RQ3-0259,259,Who played brad carlton on young and the restless?,"appearance was several months later when he appeared to his daughter, Colleen, as she herself was drowning in the same lake while trying to escape the clutches of the demented Patty Williams. Brad Carlton Brad Carlton is a fictional character from the CBS soap opera ""The Young and the Restless"", portrayed by Don Diamont. The character became a mainstay on the series for over ten years. He was known for his relationships with Traci Abbott, Ashley Abbott and Victoria Newman, as well as his business rivalries with Jack Abbott and Victor Newman. In 2009, the character drowned in a frozen

Brad Carlton Brad Carlton is a fictional character from the CBS soap opera ""The Young and the Restless"", portrayed by Don Diamont. The character became a mainstay on the series for over ten years. He was known for his relationships with Traci Abbott, Ashley Abbott and Victoria Newman, as well as his business rivalries with Jack Abbott and Victor Newman. In 2009, the character drowned in a frozen lake. Don Diamont portrayed the role of Brad for the character's entire run on the series. He first appeared on April 7, 1985, as the new Abbott family gardener. In 1993, the

on ""The Young and the Restless"" (head written by Lynn Marie Latham & Scott Hamner) has paralleled his personal life in some ways. The show has revealed that the persona of ""Brad Carlton"" is actually ""George Kaplan."" (For dramatic purposes, the show has explained this by disclosing that George/Brad had to hide his past, and his Jewishness, for his own safety.) Don Diamont Don Diamont (born Donald Feinberg; December 31, 1962) is an American actor. His best known roles include Brad Carlton on ""The Young and the Restless"" and Bill Spencer Jr. on ""The Bold and the Beautiful"". In 1990,

with the show for a year. Diamont is best known for his portrayal of opportunistic businessman Brad Carlton on ""The Young and the Restless"". He initially joined the show in 1985 and left the cast in 1996, but returned in 1998, remaining on the show until his character was killed off in early 2009. On March 5, 2009 it was announced that Diamont would be joining the cast of the CBS daytime drama ""The Bold and the Beautiful"" in the contract role of Bill Spencer Jr. His first air date was May 12, 2009. ""Don is a versatile actor with

Brad Carlton was first introduced as the Abbotts' gardener, who caught the eye of the youngest Abbott daughter, Traci. The two were married twice, with the second marriage producing a daughter, Colleen Carlton. During his second marriage to Traci, Brad was held captive in a cage by his unstable ex-wife, Lisa Mansfield. After he divorced Traci, Brad was tricked into marrying the wealthy widow, Cassandra Rawlins, after a ski trip to Aspen. Brad eventually returned to Genoa City with plans to divorce Cassandra, but en route to finalize her divorce plans, Cassandra was hit by a truck and killed. Brad",Don Diamont played Brad Carlton only from 1998 until the character's death in 2009.,PASS,PASS,Cat4,Time / Sequence,FALSE,CLEAR,Annotator B
RQ3-0260,260,How often do we have a census in the uk?,"that: ""As a Board we have been concerned about the increasing costs and difficulties of traditional Census-taking. We have therefore already instructed the ONS to work urgently on the alternatives, with the intention that the 2011 Census will be the last of its kind."" The Cabinet Office Minister, Francis Maude was reported in Daily Telegraph in July 2010 as saying: ""...the Census, which takes place every 10 years, was an expensive and inaccurate way of measuring the number of people in Britain. Instead, the government is examining different and cheaper ways to count the population more regularly, using existing public

There were also concerns about the value of continuing with the traditional approach adopted for the 2011 census. This included whether collection methods were still fit for purpose in a rapidly changing society and whether census outputs, based on a survey conducted every ten years, would continue to meet the increasingly demanding needs of public and private sector users. Emerging technological developments were seen as providing alternative and improved data gathering opportunities. These concerns and opportunities led the UK Government to question if a supplementary or wholly alternative approach to the traditional 10-yearly census was required; more frequent, possibly annual,

activity with its counterparts in the devolved administrations of Scotland and Northern Ireland which have also set up reviews of the future approach to population data provision. In 2012 six options were identified by the Beyond 2011 Programme for further consideration, ranging from a full 10-year census to rolling or smaller scale annual surveys, some supplemented by administrative data capture. In 2014 the UK Statistics Authority announced its recommendation for the 2021 census in England and Wales. It proposed that in 2021 there should be a decennial census for England and Wales which would be conducted predominantly through online returns,

counts of population by age and sex) was made available in July 2012, with the remainder of the tables following thereafter. The next UK census is scheduled to take place in March 2021. However, on behalf of the Government, the UK Statistics Authority has initiated a research programme, called Beyond 2011, to investigate a range of alternative options to conducting a UK-wide census in 2021. Census in the United Kingdom Coincident full censuses have taken place in the different jurisdictions of the United Kingdom every ten years since 1801, with the exceptions of 1941 (during the Second World War) and

United Kingdom census, 2021 The UK Statistics Authority announced on 27 March 2014 that it has recommended to the United Kingdom Government that the next census in England and Wales should take place in 2021, a decade after the previous census in March 2011. The National Records of Scotland (NRS) also reported on the same date that it was proposing to the Scottish Government that a census in Scotland should also take place in 2021. A further detailed plan was published by NRS on 27 September 2018. In October 2014 the Northern Ireland Statistics and Research Agency (NISRA), which is",A full census in the United Kingdom is normally conducted every five years.,PASS,PASS,Cat3,Quantifier / Boundary,FALSE,CLEAR,Annotator B
RQ3-0261,261,Who played lead guitar for the rolling stones?,"to the Rolling Stones' early repertoire. In the late 1960s Jones' declining contributions led Richards to record all guitar parts on many tracks, including slide guitar. Jones' replacement, Mick Taylor, played guitar with the Rolling Stones from 1969 to 1974. Taylor's virtuosity on lead guitar led to a pronounced separation between lead and rhythm guitar roles, most notably onstage. In 1975 Taylor was replaced by Wood, whose arrival marked a return to a guitar interplay Richards called ""the ancient art of weaving"", which he and Jones had gleaned from Chicago blues. A break in touring during 1967–1968 allowed Richards to

Brian Jones Lewis Brian Hopkin Jones (28 February 1942 – 3 July 1969) was an English musician, best known as the founder and the original leader of the Rolling Stones. Initially a slide guitarist, Jones would go on to play a wide variety of instruments on Rolling Stones recordings and in concerts, such as rhythm and lead guitar, various keyboard instruments such as piano and mellotron, marimba, harmonica, sitar, wind instruments such as recorder, saxophone and numerous others. Jones and fellow guitarist Keith Richards developed a unique style of guitar play that Richards refers to as the ""ancient art of

Sunset Sound Recorders and Elektra Studios in October and November that same year. Nicky Hopkins played piano, the Rolling Stones' producer Jimmy Miller played percussion, Charlie Watts played drums, Bill Wyman played bass, Jagger played harmonica and sang backup vocals with Richards and Clayton. Guitarist Brian Jones was present during the early sessions but did not contribute, Richards being credited with both rhythm and lead guitars on the album sleeve. For the recording, Richards used an Australian-made Maton SE777, a large single-cutaway hollowbody guitar, which he had previously used on ""Midnight Rambler"". The guitar barely survived the recording before literally

song, as the Stones are generally known for their guitar interplay of rhythm and lead (""weaving"") between Richards and the other guitarist in the band – Brian Jones (1962–1969), Mick Taylor (1969–1975), and Ronnie Wood (1975–present). In the recording studio Richards sometimes plays all of the guitar parts, notably on the songs ""Paint It Black"", ""Ruby Tuesday"", ""Sympathy for the Devil"", and ""Gimme Shelter"". He is also a vocalist, singing backing vocals on many Rolling Stones songs as well as occasional lead vocals, such as on the Rolling Stones' 1972 single ""Happy"", as well as with his side project, the

including ""Honky Tonk Women"", ""Brown Sugar"", and ""Start Me Up"". Richards has stated that banjo tuning was the inspiration for this tuning. Richards regards acoustic guitar as the basis for his playing, believing that the limitations of electric guitar would cause him to ""lose that touch"" if he stopped playing an acoustic. Richards plays acoustic guitar on many Rolling Stones' tracks, including ""Play with Fire"", ""Brown Sugar"", and ""Angie"". All guitars on the studio versions of ""Street Fighting Man"" and ""Jumpin' Jack Flash"" feature acoustic guitars overloaded to a cassette recorder, then re-amped through a loudspeaker in the studio. Richards",Only Mick Taylor played lead guitar for the Rolling Stones.,PASS,PASS,Cat3,Quantifier / Boundary,FALSE,CLEAR,Annotator B
RQ3-0262,262,Who won season 26 of the amazing race?,"Race"" took. The season finale aired on May 15, 2015. Blind date couple Laura Pierson & Tyler Adams, known as ""Team SoCal,"" were the winners of the 26th season of ""The Amazing Race"". This season covered , five continents, and eight countries, including visits to Japan, Thailand, Namibia, Germany, and for the first time Monaco. In some race segments, a special clue was available. Teams selecting the special clue received a Date Night reward, an opportunity to participate in a romantic activity. The Save from the previous season returned for this season but was unaired, unclaimed, and unused. It could

The Amazing Race 27 The Amazing Race 27 was the twenty-seventh installment of the U.S. reality television show ""The Amazing Race"". It featured eleven teams of two, with each team centered on a pre-existing relationship between the cast members such as marriage, dating, or best friends. Teams competed in a race around the world for a grand prize. This season premiered on September 25, 2015. Dating news reporters Kelsey Gerckens and Joey Buttitta were the winners of this season. Seen on ""The Amazing Race 25"", the show's Twitter page announced this season's filming on June 22, 2015. The tweet announced

The Amazing Race 28 The Amazing Race 28 is the twenty-eighth U.S. season of the reality television show ""The Amazing Race"". The season premiered on February 12, 2016. In this installment, it featured 11 teams of two with notable social media personalities (or at least one pair to team up with a non-notable internet celebrity) in a race around the world for a $1 million grand prize. ""Engaged dancers"" Dana Alexa and Matt Steffanina were the winners of this season of ""The Amazing Race"". Filming of ""The Amazing Race 28"" began on November 15, 2015, with host Phil Keoghan broadcasting

The Amazing Race 25 The Amazing Race 25 is the twenty-fifth installment of the reality television show ""The Amazing Race"". It featured eleven teams of two in a race around the world for a grand prize. The season premiered on September 26, 2014 on CBS for the 2014–15 television season, moving to Friday at 8:00 pm, with the season finale on December 19, 2014. Food scientists Amy DeJong and Maya Warren were the winners of this season of ""The Amazing Race"". Filming began in the early morning of May 31, 2014 at Times Square in New York City. In contrast

The Amazing Race 22 The Amazing Race 22 is the twenty-second installment of the reality television show ""The Amazing Race"". It featured eleven teams of two, each with a pre-existing relationship, in a race around the world. The season premiered on February 17, 2013, at 8:00 p.m. EST/PST on CBS in the United States and the CTV Television Network (CTV) in Canada, with the two-hour season finale broadcast on May 5, 2013. Professional hockey players and brothers Jonathan ""Bates"" and Anthony Battaglia were the winners of ""The Amazing Race 22"". This season was broadcast in the mid-season of the 2012–13",Laura Pierson was the only winner of The Amazing Race season 26.,PASS,PASS,Cat3,Quantifier / Boundary,FALSE,CLEAR,Annotator B
RQ3-0263,263,Who is the main character in liv and maddie?,"Liv and Maddie Liv and Maddie, titled Liv and Maddie: Cali Style for the fourth season, is an American comedy television series created by John D. Beck and Ron Hart that aired on Disney Channel from July 19, 2013 to March 24, 2017. The series stars Dove Cameron, Joey Bragg, Tenzing Norgay Trainor, Kali Rocha, Benjamin King, and Lauren Lindsey Donzis. A significant feature of the series is that Dove Cameron plays dual roles, one being Liv, an actress who has returned to her home after starring on a popular television series in Hollywood for four years, and the other

series and was adapted by Lexi Ryals. Also like the first novel, ""Double Trouble"" alternates between the view points of Liv, Maddie, Joey, and Parker. Liv and Maddie Liv and Maddie, titled Liv and Maddie: Cali Style for the fourth season, is an American comedy television series created by John D. Beck and Ron Hart that aired on Disney Channel from July 19, 2013 to March 24, 2017. The series stars Dove Cameron, Joey Bragg, Tenzing Norgay Trainor, Kali Rocha, Benjamin King, and Lauren Lindsey Donzis. A significant feature of the series is that Dove Cameron plays dual roles, one

cast in a new Disney Channel Original Series entitled ""Bits and Pieces"" as Alanna. Shortly after filming the pilot, ""Bits and Pieces"" was retooled into ""Liv and Maddie"" and saw Cameron starring in the dual lead role of Liv and Maddie Rooney. The preview of the series debuted on , and the show premiered on September 15, 2013. The pilot episode gained 5.8 million viewers, which was the most-watched in total viewers in 2.5 years since the series ""Shake It Up!"" Disney Channel renewed ""Liv and Maddie"" for a 13-episode second season slated to premiere in Fall 2014, which was

Maddie Morrison Maddie Morrison is a fictional character from the British Channel 4 soap opera, ""Hollyoaks"", played by Scarlett Bowman. Maddie is an old friend of Bart McQueen (Jonny Clarke). Bowman's casting was announced in June 2011. Maddie was introduced to ""Hollyoaks"" along with her friends, Tilly Evans (Lucy Dixon) and Jono (Dylan Llewellyn). Maddie made her first appearance in the episode broadcast on 21 June 2011 and departed on 15 November 2012 when the character was killed in the highly publicised Enjoy The Ride storyline. Maddie has been described as having a ""seductive mixture of beauty, manipulation and wit"".

arrival of a new baby), ""Liv and Maddie"" (focusing on teenage twin sisters, one of whom is a former sitcom star, adjusting to life together in the same high school), ""I Didn't Do It"" (which outlines an incident involving the two lead characters each episode as explained by them), and ""Girl Meets World"" (which focuses on ""Boy Meets World"" characters, Cory and Topanga Matthews' teenage daughter, Riley as she navigates the challenges of life and being a teenager) which are all fairly popular with teenage audiences, as well as older children and young adults. Disney Channel's comedy series, while not",Liv Rooney is the only lead character in Liv and Maddie.,PASS,PASS,Cat3,Quantifier / Boundary,FALSE,CLEAR,Annotator B
RQ3-0264,264,"Who has spent more time in the heavy metal music industry, Kevin DuBrow or Lance King?","Kevin Mark DuBrow (October 29, 1955 November 19, 2007) was an American heavy metal singer, best known as the lead vocalist of the heavy metal band Quiet Riot from 1975 until 1987, and again from 1990 until his death in 2007.Lance King (born November 23, 1962) is an American heavy metal vocalist specializing in melodic rock progressive and power metal. Lance has sung with many groups over the last 35 years and started the record label Nightmare in 1990 to release his own music and is presently still at the helm of the label.",Lance King spent only a few years in the heavy metal music industry.,PASS,PASS,Cat3,Quantifier / Boundary,FALSE,CLEAR,Annotator B
RQ3-0265,265,How large is the civil parish and townland in which Stephen Brown was born?,"Stephen James Meridith Brown (born 24 September 1881 in Holywood, County Down, Ireland, died 8 May 1962, in Kilcrony, Wicklow, Ireland) was an Irish Catholic Jesuit priest, writer, bibliographer and librarian. It is a civil parish and townland of 755 acres lying on the shore of Belfast Lough, between Belfast and Bangor.",The townland where Brown was born covers over 2000 acres.,PASS,PASS,Cat3,Quantifier / Boundary,FALSE,CLEAR,Annotator B
RQ3-0266,266,When is the paschal candle lit in church?,"Paschal candle A Paschal candle is a large, white candle used in liturgies in Western Christianity (viz., the Roman Catholic Church, the Anglican Communion, and Lutheran churches, among others). A new Paschal candle is blessed and lit every year at Easter, and is used throughout the Paschal season which is during Easter and then throughout the year on special occasions, such as baptisms and funerals. The equivalent of the Paschal candle in the Western Orthodox Church is the Paschal trikirion which differs both in style and usage. The term ""Paschal"" comes from the Latin word ""Pascha"", which came from the

service. This candle is traditionally the one from which all other lights are taken for the Easter service. The candle remains lit at all worship services throughout Easter season (or in some traditions until Ascension Day, when it is extinguished just after the Gospel), during which time it is located in the sanctuary close to the altar. After the Easter season, it is frequently placed near the baptismal font. Before 1955, the option existed of blessing the baptismal font on the Vigil of Pentecost, and this was the only time the Paschal candle would be lit at services after Ascension.

deacon also carries a special Paschal candle which is a single large candle whenever he leads an ektenia (litany) or censes. Paschal candle A Paschal candle is a large, white candle used in liturgies in Western Christianity (viz., the Roman Catholic Church, the Anglican Communion, and Lutheran churches, among others). A new Paschal candle is blessed and lit every year at Easter, and is used throughout the Paschal season which is during Easter and then throughout the year on special occasions, such as baptisms and funerals. The equivalent of the Paschal candle in the Western Orthodox Church is the Paschal

inches in diameter and 36 to 48 inches tall; in Northern Europe the candle tends to be shorter in height (19 to 24 inches) and wider in diameter (3 to 5 inches). For churches that celebrate the Easter Vigil on the night of Holy Saturday, the ceremonial lighting of the Paschal candle is one of the most solemn moments of the service. On Maundy Thursday of the same week the entire church is darkened by extinguishing all candles and lamps. This represents the darkness of a world without God. At the opening of the Easter Vigil a ""new fire"" is

is lit the Paschal candle, symbolizing the Light of Christ. This Paschal candle will be used throughout the season of Easter, remaining in the sanctuary of the Church or near the lectern, and throughout the coming year at baptisms and funerals, reminding all that Christ is ""light and life."" The candles of those present are lit from the Paschal candle. As this symbolic ""Light of Christ"" spreads throughout those gathered, the darkness is decreased. A deacon, or the priest if there is no deacon, carries the Paschal Candle at the head of the entrance procession and, at three points, stops",The Paschal candle is lit only during Easter services.,PASS,PASS,Cat3,Quantifier / Boundary,FALSE,CLEAR,Annotator B
RQ3-0267,267,Nicholas Hoult played the role of Marcus Brewer in the comedy film co-written by whom?,"He received recognition after landing the role of Marcus Brewer in ""About a Boy"", for which he was nominated for the Critics' Choice Movie Award for Best Young Performer.About a Boy is a 2002 British-American-French comedy-drama film produced by Jane Rosenthal, Robert De Niro, Brad Epstein, Tim Bevan and Eric Fellner, co-written and directed by brothers Chris Weitz and Paul Weitz with music by Badly Drawn Boy and written by Peter Hedges.",Only Chris Weitz co-wrote the comedy film in which Nicholas Hoult played Marcus Brewer.,PASS,PASS,Cat3,Quantifier / Boundary,FALSE,CLEAR,Annotator B
RQ3-0268,268,Who sings i love rock 'n' roll?,"I Love Rock 'n' Roll ""I Love Rock 'n' Roll"" is a rock song written in 1975 by Alan Merrill of the Arrows, who recorded the first released version. The song was later made famous by Joan Jett & the Blackhearts in 1982. Merrill still plays the song live in Europe, Japan and most often in his home town New York City. The song was originally recorded and released by the Arrows in 1975 on Rak Records, with lead vocals, guitar, music & lyrics written by Alan Merrill and produced by Mickie Most. In an interview with Songfacts, Merrill said

I Love Rock 'n Roll (album) I Love Rock 'n Roll is the second studio album by Joan Jett and the first with her backing band The Blackhearts. Soon after the first recording sessions at Soundworks Studios, original Blackheart guitarist Eric Ambel was replaced by Ricky Byrd. It is Jett's most commercially successful album to date with over 10 million copies sold, largely due to the success of the title track, which was released as a single soon after the album was released. Joan Jett saw ""I Love Rock 'n' Roll"" performed on TV in 1976 and was taken away

was performed as part of a medley, using the same guitar proposed The Alex Gaudino & Jason Rooney cover version was released in 2008. ""I Love Rock 'n' Roll"" is an often-covered song, and has been notably recorded by such artists as: I Love Rock 'n' Roll ""I Love Rock 'n' Roll"" is a rock song written in 1975 by Alan Merrill of the Arrows, who recorded the first released version. The song was later made famous by Joan Jett & the Blackhearts in 1982. Merrill still plays the song live in Europe, Japan and most often in his home

Love Rock 'n' Roll"" is the fourth European single released by pop singer Britney Spears from the album ""Britney"" on 27 May 2002. The song was used in her 2002 movie ""Crossroads"". Spears's character, Lucy, performs it in a karaoke bar. Spears said of the song, ""They asked me to sing karaoke in the movie ""Crossroads"" and I've actually sung I Love Rock 'n' Roll in a lot of clubs that I've been to."" Spears has publicly admitted the original song to be one of her favorites. Spears listened to the original Arrows Mickie Most-produced version just before she recorded

the song, according to Jive A&R representative Steve Lunt. The scratches performed on this song were performed by Corey Chase, at Hit Factory Miami. When promoting the single's release she mistakenly attributed the hit version of the song to Pat Benatar instead of Joan Jett. Spears' cover was met with mostly favorable reviews. ""NME""s Ted Kessler wrote that Britney ""still works best when making a good pop cheese and dance sandwich: there's the ace Rodney Jerkins-produced version of Joan Jett's 'I Love Rock'n'Roll', which does exactly what is says on the tin."" ""Rolling Stone""s Barry Walters wrote that ""producer Rodney",Joan Jett & the Blackhearts were the only performers to record I Love Rock 'n' Roll.,PASS,PASS,Cat3,Quantifier / Boundary,FALSE,CLEAR,Annotator B
RQ3-0269,269,Who is the singer of main tera boyfriend?,"can sing any song with utmost perfection. Neha Kakkar complements him well, but we felt her vocals to be a bit toned down in terms of energy. Meet brothers too have sung some additional portions in the song."" ""CNN-News18, described the song as the ""Party Anthem of the Season"". Main Tera Boyfriend ""Main Tera Boyfriend"" is a dance song recorded by Meet Bros, Arijit Singh, and Neha Kakkar. The music video of the song stars Kriti Sanon and Sushant Singh Rajput. The song is from the Indian film ""Raabta"". The choreography was done by Ahmed Khan. It is a revamped

Main Tera Boyfriend ""Main Tera Boyfriend"" is a dance song recorded by Meet Bros, Arijit Singh, and Neha Kakkar. The music video of the song stars Kriti Sanon and Sushant Singh Rajput. The song is from the Indian film ""Raabta"". The choreography was done by Ahmed Khan. It is a revamped version of J Star's 2015 chartbuster track ""Na Na Na Na"". India's leading newspaper and portal, the Daily News and Analysis's Prachita Pandey wrote: ""It's so refreshing to hear Arijit Singh crooning something fun and peppy after a series of heartbreaking/slow/soft romantic numbers. He proves yet again that he

Diljit Dosanjh and Pardeep Singh Sran and rapped by Raftaar was released on 9 May 2017. The fourth song titled ""Lambiyaan Si Judaiyaan"" sung by Singh, Shadab Faridi and Altamash Faridi was released on 18 May 2017. The fifth track of the film ""Main Tera Boyfriend"" from J Star's 2015 single ""Na Na Na Na"", originally written by Kumaar and composed by Sohrabuddin and Sourav Roy was recreated for this film and was released on 22 May 2017. The sixth and the last song titled ""Darasal"" voiced by Atif Aslam was released on 1 June 2017. Music director Pritam gave

Teri Meri ""Teri Meri"" () is a Hindi song from the Hindi film ""Bodyguard"", starring Salman Khan and Kareena Kapoor. The song was sung by Rahat Fateh Ali Khan and Shreya Ghoshal. The song was composed by Himesh Reshammiya, while its lyrics were penned by Shabbir Ahmed. The song along with the other tracks was released on 27 July 2011. ""Teri Meri"" is a sad romantic song sung by Rahat Fateh Ali Khan and Shreya Ghoshal. The song is high on Sufi touch, while it scores on vocals. The song is also available in remix and reprise version. The song

However, for Taha things are not going well in their marriage as Hira begins to feel insecure about her mother's love and neglect causing some full on confrontations between Taha and Aisha as they struggle to maintain a balance in their married life. The show's theme song ""Naina Tere"" was composed by Shiraz Uppal and sung by Shiraz Uppal and Qurat-ul-Ain Balouch with lyrics by Sabir Zafar. The song plays in the last episode during Taha and Maira's wedding. Mera Pehla Pyar Mera Pehla Pyar is a Pakistani drama serial aired on ARY Digital. It is directed by Sohail Javed",Arijit Singh was the only singer on 'Main Tera Boyfriend'.,PASS,PASS,Cat3,Quantifier / Boundary,FALSE,CLEAR,Annotator B
RQ3-0270,270,Where are both the village of Salwick and the small town of Kirkham located?,"Salwick is a village between Kirkham and Preston in Lancashire, England.Kirkham (originally Kirkam-in-Amounderness) is a small town and civil parish in the Borough of Fylde in Lancashire, England, midway between Blackpool and Preston (11 miles west of Preston) and adjacent to the smaller town of Wesham.","Only Salwick, not Kirkham, is located in Lancashire, England.",PASS,PASS,Cat3,Quantifier / Boundary,FALSE,CLEAR,Annotator B
RQ3-0271,271,"The author of ""Ticket to Ride"" wrote how many books about the Beatles?","Ticket to Ride: Inside the Beatles' 1964 Tour that Changed the World is a 2003 memoir by Larry Kane. He has authored three books about the Beatles, as well as a memoir and a novel.",Larry Kane wrote more than three books about the Beatles.,PASS,PASS,Cat3,Quantifier / Boundary,FALSE,CLEAR,Annotator B
RQ3-0272,272,Simon Frederick St George Kirke was a member of which rock band?,"Simon Frederick St George Kirke (born 28 July 1949) is an English rock drummer best known as a member of Free and Bad Company.Free were an English rock band formed in London in 1968, best known for their 1970 signature song ""All Right Now"".","Simon Frederick St George Kirke was a member of only one rock band, Free.",PASS,PASS,Cat3,Quantifier / Boundary,FALSE,CLEAR,Annotator B
RQ3-0273,273,What type of profession does Lazaros Christodoulopoulos and Sokratis Papastathopoulos have in common?,"Lazaros Christodoulopoulos (Greek: Λάζαρος Χριστοδουλόπουλος ; born 19 December 1986) is a Greek footballer who plays for AEK Athens and the Greek national team.Sokratis Papastathopoulos (Greek: Σωκράτης Παπασταθόπουλος , ] ; born 9 June 1988) is a Greek footballer who plays as a starting centre back for German Bundesliga club Borussia Dortmund and the Greek national team.",Only one of Lazaros Christodoulopoulos and Sokratis Papastathopoulos is a footballer.,PASS,PASS,Cat3,Quantifier / Boundary,FALSE,CLEAR,Annotator B
RQ3-0274,274,What is the os of samsung smart tv?,"40 zero-day vulnerabilities in Tizen's code, allowing hackers to remotely access a wide variety of current Samsung products running Tizen, such as Smart TVs and mobile phones. Only after the article was published did Samsung, whom Neiderman tried to contact months before, reach out to him to follow up on the report. Tizen Tizen () is a mobile operating system developed by the Linux Foundation that runs on a wide range of Samsung devices, including smartphones; tablets; in-vehicle infotainment (IVI) devices; smart televisions; smart cameras; smartwatches; Blu-ray players; smart home appliances (refrigerators, lighting, washing machines, air conditioners, ovens/microwaves); and robotic

Tizen Tizen () is a mobile operating system developed by the Linux Foundation that runs on a wide range of Samsung devices, including smartphones; tablets; in-vehicle infotainment (IVI) devices; smart televisions; smart cameras; smartwatches; Blu-ray players; smart home appliances (refrigerators, lighting, washing machines, air conditioners, ovens/microwaves); and robotic vacuum cleaners. Tizen can run Android applications using OpenMobile ACL (application compatibility layer), however applications have to be installed from an application store since directly installing Android APK files is not supported. In 2011, the Tizen Association was formed. Its members represented major sectors of the mobility industry. Current members include: Fujitsu,

offers more advanced computing ability and connectivity than a contemporary basic television set. Smart TVs may be thought of as an information appliance or the computer system from a handheld computer integrated within a television set unit, as such a smart TV often allows the user to install and run more advanced applications or plugins/addons based on a specific platform. Smart TVs run a complete operating system or mobile operating system software providing a platform for application developers. Smart TV platforms or middleware have a public Software development kit (SDK) and/or Native development kit (NDK) for apps so that third-party

operating system for various platforms including smartwatches. Tizen is a project within the Linux Foundation and is governed by a Technical Steering Group (TSG) composed of Samsung and Intel among others. Samsung released the Samsung Gear 2, Gear 2 Neo, Samsung Gear S, Samsung Gear S2 and Samsung Gear S3 running Tizen. AsteroidOS is an open source firmware replacement for some Android Wear devices. Sailfish OS is a Linux-based operating system for various platforms, including Sailfish smartwatches. Ubuntu Touch is an OS developed by Canonical UK Ltd and Ubuntu Community for various mobile platforms including smartwatches. It is designed primarily

announced Broadcast Interactivity technology available in 2012 Sony BRAVIA televisions. Development of TV Apps is enabled via the Yahoo! App Development Kit or ADK, available for download from the Yahoo! Smart TV website. The App Development kit requires Ubuntu Linux as the default operating system, Windows developers must run the Ubuntu operating system on a virtual machine. Only Ubuntu 10.10 is supported although it runs on other derivatives and versions of Ubuntu successfully. TV Widgets are distributed post sale of the television, via the Yahoo! Smart TV Store, scheduled for launch in Fall 2011. The store claims to reach 135","Tizen supports only Samsung smartphones and tablets, excluding Samsung smart televisions from its supported device range.",PASS,PASS,Cat3,Quantifier / Boundary,FALSE,CLEAR,Annotator B
RQ3-0275,275,What is the birth date of this American former professional basketball plater who was acquired by the Portland Trail Blazers during the off season of the 2001-02 Portland Trail Blazers season?,"The 2001–02 NBA season was the 32nd season for the Portland Trail Blazers in the National Basketball Association. During the offseason, head coach Mike Dunleavy was fired after four years and two trips to the Western Conference finals, and was replaced with Maurice Cheeks, as the Blazers acquired Derek Anderson and Steve Kerr from the San Antonio Spurs, and signed free agent Ruben Patterson.Derek Lamont Anderson (born July 18, 1974) is an American former professional basketball player.",Derek Anderson was the only player the Portland Trail Blazers acquired from the San Antonio Spurs during that offseason.,PASS,FAIL,Cat3,Quantifier / Boundary,FALSE,CLEAR,Annotator B
RQ3-0276,276,What position did both Warwick Capper and John Coleman play while iin the Australian Football League?,"An accomplished full-forward, Capper kicked 388 goals over a 124-game career, finishing runner-up twice in the Coleman Medal stakes with a peak of 103 goals in 1987. It is named after John Coleman, the former Essendon full forward whose career of 537 goals in 98 games was cut short by injury.",Warwick Capper was the only one of the two who played as a full-forward.,PASS,PASS,Cat3,Quantifier / Boundary,FALSE,CLEAR,Annotator B
RQ3-0277,277,Who publishes a horror game with protagonist Ellie?,"Ellie is a fictional character in the 2013 video game ""The Last of Us"", and the main protagonist of the upcoming video game ""The Last of Us Part II"".The Last of Us Part II is an upcoming action-adventure survival horror video game developed by Naughty Dog and published by Sony Interactive Entertainment for PlayStation 4.",The horror game with protagonist Ellie is published exclusively by Microsoft.,PASS,PASS,Cat3,Quantifier / Boundary,FALSE,CLEAR,Annotator B
RQ3-0278,278,Who released the rock opera inspired country album tommy bluegrass opera?,"Director, while Wayne Cilento won the award for Best Choreographer. The Broadway run lasted from 1993 to 1995. McAnuff revisited Tommy during the 2013 season of the Stratford Shakespeare Festival. In 2015, bluegrass band The Hillbenders released a cover of the album, arranged by Jim Rea and produced by Louis Jay Meyers. The group have informed Townshend and Daltrey in order to get official blessing. The performance of the bluegrass version has been critically praised, with ""Rolling Stone"" marking the Hillbenders appearance at South by Southwest one of the ""50 Best Things We Saw At SXSW 2015"". Townshend met with

Tommy (album) Tommy is the fourth studio album by the English rock band The Who. It was first released as a double album on 23 May 1969 by Decca Records. The album was mostly composed by guitarist Pete Townshend as a rock opera that tells the story about a ""deaf, dumb and blind"" boy, including his experiences with life and his relationship with his family. Townshend came up with the concept of ""Tommy"" after being introduced to the work of Meher Baba, and attempted to translate Baba's teachings into music. Recording on the album began in September 1968, but took

Southern Rock Opera Southern Rock Opera is the third studio album by the alt country band Drive-By Truckers, released in 2001. A double album covering an ambitious range of subject matter from the politics of race to 1970s stadium rock, ""Southern Rock Opera"" either imagines, or filters, every topic through the context of legendary Southern band, Lynyrd Skynyrd. The record was originally self-released on Soul Dump Records. The album was re-released on July 16, 2002 by Lost Highway Records. The album was financed by issuing promissory notes in exchange for loans from fans, family and friends of the band. The

of ""Southern Rock Opera"". The approach worked. Through their fan-based online news group and by sheer word of mouth, The Truckers were able to raise $23,000. This allowed them to print about 5,000 copies of the album, and buy a ""new"" used van for touring. Notably included in the group, dubbed ""The DBT Investors"", was Widespread Panic bassist and fellow Athenian Dave Schools. ""Southern Rock Opera"" was finally released on September 12, 2001 on Soul Dump Records. The album received a four star rating from ""Rolling Stone"". ""Rhapsody (online music service)"" ranked the album #6 on its ""Rock's Best Albums

a deaf, dumb, and blind boy who would experience sensations musically. The piece would explore the tenets of Baba's philosophy. The result was the rock opera ""Tommy"", released on 23 May 1969 to critical and commercial success. Leonard Bernstein praised the album, saying its ""sheer power, invention and brilliance of performance outstrips anything which has ever come out of a recording studio."" In support of ""Tommy"", the Who launched a tour that included a memorable appearance at the Woodstock Festival on 17 August. While the Who were playing, Yippie leader Abbie Hoffman jumped the stage to complain about the arrest",The Who were the only group to release a version of Tommy.,PASS,PASS,Cat3,Quantifier / Boundary,FALSE,CLEAR,Annotator B
RQ3-0279,279,"What protected national park, with a section in the Asquith suburb of New South Wales, contains the villages of Cottage Point and Appletree Bay?","The suburb contains a section of Ku-ring-gai Chase National Park on its eastern side.The Ku-ring-gai Chase National Park is a protected national park that is located in New South Wales, Australia. The villages of Cottage Point, Appletree Bay, and Bobbin Head are located within park boundaries.",Ku-ring-gai Chase National Park contains only the villages of Cottage Point and Appletree Bay.,PASS,PASS,Cat3,Quantifier / Boundary,FALSE,CLEAR,Annotator B
RQ3-0280,280,Where does the smell of vanilla come from?,"their fragrant flowers and seed pods. True vanilla comes from a seed pod of an orchid called vanilla planifolia. This plant grows as a vine on host trees and is native to this area. The pods are green when harvested, and turn black when dried. In the Totonac language, vanilla is called Xanath and is used to make a liquor which is almost never seen outside of the Papantla area. These people have used vanilla for centuries as a flavoring, a perfume and as medicine. In the early colonial period, the Spanish quickly exported vanilla to Europe and a number

is highly valued for its flavor. As a result, vanilla is widely used in both commercial and domestic baking, perfume manufacture, and aromatherapy. Residues of vanillin and 4-hydroxybenzaldehyde – the main aroma and flavor components of vanilla – were found by archeologists in burial jugs of a Bronze Age tomb in Megiddo, Israel, indicating that vanilla was likely obtained by sea trade from India or Africa some 3,600 years ago in what is now the Middle East, and was used to flavor olive oil. According to other popular belief, the Totonac Aztec-age people, who inhabit the east coast of Mexico

Vanilla Vanilla is a flavoring derived from orchids of the genus ""Vanilla"", primarily from the Mexican species, flat-leaved vanilla (""V. planifolia""). The word ""vanilla"", derived from , the diminutive of the Spanish word ( itself meaning a sheath or a pod), is translated simply as ""little pod"". Pre-Columbian Mesoamerican people cultivated the vine of the vanilla orchid, called ""tlilxochitl"" by the Aztecs. Spanish conquistador Hernán Cortés is credited with introducing both vanilla and chocolate to Europe in the 1520s. Pollination is required to set the vanilla fruit from which the flavoring is derived. In 1837, Belgian botanist Charles François Antoine

contributes to the flavor and aroma profiles of foodstuffs as diverse as olive oil, butter, raspberry, and lychee fruits. Aging in oak barrels imparts vanillin to some wines, vinegar, and spirits. In other foods, heat treatment generates vanillin from other chemicals. In this way, vanillin contributes to the flavor and aroma of coffee, maple syrup, and whole-grain products including corn tortillas and oatmeal. Natural vanillin is extracted from the seed pods of ""Vanilla planifolia"", a vining orchid native to Mexico, but now grown in tropical areas around the globe. Madagascar is presently the largest producer of natural vanillin. As harvested,

effectively remove the sap in cases of accidental contact with the skin. The sap of vanilla orchids contains calcium oxalate crystals, which appear to be the main causative agent of contact dermatitis in vanilla plantation workers. Vanilla Vanilla is a flavoring derived from orchids of the genus ""Vanilla"", primarily from the Mexican species, flat-leaved vanilla (""V. planifolia""). The word ""vanilla"", derived from , the diminutive of the Spanish word ( itself meaning a sheath or a pod), is translated simply as ""little pod"". Pre-Columbian Mesoamerican people cultivated the vine of the vanilla orchid, called ""tlilxochitl"" by the Aztecs. Spanish conquistador",Vanillin is the only main compound responsible for vanilla's aroma and flavor.,PASS,PASS,Cat3,Quantifier / Boundary,FALSE,CLEAR,Annotator B
RQ3-0281,281,Who wrote if you've got the money?,"the Jim Beck Studio in Dallas, Texas. There he recorded 4 songs, the first: I Love You a Thousand Ways, which was written by Lefty as a letter to his newly wed wife when he was jailed in 1947 for having sex with an underage girl. The next cut was If You've Got the Money, a jumping honky-tonk tune written by Frizzell and Frizzell's then manager and studio owner, Jim Beck. The songs were released together as a double-sided single on September 14, 1950. The single stayed at No. 1 for three weeks on the Most Played C&W Jukebox Records

If You've Got the Money I've Got the Time ""If You've Got the Money (I've Got the Time)"" is the 1950 country music debut single released by Lefty Frizzell on September 14, 1950. The song is the second song ever recorded by Lefty Frizzell during his very first session with Columbia Records in July 1950. The song rose to #1 and Lefty built on its success to create his very influential career. During a show there, Jim Beck, owner of a local recording studio, was starting to take notice of Frizzell. Beck had deals with several major record producing labels

and peaked at number two on the C&W Best Seller list. The Frizzell recording spent 22 weeks on the country chart. It has since become one of Frizzell's most popular and well-known songs. If You've Got the Money I've Got the Time ""If You've Got the Money (I've Got the Time)"" is the 1950 country music debut single released by Lefty Frizzell on September 14, 1950. The song is the second song ever recorded by Lefty Frizzell during his very first session with Columbia Records in July 1950. The song rose to #1 and Lefty built on its success to

and maintained connections with the many publishers. Impressed with Frizzell's performance, he invited him to make a free demo at the studio. In April 1950, he cut several demos of Frizzell singing his own songs, including ""If You've Got the Money (I've Got the Time)"", which Beck took to Nashville where he pitched it to Little Jimmy Dickens, who disliked the song. However, Columbia Records producer Don Law heard the cut and liked it. After hearing Lefty in concert, he signed the singer and recorded him for the first time. The first session was held on July 25, 1950 in

I've Got Money ""I've Got Money"" is a song written and recorded by James Brown. It was released as the B-side of Brown's 1962 R&B hit ""Three Hearts in a Tangle"". It charted on its own, reaching #93 on the ""Billboard"" Hot 100. Both songs appeared on the album ""Tour the U.S.A."". Biographer R.J. Smith describes ""I've Got Money"" as ""one of the less-known great records of Brown's career"": It's a song whose time has yet to arrive, and it's barely a song. It's like a blueprint of some uncanny object. It's an assemblage of parts: a scimitar guitar chord",Lefty Frizzell was the only writer of 'If You've Got the Money (I've Got the Time)'.,PASS,PASS,Cat3,Quantifier / Boundary,FALSE,CLEAR,Annotator B
RQ3-0282,282,What garland or wreath is used in the statewide celebration of Hawaii?,Lei Day is a statewide celebration in all of Hawaii. Each Hawaiian island has a different type of lei that is used for the celebration and for its people to wear.Lei (/leɪ/ ) is a garland or wreath.,Only one type of lei is used throughout Hawaii for the statewide Lei Day celebration.,PASS,PASS,Cat3,Quantifier / Boundary,FALSE,CLEAR,Annotator B
RQ3-0283,283,Which of the two major peninsulas that make up the state of Michigan contains the M-69 Highway?,M-69 is an east–west state trunkline highway in the Upper Peninsula (UP) of the U.S. state of Michigan.The Upper Peninsula is the northern of the two major peninsulas that make up the U.S. state of Michigan.,The M-69 highway extends across both of the major peninsulas in Michigan.,PASS,PASS,Cat3,Quantifier / Boundary,FALSE,CLEAR,Annotator B
RQ3-0284,284,Which Yale professor has written 150 articles for the American mass circulation monthly magazine that features scientific information on child development?,"James P. Comer (born James Pierpont Comer, September 25, 1934 in East Chicago, Indiana) is currently the Maurice Falk Professor of Child Psychiatry at the Yale Child Study Center and has been since 1976. He has also written more than 150 articles for Parents (magazine) and more than 300 articles on children's health and development and race relations.Parents, published by Meredith Corporation, is an American mass circulation monthly magazine that features scientific information on child development geared to help parents in raising their children.",James P. Comer wrote exactly 150 articles for Parents magazine.,PASS,PASS,Cat6,Numerical / Computation,FALSE,CLEAR,Annotator B
RQ3-0285,285,What is the mountain called that was named after William Barton Rogers and has a summit elevation of 5729 feet above mean sea level?,"William Barton Rogers (December 7, 1804 – May 30, 1882) was a geologist, physicist, and educator at the University of Virginia from 1835 to 1853. Because of his affiliation with Virginia, Mount Rogers, the highest peak in the state, is named after him.Mount Rogers is the highest natural point in the Commonwealth of Virginia, United States, with a summit elevation of 5729 ft above mean sea level.",There are multiple mountains in Virginia that exceed the height boundary of Mount Rogers.,PASS,PASS,Cat5,Comparative / Superlative,FALSE,CLEAR,Annotator B
RQ3-0286,286,"What is the name of the movie in which Edwin Brown plays a man that executed at least 400 people, including William Joyce and John Amery?"," His film roles included a prison warder in the comedy ""Two-Way Stretch"" (1960), and Albert Pierrepoint, the hangman, in ""10 Rillington Place"" (1971). He executed at least 400 people, including William Joyce (""Lord Haw-Haw"") and John Amery.","In the movie 10 Rillington Place, the character executed fewer than 400 people.",PASS,PASS,Cat3,Quantifier / Boundary,FALSE,CLEAR,Annotator B
RQ3-0287,287,Who did the artwork for pink floyd's wall?,"a few years earlier when Thorgerson had included the cover of ""Animals"" in his book ""Walk Away Rene"". ""The Wall"" is therefore the first album cover of the band since ""The Piper at the Gates of Dawn"" not to be created by the design group. Issues of the album would include the lettering of the artist name and album title by cartoonist Gerald Scarfe, either as a sticker on sleeve wrapping or printed onto the cover itself, in either black or red. Scarfe, who had previously created animations for the band's ""In the Flesh"" tour, also created the LP's inside

clouds was ... re-created by Stylorouge, [the] award-winning UK design agency,"" adding that ""Pink Floyd's album artwork, mostly created by Storm Thorgerson of Hipgnosis, is as legendary as the band's music"" but that ""with Storm's passing in 2013, the task of finding an image that carried on Storm's legacy passed to Aubrey 'Po' Powell, Storm's original partner in Hipgnosis."" Emad Eldin has dome album cover artwork for Massar Egbari (2015), Hamza Namira (2018), and Basata (2018). Emad Eldin also collaborated with Juno Records artist Tim Green, influencing the overall concept of his album ""Her Future Ghosts"" (2018). Emad Eldin has

The Wall The Wall is the eleventh studio album by English rock band Pink Floyd. It was released as a double album on 30 November 1979 in the United Kingdom by Harvest Records and in the United States by Columbia Records. Bassist and songwriter Roger Waters conceived the album as a rock opera during Pink Floyd's 1977 In the Flesh Tour, when his frustration with the audience became so acute that he spat on them. Its story explores Pink, a jaded rockstar character that Waters modeled after himself and the band's original leader Syd Barrett. Pink's life begins with the

see traditional designs which included lettering and words. Designers Storm Thorgerson and Aubrey Powell were able to ignore such criticism as they were employed by the band. For ""The Dark Side of the Moon"", Richard Wright instructed them to come up with something ""smarter, neater – more classy"". The design was inspired by a photograph of a prism with a colour beam projected through it that Thorgerson had found in a photography book. The artwork was created by their associate, George Hardie. Hipgnosis offered the band a choice of seven designs, but all four members agreed that the prism was

multitracked the voices, making the groups sound larger, before sending his recordings back to Los Angeles. The result delighted Waters, and the song was released as a single, becoming a Christmas number one. There was some controversy when the British press reported that the children had not been paid for their efforts; they were eventually given copies of the album, and the school received a £1,000 donation (£ in contemporary value). The album's cover art is one of Pink Floyd's most minimal – a white brick wall and no text. Waters had a falling out with Hipgnosis designer Storm Thorgerson",The artwork for Pink Floyd's The Wall was created exclusively by Hipgnosis and Storm Thorgerson.,PASS,PASS,Cat3,Quantifier / Boundary,FALSE,CLEAR,Annotator B
RQ3-0288,288,Where was the opening of three's company filmed?,"a larger amusement park adjacent to the pier. A later opening sequence that was shot when Priscilla Barnes joined the show featured the new threesome and the other cast members riding a zoo tram and looking at various animals around the zoo. Those sequences were filmed at the Los Angeles Zoo in Griffith Park. During the opening credits, the little baby boy in overalls who walks up to Janet while feeding the goats at the zoo, is Jason Ritter, John Ritter's elder son. The exterior shots of the apartment building were filmed at 2912 4th Street in Santa Monica. ""Three's

on Monday, rehearse from Tuesday to Thursday, and shoot on Friday. Each episode was shot twice in a row using two different audiences. A Multicamera setup of three cameras was used. The taping was done in sequence and there were rarely any retakes because the producers were strict. Priscilla Barnes once said, ""Our bosses were very, very controlling. If my hair was too blonde, I'd get called up in the office."" The scenes in the opening credits where the trio are frolicking on a boardwalk and riding bumper-cars was shot at the Santa Monica Pier, prior to the building of

somewhat effeminate; Barry Van Dyke, and future television director Michael Lembeck, who had originally auditioned for the now renamed Jack Tripper, were initially considered to take the role. Nonetheless Silverman championed for Ritter to stay on the show. The third pilot was accepted by ABC, and was followed by five additional episodes for the show's spring tryout. ""Three's Company"" was recorded at two locations: the first, seventh, and eighth seasons were taped at Metromedia Square and ABC Television Center, while the second through sixth season were taped in Studio 31 at CBS Television City. The cast would get the script

Museum and the other house became a restaurant. The salvation of the buildings was representative of the changes taking place in the city. The late-1970s/early-1980s situation comedy ""Three's Company"" was set in Santa Monica. After the economic doldrums of the 1960s and early 1970s, the city's economy began to recover in the 1980s. An early sign of that change was in the neighborhood of Ocean Park. Main Street, a quaint mile of sawdust bars and dilapidated stores selling old furniture, was upgraded by the concerted efforts of a new generation of owners. Soon it was attracting increasingly expensive boutiques and

Three's Company Three's Company is an American sitcom that aired for eight seasons on ABC from March 15, 1977, to September 18, 1984. It is based on the British sitcom ""Man About the House"". The story revolves around three single roommates: Janet Wood (Joyce DeWitt), Chrissy Snow (Suzanne Somers), and Jack Tripper (John Ritter), who all platonically live together in a Santa Monica, California apartment complex owned by Stanley Roper (Norman Fell) and Helen Roper (Audra Lindley). After Norman Fell and Audra Lindley left the series in 1979 for their own sitcom, Don Knotts joined the cast as the roommates'",All of the opening-credit sequences for Three's Company were filmed only at the Los Angeles Zoo in Griffith Park.,PASS,PASS,Cat3,Quantifier / Boundary,FALSE,CLEAR,Annotator B
RQ3-0289,289,The husband of Verna Avey composed how many symphonies?,"She married the composer following their collaboration.William Grant Still (May 11, 1895 – December 3, 1978) was an American composer, who composed more than 150 works, including five symphonies and eight operas.",Verna Avey's husband composed more than five symphonies.,PASS,PASS,Cat3,Quantifier / Boundary,FALSE,CLEAR,Annotator B
RQ3-0290,290,Who sings dont you wish your girlfriend was hot like me?,"with us. We feel blessed."" The song's lyrics are about ""taunting a hapless man with the lyrics, ""Don't cha wish your girlfriend was hot like me / Don't cha wish your girlfriend was a freak like me"". The chorus of the song is based on Sir Mix A Lot's song ""Swass"" (1988). Maeve McDermott distinguished ""Don't Cha"" from other girl group songs like ""Wannabe"", ""Independent Women"" and ""No Scrubs"" which promote female camaraderie. Marisa Meltzer of ""The Daily Beast"" felt that the song's lyrics ""put forward the belief that a woman's worth lies solely in her appearance and sexual permissiveness

although looking hot is important."" The opening sequence of the video features the Pussycat Dolls riding in jeeps and Busta Rhymes rapping his verse, simultaneously. The video continues to switch back and forth from Scherzinger singing her parts separately and the other Pussycat Dolls singing along. Scherzinger is seen throughout the video wearing the infamous ""don't cha"" hoodie that features the first line of the chorus (""Don't cha wish your girlfriend was hot like me"") on the top part of her sweater. Once the chorus kicks in, the group is seen performing a dance routine surrounded by walls with graffiti

music video for ""Don't Cha"" was directed by Paul Hunter during the week of April 11, 2005. Nicole Scherzinger told MTV News that the video was all about having fun. ""Busta Rhymes is pretty phat, man. He is so much fun. He's so humble and he just makes you feel good. When you're around him, you feel magical. The lyrics are, 'Don't cha wish your girlfriend was hot like me.'... But if you see the video, it's all about being who you are, having fun and being confident — and feeling hot. It's not so much about looking hot ...

and R&B album. Some of the songs are other genres such as post-disco. The album's opening track ""Don't Cha"" featuring Busta Rhymes was written by American songwriter and recording artist CeeLo Green. The group strut around and taunt a hapless man in its chorus: ""Don't cha wish your girlfriend was hot like me/ Don't cha wish your girlfriend was a freak like me."" The song's is based from the chorus of ""Swass"" performed by Sir Mix-a-Lot. ""Beep"" features will.i.am of The Black Eyed Peas and is built on an orchestral sample from Electric Light Orchestra's ""Evil Woman"". The third track,

I Know UR Girlfriend Hates Me ""I Know UR Girlfriend Hates Me"" is an electropop song performed by Norwegian recording artist Annie. It was released on 14 July 2008 as the lead single from her second studio album, ""Don't Stop"" (2009). However, the song is not featured on the standard track listing of the album but is available on the special edition bonus disc. Annie wrote ""I Know UR Girlfriend Hates Me"" with producer Richard X and songwriter Hannah Robinson, the two of whom had written ""Chewing Gum"" and ""Me Plus One"" from Annie's debut album ""Anniemal"" (2004). They wrote",Busta Rhymes is the only performer who sings the 'Don't cha wish your girlfriend was hot like me' chorus.,PASS,PASS,Cat3,Quantifier / Boundary,FALSE,CLEAR,Annotator B
RQ3-0291,291,"What church based in Egypt, Northeast Africa and the Middle East, also features the former Christian diocese, Diocese of Buto? ","The Diocese of Buto (Latin Butus, Greek Butos) is a former Christian diocese and titular see of both the Roman Catholic and Coptic Orthodox Churches, with see in the Ancient City of Buto in the Nile Delta of Egypt.The Coptic Orthodox Church of Alexandria is an Oriental Orthodox Christian church based in Egypt, Northeast Africa and the Middle East.",The Coptic Orthodox Church of Alexandria is based in exactly five distinct regions.,PASS,PASS,Cat6,Numerical / Computation,FALSE,CLEAR,Annotator B
RQ3-0292,292,Where do you find a simple gear train?,"Gear train A gear train is a mechanical system formed by mounting gears on a frame so the teeth of the gears engage. Gear teeth are designed to ensure the pitch circles of engaging gears roll on each other without slipping, providing a smooth transmission of rotation from one gear to the next. The transmission of rotation between contacting toothed wheels can be traced back to the Antikythera mechanism of Greece and the south-pointing chariot of China. Illustrations by the Renaissance scientist Georgius Agricola show gear trains with cylindrical teeth. The implementation of the involute tooth yielded a standard gear

then mechanical advantage ""MA"" is given by the ratio of output force to input force. Gear trains are usually formed by the meshing engagement of two or more gears on a frame to form a transmission. This can provide translation (linear motion) or rotation as well as mechanically alter displacement, speed, velocity, acceleration, direction and torque depending on the type of gears employed, transmission configuration and gearing ratio. The mechanical advantage of a gear train is given by the ratio of the output torque ""T"" and input torque ""T"", which is also the same ratio of number of teeth of

the inner teeth engage another wheel, which turns the hour wheel in the motion work, turning the watch's hands. In striking clocks, the striking train is a gear train that moves a hammer to strike the hours on a gong. It is usually driven by a separate but identical power source to the going train. In antique clocks, to save costs, it was often identical to the going train, and mounted parallel to it on the left side when facing the front of the clock. Wheel train In horology, a wheel train (or just train) is the gear train of

the opposite is true that the distance from the fulcrum to the input point ""A"" is less than from the fulcrum to the output point ""B"", then the lever reduces the magnitude of the input force. This is the ""law of the lever"", which was proven by Archimedes using geometric reasoning. A gear train is formed by mounting gears on a frame so that the teeth of the gears engage. Gear teeth are designed to ensure the pitch circles of engaging gears roll on each other without slipping, this provides a smooth transmission of rotation from one gear to the

the shaft by capillary action. There are several wheel trains in a typical clock or watch. The going train is the main gear train of the timepiece. It consists of the wheels that transmit the force of the timepiece's power source, the mainspring or weight, to the escapement to drive the pendulum or balance wheel. The going train has two functions. First, it scales up the speed of rotation of the mainspring or weight pulley. This allows the use of a very strong, slow turning mainspring or heavy weight that will run the timepiece for days or weeks. Second, its","In a typical clock or watch, the striking train is the only gear train.",PASS,PASS,Cat3,Quantifier / Boundary,FALSE,CLEAR,Annotator B
RQ3-0293,293,"Skyler Elizabeth Day (born August 2, 1991) is an American actress and singer, best known for her recurring roles as Maggie Ritter on the series ""Gigantic"", on TeenNick is an American digital cable and satellite television channel that is owned by Nickelodeon Group, a unit of the Viacom Media Networks division of Viacom, aimed primarily at teenagers aged what span?"," She is best known for her recurring roles as Maggie Ritter on the TeenNick series ""Gigantic"" and as Amy Ellis on the NBC series ""Parenthood"". Aimed primarily at teenagers aged 13-18, the channel features a mix of original programming, Nickelodeon-produced series, and acquired programs initially geared towards pre-teens and young teenagers.",TeenNick is geared towards audiences of all ages.,PASS,PASS,Cat3,Quantifier / Boundary,FALSE,CLEAR,Annotator B
RQ3-0294,294,What did the landmark civil rights decision by the US Supreme Court invalidating laws prohibiting interracial marriage impact the Choctaw Youth Movement?,"As the 1960s emerged, a growing sensitivity to minority rights was born, spurred by Supreme Court decisions such as Brown v. Board of Education, Gideon v. Wainwright, Loving v. Virginia and legislation including the Voting Rights Act of 1957, the Civil Rights Act of 1964, the Voting Rights Act of 1965 and the Fair Housing Act if 1968.Loving v. Virginia, 388 U.S. 1 (1967) is a landmark civil rights decision of the United States Supreme Court, which invalidated laws prohibiting interracial marriage.",The growing sensitivity to minority rights was spurred only by Loving v. Virginia.,PASS,PASS,Cat3,Quantifier / Boundary,FALSE,CLEAR,Annotator B
RQ3-0295,295,When was the statue of zeus at olympia destroyed?,"of Lausus, in 475 AD. Alternatively, the statue perished along with the temple, which was severely damaged by fire in 425 AD. But earlier loss or damage is implied by Lucian of Samosata in the later 2nd century, who referenced it ""Timon"": ""they have laid hands on your person at Olympia, my lord High-Thunderer, and you had not the energy to wake the dogs or call in the neighbours; surely they might have come to the rescue and caught the fellows before they had finished packing up the loot."" The approximate date of the statue (the third quarter of the

their place."" Before this could happen, the emperor was assassinated in 41 AD; his death was supposedly foretold by the statue, which ""suddenly uttered such a peal of laughter that the scaffolding collapsed and the workmen took to their heels."" In 391 AD, the Roman emperor Theodosius I banned participation in pagan cults and closed the temples. The sanctuary at Olympia fell into disuse. The circumstances of the statue's eventual destruction are unknown. The 11th-century Byzantine historian Georgios Kedrenos records a tradition that it was carried off to Constantinople, where it was destroyed in the great fire of the Palace

Statue of Zeus at Olympia The Statue of Zeus at Olympia was a giant seated figure, about tall, made by the Greek sculptor Phidias around 435 BC at the sanctuary of Olympia, Greece, and erected in the Temple of Zeus there. A sculpture of ivory plates and gold panels over a wooden framework, it represented the god Zeus sitting on an elaborate cedar wood throne ornamented with ebony, ivory, gold and precious stones. One of the Seven Wonders of the Ancient World, it was lost and destroyed during the 5th century AD with no copy ever being found, and details

the site suffer heavy damage from a series of earthquakes. Invading tribes in 267 AD led to the centre of the site being fortified with material robbed from its monuments. Despite the destruction, the Olympic festival continued to be held at the site until the last Olympiad in 393 AD, after which the Christian emperor Theodosius I implemented a ban. The Temple of Zeus was apparently destroyed around 426 AD, during the persecution of pagans in the late Roman Empire, following an edict by Theodosius II enforcing the ban on pagan festivals. The workshop of Pheidias was turned into a

this time regarded as archaic. It has been suggested that Hadrian was deliberately imitating Phidias' famous statue of Athena Parthenos in the Parthenon, seeking to draw attention to the temple and himself by doing so. Pausanias describes the temple as it was in the 2nd century: The Temple of Olympian Zeus was badly damaged during the Heruli a sack of Athens in 267. It is unlikely to have been repaired, given the extent of the damage to the rest of the city. Assuming that it was not abandoned it would certainly have been closed down in 425 by the Christian",The Temple of Zeus was completely destroyed by fire in 425 AD.,PASS,PASS,Cat4,Time / Sequence,FALSE,CLEAR,Annotator B
RQ3-0296,296,Who plays andromeda in clash of the titans?,"Agenor respectively. It was also reported that Bill Nighy was being courted to play Hephaestus. Additionally, Hayley Atwell was on the shortlist of actresses screen testing for the role of Andromeda, played in the previous film by Alexa Davalos who left due to a scheduling conflict. Other actresses being considered for Andromeda included Georgina Haig, Janet Montgomery, Dominique McElligott, and Clémence Poésy. In February 2011, it was reported that Rosamund Pike was near a deal for the part. Also in February, Liebesman announced that ""Wrath of the Titans"" would be converted to 3D rather than shot in 3D as previously

Marcia Gay Harden. In 2008, Davalos co-starred as the love interest of Daniel Craig in the war film ""Defiance"", directed by Edward Zwick. She played Andromeda in the remake of ""Clash of the Titans"", alongside Sam Worthington, Ralph Fiennes and Liam Neeson. She did not return for the 2012 sequel, ""Wrath of the Titans"", due to a scheduling conflict. In 2013, she reunited again with Frank Darabont playing the female lead on the television series ""Mob City"". Davalos is a close friend of actress Amanda Righetti, and was Righetti's bridesmaid at her wedding. Davalos considers herself to be a ""dork""

looked so attractive in/white/Andromeda” Henry Louis Gates Jr wrote about the black Andromeda in a 2014 article for The Root magazine. In his article Gates points out the inaccuracies seen in the film Clash of the Titans. The original, the remake and the sequel all have Andromeda cast as a white women, when Ovid describes her as black and both her parents were black. In his book ""Amazing Fact About the Negro"" Gates has at No 68: ""What was the original colour of the mythical beauty Andromeda - and why does it matter?"" The book is his homage to Joel

the show relate that ""Andromeda"" and her captain, Dylan Hunt (played by Kevin Sorbo) were frozen in the event horizon of a black hole for 300 years before being rescued by the crew of the ""Eureka Maru"" in CY 10087 (approx 5167 CE). The ship has an artificial intelligence (AI), Andromeda, which appears to the crew in three formats: on the two-dimensional monitors; as a three-dimensional holographic projection; and as the avatar Rommie (all three played by Lexa Doig). In the High Guard, AIs are considered officers as part of their own crew. An avatar is a humanoid representation of

an avatar of an unidentified Chthonian Earth Goddess, who planned to have him married to Andromeda so as to develop better relations with humanity. The Earth Goddess and Perseus proceed to fall in love. Zeus prepared to engage in war with Tiamat; taking the aids of other gods (such as Thoth, Marduk, Yahweh and Osiris). A High Priest named Fantasos starts a Cult of Tiamat that quickly conquers the city. Andromeda was originally a promiscuous spoiled Princess who possessed various male sex slaves. Though the mixing of Mythologies and the Perseus-Earth Goddess romance was abandoned, the concept of a Goddess",Alexa Davalos was the only actress to portray Andromeda in both Clash of the Titans and Wrath of the Titans.,PASS,PASS,Cat3,Quantifier / Boundary,FALSE,CLEAR,Annotator B
RQ3-0297,297,By what name did the portuguese call the region that we now know as mumbai?,"in Portugal and also most of the content in the ""Heritage of Portuguese Influence"" inventory. a The current Bombay Castle was a structure built by the British on the site of the manor house. History of Bombay under Portuguese rule (1534–1661) Bombay, now called Mumbai, ""Bombaim"" in Portuguese, is the financial and commercial capital of India and one of the most populous cities in the world. At the time of arrival of the Portuguese, current Bombay was an archipelago of seven islands. Between the third century BCE and 1348, the islands came under the control of successive Hindu dynasties. The

History of Bombay under Portuguese rule (1534–1661) Bombay, now called Mumbai, ""Bombaim"" in Portuguese, is the financial and commercial capital of India and one of the most populous cities in the world. At the time of arrival of the Portuguese, current Bombay was an archipelago of seven islands. Between the third century BCE and 1348, the islands came under the control of successive Hindu dynasties. The Muslim rulers of Gujarat, who had been ruling current Thane and Vasai for a few decades, annexed the islands in 1348, that were later governed by the Gujarat Sultanate from 1391 to 1534. Growing

Portuguese. The territories were later surrendered on 25 October 1535. The Portuguese were actively involved in the foundation and growth of their Roman Catholic religious orders in Bombay. They called the islands by various names, which finally took the written form ""Bombaim"". The islands were leased to several Portuguese officers during their regime. The Portuguese Franciscans and Jesuits built several churches in the city, prominent being the St. Michael's Church at Mahim (1534), St. John the Baptist Church at Andheri (1579), St. Andrew's Church at Bandra (1580), and Gloria Church at Byculla (1632). The Portuguese also built several fortifications around

""Kakamuchee"" and ""Galajunkja""; these are sometimes still used. In 1508, Portuguese writer Gaspar Correia used the name ""Bombaim"" in his ""Lendas da Índia"" (""Legends of India""). This name possibly originated as the Galician-Portuguese phrase ""bom baim"", meaning ""good little bay"", and ""Bombaim"" is still commonly used in Portuguese. In 1516, Portuguese explorer Duarte Barbosa used the name ""Tana-Maiambu"": ""Tana"" appears to refer to the adjoining town of Thane and ""Maiambu"" to ""Mumbadevi"". Other variations recorded in the 16th and the 17th centuries include: ""Mombayn"" (1525), ""Bombay"" (1538), ""Bombain"" (1552), ""Bombaym"" (1552), ""Monbaym"" (1554), ""Mombaim"" (1563), ""Mombaym"" (1644), ""Bambaye"" (1666), ""Bombaiim""

to the territory's Indo-Portuguese layer. The research possibilities developed during this trip and the recent scholarly activity of both Rossa and Gomes led up to the proposal for a three-year scientific research project - the ""BBB"" The Portuguese presence in the Baçaim (Vasai) District of the Northern Province between 1534 and 1739 - which included the present day region of Greater Mumbai - has left considerable traces on the present-day territory. These include not only ruins of military and religious structures but also structures founded by the Portuguese and later modified or rebuilt by other administrations or communities. Most of","The Portuguese used only the name ""Bombaim"" for the islands.",PASS,PASS,Cat3,Quantifier / Boundary,FALSE,CLEAR,Annotator B
RQ3-0298,298,Where was 'top of the lake' filmed?,"filled the funding gap left by the ABC. Philippa Campbell was the New Zealand-based producer. Filming took 18 weeks and was shot entirely on location in Queenstown and Glenorchy, in Otago, on the South Island of New Zealand. While Queenstown is referred to during the series, Glenorchy doubles as the fictitious town of Laketop. The scenes in the women's commune were filmed at Moke Lake. In early 2013, co-creator Jane Campion said that ""Top of the Lake"" comes to a distinct ending, and there would be no additional series. Despite this, it was announced in October 2014 that the series

Top of the Lake Top of the Lake is a mystery drama television series created and written by Jane Campion and Gerard Lee, and directed by Campion and Garth Davis. It aired in 2013, and the sequel, entitled ""Top of the Lake: China Girl"", in 2017. It marks Campion's first work for television since ""An Angel at My Table"" in 1990. Season 1 follows Detective Robin Griffin (Elisabeth Moss) and deals with her investigation of the disappearance of a pregnant 12-year-old girl in New Zealand. Season 2, ""China Girl"", is set in Sydney four years later, as Detective Griffin investigates

letter through a mutual friend. ""Top of the Lake"" screened in its entirety at the January 2013 Sundance Film Festival, in a single seven-hour session with one intermission and a break for lunch. This was the first such screening in the history of the festival. ""Top of the Lake"" was additionally shown at the 63rd Berlin International Film Festival. The US premiere was on the Sundance Channel on 18 March 2013, in Australia on BBC UKTV on 24 March 2013, and in New Zealand on 25 March, also on BBC UKTV. ""China Girl"" was screened in its entirety at the

the death of an unidentified Asian girl found at Bondi Beach. ""Top of the Lake"" was co-produced for BBC Two in the UK, BBC UKTV in Australia and New Zealand, and Sundance Channel in the United States. It has been generally very well received. Elisabeth Moss plays the central role of Robin Griffin, a Sydney detective specialising in sexual assault, in both series. Additional cast members are as follows: David Wenham returns as Al in one episode. Kip Chapman, Jacqueline Joe, Byron Coll and Cohen Holloway also reprise their ""Top of the Lake"" roles in a flashback sequence, with Mark

The Lakes (TV series) The Lakes is a British television drama series, created and principally written by Jimmy McGovern, first broadcast on BBC1 on 14 September 1997. The series, which was principally filmed in and around Patterdale and The Ullswater Hotel, Glenridding, stars John Simm as Danny Kavanagh, a hotel porter, compulsive gambler, and philanderer who escapes from the dole queues in Liverpool to live in the Lake District. After he meets and marries local girl Emma Quinlan (Emma Cunniffe), they move back to Liverpool. However, the consequences of Danny's gambling habit results in Emma moving back to the Lakes.","The first season of Top of the Lake was filmed only in Queenstown, New Zealand.",PASS,PASS,Cat3,Quantifier / Boundary,FALSE,CLEAR,Annotator B
RQ3-0299,299,Hamid Ali Khan belongs to which group as a part of Hindustani classical music?," He belongs to the Patiala gharana.The Patiala gharana is one of the ""gharanas"" of vocal Hindustani classical music.",The Patiala gharana is the only gharana of vocal Hindustani classical music.,PASS,PASS,Cat3,Quantifier / Boundary,FALSE,CLEAR,Annotator B
RQ3-0300,300,Where is olympic national park located in washington?,"Olympic National Park Olympic National Park is an American national park located in the State of Washington, on the Olympic Peninsula. The park has four regions: the Pacific coastline, alpine areas, the west side temperate rainforest and the forests of the drier east side. Within the park there are three distinct ecosystems which are subalpine forest and wildflower meadow, temperate forest, and the rugged Pacific coast. President Theodore Roosevelt originally designated Mount Olympus National Monument on 2 March 1909. The monument was redesignated as a national park by Congress and President Franklin Roosevelt on June 29, 1938. In 1976, Olympic

Port Angeles, Sequim, and Amanda Park. Olympic National Forest Olympic National Forest is a U.S. National Forest located in Washington, USA. With an area of , it nearly surrounds Olympic National Park and the Olympic Mountain range. Olympic National Forest contains parts of Clallam, Grays Harbor, Jefferson, and Mason counties. The landscape of the national forest varies, from the temperate Olympic rain forest to the salt water fjord of Hood Canal to the peaks of Mt. Washington. Annual precipitation averages about 220 inches (5.6 m), giving rise to streams such as the Humptulips River. Olympic National Forest was originally created

Olympic National Forest Olympic National Forest is a U.S. National Forest located in Washington, USA. With an area of , it nearly surrounds Olympic National Park and the Olympic Mountain range. Olympic National Forest contains parts of Clallam, Grays Harbor, Jefferson, and Mason counties. The landscape of the national forest varies, from the temperate Olympic rain forest to the salt water fjord of Hood Canal to the peaks of Mt. Washington. Annual precipitation averages about 220 inches (5.6 m), giving rise to streams such as the Humptulips River. Olympic National Forest was originally created as Olympic Forest Reserve in 1897,

then renamed to Olympic National Forest in 1907. A 1993 Forest Service study estimated that the extent of old growth in the Forest was . It is administered in two ranger districts: the Pacific Ranger District on the west side of the Olympic Peninsula, and the Hood Canal Ranger District on the east side. Forest headquarters are located in Olympia, with ranger district offices in Forks, Quinault, and Quilcene. The former office in Hoodsport closed in 2005, and now houses a local Chamber of Commerce, which still sells Northwest Forest Passes. Other Washington towns near entrances of the forest include

this 95% is part of the Olympic Wilderness. The national park is surrounded on the south, east, and northwest sides by the Olympic National Forest, with five wilderness areas, and on the southwest side by the Clearwater State Forest with one Natural Area Preserve (Washington Department of Natural Resources), and the Quinault Indian Reservation. State parks and wildlife areas occur in the lower elevations. Precipitation varies greatly throughout the range, from the wet western slopes to the arid eastern ridges. Mount Olympus, nearly tall, is a mere from the Pacific Ocean, one of the steepest reliefs globally and accounting for",Olympic National Park is located only along the Pacific coastline of Washington's Olympic Peninsula.,PASS,PASS,Cat3,Quantifier / Boundary,FALSE,CLEAR,Annotator B
RQ3-0301,301,What is the newest generation of the ipad?,"iPad. An Apple retailer in Dayton, Ohio, claimed that the demand for the tablet was ""chaotic"" and claimed that its launch was ""drastically more significant than the iPad 2 launch."" By Q2 of 2012, Apple would hit an all-time high, claiming 69.6 percent of the global tablet market. IPad (3rd generation) The third-generation iPad (marketed as The new iPad, colloquially referred to as the iPad 3) is a tablet computer, developed and marketed by Apple Inc. The third device in the iPad line of tablets, it added a Retina Display, the new Apple A5X chip with a quad-core graphics processor,

IPad (3rd generation) The third-generation iPad (marketed as The new iPad, colloquially referred to as the iPad 3) is a tablet computer, developed and marketed by Apple Inc. The third device in the iPad line of tablets, it added a Retina Display, the new Apple A5X chip with a quad-core graphics processor, a 5-megapixel camera, HD 1080p video recording, voice dictation, and support for LTE networks in North America. It shipped with iOS 5, which also provides a platform for audio-visual media, including electronic books, periodicals, films, music, computer games, presentations and web content. In the US and Canada, nine

IPad (4th generation) The fourth-generation iPad (marketed as iPad with Retina display, colloquially referred to as the iPad 4) is a tablet computer produced and marketed by Apple Inc. Compared to its predecessor, the third-generation iPad, the fourth-generation iPad maintained the Retina Display but featured new and upgraded components such as the Apple A6X chip and the Lightning connector, which was introduced on September 12, 2012. It shipped with iOS 6.0, which provides a platform for audio-visual media, including electronic books, periodicals, films, music, computer games, presentations and web content. Like the iPad 2 and the third-generation iPad, it has

which was announced on March 21, 2016, and released on March 31 that same year. On June 5, 2017, a second generation of iPad Pro was announced, which features A10X Fusion processors, with basic storage of 64 GB, and optional 512 GB. Upgraded displays include a new 10.5-inch version to replace the 9.7-inch model, while the 12.9-inch version was refreshed. Following this announcement, the first generation iPad Pros, both 9.7 and 12.9 inch, were discontinued. The third generation of iPad Pro was announced on October 30, 2018. It is available in two screen sizes: and . They feature full screen

and hardware, but also includes Touch ID and available in gold color. In September, 2015, the iPad Pro was announced, which included a 12.9-inch screen, and a 9.7-inch version was announced in March 2016, with the addition of 256 GB option for both iPad Pro models. On March 21, 2017, a new iPad was announced. The hardware includes an A9 processor and is designed to be a budget version of the iPad. In June 2017, the iPad Pro's second generation hardware was announced to have 12.9 and 10.5-inch screens. On March 28, 2018, the new iPad 9.7-inch 2018 model (6th",The seventh-generation iPad is the current generation of the iPad.,PASS,PASS,Cat4,Time / Sequence,FALSE,CLEAR,Annotator B
RQ3-0302,302,"When a Man Falls in Love, is a 2013 South Korean television series, starring Song Seung-heon, Shin Se-kyung, Chae Jung-an, and which South Korean actor, born on ? ","When a Man Falls in Love () is a 2013 South Korean television series, starring Song Seung-heon, Shin Se-kyung, Chae Jung-an, and Yeon Woo-jin.Yeon Woo-jin (born Kim Bong-hoe on July 5, 1984) is a South Korean actor.",The South Korean actor was born in 1984.,PASS,PASS,Cat4,Time / Sequence,TRUE,CLEAR,Annotator B
RQ3-0303,303,When was the spy who dumped me released?,"having finally become real spies. Principal photography began production in Budapest, Hungary in July 2017. It also took place in Amsterdam that September, wrapping that same month. ""The Spy Who Dumped Me"" premiered at Regency Village Theater in Los Angeles on July 25, 2018. The film was originally scheduled to be released on July 6, 2018, but after ""a phenomenal test screening"" it was pushed back a month to August 3, 2018, in order to avoid a crowded July frame. ""The Spy Who Dumped Me"" was released on DVD and Blu-ray on October 30, 2018 by Lionsgate Home Entertainment. ""The

The Spy Who Dumped Me The Spy Who Dumped Me is a 2018 American action comedy film directed by Susanna Fogel and co-written by Fogel and David Iserson. The film stars Mila Kunis, Kate McKinnon, Justin Theroux, Sam Heughan, Hasan Minhaj and Gillian Anderson and follows two best friends who are chased through Europe by assassins after one of their ex-boyfriends turns out to be a CIA agent. The film was released in the United States on August 3, 2018, by Lionsgate. It grossed over $75 million and received mixed reviews from critics, who questioned the film's intended genre and

Kunis was the ideal straight woman calling the two a smart match. The Spy Who Dumped Me The Spy Who Dumped Me is a 2018 American action comedy film directed by Susanna Fogel and co-written by Fogel and David Iserson. The film stars Mila Kunis, Kate McKinnon, Justin Theroux, Sam Heughan, Hasan Minhaj and Gillian Anderson and follows two best friends who are chased through Europe by assassins after one of their ex-boyfriends turns out to be a CIA agent. The film was released in the United States on August 3, 2018, by Lionsgate. It grossed over $75 million and

Spy Who Dumped Me"" grossed $33.6 million in the United States and Canada, and $41.7 million in other territories, for a total worldwide gross of $75.3 million, against a production budget of $40 million. In the United States and Canada, ""The Spy Who Dumped Me"" was released alongside ""Christopher Robin"", ""The Darkest Minds"" and """", and was projected to gross $10–15 million from 3,111 theaters in its opening weekend. The film made $5 million on its first day, including $950,000 from Thursday night previews. It went on to debut to $12.4 million, finishing third at the box office behind holdover

first name Fleming purloined for the novel's heroine. ""The Spy Who Loved Me"" was published in the UK on 16 April 1962, as a hardcover edition by publishers Jonathan Cape; it was 221 pages long and cost 15 shillings. Artist Richard Chopping once again undertook the cover art, and raised his fee from the 200 guineas he had charged for ""Thunderball"", to 250 guineas. The artwork included a commando knife which was borrowed from Fleming's editor, Michael Howard at Jonathan Cape. ""The Spy Who Loved Me"" was published in the US by Viking Books on 11 April 1962 with 211","""The Spy Who Dumped Me"" was released in the United States on August 3, 2018.",PASS,PASS,Cat4,Time / Sequence,TRUE,CLEAR,Annotator B
RQ3-0304,304,ANCAP is a state-owned company involved in the production of a basic ingredient of concrete which was patented in what year?,"ANCAP (Administración Nacional de Combustibles, Alcoholes y Portland) is a state-owned company in Uruguay.Portland cement is the most common type of cement in general use around the world as a basic ingredient of concrete, mortar, stucco, and non-specialty grout. It was named by Joseph Aspdin who obtained a patent for it in 1824.",Portland cement was patented in 1824.,PASS,PASS,Cat4,Time / Sequence,TRUE,CLEAR,Annotator B
RQ3-0305,305,When was the first tesla electric car made?,"Delco. These early cars were eventually withdrawn from the U.S. market. California electric automaker Tesla Motors began development in 2004 on what would become the Tesla Roadster (2008), which was first delivered to customers in 2008. The Roadster was the first highway legal serial production all-electric car to use lithium-ion battery cells, and the first production all-electric car to travel more than per charge. Tesla global sales passed 250,000 units in September 2017. The Renault–Nissan–Mitsubishi Alliance achieved the milestone of 500,000 units electric vehicles sold in October 2017. Tesla sold its 200,000th Model S in the fourth quarter of 2017.

Tesla Roadster (2008) The Tesla Roadster is a battery electric vehicle (BEV) sports car, based on the Lotus Elise chassis, that was produced by the electric car firm Tesla Motors (now Tesla, Inc.) in California from 2008 to 2012. The Roadster was the first highway legal serial production all-electric car to use lithium-ion battery cells and the first production all-electric car to travel more than per charge. It is also the first production car to be launched into orbit, carried by a Falcon Heavy rocket in a test flight on February 6, 2018. Tesla sold about 2,450 Roadsters in over

lead-acid batteries. These electric vehicles are not considered by the government as new energy vehicles due to safety and environmental concerns, and consequently, do not enjoy the same benefits as highway legal plug-in electric cars. California electric car maker Tesla Motors began development in 2004 on the Tesla Roadster, which was first delivered to customers in 2008. The Roadster was the first highway legal serial production all-electric car to use lithium-ion battery cells, and the first production all-electric car to travel more than per charge. Since 2008, Tesla sold approximately 2,450 Roadsters in over 30 countries through December 2012. Tesla

average. Prototypes of the car were officially revealed to the public on July 19, 2006, in Santa Monica, California, at a 350-person invitation-only event held in Barker Hangar at Santa Monica Airport. The San Francisco International Auto Show, held on November 18–26, 2006, was the Tesla Roadster's first auto show. It was featured in ""Time"" in December 2006 as the recipient of the magazine's ""Best Inventions 2006—Transportation Invention"" award. The first ""Signature One Hundred"" set of fully equipped Roadsters sold out in less than three weeks, the second hundred sold out by October 2007 and general production began on March

17, 2008. The first Tesla Roadster was delivered in February 2008 to Tesla co-founder, chairman and product architect Elon Musk. The company produced 500 similar vehicles through June 2009. In July 2009, Tesla began production of its 2010 model-year Roadster—the first major product upgrade. Simultaneously, Tesla began producing the Roadster Sport, the first derivative of Tesla's proprietary, patented powertrain. The car accelerates from in 3.7 seconds, compared to 3.9 seconds for the standard Roadster. Changes for the 2010 model-year cars included: All of these features, except for the motor were available either as standard or as add-on option for the",The Tesla Roadster is a battery electric sports car.,PASS,FAIL,Cat1,Entity / Alias / Lexical Relation,TRUE,CLEAR,Annotator B
RQ3-0306,306,"The Valigeria Franzi was an Italian manufacturer of leather bags and luggage founded in Milan in 1864 by Rocco Franzi, Guccio Gucci worked for the company until he set up Gucci in what year, an Italian luxury brand of fashion and leather goods, part of the Gucci Group, which is owned by the French holding company Kering?",Guccio Gucci worked for the company until he set up Gucci in 1921. Gucci was founded by Guccio Gucci in Florence in 1921.,Guccio Gucci set up Gucci in 1921.,PASS,PASS,Cat4,Time / Sequence,TRUE,CLEAR,Annotator B
RQ3-0307,307,How long is a rainbow six siege game?,"Tom Clancy's Rainbow Six Siege Tom Clancy's Rainbow Six Siege is a tactical shooter video game developed by Ubisoft Montreal and published by Ubisoft. It was released worldwide for Microsoft Windows, PlayStation 4, and Xbox One on December 1, 2015. The game puts heavy emphasis on environmental destruction and cooperation between players. Each player assumes control of an attacker or a defender in different gameplay modes such as rescuing a hostage defusing a bomb, and taking control of a capture point. The title has no campaign but features a series of short missions that can be played solo. These missions

put up destructible barricades and reinforced walls to make them indestructible to most munitions unless an appropriate operator, such as Hibana, Thermite, and Maverik, destroys it. Maps in the game are designed to encourage close quarters combat, and players cannot respawn until the end of a round. Players who were killed by opponents can enter ""Support Mode"", which allows them to gain access to drone's cameras and security cameras so that they can continue to contribute to their team by informing them of opponent locations and activities. Matches last only four minutes for a casual and three minutes for a

Ubisoft adopted a ""games as a service"" model for the game and subsequently released several packages of free downloadable content. The company also partnered with ESL to make ""Siege"" an eSports game. In June 2018, two and a half years after the game's initial launch, the game surpassed 40 million registered players across all platforms. ""Tom Clancy's Rainbow Six Siege"" is a first-person shooter game, in which players utilize many different operators from the Rainbow team. Different operators have different nationalities, weapons, and gadgets. The game features an asymmetrical structure whereby the teams are not always balanced in their ability

24 real-time hours. A premium currency known as ""R6 credits"" can also be purchased using real-world currency to get operators quicker in-game, or other cosmetic. In online matches, when a round begins the attackers choose one of several spawn points from which to launch their attack while defenders do the same from which to defend from. A one-minute preparatory period will then commence wherein the attackers are then given control over mecanum-wheeled drones to scout the map in search of enemy operators, traps and defensive set-ups as well as the target(s), while the opposition establishes their defences. Defenders can also

community closely over the past couple of weeks, alongside regular discussions with our internal Ubisoft team, and we want to ensure that the experience for all our players, especially those that have been with us from the beginning, remains as true to the original artistic intent as possible."" Tom Clancy's Rainbow Six Siege Tom Clancy's Rainbow Six Siege is a tactical shooter video game developed by Ubisoft Montreal and published by Ubisoft. It was released worldwide for Microsoft Windows, PlayStation 4, and Xbox One on December 1, 2015. The game puts heavy emphasis on environmental destruction and cooperation between players.",Casual matches in Tom Clancy's Rainbow Six Siege last three minutes.,PASS,PASS,Cat4,Time / Sequence,FALSE,CLEAR,Annotator B
RQ3-0308,308,"SV Werder Bremen won its first ever German double, clinching both Bundesliga and the DFB-Pokal, Werder lost both Aílton and defensive senior talisman Mladen Krstajić to Schalke 04, Krstajić is a former Serbian footballer who played as a centre back, born on which date?","However, Werder lost both Aílton and defensive senior talisman Mladen Krstajić to Schalke 04, since both refused to sign new contracts with the club.Mladen Krstajić (Serbian Cyrillic: Младен Крстајић; born 4 March 1974) is a former Serbian footballer who played as a centre back.",Mladen Krstajić was born on 4 March 1974.,PASS,PASS,Cat4,Time / Sequence,TRUE,CLEAR,Annotator B
RQ3-0309,309,"Which band was founded first, Hole, the rock band that Courtney Love was a frontwoman of, or The Wolfhounds?","Courtney Michelle Love (born Courtney Michelle Harrison; July 9, 1964) is an American singer, songwriter, actress, and visual artist. She rose to prominence as the frontwoman of the alternative rock band Hole, which she formed in 1989.The Wolfhounds are an indie pop/noise pop band formed in Romford, UK in 1985 by Dave Callahan, Paul Clark, Andy Golding, Andy Bolton and Frank Stebbing, and originally active until 1990.",The Wolfhounds formed in 1985.,PASS,PASS,Cat4,Time / Sequence,TRUE,CLEAR,Annotator B
RQ3-0310,310,When did under god added to pledge of allegiance?,"religion from American public life. Critics of the American Pledge of Allegiance have argued that the use of the phrase ""under God"" violates the separation of church and state. While the pledge was created by Francis Bellamy in 1891, in 1954, the Knights of Columbus, a Catholic organization, campaigned with other groups to have the words ""under God"" added to the pledge. On June 14, 1954, President Dwight Eisenhower signed the bill to make the addition. Since then, critics have challenged the existence of the phrase in the Pledge. In 2004, an atheist man challenged a Californian law which required

policy for the entire nation. These attempts were eventually a success. At the suggestion of a correspondent, Representative Louis C. Rabaut (D-Mich.), of Michigan sponsored a resolution to add the words ""under God"" to the Pledge in 1953. Before February 1954, no endeavor to get the pledge officially amended had succeeded. The final successful push came from George MacPherson Docherty. Some American presidents honored Lincoln's birthday by attending services at the church Lincoln attended, New York Avenue Presbyterian Church by sitting in Lincoln's pew on the Sunday nearest February 12. On February 7, 1954, with President Eisenhower sitting in Lincoln's

communism scare, Congress had passed a bill, which was signed into law, to add the words ""under God."" McDermott later stated that he had ""reverted to the pledge as it was written and taught in the public schools throughout my childhood"", as the phrase ""under God"" was added in 1954, the year in which McDermott graduated from high school; he turned 18 in late December of that year, after graduating. In December 2004, the House Ethics Committee investigated McDermott over the leaking of an illegally recorded telephone conversation during a 1997 committee investigation of then-Speaker Newt Gingrich. In the conversation,

pledge violates any part of the Establishment Clause."" Derek Gaubatz, Director of Litigation for the Becket Fund, said his group would appeal the decision ""if necessary to the Supreme Court to get that ruling reversed to secure the constitutionality of the pledge once and for all"". The words ""under God"" were added to the Pledge on June 14, 1954 when then U.S. President Dwight D. Eisenhower signed a bill into law. At the time, Eisenhower stated that ""From this day forward, the millions of our school children will daily proclaim in every city and town, every village and rural schoolhouse,

Knights of Columbus, the world's largest Catholic fraternal service organization, also began including the words ""under God"" in the Pledge of Allegiance. In New York City, on April 30, 1951, the board of directors of the Knights of Columbus adopted a resolution to amend the text of their Pledge of Allegiance at the opening of each of the meetings of the 800 Fourth Degree Assemblies of the Knights of Columbus by addition of the words ""under God"" after the words ""one nation."" Over the next two years, the idea spread throughout Knights of Columbus organizations nationwide. On August 21, 1952,","The words ""under God"" were added to the Pledge of Allegiance on June 14, 1954.",PASS,PASS,Cat4,Time / Sequence,TRUE,CLEAR,Annotator B
RQ3-0311,311,Kansas City Live Stock Exchange was the HQ of a yard which closed when?,"The Kansas City Live Stock Exchange was the headquarters of the Kansas City Stockyards.The Kansas City Stockyards in the West Bottoms west of downtown Kansas City, Missouri flourished from 1871 until closing in 1991.",The Kansas City Stockyards closed in 1991.,PASS,PASS,Cat4,Time / Sequence,TRUE,CLEAR,Annotator B
RQ3-0312,312,What years did ponsonby baronet serve a conservative politician before they became a prime minister,"He had earlier represented Sevenoaks in the House of Commons and served as Parliamentary Private Secretary to the Foreign Secretary Anthony Eden from 1941 to 1945.Robert Anthony Eden, 1st Earl of Avon, (12 June 1897 – 14 January 1977) was a British Conservative politician who served three periods as Foreign Secretary and then a relatively brief term as Prime Minister of the United Kingdom from 1955 to 1957.",The Ponsonby baronet served as Parliamentary Private Secretary to Anthony Eden from 1941 to 1945.,PASS,PASS,Cat4,Time / Sequence,TRUE,CLEAR,Annotator B
RQ3-0313,313,When was the American actor who made Starship music and lyrics born,"Starship is a musical with music and lyrics by Darren Criss, and a book by Matt Lang, Nick Lang, Brian Holden, and Joe Walker.Darren Everett Criss (born February 5, 1987) is an American actor, singer and songwriter.","Darren Criss was born on February 5, 1987.",PASS,PASS,Cat4,Time / Sequence,TRUE,CLEAR,Annotator B
RQ3-0314,314,When was the tour of Thea Gilmore's EP that included a traditional Scottish song?,"The disc was sold only on her 2007 spring tour with remaining copies sold through the official web site afterwards.""The Parting Glass"" is a Scottish traditional song, often sung at the end of a gathering of friends.",Thea Gilmore’s EP was sold during her spring 2007 tour.,PASS,PASS,Cat4,Time / Sequence,TRUE,CLEAR,Annotator B
RQ3-0315,315,When does the 12th day of christmas begin?,"on Christmas Eve and letting it burn some more on each of the twelve nights. For some, the Twelfth Night remains the night of the most festive parties and exchanges of gifts. Some households exchange gifts on the first (25 December) and last (5 January) days of the Twelve Days. As in former times, the Twelfth Night to the morning of Epiphany is the traditional time during which Christmas trees and decorations are deposed. Twelve Days of Christmas The Twelve Days of Christmas, also known as Twelvetide, is a festive Christian season celebrating the Nativity of Jesus. In most Western

Eve parties. Presently, the commercial practice treats the Solemnity of Christmas, 25 December, the first day of Christmas, as the last day of the ""Christmas"" marketing season, as the numerous ""after-Christmas sales"" that commence on 26 December demonstrate. The commercial calendar has encouraged an erroneous assumption that the Twelve Days ""end"" on Christmas Day and must therefore begin on 14 December. Many American Christians still celebrate the traditional liturgical seasons of Advent and Christmas, especially Amish, Anglo-Catholics, Episcopalians, Lutherans, Mennonites, Methodists, Moravians, Orthodox Christians, Presbyterians, and Roman Catholics. In Anglicanism, the designation of the ""Twelve Days of Christmas"" is used

Twelve Days of Christmas The Twelve Days of Christmas, also known as Twelvetide, is a festive Christian season celebrating the Nativity of Jesus. In most Western ecclesiastical traditions, ""Christmas Day"" is considered the ""First Day of Christmas"" and the Twelve Days are 25 December – 5 January, inclusive. For many Christian denominations; for example, the Anglican Communion and Lutheran Church, the Twelve Days are identical to Christmastide, but for others, e.g., the Roman Catholic Church, ""Christmastide"" lasts longer than the Twelve Days of Christmas. Because the Armenian Apostolic Church and Armenian Catholic Church celebrate the Birth and Baptism of Christ

Day. Bruce Forbes writes:In 567 the Council of Tours proclaimed that the entire period between Christmas and Epiphany should be considered part of the celebration, creating what became known as the twelve days of Christmas, or what the English called Christmastide. On the last of the twelve days, called Twelfth Night, various cultures developed a wide range of additional special festivities. The variation extends even to the issue of how to count the days. If Christmas Day is the first of the twelve days, then Twelfth Night would be on January 5, the eve of Epiphany. If December 26, the

Twelfth Night (holiday) Twelfth Night is a festival in some branches of Christianity marking the coming of the Epiphany. Different traditions mark the date of Twelfth Night on either 5 January or 6 January; the Church of England, Mother Church of the Anglican Communion, celebrates Twelfth Night on the 5th and ""refers to the night before Epiphany, the day when the nativity story tells us that the wise men visited the infant Jesus"". In Western Church traditions, the Twelfth Night concludes the Twelve Days of Christmas; although, in others, the Twelfth Night may refer to the eve of the Twelfth","According to commercial practice, December 25 is the last day of the ""Christmas"" marketing season.",PASS,FAIL,Cat4,Time / Sequence,TRUE,CLEAR,Annotator B
RQ3-0316,316,Average life expectancy for a west highland terrier?,"terrier prey drive, it tends to be highly interested in toys, especially chasing balls. It does retain the instincts of an earth-dog, including inquisitive and investigative traits, as well as natural instincts to both bark and dig holes. It is ranked 47th in Stanley Coren's ""The Intelligence of Dogs"". The American breed club puts the lifespan of the Westie at 12 to 16 years. A club survey puts the average lifespan at 11.4 years. Veterinary clinic data from the UK show a typical lifespan of 10.5 to 15 years. The French Kennel Club database gives 8 to 16 years, with

Belgians in the UK survey was 18.2 years. Leading causes of death were cancer (23%), cerebral vascular, i.e., stroke (13%), and old age (13%). Average longevity of Belgian Tervurens in the 2003 American Belgian Tervuren Club survey was lower, at 10.6 years, than in the UK survey. The difference in surveys does not necessarily mean Belgian Tervurens live shorter lives than other varieties of Belgian Shepherds. Breed longevities in USA/Canada surveys are usually shorter than those in UK surveys. Leading causes of death in the 2003 American Belgian Tervuren Club survey were cancer (35%), old age (23%), and organ failure

bit, thus, an active, strong, heroic, compactly graceful and clever dog was evolved – the earliest true form of the Airedale. He is swift, formidable, graceful, big of brain, an ideal chum and guard. ...To his master he is an adoring pal. To marauders he is a destructive lightning bolt."" Airedale Terriers in UK, USA, and Canadian surveys had a median lifespan of about 11.5 years, which is similar to other breeds of their size. In a 2004 UK Kennel Club survey, the most common causes of death were cancer (39.5%), old age (14%), urologic (9%), and cardiac (7%). In

Terrier Club of America. The Club is currently collecting data for their next survey. The UK Kennel Club has a 2004 survey, but it has a much smaller sample size than the Australian Terrier Club of America surveys. Some of the respondents in the American surveys were from Australia, but there is no separate Australian health survey. In both 1997 and 2002 Australian Terrier Club of America surveys, median longevity of Australian Terriers was 11 years (total sample size of 230 deceased dogs). In the Kennel Club (UK) 2004 survey, median longevity was 12.1 years, but the sample size was

a year longer than most dogs of other breeds in the same weight class, record ages such as Bluey's or Chilla's should be regarded as uncharacteristic exceptions rather than as indicators of common exceptional longevity for the entire breed. A random-bred dog (also known as a mongrel or a mutt) has an average life expectancy of 13.2 years in the Western world. Some attempts have been made to determine the causes for breed variation in life expectancy. These data are from Michell (1999). The total sample size for his study was about 3,000 dogs, but the sample size for each",A club survey puts the average lifespan at 11.4 years.,PASS,PASS,Cat4,Time / Sequence,TRUE,CLEAR,Annotator B
RQ3-0317,317,When did toronto host the mlb all-star game?,"1991 Major League Baseball All-Star Game The 1991 Major League Baseball All-Star Game was the 62nd playing of the midsummer classic between the all-stars of the American League (AL) and National League (NL), the two leagues comprising Major League Baseball. The game was held on July 9, 1991, at SkyDome in Toronto, the home of the Toronto Blue Jays of the American League. It was only the second time that the game was played outside the United States, as the National League's Montreal Expos hosted the 1982 Midsummer Classic at Olympic Stadium in Montreal, Quebec. The game resulted in the

1982 Major League Baseball All-Star Game The 1982 Major League Baseball All-Star Game was the 53rd midseason exhibition between the all-stars of the American League (AL) and the National League (NL), the two leagues comprising Major League Baseball. The game was played on July 13, 1982, at Olympic Stadium in Montreal, Quebec, Canada, home of the Montreal Expos of the National League. The game resulted in a 4–1 victory for the NL, and Cincinnati Reds shortstop Dave Concepción was named the MVP. It is notable for being the first All-Star Game ever played outside the United States. This would be

2007 Major League Baseball All-Star Game The 2007 Major League Baseball All-Star Game was the 78th midseason exhibition between the all-stars of the American League (AL) and the National League (NL), the two leagues comprising Major League Baseball. The game was held on July 10, 2007, at AT&T Park, the home of the NL's San Francisco Giants. It marked the third time that the Giants hosted the All Star Game since moving to San Francisco for the 1958 season. The 1961 and 1984 All Star Games were played at the Giants former home Candlestick Park, and the fourth overall in","The 1991 Major League Baseball All-Star Game was played on July 9, 1991.",PASS,PASS,Cat4,Time / Sequence,TRUE,CLEAR,Annotator B
RQ3-0318,318,When did italy enter the first world war?,"Italian entry into World War I When the war started in August 1914, Italy declared neutrality even though it had military alliances with Germany and Austria-Hungary. It bargained for better terms and received them from Britain and France, which promised it a slice of Austria and a slice of the Ottoman Empire. in 1915 it switched and joined the Triple Entente (i.e. the Allies). Public and elite opinion was split on the wisdom of the war, for the nation was very poorly prepared, the army was not well trained, and there was too small an industrial and financial base. A

important force. Italian entry into World War I When the war started in August 1914, Italy declared neutrality even though it had military alliances with Germany and Austria-Hungary. It bargained for better terms and received them from Britain and France, which promised it a slice of Austria and a slice of the Ottoman Empire. in 1915 it switched and joined the Triple Entente (i.e. the Allies). Public and elite opinion was split on the wisdom of the war, for the nation was very poorly prepared, the army was not well trained, and there was too small an industrial and financial

go on to be acknowledged by both the British and German high commands as being elite British units. In May 1918, when command of the Australian Corps passed from William Birdwood to John Monash, it became the first British Empire formation commanded totally free of British officers. On May 23, 1915, Italy entered World War I on the Allied side. Despite being the weakest of the big four Allied powers, the Italians soon managed to populate its army from 560 to 693 infantry battalions in 1916; the army had grown in size from 1 million to 1.5 million soldiers. On

a forward-firing gun. Also in 1913, he ignored his superior officers' wishes and collaborated with Giovanni Battista Caproni in the design of Caproni's huge three-engined bomber. Douhet's superiors, unhappy with this, exiled him to an infantry assignment. On 28 July 1914, as part of the chain reaction of events opening World War I, Austria declared war on Serbia and requested Italian help. Italy maintained its neutrality due to the Triple Alliance being a defensive pact. On 24 May 1915, Italy declared war on Austria to join World War I. As of May 1915, Italy still had no single-seat scouts with

Thousand in 1860. After completing fitting-out work, the ship was commissioned into the Italian fleet on 4 August 1914. Italy declared neutrality at the start of World War I in August 1914, but by May 1915, the Triple Entente had convinced the Italians to enter the war against the Central Powers. Admiral Paolo Thaon di Revel, the Italian naval chief of staff, believed that Austro-Hungarian submarines could operate too effectively in the narrow waters of the Adriatic, which could also be easily seeded with minefields. The threat from these underwater weapons was too serious for him to use the fleet",Italy entered World War I on the Allied side in May 1915.,PASS,PASS,Cat4,Time / Sequence,TRUE,CLEAR,Annotator B
RQ3-0319,319,When did the treaty of guadalupe hidalgo happen?,"Treaty of Guadalupe Hidalgo The Treaty of Guadalupe Hidalgo (""Tratado de Guadalupe Hidalgo"" in Spanish), officially titled the Treaty of Peace, Friendship, Limits and Settlement between the United States of America and the Mexican Republic, is the peace treaty signed on February 2, 1848, in the Villa de Guadalupe Hidalgo (now a neighborhood of Mexico City) between the United States and Mexico that ended the Mexican–American War (1846–1848). The treaty came into force on July 4, 1848. With the defeat of its army and the fall of its capital, Mexico entered into negotiations to end the war. The treaty called

helped ease Mexican concern about abandoning the people of New Mexico. The treaty was formally proclaimed on 4 July 1848. On 30 May 1848, when the two countries exchanged ratifications of the treaty of Guadalupe Hidalgo, they further negotiated a three-article protocol to explain the amendments. The first article stated that the original Article IX of the treaty, although replaced by Article III of the Treaty of Louisiana, would still confer the rights delineated in Article IX. The second article confirmed the legitimacy of land grants pursuant to Mexican law. The protocol further noted that said explanations had been accepted

in recent decades the IBWC has been heavily criticized as an institutional anachronism, by-passed by modern social, environmental and political issues. Treaty of Guadalupe Hidalgo The Treaty of Guadalupe Hidalgo (""Tratado de Guadalupe Hidalgo"" in Spanish), officially titled the Treaty of Peace, Friendship, Limits and Settlement between the United States of America and the Mexican Republic, is the peace treaty signed on February 2, 1848, in the Villa de Guadalupe Hidalgo (now a neighborhood of Mexico City) between the United States and Mexico that ended the Mexican–American War (1846–1848). The treaty came into force on July 4, 1848. With the

of Monterrey Bay, but negotiations broke down and the fighting resumed. In September 1847, Scott's army captured Mexico City. Santa Anna was forced to flee and a provisional government began the task of negotiating peace. The Treaty of Guadalupe Hidalgo was signed on February 2, 1848. It recognized the Rio Grande as the southern boundary of Texas and ceded what is now the states of California, Nevada, Utah, Colorado, Arizona, and New Mexico to the United States, while also paying Mexico $15,000,000 for the territory. In the presidential election of 1848, Zachary Taylor ran as a Whig and won easily

Democrats. Daniel Webster was bitter that four New England senators made deciding votes for acquiring the new territories. A motion to insert into the treaty the Wilmot Proviso (banning slavery from the acquired territories) failed 15–38 on sectional lines. The treaty was subsequently ratified by the U.S. Senate by a vote of 38 to 14 on 10 March 1848 and by Mexico through a legislative vote of 51 to 34 and a Senate vote of 33 to 4, on 19 May 1848. News that New Mexico's legislative assembly had just passed an act for organization of a U.S. territorial government","The Treaty of Guadalupe Hidalgo was signed on February 2, 1848.",PASS,PASS,Cat4,Time / Sequence,TRUE,CLEAR,Annotator B
RQ3-0320,320,When did Grammar school that Michael Handley was educated at convert to academy status?,"Handley was educated at Spalding Grammar School; Selwyn College, Cambridge; and Chichester Theological College. The school converted to academy status on 1 February 2013.",Spalding Grammar School converted to academy status on 1 February 2013.,PASS,PASS,Cat4,Time / Sequence,TRUE,CLEAR,Annotator B
RQ3-0321,321,Where was tears dry on their own filmed?,"The hotel is the Grand Motel at 1479 S La Cienega Blvd, in Los Angeles. She doesn't pay attention to her surroundings (Why people walk into her) as she goes down Hollywood Blvd, and in the hotel room there are empty bottles and cigarettes hinting at her real life habits. The video for this song was the second to last filmed prior to Winehouse's death on 23 July 2011. ""Tears Dry on Their Own"" became Winehouse's fourth consecutive single to chart inside the top 40 of the UK Singles Chart, when it entered at number 37 on 5 August 2007.

featured on the posthumous album """" (2011). The song was featured in the documentary film based on the life and death of Winehouse, ""Amy"" (2015) and was also included on the film's soundtrack. ""Tears Dry on Their Own"" has been described by ""NME"" as a ""Motown-influenced pop song"", while Billy Hamilton of ""Drowned in Sound"" believed the song to be a soul song. The song's music video was shot in Los Angeles, and was directed by David LaChapelle on 22 May 2007. The clip features footage of Winehouse making her way down Hollywood Blvd and in a dim motel room.

Tears Dry on Their Own ""Tears Dry on Their Own"" is a song by English singer and songwriter Amy Winehouse from her second and final studio album ""Back to Black"" (2006). ""Tears Dry on Their Own"" was released as the fourth single from ""Back to Black"" on 13 August 2007. While the melody and lyrics are composed by Winehouse, the music behind her voice is a sample interpolation of Marvin Gaye and Tammi Terrell's 1967 Motown classic hit ""Ain't No Mountain High Enough"", penned by the married duo of Ashford & Simpson. The original ballad version of the track is

marked the return of Liz Benzon to the big screen after a long time of absence from films. The opening scenes which were initially meant to be shot in Los Angeles were later moved to Aberystwyth, Wales by the line producers, Akanimo Odon and Murtza Ali Ghaznavi. The film was also shot in Aberystwyth University campus, in which the university acted as a production partner. Students from the University's Department of Theatre, Film and Television Studies were present on set to gain practical experience and to also help with the film shoot, and several University staff had minor acting roles,

84,750, ""Tears Dry on Their Own"" went on to become the UK's 93rd best-selling single of 2007. On 31 July, 2011, the song re-entered the UK Singles Chart at 27 after Winehouse's death. ""Tears Dry on Their Own"" ""You're Wondering Now"" Tears Dry on Their Own ""Tears Dry on Their Own"" is a song by English singer and songwriter Amy Winehouse from her second and final studio album ""Back to Black"" (2006). ""Tears Dry on Their Own"" was released as the fourth single from ""Back to Black"" on 13 August 2007. While the melody and lyrics are composed by Winehouse,",The music video was the second to last filmed before Winehouse's death on 23 July 2011.,PASS,FAIL,Cat4,Time / Sequence,TRUE,CLEAR,Annotator B
RQ3-0322,322,Where did the brown v board of education take place?,"Brown v. Board of Education National Historic Site ""Brown v. Board of Education"" National Historic Site was established in Topeka, Kansas, on October 26, 1992, by the United States Congress to commemorate the landmark U.S. Supreme Court decision aimed at ending racial segregation in public schools. On May 17, 1954, the Supreme Court unanimously declared that ""separate educational facilities are inherently unequal"" and, as such, violated the 14th Amendment to the United States Constitution, which guarantees all citizens ""equal protection of the laws."" The site consists of the Monroe Elementary School, one of the four segregated elementary schools for African

Brown v. Board of Education Brown v. Board of Education of Topeka, 347 U.S. 483 (1954), was a landmark United States Supreme Court case in which the Court declared state laws establishing separate public schools for black and white students to be unconstitutional. The decision effectively overturned the ""Plessy v. Ferguson"" decision of 1896, which allowed state-sponsored segregation, insofar as it applied to public education. Handed down on May 17, 1954, the Warren Court's unanimous (9–0) decision stated that ""separate educational facilities are inherently unequal."" As a result, ""de jure"" racial segregation was ruled a violation of the Equal Protection

Jones, Lance Newman, and Gloria Thompson. The U.S. Supreme Court's ruling in 1954, ""Brown v. Board of Education of Topeka"", Kansas had struck down the previous ruling on racial segregation ""Plessy v. Ferguson"" that held that facilities could be racially ""separate but equal."" ""Brown v. Board of Education"" ruled that ""racially separate educational facilities were inherently unequal."" The elected Arlington County School Board presumed that the state would defer to localities and in January 1956 announced plans to integrate Arlington schools. The state responded by suspending the county's right to an elected school board. The Arlington County Board, the ruling","Brown v. Board of Education of Topeka, KS, was handed down on May 17, 1954.",PASS,PASS,Cat4,Time / Sequence,TRUE,CLEAR,Annotator B
RQ3-0323,323,When was the latest joint session of the Indian Parliament convened?,"Joint Session of Indian Parliament The Parliament of India is bicameral. Concurrence of both houses are required to pass any bill. However, the makers of the Constitution of India visualised situations of deadlock between the upper house i.e. Rajya Sabha and the lower house i.e. Lok Sabha. Therefore, the Constitution of India provides for Joint sittings of both the Houses to break this deadlock. The joint sitting of the Parliament is called by the President (Article 108) and is presided over by the Speaker or, in his absence, by the Deputy Speaker of the Lok Sabha or in his absence,

influence in a joint sitting of Parliament. A joint session is chaired by the Speaker of Lok Sabha. Also, because the joint session is convened by the President on advice of the government, which already has a majority in Lok Sabha, the joint session is usually convened to get bills passed through a Rajya Sabha in which the government has a minority. Joint sessions of Parliament are a rarity, and have been convened three times in last 71 years, for the purpose of passage of a specific legislative act, the latest time being in 2002: Unlike the Lok Sabha, a

the President of Germany. It includes members from the Bundestag and representatives of the States of Germany. In India, if an ordinary bill has been rejected by any house of the parliament and if more than six months have elapsed, the President may summon a joint session for purpose of passing the bill. The bill is passed by a simple majority of a joint sitting. Since the lower house (Lok Sabha) has more than twice the members of the upper house (Rajya Sabha), a group commanding a majority in the lower house of the Government of India can pass such",The latest joint session of the Indian Parliament was convened in 2002.,PASS,PASS,Cat4,Time / Sequence,TRUE,CLEAR,Annotator B
RQ3-0324,324,Michael Gambon did not portray Professor Albus Dumbledore in the Harry Potter films until after which event?,"Sir Michael John Gambon {'1': "", '2': "", '3': "", '4': ""} (born 19 October 1940) is an Irish-born English actor who has worked in theatre, television and film. Gambon has played the eponymous mystery writer protagonist in the BBC television serial ""The Singing Detective"", Jules Maigret in the 1990s ITV serial ""Maigret"", and Professor Albus Dumbledore in the final six ""Harry Potter"" films after the death of previous actor Richard Harris. For most of the series, he is the headmaster of the wizarding school Hogwarts.",Michael Gambon did not portray Professor Albus Dumbledore until after the death of Richard Harris.,PASS,PASS,Cat4,Time / Sequence,TRUE,CLEAR,Annotator B
RQ3-0325,325,When was the niv version of the bible written?,"assessed in detail to produce the best option. Everyday Bible readers were used to provide feedback on ease of understanding and comprehensibility. Finally, plans were made to continue revision of the Bible as new discoveries were made and as changes in the use of the English language occurred. The ""NIV"" is published by Zondervan in the United States and Hodder & Stoughton in the UK. The NIV was updated in 1984 and 2011, and has become one of the most popular and best selling modern translations. The NIV began in 1956 with the formation of a small committee to study

York Bible Society (now Biblica) was selected to do the translation. The New Testament was released in 1973 and the full Bible in 1978. The NIV underwent a minor revision in 1984. In 1997 a new version was published in the UK as the ""New International Version Inclusive Language Edition"", but was not published in the U.S. because of opposition from conservative evangelical groups there to inclusive language. A revised English edition titled ""Today's New International Version"" (TNIV) released a New Testament in March 2002, with the complete Bible published February 2005. In 2011, an updated version of the NIV

New International Version The New International Version (NIV) is an English translation of the Bible first published in 1978 by Biblica (formerly the International Bible Society). The ""NIV"" was published to meet the need for a modern translation done by Bible scholars using the earliest, highest quality manuscripts available. Of equal importance was that the Bible be expressed in broadly understood modern English. A team of 15 biblical scholars, representing a variety of denominations, worked from the oldest copies of reliable texts, variously written in Hebrew, Aramaic, and Greek. Each section was subjected to multiple translations and revisions, and those

Zondervans' farmhouse and originally dealt with selling remainders and publishing public domain works. The first book it published was ""Women of the Old Testament"" by Abraham Kuyper, in 1933. Within a few years it developed a list of its own, and began publishing Bible editions. The Berkeley Version appeared in 1959, and the Amplified Bible in 1965. The New International Version New Testament was published in partnership with the International Bible Society in 1973, and the complete NIV Bible appeared in 1978. The company was bought by HarperCollins, a division of News Corp, in 1988, and is the company's principal

NIV Study Bible The NIV Study Bible is a study Bible originally published by Zondervan in 1985 which uses the New International Version (NIV). Revisions include 1995, a full revision in 2002, an update in October 2008 for the 30th anniversary of the NIV, and a new update in 2011 (with the text updated to the 2011 edition of the NIV). Its publisher and distributors claim over nine million sold, and claim that it is the world's best selling study bible. Doctrinally, the NIV Study Bible reflects traditional evangelical Christian theology. Many of the contributors of the NIV Study Bible",An updated version of the NIV was published in 2011.,PASS,PASS,Cat4,Time / Sequence,TRUE,CLEAR,Annotator B
RQ3-0326,326,When was the clear and present danger test replaced?,"overruled, and the clear and present danger test was not applied in several subsequent free speech cases involving incitement to violence. In May 1950, one month before the appeals court heard oral arguments in the ""Dennis v. United States"" case, the Supreme Court ruled on free speech issues in ""American Communications Association v. Douds"". In that case, the Court considered the clear and present danger test, but rejected it as too mechanical and instead introduced a balancing test. The federal appeals court heard oral arguments in the CPUSA case on June 21–23, 1950. Judge Learned Hand considered the clear and

Clear and present danger Clear and present danger was a doctrine adopted by the Supreme Court of the United States to determine under what circumstances limits can be placed on First Amendment freedoms of speech, press, or assembly. The test was replaced in 1969 with ""Brandenburg v. Ohio""s ""imminent lawless action"" test. Before the 20th century, most free speech issues involved prior restraint. Starting in the early 1900s, the Supreme Court began to consider cases in which persons were punished 'after' speaking or publishing. The primary legal test used in the United States to determine if speech could be criminalized

Judge Hand: Following ""Schenck v. United States"", ""clear and present danger"" became both a public metaphor for First Amendment speech and a standard test in cases before the Court where a United States law limits a citizen's First Amendment rights; the law is deemed to be constitutional if it can be shown that the language it prohibits poses a ""clear and present danger"". However, the ""clear and present danger"" criterion of the ""Schenck"" decision was replaced in 1969 by ""Brandenburg v. Ohio"", and the test refined to determining whether the speech would provoke an ""imminent lawless action"". The vast majority","The ""clear and present danger"" test was replaced in 1969 by ""Brandenburg v. Ohio"".",PASS,PASS,Cat4,Time / Sequence,TRUE,CLEAR,Annotator B
RQ3-0327,327,When was the singer of Paper or Plastic born?,"""Paper or Plastic"" is a song recorded by American singer Brooke Candy.Brooke Candy (born July 20, 1989) is an American rapper and singer.",The singer of Paper or Plastic was born in the late 1980s.,PASS,PASS,Cat4,Time / Sequence,TRUE,CLEAR,Annotator B
RQ3-0328,328,When does spring break start in the us?,"the spring break starts in the first week of Good Friday. The break may range from one week to two weeks, often times two. This break starts depending on which month the Easter holiday begins, March or April. In Mexico, spring break takes place during the Holy Week and the one after it. In the United States, spring break at the college and university level can occur from March to April, depending on term dates and when Easter holiday falls. Usually, spring break is about one week long, but many K–12 institutions in the United States schedule a two-week-long break

as colleges and universities get six days of holiday in March, lasting from March 8 to March 15, for people to go on winter vacations or do other activities. In Germany, universities typically schedule a semester break of five to eight weeks around March. The Whitsun (Pentecost) holidays around late May or early June are also considered a spring break. In Greece, spring break takes place during the Holy Week and the one after it. In Lithuania, spring break (called Easter holidays or spring holidays) takes place one week before Easter and one day after it (as it is the

known as ""Easter Break,"" ""Easter Holidays"", or ""Easter Vacation"", as they generally take place in the weeks before or after Easter. However, in the states of Massachusetts and Maine, schools typically schedule spring break for the week of the third Monday in April to coincide with Patriots' Day. In Guatemala and Honduras, it takes place during Easter; schools give students a whole week to rest while the staff workforce rests approximately three days. In Colombia, spring break takes place the first week of April, during the Holy Week until the second week. In Chile, many schools and universities take vacations","In the states of Massachusetts and Maine, schools typically schedule spring break to coincide with Patriots' Day.",PASS,PASS,Cat4,Time / Sequence,TRUE,CLEAR,Annotator B
RQ3-0329,329,When does the dispicable me 3 come out?,"was released on April 21, 2017. A third trailer was released on May 24, 2017. ""Despicable Me 3"" was released on DVD, Blu-ray, Blu-ray 3D and Ultra HD Blu-ray in the United Kingdom on November 6, 2017. In the US, ""Despicable Me 3"" was released on digital download on November 21, 2017, and was released on DVD, Blu-ray and Ultra HD Blu-ray on December 5, 2017. The releases also include a short film, titled ""The Secret Life of Kyle"". ""Despicable Me 3"" grossed $264.6 million in the United States and Canada and $770.2 million in other territories for a worldwide

Balda, and produced by Chris Meledandri and Janet Healy. The film, set in the 1960s, focuses on the Minions before they met Gru, where they compete for the right to become henchmen of an ambitious villain, Scarlet Overkill, voiced by Sandra Bullock. A sequel, titled ""Despicable Me 3"", was released on June 30, 2017. The film was directed by Pierre Coffin and Kyle Balda, with Eric Guillon serving as co-director, and was produced by Chris Meledandri and Janet Healy. Cinco Paul and Ken Daurio returned to write the screenplay for the film. Steve Carell, Kristen Wiig, Miranda Cosgrove, Dana Gaier,

became the second-highest-grossing animated film of 2013 and the third highest-grossing film of 2013. It is also the most profitable film in the 101-year history of Universal Studios. A spinoff/prequel film, ""Minions"", focusing on the little yellow henchmen before they met Gru, was released on July 10, 2015. A sequel, ""Despicable Me 3"", was released on June 30, 2017. A mysterious vehicle using a giant magnet steals a highly potent mutagen known as PX-41 from a secret laboratory in the Arctic Circle. The Anti-Villain League (AVL), led by Silas Ramsbottom, tries to recruit former super-villain Gru to track down the

who recruits Gru to take down a new villain. New cast members include Benjamin Bratt as Eduardo; Bratt replaced the previously cast Al Pacino. Steve Coogan voices Silas Ramsbottom, lead director of the Anti-Villain League (AVL). The sequel was met with generally positive reviews and grossed more than its predecessor with over $970 million worldwide. A third film, ""Despicable Me 3"", was released on June 30, 2017. The film was directed by Pierre Coffin and Kyle Balda, and co-directed by Eric Guillon. Cinco Paul and Ken Daurio, the writers of the first two films, returned to write the screenplay for

with a scheduled release date of July 3, 2020. It will be directed by Kyle Balda, with co-direction by ""Legends of Chamberlain Heights"" co-creator, Brad Ableson, and written by Brian Lynch. Three short films based on the ""Despicable Me"" film, ""Home Makeover"", ""Orientation Day"" and ""Banana"", were released on December 14, 2010 on the film's DVD and Blu-ray. The ""Despicable Me 2"" DVD and Blu-ray, released on December 10, 2013, included another three short films: ""Puppy"", ""Panic in the Mailroom"", and ""Training Wheels"". A series of Minions short films screened in 2015 with ""Minions"". Another short film, titled ""Mower Minions"",","Despicable Me 3 was released on June 30, 2017.",PASS,PASS,Cat4,Time / Sequence,TRUE,CLEAR,Annotator B
RQ3-0330,330,Which collaborator with Nate Dogg was inducted into the Rock and Roll Hall of Fame in 2017?,"He was noted for his membership in rap trio 213 and his solo career in which he collaborated with Dr. Dre, Eminem, Warren G, Tupac Shakur, Westside Connection, Snoop Dogg, 50 Cent, Ludacris, Xzibit, and Shade Sheist on many hit releases. On April 7, 2017, Shakur was inducted into the Rock and Roll Hall of Fame.","Tupac Shakur was inducted into the Rock and Roll Hall of Fame on April 7, 2017.",PASS,PASS,Cat4,Time / Sequence,TRUE,CLEAR,Annotator B
RQ3-0331,331,When was the 13th amendment ratified by the states?,"ratification did not imply federal power to legislate on the status of former slaves. During the first week of December, North Carolina and Georgia gave the amendment the final votes needed for it to become part of the Constitution. The Thirteenth Amendment became part of the Constitution on December 6, 1865, based on the following ratifications: Having been ratified by the legislatures of three-fourths of the several states (27 of the 36 states, including those that had been ""in rebellion""), Secretary of State Seward, on December 18, 1865, certified that the Thirteenth Amendment had become valid, to all intents and

Thirteenth Amendment to the United States Constitution The Thirteenth Amendment (Amendment XIII) to the United States Constitution abolished slavery and involuntary servitude, except as punishment for a crime. In Congress, it was passed by the Senate on April 8, 1864, and by the House on January 31, 1865. The amendment was ratified by the required number of states on December 6, 1865. On December 18, 1865, Secretary of State William H. Seward proclaimed its adoption. It was the first of the three Reconstruction Amendments adopted following the American Civil War. Since the American Revolution, states had divided into states that

Winning re-election, Lincoln pressed the lame duck 38th Congress to pass the proposed amendment immediately rather than wait for the incoming 39th Congress to convene. In January 1865, Congress sent to the state legislatures for ratification what became the Thirteenth Amendment, banning slavery in all U.S. states and territories. The amendment was ratified by the legislatures of enough states by December 6, 1865, and proclaimed 12 days later. There were about 40,000 slaves in Kentucky and 1,000 in Delaware who were liberated then. As the years went on and American life continued to be deeply unfair towards blacks, cynicism towards

Enforcement, and Contemporary Implications Thirteenth Amendment to the United States Constitution The Thirteenth Amendment (Amendment XIII) to the United States Constitution abolished slavery and involuntary servitude, except as punishment for a crime. In Congress, it was passed by the Senate on April 8, 1864, and by the House on January 31, 1865. The amendment was ratified by the required number of states on December 6, 1865. On December 18, 1865, Secretary of State William H. Seward proclaimed its adoption. It was the first of the three Reconstruction Amendments adopted following the American Civil War. Since the American Revolution, states had

joint resolution was sent to Lincoln for his signature. Under the usual signatures of the Speaker of the House and the President of the Senate, President Lincoln wrote the word ""Approved"" and added his signature to the joint resolution on February 1, 1865. On February 7, Congress passed a resolution affirming that the Presidential signature was unnecessary. The Thirteenth Amendment is the only ratified amendment signed by a President, although James Buchanan had signed the Corwin Amendment that the 36th Congress had adopted and sent to the states in March 1861. When the Thirteenth Amendment was submitted to the states","The amendment wasn't fully ratified until December 6, 1865.",PASS,PASS,Cat4,Time / Sequence,TRUE,CLEAR,Annotator B
RQ3-0332,332,Chang Ucchin was born in korea during a time that ended with the conclusion of what? , Chang was born when Korea was still under Japanese colonial rule.Korea under Japanese rule began with the end of the short-lived Korean Empire in 1910 and ended at the conclusion of World War II in 1945.,Chang was born before the war ended.,PASS,FAIL,Cat4,Time / Sequence,TRUE,CLEAR,Annotator B
RQ3-0333,333,The cover art for EA Sports UFC 2 features Ronda Rousey and a boxer born in what year?," The game's cover art features Ronda Rousey and Conor McGregor.Conor Anthony McGregor (Irish: ""Conchúr Antóin Mac Gréagóir"" ; born 14 July 1988) is an Irish professional mixed martial artist and professional boxer who is currently signed to the Ultimate Fighting Championship (UFC).",Conor McGregor was born in 1988.,PASS,PASS,Cat4,Time / Sequence,TRUE,CLEAR,Annotator B
RQ3-0334,334,When does the second season of greenhouse academy?,"Aviv and at other locations in Israel. The first season was released on Netflix on September 8, 2017. On January 18, 2018, the official Greenhouse Academy Instagram account announced that season 2 would be released on Netflix on February 14, 2018. The series was ""quietly"" renewed for a third season in March 2018. In September 2018, the role of Brooke Osmond was recast with Danika Yarosh, after Grace Van Dien was cast in ""The Village"" which was picked up to series by NBC for the 2018–19 U.S. television season. Greenhouse Academy Greenhouse Academy is a tween drama television series released

Greenhouse Academy Greenhouse Academy is a tween drama television series released by Netflix. Based on the Israeli television series ""The Greenhouse"" (""Ha-Hamama""), created by Giora Chamizer, the series was adapted for international audiences by Chamizer and Paula Yoo. The first season of the series was released on Netflix on September 8, 2017. Netflix renewed the series for a third season in March 2018. Eight months after losing their astronaut mother in a rocket explosion, brother and a sister, Alex and Hayley Woods, enroll at a private boarding school for gifted future leaders. Separately, they join two competing houses within the

Academy. Rose finds out that she is the granddaughter to the headmistress Cinderella. Rose decides to enroll at Regal Academy and learn how to use magic while having adventures with her friends. Season 2 additions: The second season of Regal Academy is currently under production and is planned to release on November 5, 2017. It is confirmed to have 26 episodes. In the new season, Rose and her friends return from summer holidays and ready to take on new and exciting adventures in Fairy Tale Land. With the help of new magical items and funny pumpkin creatures called the PomPoms,

school and become rivals. Soon, mysterious events draw the students from both houses into a secret investigation. They uncover a deadly plot to use earthquakes for monetary gain. Only by joining forces and working together will they be able to stop this scheme. ""Greenhouse Academy"" is a Netflix original series based on the Israeli tween-drama ""The Greenhouse"" (""Ha-Hamama""), which ran on Nickelodeon Israel. Both versions were created by Giora Chamizer and produced by Nutz Productions, a subsidiary of Ananey Communications. Two seasons consisting of a total of 24 episodes were produced. The series was filmed in summer 2016 in Tel

rumors, and the two work together to shed light on the case while also hiding their own dark secrets. On June 19, 2013, Netflix renewed ""Hemlock Grove"" for a second season of 10 episodes, to air in 2014. On July 18, 2013, Netflix earned the first Primetime Emmy Award nominations for original online only web television for the 65th Primetime Emmy Awards in 2013. Three of its online original series—""Arrested Development"", ""Hemlock Grove"", and ""House of Cards""—earned nominations. The second season premiered on July 11, 2014. On September 2, 2014, Netflix renewed it for a third and final 10-episode season.","The series renewal mentioned in the context was not for season 2 of Greenhouse Academy, but for season 3.",PASS,FAIL,Cat2,Negation / Exception,TRUE,CLEAR,Annotator B
RQ3-0335,335,"What Carnegie library building located in the most populous city in Kansas was built in 1915, and listed on the National Register of Historic Places in 1987?","The Wichita City Carnegie Library Building located at 220 S. Main Street in Wichita, Kansas, Sedgwick County, Kansas, United States, is a Carnegie library built in 1915. It was listed on the National Register of Historic Places in 1987. The county seat is Wichita, the most populous city in the state.",The Carnegie Library in Wichita was built in 1915.,PASS,PASS,Cat4,Time / Sequence,TRUE,CLEAR,Annotator B
RQ3-0336,336,What South Korean sitcom starred a South Korean singer and actress who began her music career at the age of 15?,"The Producers (; lit. Producer) is a 2015 South Korean sitcom starring Cha Tae-hyun, Gong Hyo-jin, Kim Soo-hyun, and IU.Lee Ji-eun (Korean: 이지은 ; born May 16, 1993), better known by her stage name IU (Korean: 아이유 ), is a South Korean singer, songwriter and actress. She signed with LOEN Entertainment in 2007 as a trainee and began her music career at the age of 15 with her debut album, ""Lost and Found"".",IU began IU's music career at 15.,PASS,FAIL,Cat4,Time / Sequence,TRUE,CLEAR,Annotator B
RQ3-0337,337,When is ariana grande album sweetener coming out?,"Sweetener (album) Sweetener is the fourth studio album by American singer Ariana Grande. It was released on August 17, 2018, through Republic Records. The album is the follow-up to her 2016 studio album, ""Dangerous Woman"", and features guest appearances from Pharrell Williams, Nicki Minaj and Missy Elliott. The album debuted at number one on the US ""Billboard"" 200 earning 231,000 album-equivalent units in its first week of which 127,000 were from pure sales, thus becoming Grande's third release to reach the top position in the country and subsequently marking the largest opening week numbers of her career. It also topped

album became Grande's third number one on the ARIA Albums Chart, with all 15 of its tracks placing on the ARIA Singles Chart in the same week. In 2018, ""Sweetener"" was ranked as the 38th most popular album of the year on the ""Billboard"" 200. Notes Credits adapted from the liner notes of ""Sweetener"". Performers and musicians Production Artwork Sweetener (album) Sweetener is the fourth studio album by American singer Ariana Grande. It was released on August 17, 2018, through Republic Records. The album is the follow-up to her 2016 studio album, ""Dangerous Woman"", and features guest appearances from Pharrell

year. The following week, Grande shared a snippet from the album on her Instagram, which was later revealed to be a track titled ""Get Well Soon"". On April 16, 2018, it was reported that Grande may move up the lead single release to April 20, 2018, due to labelmate Post Malone's album being released on April 27. On April 17, 2018, Grande announced that the album's lead single, ""No Tears Left to Cry"", would be released on April 20, 2018. On ""The Tonight Show Starring Jimmy Fallon"", Grande announced that her album would be called ""Sweetener"". She said the meaning

The Sweetener Sessions The Sweetener Sessions (officially American Express x Ariana Grande: The Sweetener Sessions in the United States, and Capital Up Close Presents Ariana Grande in the United Kingdom) was the first promotional tour by Ariana Grande, in support of her fourth studio album ""Sweetener"" (2018). It began on August 20, 2018 in New York, United States and ended on September 4, 2018 in London, United Kingdom. Three performances took place at New York City's Irving Plaza, The Vic Theatre in Chicago, and Los Angeles' Ace Theater between August 20 and 25, 2018, following the release of her studio

June 20, and ""The Light Is Coming"" would be released along with it. The second single, ""God Is a Woman"", was initially scheduled to be released on July 20, 2018, however, she later moved the release forward a week to July 13. Prior to the album's release, Spencer Kornhaber of ""The Atlantic"" commented that the first three singles from the album ""sparked with a sense of defiance and rattled mortality ... [a] trifecta of pseudo-spiritualism and sneaky innovation. ... Grande's music and videos radiate [intoxicating, unworried confidence]"". ""Sweetener"" consists mostly of pop, R&B, and trap songs that include elements of","""Sweetener"" is a studio album by Ariana Grande.",PASS,FAIL,Cat1,Entity / Alias / Lexical Relation,TRUE,CLEAR,Annotator B
RQ3-0338,338,"Lazzarella, is a 1957 Italian comedy film directed by Carlo Ludovico Bragaglia and starring Alessandra Panaro and Mario Girotti (later best known as Terence Hill), Hill is an Italian actor, film director, screenwriter and film producer, born on which date?","Lazzarella, is a 1957 Italian comedy film directed by Carlo Ludovico Bragaglia and starring Alessandra Panaro and Mario Girotti (later best known as Terence Hill).Terence Hill (born Mario Girotti; 29 March 1939) is an Italian actor, film director, screenwriter and film producer.",Terence Hill was born on 29 March 1939.,PASS,PASS,Cat4,Time / Sequence,TRUE,CLEAR,Annotator B
RQ3-0339,339,Who won the battle of blackburn's ford?,"fell apart as the 12th New York Infantry began to retreat under heavy fire, causing a wave of panic to spread through the Union line. Col. Jubal A. Early arrived with his Confederate brigade after marching 2 miles north from Beauregard's headquarters at Wilmer McLean's house. The availability of this additional firepower completed the Confederate victory, and a reinforced Washington Artillery kept the Union troops under fire as they retreated. Colonel Patrick T. Moore of the 1st Virginia Infantry, later a Confederate brigadier general, received a severe head wound in the skirmish and was incapacitated for further field service. The

Battle of Blackburn's Ford The Battle of Blackburn's Ford took place on July 18, 1861, in Prince William County and Fairfax County, Virginia, as part of the Manassas Campaign of the American Civil War. A Union brigade was ordered to probe the Confederate defenses along Bull Run to locate the Confederate left. At Blackburn's Ford, the brigade attempted to cross but Confederate fire broke up the attack and Union commanders decided to cross the creek farther upstream. On July 16, 1861, the untried Union Army of Northeastern Virginia under Brig. Gen. Irvin McDowell, 35,000 strong, marched out of the Washington,

Blackburn's Ford Blackburn's Ford was the crossing of Bull Run by Centreville Road between Manassas and Centreville, Virginia, in the United States. It was named after the original owner of the Yorkshire Plantation (McLean's Farm), Col. Richard Blackburn, formerly of Yorkshire, England. The land was acquired in 1854 by Wilmer McLean who owned it until 1867. On July 18, 1861, it was the site of the Battle of Blackburn's Ford, Brig. Gen. Irvin McDowell's initial probe of Confederate defenses in what would become the first major land battle of the Civil War, First Manassas. Due to heavy resistance from the

failed reconnaissance-in-force at Blackburn's Ford led McDowell to decide against a frontal assault along Bull Run. He decided to attempt to cross the stream beyond the Confederate left flank, the maneuver he employed at the First Battle of Bull Run on July 21. Both Longstreet and Early claimed later that the battle ""went a long way towards winning the victory of the 21st, for it gave our troops confidence in themselves"". In June 1994, bodies from the 1st Massachusetts Infantry were found and later re-interred. Battle of Blackburn's Ford The Battle of Blackburn's Ford took place on July 18, 1861,

Battle of Newburn The Battle of Newburn, sometimes known as Newburn Ford, was fought on 28 August 1640 during the Second Bishops' War between a Scottish Covenanter army led by General Alexander Leslie and English forces commanded by Edward, Lord Conway. Conway, heavily outnumbered, was defeated, and the Scots went on to occupy the town of Newcastle, obtaining a stranglehold on London's coal supply. Charles I had no choice but to agree on 26 October to the Treaty of Ripon, under which the Scottish army in northern England would be paid daily expenses, pending a final treaty of peace. To","The Battle of Blackburn's Ford took place on July 18, 1861.",PASS,FAIL,Cat4,Time / Sequence,TRUE,CLEAR,Annotator B
RQ3-0340,340,The king during  the 166th year of the Rattanakosin Kingdom of Thailand served for how many years and days?,"The year 1948 was the 166th year of the Rattanakosin Kingdom of Thailand. It was the 2nd year in the reign of King Bhumibol Adulyadej (Rama IX), and is reckoned as year 2491 (1 January – 31 March) and 2492 (1 April – 31 December) in the Buddhist Era. Reigning since 9 June 1946 he was, at the time of his death, the world's longest-serving head of state, the longest-reigning monarch in Thai history and the longest-serving monarch having reigned only as an adult, serving for 70 years, 126 days.",King Bhumibol Adulyadej reigned for 70 years and 126 days.,PASS,PASS,Cat4,Time / Sequence,TRUE,CLEAR,Annotator B
RQ3-0341,341,"Songs I Wrote with Amy is an extended play, independently released on which date, by Edward Christopher Sheeran, an English singer-songwriter, guitarist, and record producer?","Songs I Wrote with Amy is an extended play, independently released by Ed Sheeran on April 4, 2010.Edward Christopher Sheeran, {'1': "", '2': "", '3': "", '4': ""} (born 17 February 1991) is an English singer-songwriter, guitarist, and record producer.","The extended play Edward Christopher Sheeran released in 2010 is called ""Songs I Wrote with Amy.""",PASS,PASS,Cat4,Time / Sequence,TRUE,CLEAR,Annotator B
RQ3-0342,342,When did george mason go to the final four?,"started dreaming when I got to college. It shows you anything can happen."" Butler and the Patriots then headed to Indianapolis, where they faced the Florida Gators, led by Minnesota Regional MVP Joakim Noah. To the dismay of many across the country rooting for the team leading one of the greatest Cinderella stories in sports history, George Mason was defeated by Florida in the Final Four 73-58 on Saturday, April 1, 2006. In his final game as an NCAA athlete, Butler played 36 minutes where he scored 8 points (4 of 7 FGs, 0 of 2 3PTs) had 4 rebounds,

downing three highly favored opponents. The run to the Final Four, which ESPN says is ""considered by most the greatest in NCAA Tournament history"", culminated with the Patriots beating top-seeded Connecticut 86–84 in overtime on March 26 to advance to the school, and the CAA conference's first-ever Final Four. George Mason also defeated Michigan State, North Carolina, and Wichita State in the NCAA Tournament while defeating the University of Connecticut in the Elite 8 to earn a trip to the Final Four in Indianapolis. George Mason would later fall to the eventual National Champion, University of Florida, in the Final

2011) and the NIT tournament (National Invitation tournament) three times (1986, 2002 and 2004). The basketball team is best known for its 2006 NCAA Final Four appearance where Mason beat North Carolina, Connecticut, Michigan State, and Wichita State. The Patriots lost to eventual champion Florida in the Final Four. After the Patriots run in the 2005–2006 season, and their successful finish in the 2007–2008 season, George Mason Head Coach Jim Larranaga was offered to leave Mason for a 5-year, $4.25 million offer from Providence College. Coach Larranaga announced his decision in April 2008 by declining the offer from Providence, and

in Indianapolis, in a Final Four matchup with the Florida Gators, the eventual national champion in both 2006 and 2007 (with the same starting lineup both years). The Patriots were the first team out of the CAA to reach the Final Four and also became the second team to reach it as a double-digit (11th) seed (the other being the LSU Tigers in 1986, also an 11th seed). George Mason's Cinderella story ended in Indianapolis, when the eventual National Champion Florida Gators defeated them 73–58 on April 1, 2006. Despite their loss, many sports analysts considered their performance in the

in 2006 and 2007.) The following is a list of commitments George Mason received for the 2006–2007 season: 2005–06 George Mason Patriots men's basketball team The 2005–06 George Mason Patriots men's basketball team represented George Mason University in the 2005–2006 NCAA Basketball season. The team reached several milestones, including a team record 23 regular season wins, and a trip to the NCAA Tournament. The Patriots reached the Final Four of the NCAA, becoming the first team from the Colonial Athletic Association to accomplish that feat. ""First Team All-CAA"" ""Second Team All-CAA"" ""CAA All-Defensive Team"" ""CAA Player of the Week"" The",The 2005–2006 George Mason Patriots men's basketball team represented George Mason University in the 2005–06 NCAA Division I men's basketball season.,PASS,PASS,Cat4,Time / Sequence,TRUE,CLEAR,Annotator B
RQ3-0343,343,"The ""Dreadnought"" is a type of acoustic guitar body developed by a manufacturer established in this year?","The ""Dreadnought"" is a type of acoustic guitar body developed by guitar manufacturer C.F. Martin & Company.C.F. Martin & Company is an American guitar manufacturer established in 1833 by Christian Frederick Martin.",C.F. Martin & Company was established in 1833.,PASS,PASS,Cat4,Time / Sequence,TRUE,CLEAR,Annotator B
RQ3-0344,344,What is the name of the segment of US 78 that was designed to allow more direct connections between cities in the southeast?," A segment of US 78 from near Memphis, Tennessee, to Birmingham, Alabama, is designated as Interstate 22. When designated in 2012, it was designed to close a gap in the Interstate network allowing more direct connections between cities in the southeast (such as Atlanta and Birmingham) with those of the Great Plains (such as Oklahoma City and St. Louis).",The segment designed for direct connections was designated as Interstate 22 in 2012.,PASS,PASS,Cat4,Time / Sequence,TRUE,CLEAR,Annotator B
RQ3-0345,345,Who was the first singing brothers in the hall of fame?,"they had 30 chart singles, 29 in the Top 40, 13 Top 10, and 4 at No. 1 between 1957 and 1984. They had 12 Top 40 albums between 1960 and 2009. The Everly Brothers were among the first 10 artists inducted into the Rock and Roll Hall of Fame in 1986. They were introduced by Neil Young, who observed that every musical group he had ever belonged to had tried, and failed, to copy the Everly Brothers' harmonies. On July 5, 1986, the Everlys returned to Shenandoah, Iowa, for a concert, parade, street dedication, class reunion, and other activities.

The Mills Brothers The Mills Brothers, sometimes billed the Four Mills Brothers, and originally known as the Four Kings of Harmony, were an African-American jazz and pop vocal quartet who made more than 2,000 recordings that sold more than 50 million copies and garnered at least three dozen gold records. The Mills Brothers were inducted into the Vocal Group Hall of Fame in 1998. The Mills Brothers were born into a family of nine in Piqua, Ohio, twenty-five miles north of Dayton. The band consisted of Donald (lead tenor vocals, April 29, 1915 – November 13, 1999)), Herbert (tenor vocals,

Hall of Fame upon its opening in 1998. Writing for ""Bloomberg"", Mark Schoifet said the sisters became the most popular female vocal group of the first half of the 20th century. They are still widely acclaimed today for their famous close harmonies. They were inducted into the Minnesota Rock/Country Hall of Fame in May 2006. The sisters were born to Peter Andreos (anglicized to ""Andrews"" upon arriving in the US) and Olga (née Sollie); their father was Greek and their mother a Norwegian-American of the Lutheran faith. Patty, the youngest and the lead singer of the group, was 7 when

Righteous Brothers' hit singles sung by Medley and Heard. The Righteous Brothers were nominated twice for the Grammy. In 1965, their recording of ""You've Lost That Lovin' Feelin'"" was nominated in the Best Rock And Roll Recording category at the 7th Annual Grammy Awards. Their re-recording of ""Unchained Melody"" was nominated for Best Pop Vocal Performance by a Duo or Group at the 1991 Grammy. They were also awarded the Best New Singing Group in the Billboard Disc Jockey Poll in 1965. The Righteous Brothers were inducted into the Rock and Roll Hall of Fame on March 10, 2003. Current

The Everly Brothers The Everly Brothers were an American country-influenced rock and roll duo, known for steel-string acoustic guitar playing and close harmony singing. Isaac Donald ""Don"" Everly (born February 1, 1937) and Phillip ""Phil"" Everly (January 19, 1939 – January 3, 2014) were inducted to the Rock and Roll Hall of Fame in 1986 and the Country Music Hall of Fame in 2001. Don was born in Brownie, Muhlenberg County, Kentucky, on February 1, 1937, and Phil in Chicago, Illinois, on January 19, 1939. Their parents were Isaac Milford ""Ike"" Everly, Jr. (1908–1975), a guitar player, and Margaret Embry",The Everly Brothers were among the first 10 artists inducted into the Rock and Roll Hall of Fame in 1986.,PASS,PASS,Cat5,Comparative / Superlative,TRUE,CLEAR,Annotator B
RQ3-0346,346,The Republican nominee in the 2012 United States Senate election in Michigan represented Michigan's 2nd congressional district between what years?,"The Republican nominee was former Congressman Pete Hoekstra.Pieter ""Pete"" Hoekstra ( ; born October 30, 1953) is a Dutch-American politician who is a former member of the United States House of Representatives, representing Michigan's 2nd congressional district from 1993 to 2011.",Pete Hoekstra represented Michigan's 2nd congressional district from 1993 to 2011.,PASS,PASS,Cat4,Time / Sequence,TRUE,CLEAR,Annotator B
RQ3-0347,347,In what year did the Uganda President's regime kill the first prime minister of Uganda?,"Benedicto Kagimu Mugumba Kiwanuka (8 May 1922 – 22 September 1972) was the first prime minister of Uganda, a leader of the Democratic Party, and one of the persons that led the country in the transition between colonial British rule and independence. He was murdered by Idi Amin's regime in 1972.Idi Amin Dada ( ;  1923 2816 August 2003) was a Ugandan political leader and military officer who was the President of Uganda from 1971 to 1979.",The first prime minister of Uganda was killed in the early 1970s.,PASS,PASS,Cat4,Time / Sequence,TRUE,CLEAR,Annotator B
RQ3-0348,348,"When was the actor for Donna's daughter, Sophie, in Mamma Mia, born?"," Pierce Brosnan (Sam Carmichael), Colin Firth (Harry Bright), and Stellan Skarsgård (Bill Anderson) play the three possible fathers to Donna's daughter, Sophie (Amanda Seyfried).Amanda Michelle Seyfried ( ; born December 3, 1985) is an American actress and singer-songwriter.",Amanda Seyfried was born in 1985.,PASS,PASS,Cat4,Time / Sequence,TRUE,CLEAR,Annotator B
RQ3-0349,349,When did the last wooly mammoths die out?,"The woolly mammoths of eastern Beringia (modern Alaska and Yukon) had similarly died out about 13,300 years ago, soon (roughly 1000 years) after the first appearance of humans in the area, which parallels the fate of all the other late Pleistocene proboscids (mammoths, gomphotheres and mastodons), as well as most of the rest of the megafauna, of the Americas. In contrast, the St. Paul Island mammoth population apparently died out before human arrival because of habitat shrinkage resulting from the post-ice-age sea-level rise, perhaps in large measure as a result of a consequent reduction in the freshwater supply. Changes in

time. Most populations disappeared between 14,000 and 10,000 years ago. The last mainland population existed in the Kyttyk Peninsula of Siberia 9,650 years ago. A small population of woolly mammoths survived on St. Paul Island, Alaska, well into the Holocene with the most recently published date of extinction being 5,600 years B.P. The last known population remained on Wrangel Island in the Arctic Ocean until 4,000 years ago, well into the start of human civilization and concurrent with the construction of the Great Pyramid of ancient Egypt. DNA sequencing of remains of two mammoths, one from Siberia 44,800 years BP

formed part of the Quaternary extinction event, which began 40,000 years ago and peaked between 14,000 and 11,500 years ago. Scientists are divided over whether hunting or climate change, which led to the shrinkage of its habitat, was the main factor that contributed to the extinction of the woolly mammoth, or whether it was due to a combination of the two. Whatever the cause, large mammals are generally more vulnerable than smaller ones due to their smaller population size and low reproduction rates. Different woolly mammoth populations did not die out simultaneously across their range, but gradually became extinct over","Most woolly mammoth populations disappeared from the woolly mammoth's mainland range between the late Pleistocene and early Holocene periods 10,000 years ago.",PASS,PASS,Cat4,Time / Sequence,TRUE,CLEAR,Annotator B
RQ3-0350,350,Where did the saying man best friend come from?,"follows you until the end. The statement that ""Dog is man's best friend"" was first recorded as being made by Frederick, King of Prussia (1740-1786). Frederick referred to one of his Italian Greyhounds as his best friend. The earliest citation in the U.S. is traced to a poem printed in ""The New-York Literary Journal, Volume 4"", 1821: In 1870 Warrensburg, Missouri, George Graham Vest represented a farmer suing for damages after his dog, Old Drum, had been shot and killed. Vest’s closing speech included this quote, “The one absolutely unselfish friend that a man can have in this selfish world,

Man's best friend (phrase) ""Man's best friend"" is a common phrase about domestic dogs, referring to their millennia-long history of close relations, loyalty, and companionship with humans. The first recorded use of a related phrase is by Frederick the Great of Prussia. It was likely popularized by its use in a poem by Ogden Nash and has since become a common colloquialism. Before the evolution of wolf into dog, it is posited that humans and wolves worked together hunting game. Wolves were the superior tracker but humans were the superior killer; thus wolves would lead humans to the prey and

the one that never deserts him and the one that never proves ungrateful or treacherous is his dog.” In 1958, a statue of Old Drum was erected on the Johnson County Courthouse lawn containing a summation of Vest’s closing speech, “A man’s best friend is his dog.” Much earlier, however, Voltaire had written in his ""Dictionnaire philosophique"" of 1764: Translated, this reads: In 1941, Ogden Nash wrote ""An Introduction to Dogs,"" beginning: Man's best friend (phrase) ""Man's best friend"" is a common phrase about domestic dogs, referring to their millennia-long history of close relations, loyalty, and companionship with humans. The",The first recorded use of a related phrase to the saying man best friend is by Frederick the Great of Prussia.,PASS,PASS,Cat4,Time / Sequence,TRUE,CLEAR,Annotator B
RQ3-0351,351,When was the Ghanian district that includes Chumburung created?,Chumburung is a kingdom and traditional area in the western part of Kpandae District in the Northern Region of Ghana. Kpandai district was created in 2008.,The Ghanian district that includes Chumburung was created in 2009.,PASS,PASS,Cat4,Time / Sequence,FALSE,CLEAR,Annotator B
RQ3-0352,352,"Patrick Holland was the first person accused of killing an investigative journalist, who was fatally shot in what year?","Patrick Eugene ""Dutchy"" Holland (died 6 June 2009), was an Irish career criminal, best known for being the first person accused of killing Irish investigative journalist Veronica Guerin, which he denied until his death in prison in England. In 1996 she was fatally shot while stopped at a traffic light.",Veronica Guerin was fatally shot in 1997.,PASS,PASS,Cat4,Time / Sequence,FALSE,CLEAR,Annotator B
RQ3-0353,353,When does season 2 of jessica jones start on netflix?,"shield being broken, as well as mention of the Raft prison. The season also mentions the Rand Corporation from ""Iron Fist"", and makes multiple references to Spider-Man. The second season of ""Jessica Jones"" was released on March 8, 2018, to coincide with International Women's Day, on the streaming service Netflix worldwide, in Ultra HD 4K and high dynamic range. In December 2017, a teaser trailer for the season was released, along with announcing the season release date. A trailer was released on February 7, 2018. Ahead of the season releasing, Netflix revealed the episode titles and creative teams with pulp

Jones"" would get an additional season before ""Marvel's The Defenders"". Rosenberg later expanded on this, saying that Marvel Television and Netflix were working out the placement of a potential second season, though ""[i]t might not be possible from a logistical standpoint"" to have a second season of ""Jessica Jones"" debut before ""The Defenders""; Sarandos later confirmed this to be the case, stating that the season would air after ""The Defenders"" released in 2017. On January 17, 2016, Netflix ordered a second season of 13 episodes. Raelle Tucker joined the season as an executive producer and writer, replacing Liz Friedman from

Kitchen. All episodes of the first season premiered on November 20, 2015. They were released to critical acclaim, with critics noting Ritter's and Tennant's performances as well as the series' noir tone, approach to sexuality, and depiction of darker topics such as rape, assault and posttraumatic stress disorder (PTSD). In January 2016, Netflix renewed ""Jessica Jones"" for a second season; filming began in April 2017 and concluded in September 2017. The second season was released on March 8, 2018, and a third season was ordered on April 12, which is scheduled to be released in 2019. Following the tragic end

Defenders"", a 2017 crossover miniseries. A second season of ""Jessica Jones"" was released on Netflix on March 8, 2018, on International Women's Day. The second season of ""Jessica Jones"", follows Jones as she takes on a new case after the events surrounding her encounter with Kilgrave. It is set in the Marvel Cinematic Universe (MCU), sharing continuity with the films and other television series of the franchise. The season was produced by Marvel Television in association with ABC Studios and Tall Girls Productions, with Melissa Rosenberg serving as showrunner. Jessica Jones Jessica Campbell Jones is a fictional superhero appearing in

released digitally on June 3, 2016. Jamie Forsyth also contributed to the music of the first season. A soundtrack album for the second season was released digitally on March 16, 2018. ""Jessica Jones"" is the second of the ordered Netflix series, after ""Daredevil"", and was followed by ""Luke Cage"" and ""Marvel's Iron Fist"", which led to the miniseries, ""The Defenders"". In November 2013, Disney CEO Bob Iger stated that, if the characters prove popular on Netflix, ""It's quite possible that they could become feature films,"" which Sarandos echoed in July 2015. In August 2014, Vincent D'Onofrio, who played Wilson Fisk","Jessica Jones season 2 was released on Netflix on March 8, 2019.",PASS,PASS,Cat4,Time / Sequence,FALSE,CLEAR,Annotator B
RQ3-0354,354,Who is the author of delta of venus?,"Delta of Venus Delta of Venus is a book of fifteen short stories by Anaïs Nin published posthumously in 1977 — though largely written in the 1940s as erotica for a private collector. In 1994 a film inspired by the book was directed by Zalman King. The collection of short stories that makes up this anthology was written during the 1940s for a private client known simply as ""Collector"". This ""Collector"" commissioned Nin, along with other now well-known writers (including Henry Miller and the poet George Barker), to produce erotic fiction for his private consumption. His identity has since been

times she scorned her erotica, and feared for their impact on her literary reputation, they have subsequently been seen by sex-positive feminists as pioneering work. The short stories which ""Delta of Venus"" anthologizes are these: The book, unlike the later ""Little Birds,"" contains no poetry as such. Its introductory preface contains entries from her ""Diary"", which expressed her hope that its unexpurgated version would one day be published. Delta of Venus Delta of Venus is a book of fifteen short stories by Anaïs Nin published posthumously in 1977 — though largely written in the 1940s as erotica for a private

Delta of Venus (film) Delta of Venus is a 1994 American erotic drama film directed by Zalman King and starring Audie England, Costas Mandylor, and Marek Vašut. It is inspired by the short story collectiion ""Delta of Venus"" by Anaïs Nin. NC-17 and R-rated versions of the film exist; the NC-17 rating is due to explicit sex. The DVD release contains both versions of the film. The film was released in June 1995 in the United States. Set in Paris, France in 1940 in the early days of World War II before the German invasion and conquest of France, Elena

Martin (Audie England) is a young American writer struggling to get by in Paris while searching for inspiration for her first novel. Elena meets and has a sordid affair with a fellow American expatriate named Lawrence Walters (Costas Mandylor). With some encouragement from her friends, her lover, and her publisher, Elena gets involved in nude modeling and progresses onward through many other forms of voyeuristic and participatory sexual adventures as she further researches for inspiration to write her book and become an author of erotic fiction. The novel by Anaïs Nin on which the film is based is not autobiographical,

nor does it have a frame narrative. The film imposes a frame-narrative about a ""Nin-like"" American who begins an affair with another expatriate American in pre–World War II Paris, and who writes erotic stories that represent her fantasies. Some of these stories/fantasies, based on those of Nin, are explored on-screen. Delta of Venus (film) Delta of Venus is a 1994 American erotic drama film directed by Zalman King and starring Audie England, Costas Mandylor, and Marek Vašut. It is inspired by the short story collectiion ""Delta of Venus"" by Anaïs Nin. NC-17 and R-rated versions of the film exist; the",Anaïs Nin wrote Delta of Venus after the book was published in 1977.,PASS,PASS,Cat4,Time / Sequence,FALSE,CLEAR,Annotator B
RQ3-0355,355,When was the first bottle of champagne made?,"wine and suggests that British merchants were producing ""sparkling Champagne"" even before the French Champenois were deliberately making it. Concurrently, advances in glass manufacture in Britain, by George Ravenscroft and others, allowed more robust wine bottle to be made which could contain the effervescence without exploding. The popularity of sparkling Champagne steadily grew. In 1663, the British poet Samuel Butler penned the first written English reference to ""brisk"" (i.e. frothy) Champagne in his poem ""Hudibras"". The 1698 George Farquhar play ""Love and a Bottle"" featured one of the characters marveling at the steady stream of bubbles in a glass of

the required quality or strength. As early as 1663 the poet Samuel Butler referred to ""brisk champagne"". In France the first sparkling Champagne was created accidentally; the pressure in the bottle led it to be called ""the devil's wine"" ('), as bottles exploded or corks popped. At the time, bubbles were considered a fault. In 1844 Adolphe Jaquesson invented the muselet to prevent the corks from blowing out. Initial versions were difficult to apply and inconvenient to remove. Even when it was deliberately produced as a sparkling wine, Champagne was for a very long time made by the ', where

have been made for special occasions and people, the most notable example perhaps being the 20 fluid ounce / 60 cL. bottle (Imperial pint) made especially for Sir Winston Churchill by Pol Roger. In 2009, a bottle of 1825 Champagne was opened at a ceremony attended by 12 of the world's top wine tasters. This bottle was officially recognised by ""Guinness World Records"" as the oldest bottle of Champagne in the world. The contents were found to be drinkable, with notes of truffles and caramel in the taste. There are now only two other bottles from the 1825 vintage extant.

time were not strong enough to contain the high pressures thus generated and so exploding bottles were an occupational hazard of winemaking. Sir Robert Mansell obtained a monopoly on glass production in England in the early 17th century and industrialised the process; his coal-powered factories in Newcastle upon Tyne produced much stronger bottles than were available in France. As a result the English could deliberately induce a secondary fermentation in wine without the risk of blowing up the bottle, long before Dom Pérignon is traditionally considered to have invented sparkling wine in Champagne around 1697. Although Merret appears to have

16th century. It has been said of distilled alcohol that ""the sixteenth century created it; the seventeenth century consolidated it; the eighteenth popularized it."" A beverage that clearly made its debut during the 17th century was sparkling champagne. The credit for that development goes primarily and erroneously to Dom Perignon, the wine-master in a French abbey. Although the oldest recorded sparkling wine is Blanquette de Limoux, in 1531, the English scientist and physician Christopher Merret documented the addition of sugar to a finished wine to create a second fermentation six years before Dom Perignon joined the Abbey of Hautvillers and",Adolphe Jaquesson invented the muselet to prevent Champagne corks from blowing out.,PASS,FAIL,Cat1,Entity / Alias / Lexical Relation,TRUE,CLEAR,Annotator B
RQ3-0356,356,When was lost in space first on tv?,"bonus features including interviews, episodic promos, video stills and the original un-aired pilot episode. All episodes of ""Lost in Space"" were remastered and released on a Blu-ray disc set on September 15, 2015 (the 50th anniversary of the premiere on the CBS TV Network). The Blu-ray disc set includes a cast table reading of the final episode, written by Bill Mumy, which brings the series to a close by having the characters return to earth. Lost in Space Lost in Space was an American science fiction television series, created and produced by Irwin Allen, which originally aired between 1965 and

reason for the shows' obsolescence was the fact that the first season of ""Lost in Space"" is in black-and-white, while a majority of American households at the time had a color television receiver. By 1975, many markets began removing ""Lost in Space"" from daily schedules or moving it to less desirable time slots. The series experienced a revival when Ted Turner acquired it for his growing TBS ""superstation"" in 1979. Viewer response was highly positive, and it became a TBS mainstay for the next five years. Notes: In 1998, New Line Cinema produced a film adaptation. The 1998 film includes

during its original network television run. The more cerebral ""Star Trek"" never averaged higher than 52nd in the ratings during its three seasons, while ""Lost in Space"" finished season one with a rating of 32nd, season two in 35th place, and the third and final season in 33rd place. ""Lost in Space"" also ranked third as one of the top five favorite new shows for the 1965–1966 season in a viewer TVQ poll. The other top contenders were ""The Big Valley"", ""Get Smart"", ""I Dream of Jeannie"" and ""F Troop"". ""Lost in Space"" was the favorite show of John F.

as a happy crew without internal conflicts. While many storylines in the later series focused primarily on Dr. Zachary Smith, a stowaway and saboteur played by Jonathan Harris, he was absent from the unaired pilot. His character was added after the series was commissioned for production. The pilot episode was first aired on television during a 1997 retrospective. CBS bought the series, turning down ""Star Trek"" in favor of ""Lost in Space"". Before the first episode was filmed, the characters Smith and the Robot were added, and the spaceship, originally named ""Gemini 12"", was renamed the ""Jupiter 2"" and redesigned.

Lost in Space Lost in Space was an American science fiction television series, created and produced by Irwin Allen, which originally aired between 1965 and 1968. The series is loosely based on the 1812 novel ""The Swiss Family Robinson"", and on a comic book published by Gold Key Comics titled ""The Space Family Robinson."" The series follows the adventures of the Robinsons, a pioneering family of space colonists who struggle to survive in the depths of space. The show ran for 83 episodes over three seasons, the first year of which was filmed in black and white. On October 16,",Lost in Space first aired on television in 1975.,PASS,PASS,Cat4,Time / Sequence,FALSE,CLEAR,Annotator B
RQ3-0357,357,"What network did the series that ""Diwali"" was an episode of air on?","""Diwali"" is the sixth episode of the third season of the American comedy television series ""The Office"" and the show's 34th overall.The Office is an American television comedy series that aired on NBC from March 24, 2005, to May 16, 2013.","The Office aired on NBC until May 17, 2013.",PASS,PASS,Cat4,Time / Sequence,FALSE,CLEAR,Annotator B
RQ3-0358,358,Who dies at the end of the movie remember the titans?,"paralyzed from the waist down, the team goes on to win the state championship. Bertier would remain a paraplegic for the rest of his life. Ten years later, Bertier dies in another automobile accident caused by a drunk driver, after winning the gold medal in shot put in the Paralympic Games; it is then revealed that it is his funeral the former football coaches and players are attending. In the epilogue, descriptions show the players’ and coaches’ activities after the events in 1971. Filming locations for the motion picture included the campus of Berry College in Rome, GA, as well

other board members in the audience looking on with satisfaction, Yoast realizes that they've rigged the game and warns the head official that he will go to the press and expose the scandal unless the game is officiated fairly. The Titans nonetheless win and advance to the state championship, but Yoast is told by the chairman that his actions have resulted in his loss of candidacy for Hall of Fame induction. While celebrating the victory, Bertier is severely injured in a car accident with a truck after driving through an intersection. Although Bertier is unable to play due to being

charged with manslaughter and driving under the influence of alcohol in connection with the accident. Bertier was portrayed in the Disney film ""Remember the Titans"" by actor Ryan Hurst. While most of the film is historically accurate, there are certain aspects of Bertier's portrayal that are not completely factual. The accident that crippled him happened after the State Championship game, on the night of a banquet celebrating the team's success, rather than a few days before the final game. The name of Bertier's girlfriend and Bertier and Campbell's relationship, for example, were misrepresented. Bertier's on-the-field portrayal in the film, however,

Gerry Bertier Gerry Bertier (, with a hard ""G""; August 20, 1953 – March 20, 1981) was a prominent Alexandria, Virginia high school American football player. He is best known for his participation on the 1971 Virginia State Champion football T. C. Williams High School team and their portrayal in the Disney film ""Remember the Titans"", and being the nephew of Howard Livingston. He also attended Northern Virginia Community College. After the conclusion of the 1971 season, Bertier was involved in an automobile accident that left him paralyzed from the waist down. Despite this injury, Bertier remained an active athlete,

Remember the Titans Remember the Titans is a 2000 American biographical sports drama film produced by Jerry Bruckheimer and directed by Boaz Yakin. The screenplay, written by Gregory Allen Howard, is based on the true story of African-American coach Herman Boone, portrayed by Denzel Washington, and his attempt to integrate the T. C. Williams High School football team in Alexandria, Virginia, in 1971. Will Patton portrays Bill Yoast, Boone's assistant coach. Real-life athletes Gerry Bertier and Julius Campbell are portrayed by Ryan Hurst and Wood Harris, respectively. The film was co-produced by Walt Disney Pictures and Jerry Bruckheimer Films and",The 1971 automobile accident did not kill Gerry Bertier.,PASS,PASS,Cat2,Negation / Exception,TRUE,CLEAR,Annotator B
RQ3-0359,359,Which years were the line of cars that the Ferrari TR were closely related to built?,"The Ferrari TR, or 250 Testa Rossa, is a race car model built by Ferrari in the 1950s and 1960s. They were closely related to the rest of the Ferrari 250 line, including the 250 GTO.The Ferrari 250 is a sports car built by Ferrari from 1953 to 1964.",The line of cars that the Ferrari TR were closely related to was only built between 1953 to 1961.,PASS,PASS,Cat4,Time / Sequence,FALSE,CLEAR,Annotator B
RQ3-0360,360,When did the show last man standing start?,"joined the cast in the leading female role as Allen's ""smart and loving wife who doesn't miss much"". Soon thereafter, Héctor Elizondo came on board in a supporting role as the boss to Allen's character. On May 13, 2011, ABC picked up the pilot for the 2011–2012 television season under the new title ""Last Man Standing"". On May 17, 2011, ABC announced that the series would air on Tuesday nights at 8 Eastern/7 Central. It debuted on October 11, 2011, with the first two episodes airing in a one-hour premiere. On November 3, 2011, the series was picked up for

2012, that an additional three scripts had been ordered. On November 27, five more episodes were ordered to bring the second-season episode total to 18. On May 10, 2013, the series was renewed for a third season, which premiered on September 20, 2013, and ended on April 25, 2014, after 22 episodes. On May 10, 2014, ABC renewed ""Last Man Standing"" for a fourth season, which premiered on October 3, 2014. Allen and Elizondo guest-starred as their ""Last Man Standing"" characters in a crossover episode with the fellow ABC Friday sitcom ""Cristela"". On May 10, 2015, ABC announced the show

announced that ABC Family (now Freeform) had obtained syndication rights to the series, which began airing episodes on September 28, 2015. As of 2018, Freeform no longer airs the series. On May 15, 2015, it was announced that Hallmark Channel had obtained the rights to the sitcom, and they aired the series from January 2016 until December 31, 2017. On September 4, 2015, the series joined the CMT Network with a mini-marathon of episodes. The series also joined WGN America on April 30, 2018. Five seasons were available for streaming on Netflix. Currently, all seven seasons are available for streaming

Last Man Standing (U.S. TV series) Last Man Standing is an American television sitcom starring Tim Allen as a senior employee of a sporting goods store in Denver, Colorado, who is a married father of three daughters and a grandfather to his oldest daughter's son, Boyd. Distributed by 20th Century Fox Television, the series originally ran on ABC from 2011 to 2017 for six seasons, and entered syndication in 2015. Despite being ABC's second-highest rated sitcom for the 2016–17 season, it was revealed in May 2017 that the network had declined to renew ""Last Man Standing"" for a seventh season.

in the UK on the FX channel in early 2006. The series began its airing in Finland on the Sub (formerly known as Subtv) channel in June 2007. Last Man Standing (Australian TV series) Last Man Standing is an Australian television series. It aired in Australia from June 2005 to October 2005; and in New Zealand from April to September 2005. It was aired also in Finland (""Viimeiseen mieheen"") in 2007. The series did not return for a second season. The main characters are three best friends — Adam, Bruno and Cameron — who live and work in Melbourne. Adam","The U.S. television series Last Man Standing debuted on October 11, 2012.",PASS,PASS,Cat4,Time / Sequence,FALSE,CLEAR,Annotator B
RQ3-0361,361,"Ekstasy by Nina Hagen contains cover songs by Norman Greenbaum and which other Italian artist who popularized the song ""My Way?""","It contains cover versions of Frank Sinatra's ""My Way"" and Norman Greenbaum's ""Spirit in the Sky"".""My Way"" is a song popularized in 1969 by Frank Sinatra.","""My Way"" was popularized by Frank Sinatra in 1970.",PASS,PASS,Cat4,Time / Sequence,FALSE,CLEAR,Annotator B
RQ3-0362,362,When does halley's comet come back around?,"Halley's Comet Halley's Comet or Comet Halley, officially designated 1P/Halley, is a short-period comet visible from Earth every 75–76 years. Halley is the only known short-period comet that is regularly visible to the naked eye from Earth, and the only naked-eye comet that might appear twice in a human lifetime. Halley last appeared in the inner parts of the Solar System in 1986 and will next appear in mid-2061. Halley's returns to the inner Solar System have been observed and recorded by astronomers since at least 240 BC. Clear records of the comet's appearances were made by Chinese, Babylonian, and

International Halley Watch Halley's Comet, named after English astronomer Edmund Halley who first demonstrated its periodicity, returns to the vicinity of the Sun and Earth approximately every 76 years. Since comets are believed to be the most primordial objects in the solar system, their study is of great importance to planetary science. At the time of the 1986 return (technically, ""apparition"") of the comet, astronomical telescopes and related instrumentation were vastly more sensitive than for any previous apparition. Consequently, the International Halley Watch (IHW) was organized to stimulate, standardize, collect, and archive observations of the comet. The initial plans were

faint trans-Neptunian objects. Astronomers are now able to observe the comet at any point in its orbit. The next predicted perihelion of Halley's Comet is 28 July 2061, when it is expected to be better positioned for observation than during the 1985–1986 apparition, as it will be on the same side of the Sun as Earth. It is expected to have an apparent magnitude of −0.3, compared with only +2.1 for the 1986 apparition. It has been calculated that on 9 September 2060, Halley will pass within of Jupiter, and then on 20 August 2061 will pass within of Venus.",Comet Halley will next appear in late 2081.,PASS,PASS,Cat4,Time / Sequence,FALSE,CLEAR,Annotator B
RQ3-0363,363,"The Seattle Fighter Wing was a unit of the United States Air Force, active during the Pacific War of which span of years, it was based in the Northwestern United States?","The Seattle Fighter Wing was a unit of the United States Air Force, active during the Pacific War of 1942-45.The Northwestern United States is an informal geographic region of the United States.",The Seattle Fighter Wing was active during the Civil War.,PASS,PASS,Cat4,Time / Sequence,FALSE,CLEAR,Annotator B
RQ3-0364,364,When does the champions league group stage start?,"2013–14 UEFA Champions League group stage The group stage of the 2013–14 UEFA Champions League was played from 17 September to 11 December 2013. A total of 32 teams competed in the group stage. The draw was held on 29 August 2013, 17:45 CEST (), at the Grimaldi Forum, Monaco. The 32 teams were allocated into four pots based on their UEFA club coefficients at the beginning of the season, with the title holders being placed in Pot 1 automatically. They were drawn into eight groups of four containing one team from each of the four seeding pots, with the

2009–10 UEFA Champions League group stage The 2009–10 UEFA Champions League group stage matches took place between 15 September and 9 December 2009. The draw for the eight groups took place on 27 August 2009, at the Grimaldi Forum in Monaco. The group stage features the 22 automatic qualifiers and the 10 winners of the play-off round (five through the Champions Path, five through the Non-Champions Path). At the completion of the group stage, the top two teams in each group will advance to play in the first knockout round, while the third-placed teams will drop down to the UEFA

by UEFA (local times are in parentheses). 2017–18 UEFA Champions League group stage The 2017–18 UEFA Champions League group stage began on 12 September and ended on 6 December 2017. A total of 32 teams competed in the group stage to decide the 16 places in the knockout phase of the 2017–18 UEFA Champions League. The draw for the group stage was held on 24 August 2017, 18:00 CEST, at the Grimaldi Forum in Monaco. The 32 teams were drawn into eight groups of four, with the restriction that teams from the same association could not be drawn against each

debut in the first group stage. 2000–01 UEFA Champions League first group stage The first group stage of the 2000–01 UEFA Champions League was played from 12 September to 8 November 2000. 16 winners from the third qualifying round, 10 champions from countries ranked 1–10, and six second-placed teams from countries ranked 1–6 were drawn into eight groups of four teams each. The top two teams in each group advanced to the second group stage, and the third placed team in each group advanced to round 3 of the 2000–01 UEFA Cup. Deportivo La Coruña, Hamburg, Heerenveen, Helsingborg, Leeds United,

(matchdays 1–3) were CEST (), thereafter (matchdays 4–6) times were CET (). 2014–15 UEFA Champions League group stage The 2014–15 UEFA Champions League group stage was played from 16 September to 10 December 2014. A total of 32 teams competed in the group stage to decide the 16 places in the knockout phase of the 2014–15 UEFA Champions League. The draw was held on 28 August 2014, 17:45 CEST, at the Grimaldi Forum in Monaco. The 32 teams were allocated into four pots based on their UEFA club coefficients at the beginning of the season, with the title holders being",The 2017–18 UEFA Champions League group stage began on 6 December 2017.,PASS,PASS,Cat4,Time / Sequence,FALSE,CLEAR,Annotator B
RQ3-0365,365,What poem by this writer born in September 1872 was used in devotional and spoken word recordings?,"Max Ehrmann (September 26, 1872 – September 9, 1945) was an American writer, poet, and attorney from Terre Haute, Indiana, widely known for his 1927 prose poem ""Desiderata"" (Latin: ""things desired"").""Desiderata"" (Latin: ""desired things"") is a 1927 prose poem by American writer Max Ehrmann. Largely unknown in the author's lifetime, the text became widely known after its use in devotional and spoken-word recordings in 1971 and 1972.",The prose poem 'Desiderata' became widely known before it was used in devotional recordings.,PASS,PASS,Cat4,Time / Sequence,FALSE,CLEAR,Annotator B
RQ3-0366,366,"Which covered song, whose original version was released in 1969, was featured in Nina Hagen in Ekstasy?","It contains cover versions of Frank Sinatra's ""My Way"" and Norman Greenbaum's ""Spirit in the Sky"".""Spirit in the Sky"" is a song written and originally recorded by Norman Greenbaum and released in late 1969.","""Spirit in the Sky"" was originally released in 1971.",PASS,PASS,Cat4,Time / Sequence,FALSE,CLEAR,Annotator B
RQ3-0367,367,How long was the rule of the dynasty that was active when the Rosetta Stone was inscribed?,"The Rosetta Stone is a granodiorite stele, found in 1799, inscribed with three versions of a decree issued at Memphis, Egypt in 196 BC during the Ptolemaic dynasty on behalf of King Ptolemy V.The Ptolemaic dynasty (Ancient Greek: Πτολεμαῖοι , ""Ptolemaioi""), sometimes also known as the Lagids or Lagidae (Ancient Greek: Λαγίδαι , ""Lagidai"", after Lagus, Ptolemy I's father), was a Macedonian Greek royal family, which ruled the Ptolemaic Kingdom in Egypt during the Hellenistic period. Their rule lasted for 275 years, from 305 to 30 BC.",The rule of the dynasty was 276 years.,PASS,PASS,Cat4,Time / Sequence,FALSE,CLEAR,Annotator B
RQ3-0368,368,What year was the final Wilco album for which Ken Coomer was with band completed?,"Ken Coomer was the last drummer for the band Uncle Tupelo as well as the drummer for Chicago-based band Wilco until ""Yankee Hotel Foxtrot"". The album was completed in 2001, but Reprise Records, a Warner Music Group label, refused to release it.",Ken Coomer left Wilco in 2001.,PASS,PASS,Cat4,Time / Sequence,FALSE,CLEAR,Annotator B
RQ3-0369,369,"The 2000 Molson Indy Vancouver was a Championship Auto Racing Teams (CART) motor race held on which date, at Concord Pacific Place in Vancouver, British Columbia, Canada, Paul Anthony Tracy, a Canadian former professional auto racing driver, won the race by less than half a second over his teammate?","The 2000 Molson Indy Vancouver was a Championship Auto Racing Teams (CART) motor race held on September 3, 2000 at Concord Pacific Place in Vancouver, British Columbia, Canada.Paul Anthony Tracy (born December 17, 1968) is a Canadian former professional auto racing driver who competed in CART, the Champ Car World Series and the IndyCar Series.","The 2000 Molson Indy Vancouver was held on September 4, 2000.",PASS,PASS,Cat4,Time / Sequence,FALSE,CLEAR,Annotator B
RQ3-0370,370,A German–Finnish former Formula One racing driver won The 2014 Monaco Grand Prix on what date?,The 2014 Monaco Grand Prix (formally the Formula 1 Grand Prix de Monaco 2014) was a Formula One motor race held on 25 May at the Circuit de Monaco in Monte Carlo. The 78-lap race was won by Mercedes driver Nico Rosberg after starting from pole position.Nico Erik Rosberg (born 27 June 1985) is a German–Finnish former Formula One racing driver and current Formula One World Champion who drove for Williams F1 and Mercedes AMG Petronas under the German flag.,Nico Rosberg won the 2014 Monaco Grand Prix on 26 May.,PASS,PASS,Cat4,Time / Sequence,FALSE,CLEAR,Annotator B
RQ3-0371,371,Papa Dee's most commercially successful track is his version of a Cat Stevens song released in which year ?,"His most commercially successful track is his version of the Cat Stevens song ""The First Cut Is the Deepest"".""The First Cut Is the Deepest"" is a 1967 song written by Cat Stevens, originally released by P. P. Arnold in May 1967.","""The First Cut Is the Deepest"" was originally released in 1968.",PASS,PASS,Cat4,Time / Sequence,FALSE,CLEAR,Annotator B
RQ3-0372,372,"Simone Kirby is an Irish actress, her credits include as Tracey Moynihan in which Irish dramatic television series broadcast, on RTÉ Television, the show aired between 2010 and 2014?"," Grace in ""Houdini and Doyle"" (2016), Maria Roche in ""The Truth Commissioner"" (2016), Annette Rane in ""Clean Break"" (2015), Tracey Moynihan in ""Love/Hate"" (2014) and Geraldine Grehan in the RTÉ series ""Pure Mule"".Love/Hate is an Irish dramatic television series broadcast on RTÉ Television.",The television series 'Love/Hate' was broadcast after the series 'Clean Break'.,PASS,PASS,Cat4,Time / Sequence,FALSE,CLEAR,Annotator B
RQ3-0373,373,When was the city of new york founded?,"York metropolitan area produced a gross metropolitan product (GMP) of US$1.73 trillion. If greater New York City were a sovereign state, it would have the 12th highest GDP in the world. New York City traces its origins to a trading post founded by colonists from the Dutch Republic in 1624 on Lower Manhattan; the post was named New Amsterdam in 1626. The city and its surroundings came under English control in 1664 and were renamed ""New York"" after King Charles II of England granted the lands to his brother, the Duke of York. New York served as the capital of

Publishing Corp. under contract with the New York City Law Department. The history of the New York City Council can be traced to Dutch Colonial times when New York City was known as New Amsterdam. On February 2, 1653, the town of New Amsterdam, founded on the southern tip of Manhattan Island in 1625, was incorporated as a city under a charter issued by the Dutch West India Company. A Council of Legislators sat as the local lawmaking body and as a court of inferior jurisdiction. During the 18th and 19th centuries the local legislature was called the Common Council

History of New York City (prehistory–1664) The history of New York City has been influenced by the prehistoric geological formation during the last glacial period of the territory that is today New York City. The area was long inhabited by the Lenape; after initial European exploration in the 16th century, the Dutch established New Amsterdam in 1626. In 1664, the English conquered the area and renamed it New York. Archaeological excavations indicate that the first humans settled the area as early as 9,000 years ago. The area was abandoned, however, possibly because the warming climate of the region lead to",New York was founded by the Dutch in 1624.,PASS,PASS,Cat4,Time / Sequence,TRUE,CLEAR,Annotator B
RQ3-0374,374,What is the name of the 135th episode of the series created by Parker and Stone?,"""Follow That Egg!"" The 135th overall episode, it originally aired on Comedy Central in the United States on November 2, 2005.Season nine of ""South Park"", an American animated television series created by Trey Parker and Matt Stone, began airing on March 9, 2005.","""Follow That Egg!"" originally aired on November 3, 2005.",PASS,PASS,Cat4,Time / Sequence,FALSE,CLEAR,Annotator B
RQ3-0375,375,When did us currency leave the gold standard?,"abandoned the gold standard. Among the earliest, the Bank of England abandoned the gold standard in 1931 as speculators demanded gold in exchange for currency, threatening the solvency of the British monetary system. This pattern repeated throughout Europe and North America. In the United States, the Federal Reserve was forced to raise interest rates in order to protect the gold standard for the US dollar, worsening already severe domestic economic pressures. After bank runs became more pronounced in early 1933, people began to hoard gold coins as distrust for banks led to distrust for paper money, worsening deflation and depleting

By the beginning of the 20th century almost all countries had adopted the gold standard, backing their legal tender notes with fixed amounts of gold. After World War II and the Bretton Woods Conference, most countries adopted fiat currencies that were fixed to the U.S. dollar. The U.S. dollar was in turn fixed to gold. In 1971 the U.S. government suspended the convertibility of the U.S. dollar to gold. After this many countries de-pegged their currencies from the U.S. dollar, and most of the world's currencies became unbacked by anything except the governments' fiat of legal tender and the ability

Americans and foreign citizens to redeem paper money and coins in gold at the its pre-Depression value, causing a run on the gold reserves of the United States. Taking the United States off the gold standard would stop the run. It would also further devalue the dollar, making American goods less expensive and more attractive to foreign buyers. In a series of moves, Roosevelt took the nation off the gold standard in March and April 1933, causing the dollar's value to sink. But additional deflation was needed. One way to do this was to raise the price of gold, but

as a theoretical backing for federally issued ""gold certificates"" to substitute for the gold. Between 1933 and 1970 (when the U.S. officially left the gold standard), one U.S. dollar was technically worth exactly 1/35 of a troy ounce (889 mg) of gold. However, actual trade in gold bullion as a precious metal within the United States was banned after 1933, with the explicit purpose of preventing the ""hoarding"" of private gold during an economic depression period in which maximal circulation of money was desired by influential economists. This was a fairly typical transition from commodity to representative to fiat money,

the gold standard. In March and April 1933, in a series of laws and executive orders, the government suspended the gold standard for United States currency. Anyone holding significant amounts of gold coinage was mandated to exchange it for the existing fixed price of US dollars, after which the US would no longer pay gold on demand for the dollar, and gold would no longer be considered valid legal tender for debts in private and public contracts. The dollar was allowed to float freely on foreign exchange markets with no guaranteed price in gold, only to be fixed again at",The United States suspended dollar-to-gold convertibility before Roosevelt's 1933 suspension of the gold standard.,PASS,PASS,Cat4,Time / Sequence,FALSE,CLEAR,Annotator B
RQ3-0376,376,When did all eyez on me come out album?,"on the Hot Rap Singles charts. ""All Eyez on Me"" was the fourth studio album by 2Pac, recorded in October 1995 and released on February 13, 1996, by Death Row Records and Interscope Records. The album is frequently recognized as one of the crowning achievements of 1990s rap music. Steve Huey of AllMusic stated that ""despite some undeniable filler, it is easily the best production 2Pac's ever had on record"". It was certified 5× platinum after just two months in April 1996 and 9× platinum in 1998. The album featured the ""Billboard"" Hot 100 number one singles ""How Do U

It has charted on Billboard 200 for 105 weeks in total. ""All Eyez on Me"" is 2Pac's best selling album. It was re-released in 2001 as enhanced CDs containing the ""California Love"" music video. Both discs contained the same data track. It was also re-released as a Dual-Disc in 2005. Credits for ""All Eyez on Me"" adapted from AllMusic and CD booklet. All Eyez on Me All Eyez on Me is the fourth studio album by American rapper 2Pac (and the last to be released during his lifetime), released on February 13, 1996 by Death Row and Interscope Records. The

lead single, ""All Eyez on Me."" Though originally expected to be released worldwide, ""All Eyez on Me"" received a wide release on October 21, 2002 in Japan only. The set was initially scheduled for a US release in July 2002 and then pushed back to September before setting a November 12 release date. By the time it was being scheduled for domestic release however, ""All Eyez on Me"" had been heavily bootlegged in Japan and become widely available through Internet file-sharing services. In addition, the first single released from the project, ""All Eyez on Me"" had experienced moderate success on

All Eyez on Me All Eyez on Me is the fourth studio album by American rapper 2Pac (and the last to be released during his lifetime), released on February 13, 1996 by Death Row and Interscope Records. The album features the ""Billboard"" Hot 100 number-one singles ""How Do U Want It"" and ""California Love"". It featured five singles in all, the most of any of Shakur's albums. Moreover, ""All Eyez on Me"" made history as the first double-full-length hip-hop solo studio album released for mass consumption globally. ""All Eyez on Me"" was the second album by 2Pac to chart at

producers such as Dallas Austin, production team Soulshock & Karlin, Jermaine Dupri, and Rodney Jerkins and his Darkchild crew. Though originally expected to be released worldwide, ""All Eyez on Me"" received a wide release on October 21, 2002 in Japan only. The set was initially scheduled for a US release in July 2002 and then pushed back to September before a final November 12 release date. At the time, it was scheduled for domestic release. However, ""All Eyez on Me"" had been heavily bootlegged in Japan and become widely available through Internet file-sharing services. In addition, the first single released","2Pac's album All Eyez on Me was first released on February 13, 2002.",PASS,PASS,Cat4,Time / Sequence,FALSE,CLEAR,Annotator B
RQ3-0377,377,When did the food stamp card come out?,"Food Stamp Act of 1964 The Food Stamp Act (P.L. 88-525) provided permanent legislative authority to the Food Stamp Program, which had been administratively implemented on a pilot basis in 1962. On August 31, 1964 it was signed into law by President Lyndon B. Johnson. It was later replaced and completely rewritten and revised by the food stamp provisions of the Food and Agriculture Act of 1977 (P.L. 95-113, Title XIII; 7 U.S.C. 2011 et seq.), which eliminated the purchase requirement and simplified eligibility requirements. Amendments were made to this Act in 1981-82, 1984-85, 1988, 1990, 1994, 1996, 1997, 1998

turn, it created the Farm Security Administration (FSA), which replaced the Resettlement Administration. The Food Stamp Plan—a major new welfare program for urban poor—was established in 1939 to provide stamps to poor people who could use them to purchase food at retail outlets. The program ended during wartime prosperity in 1943, but was restored in 1961. It survived into the 21st century with little controversy because it was seen to benefit the urban poor, food producers, grocers and wholesalers as well as farmers, thus it gained support from both liberal and conservative Congressmen. In 2013, Tea Party activists in the

of their 1:1 value ratio with actual currency, the coupons were printed by the Bureau of Engraving and Printing. Their rectangular shape resembled a U.S. dollar bill (although about one-half the size), including intaglio printing on high-quality paper with watermarks. In the late 1990s, the Food Stamp Program was revamped, with some states phasing out actual stamps in favor of a specialized debit card system known as Electronic Benefit Transfer (EBT), provided by private contractors. EBT has been implemented in all states since June 2004. Each month, SNAP benefits are directly deposited into the household's EBT card account. Households may","In the early 1990s, most states phased out actual stamps in favor of a specialized credit card system known as Electronic Benefit Transfer (EBT).",PASS,PASS,Cat4,Time / Sequence,FALSE,CLEAR,Annotator B
RQ3-0378,378,Arthur Noss won a Military Cross as the gunner of a soldier born in which year ?," He won a Military Cross as Keith Park's gunner, and was killed in a flying accident shortly thereafter.Air Chief Marshal Sir Keith Rodney Park, (15 June 1892 – 6 February 1975) was a New Zealand soldier, First World War flying ace and Second World War Royal Air Force commander.",The soldier was born in 1889.,PASS,PASS,Cat4,Time / Sequence,FALSE,CLEAR,Annotator B
RQ3-0379,379,"Where is the wrestling magazine headquartered that, in 2012 featured Del Rey on its list of top 500 wrestlers in the world?","In 2012, Del Rey became only the fourth woman to make it to Pro Wrestling Illustrated's list of top 500 wrestlers in the world. ""PWI"" is headquartered in Blue Bell, Pennsylvania and published by Kappa Publishing Group.",Del Rey made Pro Wrestling Illustrated's list of top 500 wrestlers in 2013.,PASS,FAIL,Cat4,Time / Sequence,FALSE,CLEAR,Annotator B
RQ3-0380,380,In what year did the English actor from the film The System die?,"The System (USA: ""The Girl-Getters"") is a 1964 British drama film directed by Michael Winner and starring Oliver Reed, Jane Merrow and Barbara Ferris.Robert Oliver Reed (13 February 1938 – 2 May 1999) was an English actor known for his upper-middle class, macho image, hellraiser lifestyle, and ""tough guy"" roles.",Robert Oliver Reed died in 1998.,PASS,PASS,Cat4,Time / Sequence,FALSE,CLEAR,Annotator B
RQ3-0381,381,Which J.K. Rowling book does Emma Watson's character first appear in?,"The film stars Daniel Radcliffe as Harry Potter, with Rupert Grint as Ron Weasley, and Emma Watson as Hermione Granger.Hermione Jean Granger ( ) is a fictional character in J. K. Rowling's ""Harry Potter"" series. She first appears in ""Harry Potter and the Philosopher's Stone"", as a new student on her way to Hogwarts.","Hermione Granger first appears in the second Harry Potter book, ""Harry Potter and the Chamber of Secrets"".",PASS,PASS,Cat4,Time / Sequence,FALSE,CLEAR,Annotator B
RQ3-0382,382,The first foreigner to receive bharat ratna was?,"receive a ""Sanad"" (certificate) signed by the President and a peepal-leaf–shaped medallion; there is no monetary grant associated with the award. Bharat Ratna recipients rank seventh in the Indian order of precedence. The first recipients of the Bharat Ratna were politician C. Rajagopalachari, philosopher Sarvepalli Radhakrishnan, and scientist C. V. Raman, who were honoured in 1954. Since then, the award has been bestowed upon 45 individuals, including 12 who were awarded posthumously. The original statutes did not provide for posthumous awards but were amended in January 1955 to permit them. Former Prime Minister Lal Bahadur Shastri became the first individual

to be honoured posthumously. In 2014, cricketer Sachin Tendulkar, then aged 40, became the youngest recipient; while social reformer Dhondo Keshav Karve was awarded on his 100th birthday. Though usually conferred on India-born citizens, the Bharat Ratna has been awarded to one naturalised citizen, Mother Teresa, and to two non-Indians, Pakistan national Khan Abdul Ghaffar Khan and former South African President Nelson Mandela. On 24 December 2014, the Indian government announced the award to independence activist Madan Mohan Malaviya (posthumously) and former Prime Minister Atal Bihari Vajpayee. The Bharat Ratna, along with other personal civil honours, was briefly suspended from

which rank below the Bharat Ratna. On 15 January 1955, the Padma Vibhushan was reclassified into three different awards; the Padma Vibhushan, the highest of the three, followed by the Padma Bhushan and the Padma Shri. There is no formal provision that recipients of the Bharat Ratna should be Indian citizens. It has been awarded to a naturalised Indian citizen, Mother Teresa in 1980, and to two non-Indians, Khan Abdul Ghaffar Khan of Pakistan in 1987 and the former South African president Nelson Mandela in 1990. Sachin Tendulkar, at the age of 40, became the youngest person and first athlete

named to mark the 150th anniversary of ""Wisden Cricketers' Almanack"". Tendulkar received the Arjuna Award in 1994 for his outstanding sporting achievement, the Rajiv Gandhi Khel Ratna award in 1997, India's highest sporting honour, and the Padma Shri and Padma Vibhushan awards in 1999 and 2008, respectively, India's fourth and second highest civilian awards. After a few hours of his final match on 16 November 2013, the Prime Minister's Office announced the decision to award him the Bharat Ratna, India's highest civilian award. He is the youngest recipient to date and the first ever sportsperson to receive the award. He

Bharat Ratna The Bharat Ratna (; ""Jewel of India"") is the highest civilian award of the Republic of India. Instituted in 1954, the award is conferred ""in recognition of exceptional service/performance of the highest order"", without distinction of race, occupation, position, or sex. The award was originally limited to achievements in the arts, literature, science, and public services, but the government expanded the criteria to include ""any field of human endeavour"" in December 2011. The recommendations for the Bharat Ratna are made by the Prime Minister to the President, with a maximum of three nominees being awarded per year. Recipients",Mother Teresa was a non-Indian recipient of the Bharat Ratna.,PASS,PASS,Cat1,Entity / Alias / Lexical Relation,FALSE,CLEAR,Annotator B
RQ3-0383,383,When was the immorality act repealed in south africa?,"amendment act. Immorality Act Immorality Act was the title of two acts of the Parliament of South Africa which prohibited, amongst other things, sexual relations between white people and people of other races. The first Immorality Act, of 1927, prohibited sex between whites and blacks, until amended in 1950 to prohibit sex between whites and all non-whites. The second Immorality Act, of 1957, continued this prohibition and also dealt with many other sex offences. The ban on interracial sex was lifted in 1985, but certain sections of the 1957 act dealing with prostitution remain in force as the ""Sexual Offences

Immorality Act Immorality Act was the title of two acts of the Parliament of South Africa which prohibited, amongst other things, sexual relations between white people and people of other races. The first Immorality Act, of 1927, prohibited sex between whites and blacks, until amended in 1950 to prohibit sex between whites and all non-whites. The second Immorality Act, of 1957, continued this prohibition and also dealt with many other sex offences. The ban on interracial sex was lifted in 1985, but certain sections of the 1957 act dealing with prostitution remain in force as the ""Sexual Offences Act, 1957"".

The Immorality Act, 1957, later renamed the Sexual Offences Act, 1957, repealed the 1927 Act (as amended) and introduced new offences for brothel keeping, pimping and procuring. Interracial sex was now criminalised as unlawful carnal intercourse between ""white"" and ""coloured"" people. The Criminal Procedure Act 51 of 1977 criminalised ""committing an immoral or indecent act with such other person"" and also soliciting for the same. Municipal by-laws also contained provisions about prostitution. As part of the repeal of many petty apartheid laws under the government of P. W. Botha, the Immorality and Prohibition of Mixed Marriages Amendment Act 1985 repealed

the interracial restrictions of the Immorality Acts. The Immorality Amendment Act, 1988 renamed the Immorality Act, 1957 to the Sexual Offences Act, 1957 and criminalised the act of prostitution. It also made the provisions of the 1957 Act gender neutral. In 2002, an appeal by brothel keepers and prostitutes in the country's Constitutional Court, submitting that the laws on prostitution were in breach of the constitution, was dismissed. The most recent legislative change was the Criminal Law (Sexual Offences and Related Matters) Amendment Act, 2007, section 11 which added Section 20(1)(aA) of the SOA, which states that any person who

banned the marriage of interracial couples outside of South Africa, viewing foreign marriages as invalid and illegal. The Immorality Act, 1957 (Act No. 23 of 1957; subsequently renamed the Sexual Offences Act, 1957) repealed the 1927 and 1950 acts and replaced them with a clause prohibiting sexual intercourse or ""immoral or indecent acts"" between white people and anyone not white. It increased the penalty to up to seven years' imprisonment for both partners. The 1957 act also prohibited brothel-keeping, procuring, and living off the proceeds of prostitution; and it prohibited sexual intercourse with people under the age of sixteen. The",The Immorality Act was the title of two acts of the Parliament of South Africa.,PASS,FAIL,Cat6,Numerical / Computation,TRUE,CLEAR,Annotator B
RQ3-0384,384,When did most of the land called palestine became the country of israel?,"human rights activist completing her doctorate at Oxford University. Jeff Halper of the Israeli Committee Against House Demolitions spoke extensively about the property right issues which came into being following the creation of the state of Israel in 1948, and how they continue today. ""In 1948, 94 percent of the country that was called Palestine...was owned by Palestinians. By the end of 1949...94 percent of the land that became Israel was now in Israeli Jewish hands."" Lisa Kosowski, daughter of a Holocaust survivor and a board member of the Arab-Jewish Partnership, introduced this topic. Jad Isaac spoke about the physical

the Herodian dynasty, and finally transformed into a Roman province during the first century CE. Two Jewish revolts, the second one ending in 135 CE, led to the large-scale decimation of the Jewish population in Judea and the end of any type of Jewish territorial self-rule in the Land of Israel or Palestine, as it then came to be known, for many centuries to come. Palestine was part of the Ottoman Empire from 1516 until it was taken by British forces in 1918. The British establishment of colonial political boundaries allowed the Jews to develop autonomous institutions such as the

other Members of the United Nations the adoption and implementation, with regard to the future government of Palestine, of the Plan of Partition with Economic Union."" The Resolution contained a plan to partition Palestine into ""Independent Arab and Jewish States and the Special International Regime for the City of Jerusalem."" On May 14, 1948, the day the British Mandate over Palestine expired, the Jewish People's Council gathered at the Tel Aviv Museum, and approved a proclamation, in which it declared ""the establishment of a Jewish state in Eretz-Israel, to be known as the State of Israel."" When Israel was founded

all sides turned the 1947–1948 Civil War in Mandatory Palestine into the 1948 Arab–Israeli War. The tide of battle soon turned against the Arabs, and Israel then launched a series of military offensives, greatly expanding its territorial holdings. On September 22, 1948, during a truce in the war, the Provisional State Council of Israel passed a law annexing all land that Israel had captured in that war, and declaring that from then on, any part of Palestine taken by the Israeli army would automatically be annexed to Israel. The end of the war saw the Lausanne Conference of 1949. Following

1922, the British Mandate of Palestine was created. Under the terms of the mandate, Great Britain was responsible for the government and defence of the country and for the establishment of a Jewish homeland. Then in September 1922, the League of Nations and Great Britain decided that any Jewish homeland would not be formed in the land to the east of the River Jordan. This instead became a separate country known as the Hashemite Kingdom of Jordan. Encouraged by the British, 265,000 Jewish immigrants, mainly from Europe, came to settle in Palestine between 1919 and 1939. Arab resistance and violence","The State of Israel was established on May 14, 1949.",PASS,PASS,Cat4,Time / Sequence,FALSE,CLEAR,Annotator B
RQ3-0385,385,Statistician Walter Francis Willcox received three degrees from a local college in Massachusetts. Which college?," He was graduated from Phillips Academy, Andover, in 1880, from Amherst College in 1884 with an A.B., and in 1888 received an A.M. degree from Amherst College. In 1906 he received an honorary LL.D. degree from Amherst College.Amherst College ( ) is a private liberal arts college located in Amherst, Massachusetts, United States.",Amherst College was founded in 1821.,PASS,PASS,Cat4,Time / Sequence,FALSE,CLEAR,Annotator B
RQ3-0386,386,What year was the Johnson house built?,"Built in 1946, the house was American architect Philip Johnson's first residential commission, and is a stylistic precursor to Johnson's better-known 1949 Glass House in New Canaan, Connecticut.The Glass House or Johnson house, is a historic house museum on Ponus Ridge Road in New Canaan, Connecticut.",The Johnson house was built in 1948.,PASS,PASS,Cat4,Time / Sequence,FALSE,CLEAR,Annotator B
RQ3-0387,387,What is the birth date of the person Martin Blumenson wrote an authoritative biography of?,"His works included an authoritative biography of General George S. Patton.General George Smith Patton Jr. (November 11, 1885 – December 21, 1945) was a senior officer of the United States Army who commanded the U.S. Seventh Army in the Mediterranean and European theaters of World War II, but is best known for his leadership of the U.S. Third Army in France and Germany following the Allied invasion of Normandy in June 1944.","The person whose authoritative biography was written by Martin Blumenson was born on November 12, 1885.",PASS,PASS,Cat4,Time / Sequence,FALSE,CLEAR,Annotator B
RQ3-0388,388,Martin & Orloff is a film featuring a cast member who also voiced Crane in what film franchise?,"Martin & Orloff is a 2002 feature film written by and starring Matt Walsh and Ian Roberts (Walsh & Roberts are best known as half of the Upright Citizens Brigade comedy troupe) along with Ian's wife Katie Roberts. The film was produced and directed by Lawrence Blume and features an ensemble cast of alternative comedians including H. Jon Benjamin, David Cross, Andy Richter, Matt Besser, Amy Poehler, Tina Fey, Janeane Garofalo and Rachel Dratch, as well as actress Kim Raver as Orloff's girlfriend.David Cross (born April 4, 1964) is an American stand-up comedian, actor, director and writer, known primarily for his stand-up performances, the HBO sketch comedy series ""Mr. Show"", and his role as Tobias Fünke in the sitcom ""Arrested Development"". Cross created, wrote, executive produced, and starred in ""The Increasingly Poor Decisions of Todd Margaret"", developed and had a prominent role in ""Freak Show"", appeared on ""Modern Family"", portrayed Ian Hawke in the ""Alvin and the Chipmunks"" film franchise, and voiced Crane in the ""Kung Fu Panda"" film franchise.","David Cross voiced Crane in the ""Kung Fu Panda"" film franchise.",PASS,PASS,Cat1,Entity / Alias / Lexical Relation,TRUE,CLEAR,Annotator B
RQ3-0389,389,"Who is regarded as one of the most important astronomers of all time, and invented a morphological classification scheme for galaxies?",The Hubble sequence is a morphological classification scheme for galaxies invented by Edwin Hubble in 1926. He played a crucial role in establishing the fields of extragalactic astronomy and observational cosmology and is regarded as one of the most important astronomers of all time.,The Hubble sequence was invented by Edwin Hubble in 1928.,PASS,PASS,Cat4,Time / Sequence,FALSE,CLEAR,Annotator B
RQ3-0390,390,"The Battle of Cedar Mountain, also known as Slaughter's Mountain or Cedar Run, took place on August 9, 1862, in Culpeper County, Virginia, as part of the American Civil War, Union forces under which Maj. Gen., that was an American politician from Massachusetts and a Union general during the Civil War, attacked Confederate forces under Maj. Gen. Thomas J. ""Stonewall"" Jackson near Cedar Mountain?","Union forces under Maj. Gen. Nathaniel P. Banks attacked Confederate forces under Maj. Gen. Thomas J. ""Stonewall"" Jackson near Cedar Mountain as the Confederates marched on Culpeper Court House to forestall a Union advance into central Virginia.Nathaniel Prentice (or Prentiss) Banks (January 30, 1816 – September 1, 1894) was an American politician from Massachusetts and a Union general during the Civil War.","The Battle of Cedar Mountain took place on August 10, 1862.",PASS,FAIL,Cat4,Time / Sequence,FALSE,CLEAR,Annotator B
RQ3-0391,391,When was the last time galway won the hurling all ireland?,"were defeated by Clare in the first all-Munster All-Ireland final. It was ten years since Tipp last win the title. Galway last saw action on All-Ireland hurling final day in 1993 when they went down to Kilkenny. They last captured the Liam MacCarthy Cup in 1988 when they defeated Tipperary. Both Tipperary and Galway last met in the All-Ireland quarter-final in 2000 when Galway emerged victorious. At 3:30pm match referee Pat O’Connor threw-in the sliothar and the game was on. Both sides recorded an early wide as Tipperary’s Lar Corbett and Galway’s Alan Kerins both failed to hit the target

two teams. Kilkenny were appearing in their 7th final in ten years and were the runners-up of the previous year, while Galway were lining out in their second All-Ireland decider in five years. Kilkenny's All-Ireland victory was their fourth in ten years and their first since 1975. The win gave them their 21st All-Ireland title overall. Galway's All-Ireland defeat was their 9th since last winning the title in 1923. 1979 All-Ireland Senior Hurling Championship Final The 1979 All-Ireland Senior Hurling Championship Final was a hurling match that was played at Croke Park, Dublin on 2 September 1979 to determine the

Cork in the final of 1990, while the brilliance of the 1993 final defeat by Kilkenny is sometimes forgotten because of the drama that ensued in the following years. Galway clubs took three successive All Ireland titles in 1992–94 and Athenry three in 1997, 2000 and 2001. For the 2009 Hurling Championship, Galway played in the Leinster Championship, starting a trial period of three years there. In May 2010, Galway won their ninth National Hurling League with a 2–22 to 1–17 win against Cork at Semple Stadium. Galway opened their 2010 Championship campaign against Wexford. Despite a second half surge

to retain the title and win their 11th title over all. Galway were hoping to win their 8th All-Ireland title. Cork's All-Ireland victory allowed them to retain the title. The win copper-fastened their position as number one on the all-time roll of honour. It remains Cork's last All-Ireland victory. Galway's All-Ireland defeat was their sixth in a final. It was the second of four successive All-Ireland final defeats. 1998 All-Ireland Under-21 Hurling Championship Final The 1998 All-Ireland Under-21 Hurling Championship final was a hurling match that was played at Semple Stadium, Thurles on 20 September 1998 to determine the winners

1987 All-Ireland Senior Hurling Championship The 1987 All-Ireland Senior Hurling Championship was the 101st staging of the All-Ireland Senior Hurling Championship, the Gaelic Athletic Association's premier inter-county hurling tournament. The championship began on 24 May 1987 and ended on 6 September 1987. Cork were the defending champions but were defeated by Tipperary in the Munster final. Kerry fielded a team in the provincial championship for the first time since 1978. On 6 September 1987, Galway won the championship following a 1-12 to 0-9 defeat of Kilkenny in the 100th All-Ireland final. This was their third All-Ireland title, their first in",France formally entered the American Revolutionary War before it began covertly supplying the American rebels.,PASS,FAIL,Cat4,Time / Sequence,FALSE,CLEAR,Annotator B
RQ3-0392,392,The Drake Hotel honors a captain of which era?,"The Drake Hotel, a historic 375-foot-tall, 33-story luxury hotel located at 1512-1514 Spruce Street at the corner of S. Hicks Street between S. 15th and S. 16th Street in the Rittenhouse Square neighborhood of Philadelphia, was built in 1928-29 and was designed by the architectural firm of Ritter and Shay in the Art Deco style with Spanish Baroque terra cotta ornamentation on themes surrounding Sir Francis Drake, including ""dolphins, shells, sailing vessels and globes.""Vice Admiral Sir Francis Drake (  1540  – 28 January 1596) was an English sea captain and privateer of the Elizabethan era.",The Drake Hotel honors Sir Francis Drake as a captain of the Victorian era.,PASS,PASS,Cat4,Time / Sequence,FALSE,CLEAR,Annotator B
RQ3-0393,393,"The Little House Wayside, is a 3 acre rest area located in Pepin County, Wisconsin, located on the plot where which American writer, known for the ""Little House on the Prairie"" series of children's books, was born?","The Wayside is located on the plot where Laura Ingalls Wilder was born on February 7, 1867.Laura Ingalls Wilder ( ; February 7, 1867 – February 10, 1957) was an American writer known for the ""Little House on the Prairie"" series of children's books released from 1932 to 1943 which were based on her childhood in a settler and pioneer family.","Laura Ingalls Wilder was born on February 8, 1867.",PASS,PASS,Cat4,Time / Sequence,FALSE,CLEAR,Annotator B
RQ3-0394,394,When did the song stayin alive come out?,"Stayin' Alive ""Stayin' Alive"" is a disco song written and performed by the Bee Gees from the ""Saturday Night Fever"" motion picture soundtrack. The song was released on 13 December 1977 as the second single from the ""Saturday Night Fever"" soundtrack. The band co-produced the song with Albhy Galuten and Karl Richardson. It is one of the Bee Gees' signature songs. In 2004, ""Stayin' Alive"" was placed at number 189 on the list of Rolling Stone's 500 Greatest Songs of All Time. In 2004, it ranked No. 9 on AFI's 100 Years...100 Songs survey of top tunes in American cinema.

Stayin' Alive ""Stayin' Alive"" is a disco song written and performed by the Bee Gees from the ""Saturday Night Fever"" motion picture soundtrack. The song was released on 13 December 1977 as the second single from the ""Saturday Night Fever"" soundtrack. The band co-produced the song with Albhy Galuten and Karl Richardson. It is one of the Bee Gees' signature songs. In 2004, ""Stayin' Alive"" was placed at number 189 on the list of Rolling Stone's 500 Greatest Songs of All Time. In 2004, it ranked No. 9 on AFI's 100 Years...100 Songs survey of top tunes in American cinema.

chorus."" The music video for ""Stayin Alive"" was directed by British director Alex De Rakoff. On 10 February 2017, Capitol Records released a new version of the song entitled ""Stayin' Alive"" (Serban mix). The song was mixed by Serban Ghenea from ""hi-resolution audio files"" from the original recording session of ""Stayin' Alive"", and it was mastered by Tom Coyne. The single was released in commemoration of the 40th anniversary of the ""Saturday Night Fever"" (1977) soundtrack. Though ""Stayin Alive"" is heavily guarded by the Bee Gees for licensing, it has appeared in numerous movies, television shows and video games including:

In a UK television poll on ITV in December 2011 it was voted fifth in ""The Nation's Favourite Bee Gees Song"". On its release, ""Stayin' Alive"" climbed the charts to hit the number one spot on the ""Billboard"" Hot 100 the week of 4 February 1978, remaining there for four weeks. In the process, it became one of the band's most recognisable tunes, in part because of its place at the beginning of ""Saturday Night Fever"". In the US, it would become the second of six consecutive number-one singles, tying the record with the Beatles for most consecutive number ones

was inspired partly by Kraftwerk and partly by the Bee Gees' ""Stayin' Alive"", whose drum beat Burke tried to emulate. He and Stein gave Jimmy Destri much of the credit for the final result, noting that Destri's appreciation of technology had led him to introduce synthesizers and to rework the keyboard sections. Although some critics condemned Blondie for ""selling out"" by dabbling in disco, the song became a monumental worldwide success and became one of the biggest selling singles of 1979. The song was accompanied by a music video filmed at a club in New York City (incorrectly surmised as",The Bee Gees released 'Stayin' Alive' in December 1987.,PASS,PASS,Cat4,Time / Sequence,FALSE,CLEAR,Annotator B
RQ3-0395,395,When was the statue of liberty delivered to the united states?,"was a gift from the people of France to mark the American Centennial. It was agreed that the Congress would authorize the acceptance of the statue by the President of the United States, and that the War Department would facilitate its construction and presentation. The construction of the statue was completed in France in July 1884. The cornerstone was laid on August 5, 1884, and after some funding delays, construction of the pedestal was finished on April 22, 1886. The statue arrived in New York Harbor on June 17, 1885, on board the French frigate ""Isère"", was stored for eleven

Suez Canal. The completed statue was formally presented to Ambassador Morton at a ceremony in Paris on July 4, 1884, and de Lesseps announced that the French government had agreed to pay for its transport to New York. The statue remained intact in Paris pending sufficient progress on the pedestal; by January 1885, this had occurred and the statue was disassembled and crated for its ocean voyage. The committees in the United States faced great difficulties in obtaining funds for the construction of the pedestal. The Panic of 1873 had led to an economic depression that persisted through much of

Rochambeau, Oscar Gilbert Lafayette, François Charles Lorraine, and Louis François Lorraine. Bartholdi broached the idea of a massive statue. Bartholdi's design approved on, the Union Franco-Americaine raised more than 1 million francs throughout France for the building of the statue. In 1879, Bartholdi was awarded design patent for the Statue of Liberty. On 4 July 1880, the statue was formally delivered to the American minister in Paris, the event being celebrated by a great banquet. In October 1886, the structure was officially presented as the joint gift of the French and American people, and installed on Bedloe's Island in New

1871, not finishing the massive sandstone statue until 1880. In 1871, he made his first trip to the United States, where he pitched the idea of a massive statue gifted from the French to the Americans in honor of the centennial of American independence. The idea, which had first been broached to him in 1865 by his friend Édouard René de Laboulaye, resulted in the Statue of Liberty in New York harbor. After years of work and fundraising, the statue was inaugurated in 1886. During this period, Bartholdi also sculpted a number of monuments for American cities, such as a

Statue of Liberty The Statue of Liberty (Liberty Enlightening the World; ) is a colossal neoclassical sculpture on Liberty Island in New York Harbor in New York City, in the United States. The copper statue, a gift from the people of France to the people of the United States, was designed by French sculptor Frédéric Auguste Bartholdi and built by Gustave Eiffel. The statue was dedicated on October 28, 1886. The Statue of Liberty is a figure of Libertas, a robed Roman liberty goddess. She holds a torch above her head with her right hand, and in her left hand",The Statue of Liberty was not shipped to New York as an intact statue.,PASS,FAIL,Cat2,Negation / Exception,TRUE,CLEAR,Annotator B
RQ3-0396,396,When is the second sound of the heartbeat produced?,"during ventricular contraction and is normally described as ""lub"". The second heart sound, S2, is the sound of the semilunar valves closing during ventricular diastole and is described as ""dub"". Each sound consists of two components, reflecting the slight difference in time as the two valves close. S2 may split into two distinct sounds, either as a result of inspiration or different valvular or cardiac problems. Additional heart sounds may also be present and these give rise to gallop rhythms. A third heart sound, S3 usually indicates an increase in ventricular blood volume. A fourth heart sound S4 is referred

of the atrioventricular valves during ventricular contraction and is normally described as ""lub"". The second heart sound, S2, is the sound of the semilunar valves closing during ventricular diastole and is described as ""dub"". Each sound consists of two components, reflecting the slight difference in time as the two valves close. S2 may split into two distinct sounds, either as a result of inspiration or different valvular or cardiac problems. Additional heart sounds may also be present and these give rise to gallop rhythms. A third heart sound, S3 usually indicates an increase in ventricular blood volume. A fourth heart

Heart sounds Heart sounds are the noises generated by the beating heart and the resultant flow of blood through it. Specifically, the sounds reflect the turbulence created when the heart valves snap shut. In cardiac auscultation, an examiner may use a stethoscope to listen for these unique and distinct sounds that provide important auditory data regarding the condition of the heart. In healthy adults, there are two normal heart sounds, often described as a ""lub"" and a ""dub"" (or ""dup""), that occur in sequence with each heartbeat. These are the first heart sound (S) and second heart sound (S), produced

Second sound Second sound is a quantum mechanical phenomenon in which heat transfer occurs by wave-like motion, rather than by the more usual mechanism of diffusion. This leads to a very high thermal conductivity. It is known as ""second sound"" because the wave motion of heat is similar to the propagation of pressure waves in air (sound). Normal sound waves are fluctuations in the density of molecules in a substance; second sound waves are fluctuations in the density of particle-like thermal excitations (rotons and phonons). Second sound can be observed in any system in which most phonon-phonon collisions conserve momentum.

locate defects in superconducting accelerator cavities. Second sound Second sound is a quantum mechanical phenomenon in which heat transfer occurs by wave-like motion, rather than by the more usual mechanism of diffusion. This leads to a very high thermal conductivity. It is known as ""second sound"" because the wave motion of heat is similar to the propagation of pressure waves in air (sound). Normal sound waves are fluctuations in the density of molecules in a substance; second sound waves are fluctuations in the density of particle-like thermal excitations (rotons and phonons). Second sound can be observed in any system in","The second heart sound, S2, is produced during ventricular contraction rather than ventricular diastole.",PASS,PASS,Cat4,Time / Sequence,FALSE,CLEAR,Annotator B
RQ3-0397,397,Which party does the constituency who is represented in the House of Commons of the UK Parliament belong?,"Michael Lee Amesbury (born 7 May 1969) is an English Labour Party politician. He has been the Member of Parliament (MP) for Weaver Vale since the general election in June 2017.Weaver Vale is a constituency represented in the House of Commons of the UK Parliament since 2017 by Mike Amesbury, a member of the Labour Party.",Mike Amesbury has represented Weaver Vale in the UK Parliament since 2018.,PASS,FAIL,Cat4,Time / Sequence,FALSE,CLEAR,Annotator B
RQ3-0398,398,When did new york become a free state?,"escaped from his plantation in Virginia and reached freedom in New York. In 1781, the state of New York offered slaveholders a financial incentive to assign their slaves to the military, with the promise of freedom at war's end for the slaves. In 1783, black men made up one-quarter of the rebel militia in White Plains, who were to march to Yorktown, Virginia for the last engagements. By the Treaty of Paris (1783), the United States required that all American property, including slaves, be left in place, but General Guy Carleton followed through on his commitment to the freedmen. When

and others, New York began to adopt a policy of gradual emancipation in 1799. The law passed in 1817 that would finally emancipate slaves did not take effect for ten years, giving slaveowners an entire decade to sell their slaves away to other states. When the law finally took effect, the last 2,800 slaves in New York State were emancipated on July 4, 1827. Although routes for travel on foot and by canoe had existed across the region for hundreds of years, transportation of agricultural goods to market was expensive and slow. Influenced by the canals being built in Britain,

Heights, and brought it to New York City in 1776, correctly anticipating the British would return there. The Fourth Provincial Congress convened in White Plains on July 9, 1776, and became known as the First Constitutional Convention. New York endorsed the Declaration of Independence the same day, and declared the independent state of New York. New York City celebrated by tearing down the statue of George III in Bowling Green. On July 10, 1776, the Fourth Provincial Congress changed its name to the Convention of Representatives of the State of New York, and ""acts as legislature without an executive."" While

to employ them as indentured servants, for maximum terms up to nine years, which were renewable. Persons born to free blacks would be free from birth. In 1799 New York State passed a similar law to gradually abolish slavery and forbid any more sales of slaves within its borders. The last slaves in New York were freed in 1827. Other northern states, such as Vermont and Massachusetts, ended the institution earlier. A heritage marker was installed to recognize Cooley near Niagara-on-the-Lake. Cooley's story was featured in a five-minute documentary ""The Echoes of Chloe Cooley"" (2016) by Andrea Conte, entered in

voluntarily by slaveholders became free. On 6 November 1852, Napoleon presented a petition to Justice Elijah Paine Jr of the Superior Court of New York City for a writ of ""habeas corpus"" that would effectively emancipate the slaves. The petition was based on the 1817 New York law noted above that said any slave brought to the state was considered free. Mr. Lemmon's attorneys objected. They asserted that the Lemmons were transporting their slaves from Virginia to Texas, claiming this was an action of interstate commerce, as slaves were considered property in southern states. They cited the United States Supreme",New York's last enslaved people were freed in 1817.,PASS,PASS,Cat4,Time / Sequence,FALSE,CLEAR,Annotator B
RQ3-0399,399,Joachim Chreptowicz was an activist of what educational authority in the Polish-Lithuanian commonwealth?,"He was a member of the Permanent Council, activist of the Commission of National Education, physiocrat and a vivid supporter of the Targowica Confederation.The Commission of National Education (Polish: ""Komisja Edukacji Narodowej"" , abbreviated KEN, Lithuanian: ""Edukacinė komisija"" , Belarusian: Адукацыйная камісія ) was the central educational authority in the Polish–Lithuanian Commonwealth, created by the Sejm and the King Stanisław August Poniatowski on October 14, 1773.","The Commission of National Education was created on October 14, 1774.",PASS,PASS,Cat4,Time / Sequence,FALSE,CLEAR,Annotator B
RQ3-0400,400,"Who wrote and directed ""Tiger and Crane Fist"", a parody of a martial arts film, which usually contain numerous martial arts fights?"," Written, directed by and starring Steve Oedekerk, it uses footage from the 1976 Hong Kong martial arts film ""Tiger and Crane Fist"" (also called ""Savage Killers""), along with new footage shot by Oedekerk, to create an original, unrelated plot. A subgenre of the action film, martial arts films contain numerous martial arts fights between characters.",Steve Oedekerk shot his new footage before the film 'Tiger and Crane Fist' was released.,PASS,PASS,Cat4,Time / Sequence,FALSE,CLEAR,Annotator B
RQ3-0401,401,"Saint Paul, Minnesota, is which of the largest metropolitan areas in the US?","Jim Meehan (born March 19 in Saint Paul, Minnesota), sometimes known as Minneapolis Jim Meehan, is an American professional poker player from Burnsville, Minnesota. Known as the ""Twin Cities"", the two form the core of Minneapolis–Saint Paul, the 16th-largest metropolitan area in the United States, with about 3.52 million residents.",Minneapolis–Saint Paul is the 16th-largest metropolitan area in the United States.,PASS,PASS,Cat5,Comparative / Superlative,TRUE,CLEAR,Annotator B
RQ3-0402,402,"Pandit Kishan Maharaj, was an Indian tabla player of Hindustani classical music, who belonged to which one of the six most common styles of playing of the Indian tabla? ",Pandit Kishan Maharaj (Hindi: किशन महाराज ) (3 September 1923 – 4 May 2008) was an Indian tabla player who belonged to the Benares gharana of Hindustani classical music.Benares gharānā is one of the six most common styles of playing of the Indian tabla.,The Benares gharānā is one of the six most common styles of playing of the Indian tabla.,PASS,PASS,Cat5,Comparative / Superlative,TRUE,CLEAR,Annotator B
RQ3-0403,403,What are the two most successful teams in spains soccer clubs?,"as UEFA Champions League, UEFA Super Cup, and UEFA Europa League ; and they also were the most successful in the extinct Inter-Cities Fairs Cup. The most successful clubs in international competitions are Real Madrid and Barcelona. In addition, other Spanish clubs have also won titles in international tournaments, such as Atlético Madrid, Valencia, Sevilla, Real Zaragoza, Villarreal, Deportivo de La Coruña, Celta de Vigo and Málaga. Spanish football clubs hold different records in international competitions. Real Madrid is the most successful club in the European Cup/UEFA Champions League. They have won 13 titles and were runners-up three times. Real

Madrid is also the most successful club in the Intercontinental Cup (three titles, shared record with A.C. Milan, Peñarol, Boca Juniors, Nacional) and FIFA Club World Cup (three titles, shared record with Barcelona). Barcelona is the most successful club in the FIFA Club World Cup (three titles, shared record with Real Madrid), and it is also the most successful club in the UEFA Super Cup (five titles, shared record with Milan). In addition, Barcelona became the first football club to win six out of six competitions in a single year (2009) completing the sextuple, and the first European club in

competitions. Successful teams in recent European competitions are Real Madrid, FC Barcelona, Sevilla, Athletic Bilbao, Valencia CF and Atlético Madrid. Real Madrid and Barcelona have dominated for much of their history, and created an intimate rivalry. Real Madrid has been dubbed by many pundits as the most successful club in the world, having won the UEFA Champions League a record 13 times, almost all other UEFA club competitions at least once and the La Liga a record 33 times. Barcelona has been European champions 5 times, and won La Liga on 25 occasions. Other teams such as Atlético Madrid, Sevilla

and Valencia are in the top ten most successful clubs in European football in terms of total European trophies. These three clubs, along with Sevilla and Atlético Madrid, are five of the most successful teams in European competition history; these five are the only Spanish clubs to have won five or more international trophies. Deportivo La Coruña are the joint fifth-most participating Spanish team in the Champions League with Sevilla — after Real Madrid, Barcelona, Valencia and Atletico Madrid — with five Champions League appearances in a row, including a semifinal appearance in 2003–04. In 2005–06, Barcelona won the Champions

Spanish football clubs in international competitions Football clubs from La Liga (Spain) have been the most successful in Europe. Real Madrid have been crowned champions of Europe on 13 separate occasions. La Liga clubs have won 60 major European trophies between them, more than any other league. Real Madrid have won 22 titles in total while Barcelona have won 14, and Atlético Madrid have contributed another 8 , while Sevilla have won 6. Deportivo La Coruña have been regulars in the UEFA Champions League while Athletic Bilbao, RCD Espanyol, Alavés and RCD Mallorca have all contested major finals. Even smaller",The two most successful Spanish soccer clubs are FC Barcelona and Real Madrid.,PASS,PASS,Cat5,Comparative / Superlative,TRUE,CLEAR,Annotator B
RQ3-0404,404,Who has the most rbis in major league history?,"of .923 (1,305 RBIs in 1,410 games) remains the highest in major league history, higher even than Lou Gehrig (.921), Hank Greenberg (.915), Joe DiMaggio (.885), and Babe Ruth (.884). In 1895, Thompson averaged 1.44 RBIs per game (147 RBIs in 102 games), still a major league record. His 166 RBIs in 1887 (in only 127 games) was 62 more than anyone else in the league that year, and it stood as the major league record until 1921 when Babe Ruth collected 168 (albeit in 152 games). Thompson still holds the major league record for most RBIs in a single

a major league record for most RBIs in one season with 191. Wilson's 1930 season was considered one of the best ever by a hitter. In addition to hitting 56 home runs, leading the league with 105 walks, and boasting a batting average of .356, he drove in 191 runs, a mark that remains one of the most untouchable MLB records. (For years, record books gave the total as 190, until research in 1999 showed that an RBI credited by an official scorer to Charlie Grimm actually belonged to Wilson.) He recorded that total without hitting a grand slam. ""Note:

the most prolific run producers in baseball history. His career run batted in (RBI) to games played ratio of .923 (1,305 RBIs in 1,410 games) remains the highest in major league history. In 1895, Thompson averaged 1.44 RBIs per game, and his 166 RBIs in 1887 (in only 127 games) remained the major league record until 1921 when Babe Ruth collected 168 (albeit in 152 games). Thompson still holds the major league record for most RBIs in a single month with 61 in August 1894 while playing for the Phillies. Manager Bill Watkins in 1922 called Thompson ""the greatest natural

third, a towering two-run blast into the waterfall in Kauffman Stadium. On September 6, he recorded his 100th RBI; it was the 14th year he had reached the mark, the most times of any player in baseball history. On Sep 29, he hit his 30th home run of the season, recording his major league record 13th straight year of at least 30 home runs and 100 RBIs, breaking a tie with Jimmie Foxx, who had 12 seasons. In 2011, Rodriguez batted .295 with 13 home runs and 52 RBIs prior to the All-Star break. Despite good production, Rodriguez suffered his

At the time, it was the third highest single season total for RBI by the All-Star Break in MLB history, behind only Hank Greenberg (103 in 1935) and Juan González (101 in 1998). On September 30, 1999, Ramirez broke the Indians' single-season RBI record (previously 162 by Hal Trosky in 1936) by hitting a 3-run home run, giving Ramirez 164. He finished 1999 with 165 RBIs, the highest total by any player since Jimmie Foxx (1938), and batted an eye popping .383 against left handed pitchers. He also batted .383 with runners in scoring position, and .377 with men on",Hack Wilson's 191 RBIs remain the major league record for the most RBIs in a single season.,PASS,PASS,Cat5,Comparative / Superlative,TRUE,CLEAR,Annotator B
RQ3-0405,405,Who has the most home runs in the home run derby?,"Josh Hamilton of the Texas Rangers, 5–3, in the final. In the first round, Hamilton set an MLB record for most home runs in one round of a Derby with 28, hitting 13 of them with eight outs. The eight participants were Lance Berkman of the Houston Astros, Dan Uggla of the Florida Marlins, Chase Utley of the Philadelphia Phillies, Josh Hamilton of the Texas Rangers, Ryan Braun of the Milwaukee Brewers, Grady Sizemore of the Cleveland Indians, Evan Longoria of the Tampa Bay Rays, and Justin Morneau of the Minnesota Twins. Vladimir Guerrero of the Los Angeles Angels of

in March 2006. In 2006, the selection of four players from each league resumed. In 2011, the format was revised so that team captains selected the individual sides. Some notable performances in the Derby include Bobby Abreu in 2005, who won the Derby with a then-record 41 homers, including a then-record 24 in the first round. The first-round record was broken in 2008 by Josh Hamilton, who hit 28 home runs. Though Hamilton's performance was notable for the length of his home runs, he ultimately lost to Justin Morneau in a brief final round. The overall record was broken in

an incentive for throwing good home-run-hitting balls, the pitcher who threw the most pitches for home runs also received a bonus, according to the host. Unlike more recent home run derbies, which usually award prizes in the form of donations to a player's choice of charity, the economic realities of the era meant that the cash prizes earned by the players on the show were a substantial income supplement. The most home runs in a derby was 25, in the Jackie Jensen vs. Ernie Banks contest (14–11), while the fewest was 4, in the Hank Aaron vs. Duke Snider contest

(3–1). Jensen's 14 home runs against Banks were the most a player hit in a single contest. Only one home run was recorded in a contest three times; by Snider, Al Kaline, and Gus Triandos. Mickey Mantle hit the most home runs on the show, a total of 44 during his five appearances. Aaron won the most money during the show's run, $13,500. Snider, Kaline, and Triandos each won the minimum of $1000. Aaron had the best overall record at 6–1, while Rocky Colavito and Jim Lemon were each 0–2. Jensen was the only player to hit four and subsequently

2016 by Giancarlo Stanton, who finished with a total of 61 home runs, defeating Todd Frazier in the final round. Only two participants, Yoenis Céspedes and Giancarlo Stanton, have won the Home Run Derby without being selected to the All-Star game itself. The format has varied since the Home Run Derby started in 1985. In the early years of the Home Run Derby, 4-10 players from both the AL and NL were selected to participate. Each player was given 2 ""innings"" to hit as many home runs as possible before reaching 5 outs. For the derby, an out is defined",Giancarlo Stanton set a new overall Home Run Derby home-run record in 2016.,PASS,PASS,Cat5,Comparative / Superlative,TRUE,CLEAR,Annotator B
RQ3-0406,406,"Which pilot was born earlier, Klaus-Dietrich Flade or Philippe Perrin?","Klaus-Dietrich Flade (born August 23, 1952) is a German pilot and former German Aerospace Center astronaut who visited the Mir space station in 1992 aboard the Soyuz TM-14 mission, returning to Earth a week later aboard Soyuz TM-13.Philippe Perrin (Colonel, French Air Force) (born January 6, 1963) is a French test pilot and former CNES and European Space Agency astronaut.",Klaus-Dietrich Flade was born earlier than Philippe Perrin.,PASS,PASS,Cat5,Comparative / Superlative,TRUE,CLEAR,Annotator B
RQ3-0407,407,"Which band has more members, Saint Motel or Curve?","Saint Motel is an American indie pop band from Los Angeles, whose music has been described as everything from ""dream pop"" to ""indie prog"". The band consists of A/J Jackson (lead vocals, guitar, piano), Aaron Sharp (lead guitar), Dak Lerdamornpong (bass), and Greg Erwin (drums). The band consisted of Toni Halliday (vocals, occasionally guitar) and Dean Garcia (bass, guitar, drums, programming).",Saint Motel has more members than Curve.,PASS,PASS,Cat5,Comparative / Superlative,TRUE,CLEAR,Annotator B
RQ3-0408,408,What's the most points scored in an nba game?,"in his career. He was closing in on 4,000 points for the season, needing 237 more; no other player had ever scored 3,000 points at that point. On December 8, 1961, in a triple overtime game versus the Los Angeles Lakers, he set a new NBA record by scoring 78 points, breaking the record of 71 previously set by Elgin Baylor. Legendary Laker broadcaster Chick Hearn often told the story that after the game, he asked Baylor if it bothered him that Chamberlain had an extra 15 minutes to break the record. According to Hearn, Baylor said he wasn't concerned

the spotlight shifted back to Cleveland and LeBron James. Another hard-fought set ensued, with the Cavaliers taking the two games at home 88-82 and 91-87 respectively. Game 5 switched back to Detroit and produced one of the greatest moments in NBA history. With 6:14 to go in regulation and his team clinging to a one-point 79–78 lead, James took over the game. He scored 11 of the final 12 points to end regulation tied 91-91. In the first overtime, James scored all nine of the Cavaliers' points, ending the period tied 100-100. In the second overtime, James again scored all

was slower and teams would play zone defense and hold on to the ball for long periods of time, making it very difficult for a player to score many points in a game. Today, NBA games consist of four 12 minute quarters and each team takes over 60 shots per game. Edwards held a number of game scoring records. He was the first professional basketball player to score 35 points in a game when he did so against the Fort Wayne Zollner Pistons on March 5, 1942. He led the NBL in scoring his first three years and in 1939

before the game, signifying a change in the feud that had festered between them. A month later, at the 2006 NBA All-Star Game, the two were seen laughing together. On January 22, 2006, Bryant scored a career-high 81 points in a 122–104 victory against the Toronto Raptors. In addition to breaking the previous franchise record of 71 set by Elgin Baylor, Bryant's 81-point game was the second-highest point total in NBA history, surpassed only by Chamberlain's 100-point game in 1962. Whereas Chamberlain was fed repeatedly by teammates for inside shots in a blowout win, Bryant created his own shot—mostly from

working out with Pete Newell during the off-seasons, which Short later claimed help improve his shooting skills significantly. During a November 17, 1984 game against the New Jersey Nets, Short scored a career high 59 points during a 131-114 loss. He hit 20 of 28 field goal attempts and 15 free throws. At the time, only nine other players had scored more points in one game, and it was the most points scored in the NBA since David Thompson and George Gervin scored 73 and 63 points respectively on April 9, 1978. Excluding Wilt Chamberlain's many games of 60 or","Finally, the most points scored in an NBA game by an individual was done by the Philadelphia Warriors' Wilt Chamberlain who scored an NBA-record 100 points in a single game.",PASS,PASS,Cat5,Comparative / Superlative,TRUE,CLEAR,Annotator B
RQ3-0409,409,Who hit the longest recorded homerun in mlb history?,"the minor league ladder, continuing to hit for power, culminating in his hitting 29 home runs in just 79 games for the Denver Zephyrs in . Meyer holds the record for the longest home run in professional baseball history at 582 feet, which he hit June 3, 1987 at Denver's Mile High Stadium. There have been longer home runs reportedly hit but not measured by accurate methods. Meyer made his major league debut with the Brewers on April 4, . His power numbers did not translate into major league home runs, as he hit just 11 in 103 games for

base. At one time, Stargell held the record for the longest home run in nearly half of the NL parks. On August 5, 1969, Stargell hit a home run off Alan Foster that left the stadium and measured 507 feet, the longest home run ever hit at Dodger Stadium. He hit a second home run out of Dodger Stadium on May 8, 1973, against Andy Messersmith, measured at 470 feet. Dodger starter Don Sutton said of Stargell, ""I never saw anything like it. He doesn't just hit pitchers, he takes away their dignity."" Only four other home runs have been

On July 18, 1921, Babe Ruth hit what is believed to be the verifiably longest home run in the history of major league baseball. It went to straightaway center, as many of Ruth's longest homers did, easily clearing the then-single deck bleacher and wall, landing almost on the far side of the street intersection. The distance of this blow has been estimated at between 575 and on the fly. On July 13, 1934, Ruth hit his 700th career home run. As noted in Bill Jenkinson's ""The Year Babe Ruth Hit 104 Home Runs"", the ball sailed over the street behind

home runs in a season 3 times), Ken Griffey, Jr. and Eddie Mathews. In 1987, Joey Meyer of the Denver Zephyrs hit the longest verifiable home run in professional baseball history. The home run was measured at a distance of and was hit inside Denver's Mile High Stadium. Major League Baseball's longest verifiable home run distance is about , by Babe Ruth, to straightaway center field at Tiger Stadium (then called Navin Field and before the double-deck), which landed nearly across the intersection of Trumbull and Cherry. The location of where Hank Aaron's record 755th home run landed has been

completely out of the Orioles' stadium was Frank Robinson in 1966; his blast was reported as about , or about less than Killebrew's. On June 3, 1967, Killebrew hit a home run, the longest measured home run ever hit at Metropolitan Stadium and, as of 2011, the longest in Twins history. That event is commemorated at the Mall of America in Bloomington, which includes a plaque marking home plate, and one red-painted seat from the Met which was placed at the location and elevation of the landing spot of the home run. The new Target Field has a statue of",The player that has hit the longest recorded homerun in MLB history is Babe Ruth.,PASS,PASS,Cat5,Comparative / Superlative,TRUE,CLEAR,Annotator B
RQ3-0410,410,"The November 1992 tornado outbreak was a three-day tornado outbreak that struck large parts of the Eastern United States and the Midwestern United States on November 21–23, also sometimes referred to as the Widespread Outbreak, as was as which  was the second-largest tornado outbreak on record for a single 24-hour period, just behind the 2011 Super Outbreak, was called?,","Also sometimes referred to as the Widespread Outbreak (as was the 1974 Super Outbreak initially), this exceptionally long lasting and geographically large outbreak produced over $300 million in damage, along with 26 deaths and 641 injuries in Alabama, Georgia, Indiana, Kentucky, Maryland, Mississippi, North Carolina, Ohio, South Carolina, Tennessee, Texas, and Virginia.The 1974 Super Outbreak was the second-largest tornado outbreak on record for a single 24-hour period, just behind the 2011 Super Outbreak.",The 1974 Super Outbreak was the second-largest tornado outbreak on record for a single 24-hour period.,PASS,PASS,Cat5,Comparative / Superlative,TRUE,CLEAR,Annotator B
RQ3-0411,411,What nationality was the coach who trained the 15th overall 1996 NHL Entry Draft pick from?,"Ivan Pravilov (Ukrainian: Іван Правілов ; January 1963 – February 10, 2012) was a Ukrainian ice hockey coach. Zubrus was drafted 15th overall in the 1996 NHL Entry Draft by the Philadelphia Flyers.",Zubrus was selected 15th overall in the 1996 NHL Entry Draft.,PASS,FAIL,Cat5,Comparative / Superlative,TRUE,CLEAR,Annotator B
RQ3-0412,412,"Which song is described as one of the most personal tracks on the album ""÷""?","Nancy Mulligan ""Nancy Mulligan"" is a song by English singer-songwriter Ed Sheeran. It was included on the deluxe edition of his third studio album ""÷"" (2017). After the album's release it charted at number 13 on the UK Singles Chart. Sheeran recorded the song together with Beoga. ""Nancy Mulligan"" is one of the most personal songs on the album, telling the story of how his grandparents, William Sheeran, a Protestant from Belfast, Northern Ireland and Nancy Mulligan (real name Anne Mulligan), a Catholic from Republic of Ireland, met, fell in love during the Second World War and got married at

Hopefully if these songs are successful, more people will do a bit more like it."" In 2017, the song was covered by the Irish country singer Mike Denver with an accompanying music video. Sheeran performed the song, backed on stage by Beoga, during his headline performance at the Glastonbury Festival. Nancy Mulligan ""Nancy Mulligan"" is a song by English singer-songwriter Ed Sheeran. It was included on the deluxe edition of his third studio album ""÷"" (2017). After the album's release it charted at number 13 on the UK Singles Chart. Sheeran recorded the song together with Beoga. ""Nancy Mulligan"" is

the Wexford border. Sheeran said: ""They got engaged and no one turned up at their wedding. He stole all the gold teeth in his dental surgery and melted them down into a wedding ring, and they wore borrowed clothes to get married, and just basically have this kind of Romeo and Juliet romance, which is like the most romantic thing. So I thought I'd write a song about it and make it a jig."" In an interview with the ""Irish Times"", talking about the song's Irish roots, Sheeran said ""I don't think enough people use Irish folk in pop music...","""Nancy Mulligan"" is one of the most personal songs on the album.",PASS,PASS,Cat5,Comparative / Superlative,TRUE,CLEAR,Annotator B
RQ3-0413,413,"Who was born first, Kevin Curren or Martina Navratilova?","Kevin Melvyn Curren (born 2 March 1958) is a South African-American former professional tennis player.Martina Navratilova (Czech: ""Martina Navrátilová"" ] ; born Martina Šubertová ] ; October 18, 1956) is a former Czechoslovak and later American tennis player and coach.",Martina Navratilova was born earlier than Kevin Curren.,PASS,PASS,Cat5,Comparative / Superlative,TRUE,CLEAR,Annotator B
RQ3-0414,414,Bebe Rexha co wrote which 2013 Eminem hit?,"She also co-wrote the chart-topping Eminem and Rihanna single ""The Monster"", among others.""The Monster"" is a song by American rapper Eminem, featuring guest vocals from Barbadian singer Rihanna, taken from Eminem's album ""The Marshall Mathers LP 2"" (2013).","""The Monster"" was a chart-topping single.",PASS,PASS,Cat5,Comparative / Superlative,TRUE,CLEAR,Annotator B
RQ3-0415,415,"Which was the 15th Disney animated feature film, ""Eight Below"" or ""Lady and the Tramp""?","The 15th Disney animated feature film, it was the first animated feature filmed in the CinemaScope widescreen film process. Based on ""Happy Dan, The Whistling Dog"" by Ward Greene, ""Lady and the Tramp"" tells the story of a female American Cocker Spaniel named Lady who lives with a refined, upper-middle-class family, and a male stray mongrel called the Tramp.Eight Below is a 2006 American adventure drama film based on ""Antarctica"" by Toshirô Ishidô, Koreyoshi Kurahara, Tatsuo Nogami and Susumu Saji.","""Lady and the Tramp"" was the 15th Disney animated feature film.",PASS,PASS,Cat5,Comparative / Superlative,TRUE,CLEAR,Annotator B
RQ3-0416,416,Where does the term cupboard love come from?,"love. The term """"cupboard-lover"""" refers to someone who will only profess their love, or act endearingly for the sake of gain from another person. Cupboard love Cupboard love is a popular learning theory of the 1950s and 1960s based on the research of Sigmund Freud, Anna Freud, Melanie Klein and Mary Ainsworth. Rooted in psychoanalysis, the theory speculates that attachment develops in the early stages of infancy. This process involves the mother satisfying her infant's instinctual needs, exclusively. Cupboard love theorists conclude that during infancy, our primary drive is food which leads to a secondary drive for attachment. Sigmund Freud,

that an infant will demonstrate characteristics perceived as affection and love towards the mother in order to be fed. Cupboard love is not to be confused with the term refrigerator mother. The refrigerator mother theory claimed that autism is caused by lack of maternal affection. This theory has been dumped by the current research on autism. The term """"cupboard love"""" is a British idiom, used most commonly in the United Kingdom and Australia. It describes the selfish, greedy or insincere affection displayed towards another person in order to get what they want. Pets are most frequently described as demonstrating cupboard

Cupboard love Cupboard love is a popular learning theory of the 1950s and 1960s based on the research of Sigmund Freud, Anna Freud, Melanie Klein and Mary Ainsworth. Rooted in psychoanalysis, the theory speculates that attachment develops in the early stages of infancy. This process involves the mother satisfying her infant's instinctual needs, exclusively. Cupboard love theorists conclude that during infancy, our primary drive is food which leads to a secondary drive for attachment. Sigmund Freud, founder of psychoanalysis, was the first to suggest that attachment is a result of the mother fulfilling her infant's physiological needs. Eventually, the infant","According to cupboard love theorists, food is a more primary drive than attachment during infancy.",PASS,FAIL,Cat5,Comparative / Superlative,TRUE,CLEAR,Annotator B
RQ3-0417,417,Which company is headquartered in Dublin that is also the second-largest off-price retailer in the USA?,"Dublin is home to the headquarters of Sybase, Inc, now part of SAP SE, CallidusCloud, Ross Stores, Tria Beauty, Medley Health and Arlen Ness. It is the second-largest off-price retailer in the USA, behind TJX Companies.","Ross Stores is the second-largest off-price retailer in the United States, behind TJX Companies.",PASS,PASS,Cat5,Comparative / Superlative,TRUE,CLEAR,Annotator B
RQ3-0418,418,What two types of crust make up the surface of the earth?,"the crust. The boundary between the crust and mantle is conventionally placed at the Mohorovičić discontinuity, a boundary defined by a contrast in seismic velocity. The crust of the Earth is of two distinctive types: Because both continental and oceanic crust are less dense than the mantle below, both types of crust ""float"" on the mantle. This is isostasy, and it's also one of the reasons continental crust is higher than oceanic: continental is less dense and so ""floats"" higher. As a result, water pools in above the oceanic crust, forming the oceans. The temperature of the crust increases with

increase in seismic velocity and are similar to light reflecting from a mirror. The Earth's crust ranges from in depth and is the outermost layer. The thin parts are the oceanic crust, which underlie the ocean basins (5–10 km) and are composed of dense (mafic) iron magnesium silicate igneous rocks, like basalt. The thicker crust is continental crust, which is less dense and composed of (felsic) sodium potassium aluminium silicate rocks, like granite. The rocks of the crust fall into two major categories – sial and sima (Suess,1831–1914). It is estimated that sima starts about 11 km below the Conrad

Crust (geology) In geology, the crust is the outermost solid shell of a rocky planet, dwarf planet, or natural satellite. It is usually distinguished from the underlying mantle by its chemical makeup; however, in the case of icy satellites, it may be distinguished based on its phase (solid crust vs. liquid mantle). The crusts of Earth, Moon, Mercury, Venus, Mars, Io, and other planetary bodies formed via igneous processes, and were later modified by erosion, impact cratering, volcanism, and sedimentation. Most terrestrial planets have fairly uniform crusts. Earth, however, has two distinct types: continental crust and oceanic crust. These two",Continental crust is less dense than oceanic crust.,PASS,PASS,Cat5,Comparative / Superlative,TRUE,CLEAR,Annotator B
RQ3-0419,419,What ranking is based on team performance over 4 years and of which one Australia team is ranked 25th?,The Australian women's national ice hockey team represents Australia at the International Ice Hockey Federation's IIHF World Women's Championships. Australia is ranked 25th out of 34 countries in the IIHF World Ranking.The IIHF World Ranking is a ranking of the performance of the national ice hockey teams of member countries of the International Ice Hockey Federation (IIHF). It is based on a formula giving points for each team's placings at IIHF-sanctioned tournaments over the previous four years.,Australia is ranked 25th in the International Ice Hockey Federation (IIHF) Ranking.,PASS,PASS,Cat5,Comparative / Superlative,TRUE,CLEAR,Annotator B
RQ3-0420,420,Who made the song total eclipse of the heart?,"Total Eclipse of the Heart ""Total Eclipse of the Heart"" is a song recorded by Welsh singer Bonnie Tyler. It was written and produced by Jim Steinman, and released on Tyler's fifth studio album, ""Faster Than the Speed of Night"" (1983). The song was released as a single by Columbia Records on 11 February 1983 in the United Kingdom and on 31 May 1983 in the United States. The song became Tyler's biggest career hit, topping the UK Singles Chart, and becoming the fifth-best-selling single in 1983 in the United Kingdom. In the United States, the single spent four weeks

spine. ... I couldn't wait to actually get in and record it."" According to Meat Loaf, Steinman had written the song, along with ""Making Love Out of Nothing at All"", for Meat Loaf's album ""Midnight at the Lost and Found""; however, Meat Loaf's record company refused to pay Steinman and he wrote separate songs himself. ""Total Eclipse of the Heart"" was then given to Bonnie Tyler and ""Making Love Out of Nothing at All"" to Air Supply. Tyler has denied this claim. ""Meat Loaf was apparently very annoyed that Jim gave that to me,"" Tyler stated. ""But Jim said he

using the pseudonym Persephone Maewyn. In 2010, Tyler appeared in an advertisement for MasterCard, performing a short parody of the song with its noted new lyric ""Turn around, Neville."" She performed the original song in a similar advertisement for Westpac in 2012. Warby Parker produced a parody video in anticipation of the solar eclipse of August 21, 2017. Total Eclipse of the Heart ""Total Eclipse of the Heart"" is a song recorded by Welsh singer Bonnie Tyler. It was written and produced by Jim Steinman, and released on Tyler's fifth studio album, ""Faster Than the Speed of Night"" (1983). The",Total Eclipse of the Heart is Bonnie Tyler's biggest career hit.,PASS,PASS,Cat5,Comparative / Superlative,TRUE,CLEAR,Annotator B
RQ3-0421,421,"Which mine in California, lasting from 1873 to 1883, became one of the most noted mercury producers in the world?"," During the days of the first quicksilver operations of the Sulphur Bank Mine, lasting from 1873 to 1883, rapid town growth and the urgent need for civil order necessitated the building of a jail. The 150 acre mine became one of the most noted mercury producers in the world.",Sulphur Bank Mine became one of the most noted mercury producers in the world.,PASS,PASS,Cat5,Comparative / Superlative,TRUE,CLEAR,Annotator B
RQ3-0422,422,Record for three pointers in a game ncaa?,"just 11 points, and the entire team to 48. South Carolina went on to win 80–48. The game plan of South Dakota State's head coach Aaron Johnston including containing Purdue's leading scorer Brittany Rayburn. That part of the plan was executed, as Rayburn scored 12 points. However, Johnston hadn't planned on the Boilermakers' Courtney Moses setting an NCAA record for three-pointers in a game. She hit nine, for 27 of her 29 points, helping lead the team to an 83–68 victory. Vanderbilt is about forty miles from Middle Tennessee, but the two teams haven't played in twenty years. Vanderbilt moved

display 200+ points, and so when the moment occurred, it did not display the numbers correctly (their solution was to start over at zero and work their way back up from there). During the second half alone, the Trojans scored 135 points, besting their minutes-old record of 123, and the 30 three-pointers in the second stanza broke the NCAA all-time ""game"" record of 25 (set previously by Troy). Their 51 made three-point field goals more than doubled that record, and the 109 three-point attempts record has never been seriously contested. Tommy Davis remarked that the game ""reminded [him] of a

shooting in a 124–120 victory for the White team. After Kentucky's second game of the year – a 71–69 loss at Indiana – Pitino noted that Farmer, who had 4 points and 4 assists in the game, was benefiting from extra one-on-one coaching sessions with Donovan. In a December 19, 1989, victory against Furman, Farmer attempted 7 three-pointers – tied for second-most in the game – as the Wildcats set an NCAA record for most three-pointers attempted in a game with 47, besting their own record of 41 set earlier in the month against Tennessee Tech. A week later, Farmer

zero and work their way back up from there). During the second half alone, the Trojans scored 135 points, besting their minutes-old record of 123, and the 30 three-pointers in the second stanza broke the NCAA all-time ""game"" record of 25 (set previously by Troy). Their 51 made three-point field goals more than doubled that record, and the 109 three-point attempts record has never been seriously contested. When the final buzzer sounded, Troy State had won the game by a record-breaking score of 253–141. The score of the game quickly made national headlines across the United States, from The Seattle

offense-oriented system led to incredibly high-scoring games; that season, Troy State led all of Division II with a 121.0 points per game scoring average (while also giving up 107.8 per game). They shot an NCAA-record 1,303 three-pointers in 1991–92 and connected on 444 of them. Maestri's philosophy was to unapologetically attempt steals on an opponent's every possession, and if they missed the steal, they allowed the opponent to score as long as they scored quickly. He substituted players regularly and knew that his track-meet-style of pressure would eventually wear out the other team. Once tired, his Troy State squads would",Troy State's 51 made three-point field goals exceeded and more than doubled the previous NCAA game record of 25.,PASS,PASS,Cat5,Comparative / Superlative,TRUE,CLEAR,Annotator B
RQ3-0423,423,Where does it rain the most in texas?,"2007 with heavy rainfall. A total of of rain fell elsewhere than George Bush Intercontinental Airport on August 16, and many roads and neighborhoods were flooded. Metropolitan Transit Authority of Harris County, Texas, halted its light rail and bus services in view of the effects. Four deaths in the city were attributed to the storm. The Houston Fire Department reported 72 rescue operations. Hurricane Ike made landfall near Galveston, Texas in September 2008. Although only a Category 2 storm (out of 5), Ike brought moderate rain but high winds for an unusually long duration (upwards of nine hours). The roof

is warmer in winter and cooler in summer. On average, the region receives more rain than other parts of the state. This can increase the humidity level in the region. The relatively mild and wet climate is largely due to the influence of the Gulf of Mexico. Average annual rainfall in the Golden Triangle is 60 inches (1,500 mm). Rainfall totals in other parts of Southeast Texas are lower, but still in excess of 40inches (1,000 mm) per year. During Tropical Storm Claudette in 1979, the city of Alvin recorded an official 24-hour rainfall total of 42 inches (1,067 mm)

might receive only of precipitation; average annual precipitation ranges from in western sections up to in southeast. The wettest months of the year are April and May. The Piney Woods is the eastern region of Texas and is within the humid subtropical climate zone. It receives the most rainfall; more than annually in the far east. This is due to the gulf currents that carry humid air to the region, where it condenses and precipitates out in the vicinity of sea breeze fronts as well as when extratropical cyclones move by. While coastal sections see the most cloudy days statewide

level. Summers are hot and humid. Rain in the coastal region is more abundant than in the inland region, and subtropical forests line the Rio Grande. The wettest months of the year are April and May in western areas, but approaching the Gulf Coast, September becomes the year's wettest month on average. This owes to the threat from tropical weather systems, including hurricanes, which can bring torrential rains of 5-10+ inches in one or two days. The resulting September monthly rainfall maximum prevails, for example, at Corpus Christi, South Padre Island and Brownsville. Inland, where it is drier, ranches dominate

to draw attention to Texas wildflowers. The large size of Texas and its location at the intersection of multiple climate zones gives the state highly variable weather. The Panhandle of the state has colder winters than North Texas, while the Gulf Coast has mild winters. Texas has wide variations in precipitation patterns. El Paso, on the western end of the state, averages of annual rainfall, while parts of southeast Texas average as much as per year. Dallas in the North Central region averages a more moderate per year. Snow falls multiple times each winter in the Panhandle and mountainous areas",The Piney Woods is the western region of Texas.,PASS,PASS,Cat1,Entity / Alias / Lexical Relation,FALSE,CLEAR,Annotator B
RQ3-0424,424,"Which Lieutenant Governor of California issued proclamations for ""Exotic Erotic Ball Day"" in San Francisco?","Due to the worldwide popularity of the event the City of San Francisco issued three proclamations for “Exotic Erotic Ball Day”, twice by Mayor Willie Brown in 1999 and again in 2001, and once by Mayor Gavin Newsom in 2004.Gavin Christopher Newsom (born October 10, 1967) is an American politician and businessman who is the Lieutenant Governor of California since 2011, and former mayor of San Francisco.","Gavin Newsom issued one ""Exotic Erotic Ball Day"" proclamation, fewer than Willie Brown, who issued two.",PASS,PASS,Cat5,Comparative / Superlative,TRUE,CLEAR,Annotator B
RQ3-0425,425,Which Grand Prix is described as one of the oldest motor races in the world?,"The 1924 Grand Prix season again saw Grand Prix motor racing in Europe and North America. The Indianapolis 500 was again designated a Grand Épreuve by the International Sporting Commission of the AIACR, along with the French Grand Prix, held in Lyon and the Italian Grand Prix at Monza.The French Grand Prix (French: ""Grand Prix de France"" ), formerly known as the Grand Prix de l'ACF, is a race held as part of the Fédération Internationale de l'Automobile's annual Formula One automobile racing championships. It is one of the oldest motor races in the world.",The French Grand Prix is one of the oldest motor races in the world.,PASS,PASS,Cat5,Comparative / Superlative,TRUE,CLEAR,Annotator B
RQ3-0426,426,What is the oldest company in the dow jones index?,"natural disasters that could potentially lead to economic harm. Since June 26, 2018, the Dow Jones Industrial Average has consisted of the following companies: The components of the DJIA have changed 52 times since its beginning on May 26, 1896. General Electric had the longest continuous presence on the index, beginning in 1907 and ending in 2018. More recent changes to the index include the following: In 1884, Charles Dow composed his first stock average, which contained nine railroads and two industrial companies that appeared in the ""Customer's Afternoon Letter"", a daily two-page financial news bulletin which was the precursor

has a stock split or stock dividend, so as to generate a consistent value for the index. It is the second-oldest U.S. market index after the Dow Jones Transportation Average, created by ""Wall Street Journal"" editor and Dow Jones & Company co-founder Charles Dow. Currently owned by S&P Dow Jones Indices, which is majority owned by S&P Global, it is the best known of the Dow Averages, of which the first (non-industrial) was originally published on February 16, 1885. The averages are named after Dow and one of his business associates, statistician Edward Jones. The industrial average was first calculated

Bowne & Co. Bowne & Co., Inc. was an American company founded in 1775 by Robert Bowne. It provided financial, marketing, and business communications services internationally. From its initial listing on the New York Stock Exchange until its acquisition in 2010, Bowne was the oldest publicly traded company in the United States. In 1975, Bowne & Co., Inc. partnered with the South Street Seaport Museum to open a 19th-century-style print shop at in the historic Seaport district of New York City. This print shop, billed as the oldest continuously running business in New York City, operates at 211 Water Street

Adams Express Company Adams Diversified Equity Fund, Inc., formerly Adams Express Company, is a publicly traded diversified equity fund. It was founded in 1854 and traces its roots to a 19th-century freight and cargo transport business. The Adams Express Building was constructed in 1911 and Adams Express is one of the oldest companies listed on the New York Stock Exchange (NYSE: ADX). It is one of only five companies that has continued to operate as a closed-end fund since 1929. The company has paid dividends continuously since 1935. Adams Funds uses a conservative investment philosophy and its portfolio is managed

sale to News Corp, the last members of the board of directors of the company were: Christopher Bancroft, Lewis B. Campbell, Michael Elefante, John Engler, Harvey Golub, Leslie Hill, Irvine Hockaday, Peter Kann, David Li, M. Peter McPherson (Chairman), Frank Newman, James Ottaway, Elizabeth Steele, and William Steere. Dow Jones & Company Dow Jones & Company is an American publishing and financial information firm that has been owned by News Corp. since 2007. The company was best known for the publication of the Dow Jones Industrial Average and related market statistics, Dow Jones Newswire and a number of financial publications.","General Electric had the longest continuous presence on the index, beginning in 1907 and ending in 2018.",PASS,PASS,Cat5,Comparative / Superlative,TRUE,CLEAR,Annotator B
RQ3-0427,427,"""Exciter"" is a song from an album described by Steve Huey as what ?","""Exciter"" is a song by British heavy metal band Judas Priest, from their 1978 album ""Stained Class"". Stained Class was ranked as the greatest Judas Priest album on Stereogum.com, and was described by Steve Huey on Allmusic.com as “Judas Priest’s greatest achievement.”","Steve Huey described ""Stained Class"" as Judas Priest’s greatest achievement.",PASS,PASS,Cat5,Comparative / Superlative,TRUE,CLEAR,Annotator B
RQ3-0428,428,Where does the amazon river start and finish?,"Amazon River The Amazon River (, ; Spanish and ) in South America is the largest river by discharge volume of water in the world, and by some definitions it is the longest. The headwaters of the Apurímac River on Nevado Mismi had been considered for nearly a century as the Amazon's most distant source, until a 2014 study found it to be the Cordillera Rumi Cruz at the headwaters of the Mantaro River in Peru. The Mantaro and Apurímac join, and with other tributaries form the Ucayali River, which in turn meets the Marañón River upstream of Iquitos, Peru,

Brazil the river is known at this point as the ""Solimões das Águas"". The river systems and flood plains in Brazil, Peru, Ecuador, Colombia and Venezuela, whose waters drain into the ""Solimões"" and its tributaries, are called the ""Upper Amazon"". The Amazon proper runs mostly through Brazil and Peru, and is part of the border between Colombia and Perú. It has a series of major tributaries in Colombia, Ecuador and Peru, some of which flow into the Marañón and Ucayali, and others directly into the Amazon proper. These include rivers Putumayo, Caquetá, Vaupés, Guainía, Morona, Pastaza, Nucuray, Urituyacu, Chambira, Tigre,

basin in Brazil alone is larger than any other river's basin. The Amazon enters Brazil with only one-fifth of the flow it finally discharges into the Atlantic Ocean, yet already has a greater flow at this point than the discharge of any other river. The river was initially known by Europeans as the Marañón and the Peruvian part of the river is still known by that name today. It later became known as the Rio Amazonas in Spanish and Portuguese, or The Amazon in English. The name Rio Amazonas was given after native warriors attacked a 16th-century expedition by Francisco

Tambo, which joins the Urubamba River to form the Ucayali. After the confluence of Apurímac and Ucayali, the river leaves Andean terrain and is surrounded by floodplain. From this point to the confluence of the Ucayali and the Marañón, some , the forested banks are just above the water and are inundated long before the river attains its maximum flood stage. The low river banks are interrupted by only a few hills, and the river enters the enormous Amazon rainforest. Although the Ucayali–Marañón confluence is the point at which most geographers place the beginning of the Amazon River proper, in

far as Iquitos, Peru, from the sea. Smaller riverboats can reach higher, as far as Achual Point. Beyond that, small boats frequently ascend to the Pongo de Manseriche, just above Achual Point in Peru. Annual flooding occurs in late northern latitude winter at high tide when the incoming waters of the Atlantic are funnelled into the Amazon delta. The resulting undular tidal bore is called the ""pororoca"", with a leading wave that can be up to high and travel up to inland. The Amazon River originated as a transcontinental river in the Miocene epoch between 11.8 million and 11.3 million",The Amazon River is the largest river by discharge volume of water in the world.,PASS,FAIL,Cat5,Comparative / Superlative,TRUE,CLEAR,Annotator B
RQ3-0429,429,Who is fifa and how many member countries do they have?,"recognised by FIFA which oversee the game in the different continents and regions of the world. National associations, and not the continental confederations, are members of FIFA. The continental confederations are provided for in FIFA's statutes, and membership of a confederation is a prerequisite to FIFA membership. In total, FIFA recognises 211 national associations and their associated men's national teams as well as 129 women's national teams; see the list of national football teams and their respective country codes. FIFA has more member states than the UN as FIFA recognises 23 non-sovereign entities as distinct nations, such as the four

FIFA The Fédération Internationale de Football Association (FIFA ; French for 'International Federation of Association Football') is an organization which describes itself as an international governing body of association football, fútsal, and beach soccer. FIFA is responsible for the organization of football's major international tournaments, notably the World Cup which commenced in 1930 and the Women's World Cup which commenced in 1991. FIFA was founded in 1904 to oversee international competition among the national associations of Belgium, Denmark, France, Germany, the Netherlands, Spain, Sweden, and Switzerland. Headquartered in Zürich, its membership now comprises 211 national associations. Member countries must each

European nations at the FIFA World Cup Association football is the most popular sport in nearly every European country, and UEFA is one of the six confederations of world football's governing body FIFA. UEFA contains 55 national association members, some of which partially or entirely located in Asia. A total of 33 of the current members of UEFA have competed at the men's FIFA World Cup, while the defunct East Germany qualified once. The team ranking in each tournament is according to FIFA. The rankings, apart from the top four positions (top two in 1930), are not a result of",FIFA has more member states than the United Nations.,PASS,PASS,Cat5,Comparative / Superlative,TRUE,CLEAR,Annotator B
RQ3-0430,430,Who has scored the maximum runs in test matches between india and sri lanka?,"total of 255 at the end of the allotted 50 overs. Indian cricket team in Sri Lanka in 1997 The Indian cricket team toured Sri Lanka in August 1997, participating in two Test matches and three One Day International (ODI) matches. During the first Test match, Sri Lanka scored 952 runs for 6 wickets, the highest team total in Test cricket. Several more records were established in this match, including the highest partnership for the second wicket by Sanath Jayasuriya and Roshan Mahanama. The Test series ended without a result, with both Test matches drawn. Sri Lanka won all three

Indian cricket team in Sri Lanka in 1997 The Indian cricket team toured Sri Lanka in August 1997, participating in two Test matches and three One Day International (ODI) matches. During the first Test match, Sri Lanka scored 952 runs for 6 wickets, the highest team total in Test cricket. Several more records were established in this match, including the highest partnership for the second wicket by Sanath Jayasuriya and Roshan Mahanama. The Test series ended without a result, with both Test matches drawn. Sri Lanka won all three of the One Day International matches, although the third one had

India played a three-day tour match before the first Test against the Sri Lanka Board President's XI, starting on 29 July. The match ended in a draw, with the Indians scoring 308 runs in their first innings. The President's XI responded with 291, and the Indian team had scored 255 for 5 wickets for their second innings by the end of the match. Sanath Jayasuriya was the highest scorer of the series with 571 runs, while Sachin Tendulkar produced 290 runs for the Indians. Muttiah Muralidharan was the highest wicket taker of the series with 9 wickets, followed by Anil

broken the world record for an opening partnership for England by putting 150 on the board without loss at the end of the first day of the first Test against India in this stadium. The highest scores were made by India, scoring 511 all out and Sri Lanka 218 all out. The next highest score was also made by Sri Lanka scoring 174 all out in Test cricket. The most runs scored here was by Sachin Tendulkar (142 runs), followed by Navjot Singh (124 runs) and Roshan Mahanama (118 runs). The most wickets taken here was by Anil Kumble (11

to be replayed due to bad weather. Sanath Jayasuriya was the most notable player during the tournament. He was selected as player of the series in both the Test series and the ODI series, and won two man of the match awards as well. He was the highest scoring batsman during the Test series, and also took the highest number of wickets for Sri Lanka in the ODI series. The Indian cricket team had arrived in Sri Lanka on 12 July 1997 to participate in the Asia Cup. After that, they stayed on in the country for two Test matches","During the first Test match, Sri Lanka scored 952 runs for 6 wickets, the highest team total in Test cricket.",PASS,FAIL,Cat5,Comparative / Superlative,TRUE,CLEAR,Annotator B
RQ3-0431,431,"Bastian Pagez devised part of the entertainment at the baptism of Prince James at what location that sits atop Castle Hill, and is one of the largest and ost important castles in Scotland?","He devised part of the entertainment at the baptism of Prince James at Stirling Castle in 1566.Stirling Castle, located in Stirling, is one of the largest and most important castles in Scotland, both historically and architecturally. The castle sits atop Castle Hill, an intrusive crag, which forms part of the Stirling Sill geological formation.",Stirling Castle is one of the largest castles in Scotland.,PASS,PASS,Cat5,Comparative / Superlative,TRUE,CLEAR,Annotator B
RQ3-0432,432,"During the 2002–03 Olympique de Marseille season, this player was the most praised player, helping out with scoring important goals, who was nicknamed what?","Olympique de Marseille almost won the French League for the first time in 11 years, having a remarkable run to third place, having only scored five goals more than it conceded. The most praised player was central defender Daniel Van Buyten, who was able to tighten up the defence, and also helping out with scoring several important goals. Nicknamed ""Big Dan"", Van Buyten was known for his uncompromising style of play, exploiting both his physical strength and aerial ability.",Daniel Van Buyten was the most praised player during Olympique de Marseille’s 2002–03 season.,PASS,FAIL,Cat5,Comparative / Superlative,TRUE,CLEAR,Annotator B
RQ3-0433,433,Who was the greatest warrior for the trojans?,"Hector In Greek mythology and Roman mythology, Hector (; , ) was a Trojan prince and the greatest fighter for Troy in the Trojan War. As the first-born son of King Priam and Queen Hecuba, who was a descendant of Dardanus and Tros, the founder of Troy, he was a prince of the royal house and the heir apparent to his father's throne. He was married to Andromache, with whom he had an infant son, Scamandrius (whom the people of Troy called Astyanax). He acted as leader of the Trojans and their allies in the defence of Troy, ""killing 31,000

but stupid man, managed to overcome the great Trojan prince Hector the previous day, and that Hector is fighting furiously because of this defeat. Cressida is joined by Pandarus, and they discuss the Trojan princes, with Pandarus taking the unlikely position that Troilus is a greater man than Hector. As they converse, several Trojan lords pass by them returning from battle, including Antenor, Aeneas, Hector, and Paris; Pandarus praises each one, but tells his niece that none of them can match Troilus. He then leaves Cressida, promising to bring a token from Troilus. Alone, Cressida remarks that while she returns

shortly after the death of the Trojan hero Hector, with the arrival of the Amazon warrior Penthesileia who has come to support the Trojans. She has a moment of glory in battle, but Achilles kills her. The Greek warrior Thersites later taunts Achilles, claiming that he had been in love with her, and Achilles kills him too. Achilles is ritually purified for the murder of Thersites. Next another Trojan ally arrives, Memnon, son of Eos and Tithonus, leading an Ethiopian contingent and wearing armour made by the god Hephaestus. In battle, Memnon kills Antilochus, a Greek warrior who was the

Agapenor Agapenor (, ""gen."" Ἀγαπήνορος) was a leader of the Arcadians in the Trojan war. He was a son of Ancaeus, and grandson of Lycurgus. As king of the Arcadians he received sixty ships from Agamemnon, in which he led his Arcadians to Troy. He also occurs among the suitors of Helen. He was one of the men to be in the Trojan Horse. On Agapenor's return from Troy he was cast by a storm on the coast of Cyprus, where he founded the town of Paphos and in it the famous temple of Aphrodite. He also occurs in the

of Mycenae and leader of the Greeks in the Trojan War. 911 Agamemnon, one of the largest Jupiter trojans known to exist, is named after the commander of the Greek forces. The official naming citation was published by the Minor Planet Center on 12 July 1995 (). 5023 Agapenor 5023 Agapenor, provisional designation , is a Jupiter trojan from the Greek camp, approximately 30 kilometers in diameter. It was discovered on 11 October 1985, by American astronomer couple Carolyn and Eugene Shoemaker at the Palomar Observatory in California, United States. The Jovian asteroid was named for Agapenor from Greek mythology.",Hector was a Greek prince in the Trojan War.,PASS,PASS,Cat1,Entity / Alias / Lexical Relation,FALSE,CLEAR,Annotator B
RQ3-0434,434,"Which lines are described as the most memorable lines of the song ""Anything You Can Do""?","Anything You Can Do (I Can Do Better) ""Anything You Can Do"" is a song composed by Irving Berlin for the 1946 Broadway musical ""Annie Get Your Gun"". The song is a duet, with one male singer and one female singer attempting to outdo each other in increasingly complex tasks. In the musical, the song sets the scene for the climactic sharpshooting contest between Annie Oakley and Frank Butler. Its most memorable lines are, ""Anything you can do I can do better; I can do anything better than you."" The song was first performed in ""Annie Get Your Gun"" by

Ethel Merman and Ray Middleton. During the song, they argue playfully about who can, for example, sing softer, sing higher, sing sweeter, and hold a note for longer, and boast of their abilities and accomplishments, such as opening safes and living on bread and cheese, although Annie always seems to counter Frank's argument. Neither can ""bake a pie,"" though. Anything You Can Do (I Can Do Better) ""Anything You Can Do"" is a song composed by Irving Berlin for the 1946 Broadway musical ""Annie Get Your Gun"". The song is a duet, with one male singer and one female singer

choosing the occupation of ""newspaper carrier"" was required to ride a bicycle down a narrow yellow line (without veering from it) and throw several newspapers at targets. She lost control of the bicycle, fell to the studio floor, and apparently broke a bone. Wood mentioned other contestants being injured as well. The title of the show is inspired by a 1946 song called ""Anything You Can Do, I Can Do Better"" from the hit broadway musical ""Annie Get Your Gun"" (composed by Irving Berlin) as a sprirted duet with one male singer and one female singer attempting to outdo each","The lines ""Anything you can do I can do better; I can do anything better than you"" are the most memorable lines of the song.",PASS,PASS,Cat5,Comparative / Superlative,TRUE,CLEAR,Annotator B
RQ3-0435,435,A well-endowed parish church in the Episcopal Diocese of New York was the first tallest building in New York over a building that was demolished in what year?," It was 260 ft tall and when new the second-tallest building in New York, after Trinity Church. It was demolished in 1966.Trinity Church is an historic, active, well-endowed parish church in the Episcopal Diocese of New York.",Trinity Church was the first tallest building in New York.,PASS,FAIL,Cat5,Comparative / Superlative,FALSE,CLEAR,Annotator B
RQ3-0436,436,What was the official capacity of the 1964 Summer Olympics stadium at which the Sanistand appeared?,"It appeared in a bathroom in the National Stadium for female athletes during the 1964 Summer Olympics in Tokyo. The stadium's official capacity was 57,363, but the real capacity was only 48,000 seats.","The National Stadium's official capacity was 57,363, which was higher than its real capacity of 48,000 seats.",PASS,PASS,Cat5,Comparative / Superlative,TRUE,CLEAR,Annotator B
RQ3-0437,437,"Which of Hausa-Fulani's languages is the Chadic language with the largest number of speakers, Fulfulde or Hausa?","For example, when the Fulani took over the Hausa city-state of Kano during the expansion of the Sokoto Caliphate, the new emirs at first spoke Fulfulde but eventually had shifted to Hausa instead.Hausa ( ) (""Yaren Hausa"" or ""Harshen Hausa"") is the Chadic language (a branch of the Afroasiatic language family) with the largest number of speakers, spoken as a first language by more than 70 million people, and as a second language by another 40 to 50 million or more.",Hausa is the Chadic language with the largest number of speakers.,PASS,PASS,Cat5,Comparative / Superlative,TRUE,CLEAR,Annotator B
RQ3-0438,438,Who's won the most premierships in afl?,"Hawthorn, winning two, and establishing a bitter rivalry. In the process, Carlton and Essendon both passed Collingwood in terms of number of premierships won; since 1982, Carlton has continuously been the team with most premierships won, holding the position jointly with Essendon for much of that time. The 1989 grand final between Hawthorn and Geelong is considered one of the finest grand finals, with many strong physical encounters, a joint-grand-final-record nine goals by Geelong's Gary Ablett, Sr., and Geelong coming back from a 36-point deficit at three-quarter time to fall six points short of victory. The league was officially renamed

League of equalisation policies of a salary cap and draft in 1987, every team currently competing in the Australian Football League (except for , which has not yet qualified for a finals series) has qualified for a preliminary final. This has had a significant impact on the spread of premierships: since 1990, thirteen clubs have won a premiership, compared with only five clubs between 1967 and 1989. and have won the most VFL/AFL premierships, with a total of 16 each. Of the teams currently competing in the Australian Football League, only , Gold Coast and (three of the competition's four

D'Amico, a 17-year-old stripper from Adelaide, ran onto the field with a Blues scarf and attempted to embrace Carlton player Bruce Doull. She is the first streaker to disrupt a VFL/AFL Grand Final (there would be streakers in the 1983 VFL Grand Final 1988 Grand Final and 1989 Grand Final). With its 14th premiership, Carlton overtook Collingwood to have won the most premierships in VFL history; this was the first time that Carlton has held this record outright, having previously been tied with Collingwood on 13 flags after 1981, and with Fitzroy on 5 flags after 1915. Carlton has held

for expansion team was to be from Darwin, Northern Territory, formed as a representative club of the Northern Territory Football League, however the NT team opted to join the Queensland Australian Football League for the 2009 season, and moved to the newly created North East Australian Football League in 2011 after the top divisions of the Queensland AFL and AFL Canberra merged. The following awards are or were awarded each season: East Fremantle have won the most premierships, with 29, most recently in 1998. West Perth ranks second with 19 titles, the most recent in 2013. The reigning premiers (2018)

the VFL/AFL's cap is that the three richest and most successful clubs, Carlton, Collingwood and Essendon, who won 41 of the premierships between them from 75 Grand Finals in the 90 seasons between 1897 and 1986 (83.3% of all Grand Finals for a 45.6% premiership success rate), have only won six of the premierships between them from twelve Grand Finals since (36.4% of all Grand Finals for an 18.2% premiership success rate). Of note in this regard is that Sydney, who mostly struggled in the 50 seasons between 1946 and 1995, making the finals on just four occasions in that","The men's clubs Carlton and Essendon, have won the most premierships.",PASS,PASS,Cat5,Comparative / Superlative,TRUE,CLEAR,Annotator B
RQ3-0439,439,Which mountain in Maine has the third largest ski resort in the state?,"Saddleback Maine is a ski resort located in Sandy River Plantation, near Rangeley, Maine, on the northwestern slopes of Saddleback Mountain. It is the third largest ski area in Maine, in terms of number of trails (66), number of lifts (5), snowmaking percentage (85%), vertical drop (2000 ft) and skier days.Saddleback Mountain is a mountain located in Sandy River Plantation, Franklin County, Maine, near the resort town of Rangeley. Saddleback is one of the highest mountains in the State of Maine, and one of the fourteen with more than 2000 ft of topographic prominence. The mountain is the site of Saddleback ski resort.",Saddleback Mountain Resort is the third largest.,PASS,PASS,Cat5,Comparative / Superlative,TRUE,CLEAR,Annotator B
RQ3-0440,440,KCFO (970 AM) airs the show of an American historical theologian that has been described as what?,"KCFO (970 AM) is a Tulsa, Oklahoma, area Christian radio station. KCFO airs national shows such as Dave Ramsey, J. Vernon McGee, David Jeremiah, Dennis Rainey, and Albert Mohler.Richard Albert Mohler Jr. (born October 19, 1959), is an American historical theologian and the ninth president of the Southern Baptist Theological Seminary in Louisville, Kentucky. He has been described as ""one of America's most influential evangelicals"".",Richard Albert Mohler Jr. has been described as one of America's most influential evangelicals.,PASS,PASS,Cat5,Comparative / Superlative,TRUE,CLEAR,Annotator B
RQ3-0441,441,Who is won the most super bowl games?,"conference champions to determine the NFL's league champion. Currently, the National Football Conference leads the league with 27 wins to 25 wins for the American Football Conference. The Pittsburgh Steelers have the most Super Bowl championship titles, with six. The New England Patriots have the most Super Bowl appearances, with ten. Charles Haley and Tom Brady both have five Super Bowl rings, which is the record for the most rings won by a single player. The day on which the Super Bowl is played, now considered by some as an unofficial American national holiday, is called ""Super Bowl Sunday"". It

Active NFL head coach career Super Bowl history There are 32 head coaches in the National Football League (NFL) for the 32 respective teams. Twenty-one of the current head coaches have won at least one Super Bowl as either a head coach, assistant coach, or as a player throughout their career in the NFL while all but 5 have participated in at least one. Bill Belichick has the most Super Bowl wins throughout his career among active head coaches with 7 (5 as a head coach and 2 as a defensive coordinator), as well the most losses with 4 (3

points. This would also be a record fifth Super Bowl victory for the Brady–Belichick quarterback-head coach combo. For Tom Brady, this would be his fifth. With the Super Bowl win, he broke his tie with hall of fame quarterbacks Joe Montana and Terry Bradshaw who both have four wins each. Moreover, head coach Bill Belichick's fifth Super Bowl meant he surpassed Hall of Fame coach Chuck Noll (4) for most wins in the Super Bowl by a head coach. Two-time Pro Bowl linebacker and 2008 AP NFL Defensive Rookie of the Year Jerod Mayo announced his retirement in February 2016.

the Green Bay Packers and New York Giants have four Super Bowl championships. Fourteen other NFL franchises have won at least one Super Bowl. Eight teams have appeared in Super Bowl games without a win. The Minnesota Vikings were the first team to have appeared a record four times without a win. The Buffalo Bills played in a record four Super Bowls in a row and lost every one. Four teams (the Cleveland Browns, Detroit Lions, Jacksonville Jaguars, and Houston Texans) have never appeared in a Super Bowl. The Browns and Lions both won NFL Championships prior to the creation

the 20 Super Bowls during these two decades, including 13 straight from Super Bowl XIX to Super Bowl XXXI. The NFC's winning streak was only interrupted when the Los Angeles Raiders routed the Washington Redskins, 38-9 in Super Bowl XVIII. The most successful team of the 1980s was the San Francisco 49ers, which featured the West Coast offense of Hall of Fame head coach Bill Walsh. This offense was led by three-time Super Bowl MVP and Hall of Fame quarterback Joe Montana, Super Bowl MVP and Hall of Fame wide receiver Jerry Rice, running back Roger Craig, and defensive safety/cornerback","Bill Belichick has seven career Super Bowl wins, the most among active NFL head coaches.",PASS,PASS,Cat5,Comparative / Superlative,TRUE,CLEAR,Annotator B
RQ3-0442,442,What record was taken from Makes Me Wonder by an American Idol winner 2002?," Upon release, the song set a record for the biggest jump to number-one in the history of the ""Billboard"" Hot 100 chart, rising from number 64 to number-one. She rose to fame in 2002 after winning the inaugural season of the television series ""American Idol"", which earned her a record deal with RCA Records.",The biggest jump to number-one occurred in the history.,PASS,PASS,Cat5,Comparative / Superlative,TRUE,CLEAR,Annotator B
RQ3-0443,443,Which plant is considered the southernmost fern in the world?," By far the greatest species diversity is in tropical regions of the Southern Hemisphere, with only a few species reaching cool temperate latitudes in the Southern Hemisphere (notably ""B. penna-marina"", south to Cape Horn, Chile, the southernmost fern in the world) and Northern Hemisphere (notably ""B. spicant"", north to Iceland and northern Norway).Hakea (pincushion tree) is a genus of 149 species of shrubs and small trees in the Proteaceae, native to Australia.",B. penna-marina is the southernmost fern in the world.,PASS,PASS,Cat5,Comparative / Superlative,TRUE,CLEAR,Annotator B
RQ3-0444,444,"Which genus has more species, Eccremocarpus or Pittosporum?","""Calampelis"" D.Don) is a genus of five species of flowering plants in the family Bignoniaceae, native to western South America in Chile, western Argentina, and Peru.Pittosporum ( or ) is a genus of about 200 species of flowering plants in the family Pittosporaceae.",Pittosporum has more species than Eccremocarpus.,PASS,PASS,Cat5,Comparative / Superlative,TRUE,CLEAR,Annotator B
RQ3-0445,445,What is the oldest version of microsoft windows?,"Microsoft Windows version history Microsoft Windows was announced by Bill Gates on November 10, 1983. Microsoft introduced Windows as a graphical user interface for MS-DOS, which had been introduced a couple of years earlier. In the 1990s, the product line evolved from an operating environment into a fully complete, modern operating system over two lines of development, each with their own separate codebase. The first versions of Windows (1.0 through to 3.11) were graphical shells that run from MS-DOS; later on, Windows 95, though still being based on MS-DOS, was its own operating system, using a 16-bit DOS-based kernel and

until December 31, 2001 – the longest out of all versions of Windows. Version 1.01, released on November 20, 1985, was the first public release of Windows 1.0. Version 1.02, released in May 1986, was an international release. Version 1.03, released in August 1986, included enhancements that made it consistent with the international release like drivers for European keyboards and additional screen and printer drivers. Version 1.04, released in April 1987, added support for the new IBM PS/2 computers, although no support for PS/2 mice or new VGA graphics modes was provided. Windows 1.0 offers limited multitasking of existing MS-DOS

of 3.2 or lower. Windows NT, which was aimed at professional users such as networks and businesses, used a similar but separate version number between 3.1 and 4.0. The final version of Windows 9x was Windows ME, released in September 2000 with an internal version number of 4.9. All future versions of Windows, starting with Windows XP, would be based on the Windows NT codebase. The first independent version of Microsoft Windows, version 1.0, released on 20 November 1985, achieved little popularity. Its name was initially ""Interface Manager"", but Rowland Hanson, the head of marketing at Microsoft, convinced the company

home users. Windows 2000 was available in four editions: In September 2000, Microsoft released a successor to Windows 98 called Windows ME, short for ""Millennium Edition"". It was the last DOS-based operating system from Microsoft. Windows ME introduced a new multimedia-editing application called Windows Movie Maker, came standard with Internet Explorer 5.5 and Windows Media Player 7, and debuted the first version of System Restore – a recovery utility that enables the operating system to revert system files back to a prior date and time. System Restore was a notable feature that would continue to thrive in all later versions

screen. Windows 10 was well-received, with many reviewers stating that Windows 10 is what Windows 8 should have been. Windows 10 also marks the last version of Windows to be traditionally released. Instead, ""feature updates"" are released twice a year with names such as ""Creators Update"" and ""Fall Creators Update"" that introduce new capabilities. The first independent version of Microsoft Windows, version 1.0, released on November 20, 1985, achieved little popularity. The project was briefly codenamed ""Interface Manager"" before the windowing system was developed - contrary to popular belief that it was the original name for Windows and Rowland Hanson,",Microsoft Windows 1.0 was the first independent version of Microsoft Windows.,PASS,PASS,Cat5,Comparative / Superlative,TRUE,CLEAR,Annotator B
RQ3-0446,446,"What 1982 film, aired in 1983, was the seventh highest rated non-sports show and featured Kansas state highway K-10?","K-10 is a 38-mile (61 km) state highway in the U.S. state of Kansas. Several scenes for the TV-movie ""The Day After"" were filmed on the highway in 1982 portraying a mass exodus evacuating the Kansas City area on I-70.The Day After is an American television film that first aired on November 20, 1983, on the ABC television network. With a 46 rating and a 62% share of the viewing audience during its initial broadcast, it was the seventh highest rated non-sports show up to that time and set a record as the highest-rated television film in history—a record it still held as recently as a 2009 report.",The Day After was one of the highest-rated television films in history.,PASS,PASS,Cat5,Comparative / Superlative,TRUE,CLEAR,Annotator B
RQ3-0447,447,Sergeant James B. Bell received what honor for his actions in the war that broke out April 1861 ,"Sergeant James B. Bell (August 9, 1835 – June 30, 1910) was an American soldier who fought in the American Civil War and a recipient of the U.S. military's highest decoration, the Medal of Honor, for his actions at the Battle of Missionary Ridge on November 25, 1863. The result of a long-standing controversy over slavery, war broke out in April 1861, when Confederates attacked Fort Sumter in South Carolina, shortly after Abraham Lincoln was inaugurated.",The Medal of Honor is the highest military decoration.,PASS,PASS,Cat5,Comparative / Superlative,TRUE,CLEAR,Annotator B
RQ3-0448,448,Where did the idea of representative government first develop?,"within the Christian Church, democracy came to be understood as representative democracy in this second phase. Contrary to what other sources have often suggested, Keane points out that the oldest roots of that democratic model are in fact undemocratic. The first parliament was not English, but Spanish. Keane locates the birth of representative parliaments in the cloisters of San Isidoro Church, in León, Northern Spain - the site where King Alfonso IX convened the first cortes in 1188 CE. Yet it took several centuries before the term representation began to be used in conjunction with democracy. The birthplace of talk

is deeply answerable. Your representative owes you, not his industry only, but his judgment; and he betrays, instead of serving you, if he sacrifices it to your opinion. The Roman Republic was the first known government in the western world to have a representative government, despite taking the form of a direct government in the Roman assemblies. The Roman model of governance inspired many political thinkers over the centuries, and today's modern representative democracies imitate more the Roman than the Greek models because it was a state in which supreme power was held by the people and their elected representatives,

of these were ""direct"" rather than ""indirect"" expressions of democracy, since their members were the people themselves rather than representatives of the people. The idea of an assembly of representatives, a ""representative assembly"", as a political institution of a literate society first appeared in Europe in the Middle Ages, more specifically in the twelfth to fifteenth centuries. Perhaps it was brought into being by rulers determined to avoid being overawed by their powerful warrior barons by appealing to lower ranks of society: lesser landowners, townsmen and clergy. Whatever the explanation for its emergence, it is considered by many to be

government originated in ancient Athens circa 508 B.C. In ancient Greece, where there were many city-states with different forms of government, democracy was contrasted with governance by elites (aristocracy), by one person (monarchy), by tyrants (tyranny), etc. In recent decades scholars have explored the possibility that advancements toward democratic government occurred somewhere else (i.e. other than Greece) first, as Greece developed its complex social and political institutions long after the appearance of the earliest civilizations in Egypt and the Near East. Studying pre-Babylonian Mesopotamia, Thorkild Jacobsen used Sumerian epic, myth, and historical records to identify what he has called ""primitive

king and its officers to the laws of the Principality. In England, Simon de Montfort is remembered as one of the fathers of representative government for holding two famous parliaments. The first, in 1258, stripped the King of unlimited authority and the second, in 1265, included ordinary citizens from the towns. Later, in the 17th century, the Parliament of England pioneered some of the ideas and systems of liberal democracy culminating in the Glorious Revolution and passage of the Bill of Rights 1689. In the Kingdom of Great Britain, the monarch, in theory, chaired cabinet and chose ministers. In practice,",The Roman Republic was the first known representative government in the Western world.,PASS,PASS,Cat5,Comparative / Superlative,TRUE,CLEAR,Annotator B
RQ3-0449,449,Where are the highest temperatures on earth recorded?,"Highest temperature recorded on Earth According to the World Meteorological Organization (WMO), the highest registered air temperature on Earth was in Furnace Creek Ranch, California, located in the Death Valley desert in the United States, on July 10, 1913. The WMO itself admits that ""[a]fter examining the temperature record in detail, [it was] noted that this temperature may be the result of a sandstorm that occurred at the time. Such a storm may have caused superheated surface materials to hit upon the temperature in the shelter"" - what would mean the recording did not refer to air temperature. Weather historians

which was recorded in 2005 in the Lut Desert, Iran. The Lut Desert was also found to have the highest maximum temperature in 5 of the 7 years measured (2004, 2005, 2006, 2007 and 2009). These measurements reflect averages over a large region and so are lower than the maximum point surface temperature. The following are unverified claims of extreme heat over the current world record of . Highest temperature recorded on Earth According to the World Meteorological Organization (WMO), the highest registered air temperature on Earth was in Furnace Creek Ranch, California, located in the Death Valley desert in

Extremes on Earth This article describes extreme locations on Earth. Entries listed in bold are Earth-wide extremes. Temperatures measured directly on the ground may exceed air temperatures by 30 to 50 °C. A ground temperature of 84 °C (183.2 °F) has been recorded in Port Sudan, Sudan. A ground temperature of 93.9 °C (201 °F) was recorded in Furnace Creek, Death Valley, California, United States on 15 July 1972; this may be the highest natural ground surface temperature ever recorded. The theoretical maximum possible ground surface temperature has been estimated to be between 90 and 100 °C for dry, darkish

(201 °F) was allegedly recorded in Furnace Creek Ranch on July 15, 1972. Temperature measurements via satellite also tend to capture occurrence of higher records but, due to complications involving satellite's altitude loss (a side effect of atmospheric friction), these measurements are often considered less reliable than ground-positioned thermometers. The highest recorded temperature taken by a satellite is , which was measured in the Flaming Mountains of China in 2008. Other satellite measurements of ground temperature taken between 2003 and 2009, taken with the MODIS infrared spectroradiometer on the Aqua satellite, found a maximum temperature of 70.7 °C (159.3 °F),

such as Christopher C. Burt also claim that the 1913 Death Valley reading is ""a myth"", and is at least too high. This same conclusion has also been reached by historians Dr. Arnold Court and William Taylor Reid. If the 1913 record were to be decertified, the highest recorded air temperature on Earth would be , recorded both in Death Valley on June 20, 2013, and in Mitribah, Kuwait on July 21, 2016. The standard measuring conditions for temperature are in the air, 1.5 meters above the ground, and shielded from direct sunlight. From 1922 until 2012, the WMO record",The WMO's highest registered temperature record is not a ground-temperature record; it is an air-temperature record.,PASS,FAIL,Cat2,Negation / Exception,TRUE,CLEAR,Annotator B
RQ3-0450,450,"What American novelist, memoirist, and essayist on literary and social topics, reviewed the book The Sexual Life of Catherine M.?","The Sexual Life of Catherine M. by the art critic Catherine Millet was published in the author's native French in 2001. It was reviewed by Edmund White as ""the most explicit book about sex ever written by a woman.""Edmund Valentine White III (born January 13, 1940) is an American novelist, memoirist, and an essayist on literary and social topics.","Edmund White described ""The Sexual Life of Catherine M."" as the most explicit book about sex ever written by a woman.",PASS,PASS,Cat5,Comparative / Superlative,TRUE,CLEAR,Annotator B
RQ3-0451,451,What was the most successful album on which Bret Michaels was the lead singer?,"He gained fame as the lead singer of the glam metal band Poison who have sold over 50 million records worldwide and 15 million records in the United States alone. The band's breakthrough debut album, the multi-platinum ""Look What the Cat Dragged In"", was released in 1986 and they hit their peak with the second album, ""Open Up and Say... Ahh!"", which became the band's most successful album, being certified 5x platinum in the US.",Poison's debut album Look What the Cat Dragged In was more successful than Open Up and Say... Ahh!.,PASS,PASS,Cat5,Comparative / Superlative,FALSE,CLEAR,Annotator B
RQ3-0452,452,The video with the most dislikes on youtube?,"video of all time with over 3.40 million likes. On December 14, 2016, shortly after the 2016 ""Rewind"" video was released, the ""Spotlight"" channel surpassed 1 billion total video views. On December 12, 2018, approximately 6 days and 10 hours after upload, YouTube Rewind 2018 became YouTube's most disliked video of all time, surpassing Justin Bieber's Baby. Shortly after, it also became the first YouTube video to reach 10 million dislikes, doing so in 6 days and 12 hours. The 2018 ""Rewind"" currently sits at over 13.3 million dislikes. In January 2014, ""YouTube Nation"" was launched on its own channel,

video on any German YouTube channel, more than twice as much as the former record holder. Worldwide, it is the eighth most disliked YouTube video, with only about 44.5 million views. With over 1.7 million dislikes, the music video became one of the most disliked videos on YouTube only a few days after uploading. Later, the video reached more than 2 million dislikes. Currently it is one of the top ten most disliked videos on YouTube with over 2.8 million dislikes. The song and the video also attracted mockery by other content creators who satirized it. A few days after

In"" reviewer concluded. The song has received almost universally negative reviews from music critics, for its songwriting, instrumentation, Black's singing voice, and the video choreography. Lyndsey Parker of ""Yahoo! Music"" asked if it could be ""the worst song ever."" On March 29, 2011, it surpassed Justin Bieber's ""Baby"" as the most disliked YouTube video, with 1.17 million dislikes, and once had over 3 million ""dislikes"", accounting for 88% of the total ratings of the video. The video was later removed, although it has since been officially re-uploaded. The co-writer and producer of ""Friday"", Clarence Jey, said about the song that

on its side following a rather rocky 2018."" ""Everyone Controls Rewind"" is currently the most disliked YouTube video of all time, with 13.3 million dislikes in comparison to its 2.2 million likes. It is also the first video to reach 10 million dislikes. ""Everyone Controls Rewind"" amassed 29.4 million views within 24 hours of release, making it the 13th most-viewed YouTube video in the first 24 hours. It currently has 139.2 million views. <onlyinclude></onlyinclude> <onlyinclude></onlyinclude> <onlyinclude></onlyinclude> <onlyinclude></onlyinclude> <onlyinclude></onlyinclude> Youtube Rewind 2017 had animation sequences, but they were mostly located at the end of the video. This included James Rallison (TheOdd1sOut),

particular year. [...] It became an honor to be included in Rewind. But now YouTube saw Rewind as a way to showcase all the best stuff that happens on YouTube for advertisers."" He concluded that ""Instead of honoring creators, it is now a list of advertiser-friendly content. Rewind has turned into a giant ad for YouTube."" On December 13, 2018, it became the most-disliked video in the history of the website, beating the previous record-holder: the music video for Justin Bieber’s ""Baby"". ""Everyone Controls Rewind"" currently has 14.0 million dislikes in comparison to its 2.3 million likes. It is also",Justin Bieber's 'Baby' remained the most disliked YouTube video even after YouTube Rewind 2018 was released.,PASS,PASS,Cat5,Comparative / Superlative,FALSE,CLEAR,Annotator B
RQ3-0453,453,"What is the capital and largest city of Bosnia, a location were the United Nations Security Council Resolution 727 was also signed?","United Nations Security Council resolution 727, adopted unanimously on 8 January 1992, after reaffirming resolutions 713 (1991), 721 (1991), 724 (1991) and considering a report by the Secretary-General Boutros Boutros-Ghali, the Council welcomed the recent signing of an agreement in Sarajevo regarding a ceasefire to the conflicts in the Socialist Federal Republic of Yugoslavia.Sarajevo (Cyrillic: Сарајево , ] , ) is the capital and largest city of Bosnia and Herzegovina, with a population of 275,524 in its current administrative limits.",Sarajevo is the second-largest city of Bosnia and Herzegovina.,PASS,PASS,Cat5,Comparative / Superlative,FALSE,CLEAR,Annotator B
RQ3-0454,454,Kevin W. Mangum is a lieutenant general for which branch of the United States Armed Forces?,"Kevin Wayne Mangum (born October 6, 1960) is a United States Army lieutenant general who serves as deputy commander and chief of staff, United States Army Training and Doctrine Command (TRADOC).The United States Army (USA) is the largest branch of the United States Armed Forces and performs land-based military operations.",The United States Army is the second-largest branch of the U.S. Armed Forces.,PASS,PASS,Cat5,Comparative / Superlative,FALSE,CLEAR,Annotator B
RQ3-0455,455,Beatles do you want to know a secret singer?,"Do You Want to Know a Secret ""Do You Want to Know a Secret?"" is a song by English rock group the Beatles from the 1963 album ""Please Please Me"", sung by George Harrison. In the United States, it was the first top ten song to feature Harrison as a lead singer, reaching No. 2 on the Billboard chart in 1964 as a single released by Vee-Jay, VJ 587. ""Do You Want to Know a Secret?"", written in autumn 1962, was primarily composed by John Lennon but credited to Lennon–McCartney. The 1963 version by Billy J. Kramer and the Dakotas

but Lennon, who always claimed the song as his own, explained in a 1980 interview that he had realized as soon as he had finished writing the song that it best suited Harrison. In 1980, Lennon said that he gave ""Do You Want to Know a Secret?"" to Harrison to sing because ""it only had three notes and he wasn't the best singer in the world"", but added ""he has improved a lot since then."" The song was recorded as part of their marathon ten-hour recording session on 11 February 1963 along with nine other songs for ""Please Please Me"".

Harrison sang two songs on ""Please Please Me""—this song by Lennon–McCartney and ""Chains"" by Goffin/King. ""Don't Bother Me"" would be Harrison's debut composition and appeared on the Beatles' next UK album ""With The Beatles"". ""Do You Want to Know a Secret?"" was released a year later as a single by Vee-Jay in the United States on 23 March 1964, reaching the number two spot behind another Beatles song, ""Can't Buy Me Love"" in ""Billboard"", reaching number three on the ""Cash Box"" chart, but reaching number one for two weeks in the chart published by the Teletheatre Research Institute. In the","George Harrison became a better singer than he had been when he first recorded ""Do You Want to Know a Secret"".",PASS,PASS,Cat5,Comparative / Superlative,TRUE,CLEAR,Annotator B
RQ3-0456,456,What building in the London Docklands lays claim to being the site of the oldest riverside tavern?,"Wapping's proximity to the river has given it a strong maritime character, which it retains through its riverside public houses and steps, such as the Prospect of Whitby and Wapping Stairs. It lays claim to being the site of the oldest riverside tavern, dating from around 1520.",The Prospect of Whitby is the second-oldest riverside tavern site in the London Docklands.,PASS,PASS,Cat5,Comparative / Superlative,FALSE,CLEAR,Annotator B
RQ3-0457,457,Was Jan Egil Storholt born in the third largest city in Norway?,"Jan Egil Storholt (born 13 February 1949) is a former speed skater from Norway. He was born in Trondheim. It is the third largest city in the country, with a population (2013) of 169,972 inhabitants within the city borders.",Jan Egil Storholt was born in one of Norway's largest cities.,PASS,PASS,Cat5,Comparative / Superlative,TRUE,CLEAR,Annotator B
RQ3-0458,458,The Monson Historical Society Museum is located in the town in what Maine county?,"The Monson Historical Society Museum is located on Main Street in the center of Monson, Maine.Monson is a town in Piscataquis County, Maine, United States.",Piscataquis County is the second least populous county in Maine.,PASS,PASS,Cat5,Comparative / Superlative,FALSE,CLEAR,Annotator B
RQ3-0459,459,Where does most star formation take place in the milky way?,"star. Although the disk contains dust that obscures the view in some wavelengths, the halo component does not. Active star formation takes place in the disk (especially in the spiral arms, which represent areas of high density), but does not take place in the halo, as there is little gas cool enough to collapse into stars. Open clusters are also located primarily in the disk. Discoveries in the early 21st century have added dimension to the knowledge of the Milky Way's structure. With the discovery that the disk of the Andromeda Galaxy (M31) extends much further than previously thought, the

Star formation Star formation is the process by which dense regions within molecular clouds in The ""medium"" is present further soon.-->interstellar space, sometimes referred to as ""stellar nurseries"" or ""star-forming regions"", collapse and form stars. As a branch of astronomy, star formation includes the study of the interstellar medium (ISM) and giant molecular clouds (GMC) as precursors to the star formation process, and the study of protostars and young stellar objects as its immediate products. It is closely related to planet formation, another branch of astronomy. Star formation theory, as well as accounting for the formation of a single star,

form clouds, or ""diffuse nebulae"", where star formation takes place. In contrast to spirals, an elliptical galaxy loses the cold component of its interstellar medium within roughly a billion years, which hinders the galaxy from forming diffuse nebulae except through mergers with other galaxies. In the dense nebulae where stars are produced, much of the hydrogen is in the molecular (H) form, so these nebulae are called molecular clouds. Observations indicate that the coldest clouds tend to form low-mass stars, observed first in the infrared inside the clouds, then in visible light at their surface when the clouds dissipate, while

Westerhout 43 Westerhout 43, also known as W43, is a region of star formation of our galaxy located in the constellation of Aquila at a distance of 6 kilo-parsecs (nearly 20,000 light-years) of the Sun, that is considered the region of the Milky Way that is most actively forming stars. Despite this, however, it is so heavily obscured by the interstellar dust that it is totally invisible in the optical and must be studied using other wavelengths that are not affected by it, such as the infrared or the radio waves. This star-forming region is located in the ""5-kpc ring"",

and made another disk crossing as recently as 50 to 100 million years ago until it is where we observe it to be now, slightly behind M51. The central region of M51 appears to be undergoing a period of enhanced star formation. The present efficiency of star formation, defined as the ratio of mass of new stars to the mass of star-forming gas, is only ~1%, quite comparable to the global value for the Milky Way and other galaxies. It is estimated that the current high rate of star formation can last no more than another 100 million years or",The Milky Way's halo has more active star formation than its disk.,PASS,PASS,Cat5,Comparative / Superlative,FALSE,CLEAR,Annotator B
RQ3-0460,460,What event held by the Ultimate Fighting Championship was the largest regulated professional MMA event?," This paved the way for the largest regulated professional MMA event, UFC 129, which was held on April 30, 2011 at the Rogers Centre in Toronto.UFC 129: St-Pierre vs. Shields was a mixed martial arts event held by the Ultimate Fighting Championship on Saturday, April 30, 2011 at Rogers Centre in Toronto, Ontario, Canada.",UFC 129 had the most attendees.,PASS,PASS,Cat5,Comparative / Superlative,TRUE,CLEAR,Annotator B
RQ3-0461,461,4. which latitudes experience the greatest annual change in daylight hours?,"days. At middle latitudes, far from both the Equator and the poles, variations in the length of daytime are moderate. In the higher middle latitudes where Montreal, Paris and Ushuaia are located, the difference in the length of the day from summer to winter can be very noticeable: the sky may still be lit at 10 pm in summer, but may be dark at 5 pm in winter. In the lower middle latitudes where Southern California, Egypt and South Africa are located, the seasonal difference is smaller, but still results in approximately 4 hours difference in daylight between the winter

all other latitudes varies with the seasons. During the winter, daytime lasts shorter than 12 hours; during the summer, it lasts longer than 12 hours. Northern winter and southern summer concur, while northern summer and southern winter concur. At the Equator, the daytime period always lasts about 12 hours, regardless of season. As viewed from the Equator, the Sun always rises and sets vertically, following an apparent path nearly perpendicular to the horizon. Due to the axial tilt of Earth, Sun always lies within 23.5° north or south of the celestial equator, so the subsolar point always lies within the

point on Earth. However, there are physical and astronomical effects that change that picture. Namely, atmospheric refraction allows the Sun to be still visible even when it physically sets below the horizon. For that reason, average daytime (disregarding cloud effects) is longest in polar areas, where the apparent Sun spends the most time around the horizon. Places on the Arctic Circle have the longest total annual daytime, 4,647 hours, while the North Pole receives 4,575. Because of elliptic nature of the Earth's orbit, the Southern Hemisphere is not symmetrical: the Antarctic Circle, with 4,530 hours of daylight, receives five days

39th parallel north The 39th parallel north is a circle of latitude that is 39 degrees north of the Earth's equatorial plane. It crosses Europe, the Mediterranean Sea, Asia, the Pacific Ocean, North America, and the Atlantic Ocean. At this latitude the sun is visible for 14 hours, 54 minutes during the summer solstice and 9 hours, 26 minutes during the winter solstice. Daylight along the 39th parallel north falls under 10 hours a day starting on 18 November and returns to over ten hours a day beginning 24 January. Crops and other plant growth is considerably slowed during this

few days past the fall equinox). This phenomenon of more daylight than night is not unique to the poles. In fact, at any given time slightly more than half of the earth is in daylight. The 24 hours of summer daylight is known as the midnight sun that is famous in some northern countries. To the north, the Arctic Circle marks this 23.5° boundary. To the south, the Antarctic Circle marks the boundary. These boundaries correspond to 66.5° north or south latitude, respectively. Because the Sun's disc itself is about half a degree in diameter and is very bright, truly",The Equator experiences a greater annual change in daylight hours than higher latitudes.,PASS,PASS,Cat5,Comparative / Superlative,FALSE,CLEAR,Annotator B
RQ3-0462,462,Who won the sprint 15km men’s cross country skiing event in sochi in 2014?,"Cross-country skiing at the 2014 Winter Olympics – Men's team sprint The men's team sprint cross-country skiing competition in the classical technique at the 2014 Sochi Olympics took place on 19 February at Laura Biathlon & Ski Complex. The race was won by Finland's Iivo Niskanen and Sami Jauhojärvi, followed by Russia's Maxim Vylegzhanin and Nikita Kriukov second (+0.97 seconds) and Sweden's Emil Jönsson and Teodor Peterson third (+15.12 seconds). Teamed up with Hannes Dotzler, Germany's anchor Tim Tscharnke clashed with Jauhojärvi's skis in the last leg, as Jauhojärvi changed his line. The results were protested by Germany, but the

Cross-country skiing at the 2014 Winter Olympics – Men's sprint The men's freestyle sprint cross-country skiing competition in the free technique at the 2014 Sochi Olympics took place on 11 February at Laura Biathlon & Ski Complex. Ola Vigen Hattestad won the gold medal. An athlete with a maximum of 100 FIS distance points (the A standard) will be allowed to compete in both or one of the events (sprint/distance). An athlete with a maximum 120 FIS sprint points will be allowed to compete in the sprint event and 10 km for women or 15 km for men provided their

Cross-country skiing at the 2014 Winter Olympics – Men's 30 kilometre skiathlon The men's 30 kilometre skiathlon cross-country skiing competition at the 2014 Sochi Olympics was held on 9 February 2014 at 14:00 MSK at the Laura Biathlon & Ski Complex. Dario Cologna from Switzerland won the gold medal. Marcus Hellner, the defending Olympic champion from Sweden, finished second, and Martin Johnsrud Sundby from Norway came third. For much of the free skiing half of the course about fifteen athletes were skiing together, and only close to the stadium, a group of four, Cologna, Hellner, Sundby and Maxim Vylegzhanin escaped.

Cross-country skiing at the 2014 Winter Olympics – Men's 50 kilometre freestyle The men's 50 kilometre freestyle cross-country skiing competition at the 2014 Sochi Olympics took place on 23 February at Laura Biathlon & Ski Complex. Initially, the podium was taken by Alexander Legkov (gold), Maxim Vylegzhanin (silver), and Ilia Chernousov (bronze), all represented Russia. This was the first clean sweep in men's cross-country skiing since 1992, when all medals were won by Norwegians and the first ever for Russia/Soviet Union. For all medalists, this was the first individual Olympic medal. In November 2017, Legkov and Vylegzhanin were disqualified for

Cross-country skiing at the 2014 Winter Olympics – Men's 15 kilometre classical The men's 15 kilometre classical cross-country skiing competition at the 2014 Sochi Olympics took place on 14 February at Laura Biathlon & Ski Complex. Dario Cologna from Switzerland was the defending champion from Vancouver and was successful in defending the title. Johan Olsson and Daniel Richardsson from Sweden took silver and bronze. An athlete with a maximum of 100 FIS distance points (the A standard) will be allowed to compete in both or one of the event (sprint/distance). An athlete with a maximum 120 FIS sprint points will",Johan Olsson finished ahead of Dario Cologna to win the men's 15 km classical cross-country skiing event at the 2014 Sochi Olympics.,PASS,PASS,Cat5,Comparative / Superlative,FALSE,CLEAR,Annotator B
RQ3-0463,463,"Which genus has more species, Oemleria or Lygodium?","Oemleria cerasiformis, a shrub commonly known as osoberry or Indian plum, is the sole species in genus Oemleria.Lygodium (climbing fern) is a genus of about 40 species of ferns, native to tropical regions across the world, with a few temperate species in eastern Asia and eastern North America.",Oemleria has more species than Lygodium.,PASS,PASS,Cat5,Comparative / Superlative,FALSE,CLEAR,Annotator B
RQ3-0464,464,808 peaked at number eight on what?,"""808"" was a success in the United States becoming the group's first top ten hit peaking at number eight on the ""Billboard"" Hot 100 and top five peaking at number four on the Hot R&B/Hip-Hop Singles.The ""Billboard"" Hot 100 is the music industry standard record chart in the United States for singles, published weekly by ""Billboard"" magazine.","""808"" peaked at number nine on the Billboard Hot 100.",PASS,PASS,Cat5,Comparative / Superlative,FALSE,CLEAR,Annotator B
RQ3-0465,465,What film directed by Peter Hyams was one of Jean-Claude Van Damme's most successful?," The most successful of these films include ""Bloodsport"" (1988), ""Kickboxer"" (1989), ""Lionheart"" (1990), ""Double Impact"" (1991), ""Universal Soldier"" (1992), ""Hard Target"" (1993), ""Street Fighter"" (1994), ""Timecop"" (1994), ""Sudden Death"" (1995), ""JCVD"" (2008) and ""The Expendables 2"" (2012).Sudden Death is a 1995 American action film directed by Peter Hyams, and starring Jean-Claude Van Damme, Powers Boothe, and Dorian Harewood.",The most successful film directed by Peter Hyams was Sudden Death.,PASS,PASS,Cat5,Comparative / Superlative,FALSE,CLEAR,Annotator B
RQ3-0466,466,Does Jet or Real Simple come out more times in a year?,"Jet is a digital magazine. As an American weekly marketed toward African-American readers, it was founded in 1951 by John H. Johnson of the Johnson Publishing Company in Chicago, Illinois. Initially billed as ""The Weekly Negro News Magazine"", ""Jet"" is notable for its role in chronicling the Civil Rights Movement from its earliest years, including coverage of the Emmett Till murder, the Montgomery bus boycott, and Martin Luther King Jr.Real Simple is a monthly women's interest magazine launched by Time Inc. in 2000.",Real Simple is published more frequently in a year than Jet.,PASS,PASS,Cat5,Comparative / Superlative,FALSE,CLEAR,Annotator B
RQ3-0467,467,Most number of national awards for best actress?,"was also ""nominated"" for the Filmfare Award Vidya Balan and Priyanka Chopra, with three wins each, have more Best Actress wins than any other actress. Followed by Deepika Padukone with two wins. Two actresses have won the award in consecutive years; in chronological order, they are Priyanka Chopra (2009-10) and Vidya Balan (2011–13). There has been only one tie in the history of this category. This occurred in 2011 when Anushka Sharma and Vidya Balan were both given the award. Deepika Padukone, holds the record for most nominations in the Best Actress category, with 8, followed by Priyanka Chopra (7).

Deepika Padukone and Priyanka Chopra are the overall most-nominated performers in the female acting categories, with 8 nominations overall. Deepika having 8 for Best Actress, and Priyanka having 7 for Best Actress and 1 for Best Supporting Actress. Deepika Padukone also holds the record for most consecutive year nominations with 7 between 2013 and 2016, being nominated thrice in 2014 and twice in 2016. Deepika Padukone who received three out of the six nominations of this category in 2014 (and eventually won for ""Chennai Express""), holds the record for the highest number of Best Actress nominations in a single year.

and Urdu. The first recipient was Nargis Dutt from Bollywood, who was honoured at the 15th National Film Award (1968) for her performance in ""Raat Aur Din"". The actress who won the most number of Rajat Kamal awards is Shabana Azmi with five wins, followed by Sharada with three. As of 2016, five actresses—Smita Patil, Archana, Shobana, Tabu, and Kangana Ranaut—have won the award two times. Sharada, Archana and Shobana are the only three actresses to get the award for performing in two different languages. Sharada was bestowed with the awards for her performances in two Malayalam films: ""Thulabharam"" and

the Best Actress"". Throughout the years, accounting for ties and repeat winners, the Government of India has presented a total of 52 Best Actress awards to 41 different actresses. Until 1974, winners of the National Film Award received a figurine and certificate; since 1975, they have been awarded with a ""Rajat Kamal"" (silver lotus), certificate and a cash prize that amounted to in 2012. Although the Indian film industry produces films in more than 20 languages and dialects, the actresses whose performances have won awards have worked in ten major languages: Assamese, Bengali, English, Hindi, Kannada, Malayalam, Marathi, Tamil, Telugu

a cash prize of 50,000 (US$780). Including ties and repeat winners, the DFF has presented a total of 33 Best Supporting Actress awards to 34 different actresses. Although Indian cinema produces films in more than 20 languages, the performances of films that have won awards are of ten languages: Bengali, English, Hindi, Meitei, Marathi, Malayalam, Oriya, Tamil, Haryanvi and Urdu. The first recipient was Rohini Hattangadi, who was honoured at the 32nd National Film Awards for her performance in the Hindi film ""Party"" (1984). , two actresses— Surekha Sikri and K. P. A. C. Lalitha— have been honoured twice. Sikri",Sharada has won more National Film Awards for Best Actress than Shabana Azmi.,PASS,PASS,Cat5,Comparative / Superlative,FALSE,CLEAR,Annotator B
RQ3-0468,468,"Per-Olov Kindgre, is a Swedish classical guitarist, composer and music teacher, born in Colombia, in which capital and largest city of Colombia administered as the Capital District, although often thought of as part of Cundinamarca?","Per-Olov Kindgren (born June 10, 1956 in Bogotá, Colombia) is a Swedish classical guitarist, composer and music teacher known for his classical guitar playing, ranging from Bach to The Beatles.Bogotá ( , , ; ] ), officially Bogotá, Distrito Capital, abbreviated Bogotá, D.C. (during the time of Spanish rule, and also from 1991 to 2000, called Santa Fé de Bogotá) is the capital and largest city of Colombia administered as the Capital District, although often thought of as part of Cundinamarca.",Bogotá is the second-largest city of Colombia.,PASS,PASS,Cat5,Comparative / Superlative,FALSE,CLEAR,Annotator B
RQ3-0469,469,Who is the next king or queen of england?,"Catholics are eligible. Queen Elizabeth II is the sovereign, and her heir apparent is her eldest son, Charles, Prince of Wales. Next in line after him is Prince William, Duke of Cambridge, the Prince of Wales's elder son. Third in line is Prince George, the eldest child of the Duke of Cambridge, followed by his sister, Princess Charlotte and younger brother, Prince Louis. Sixth in line is Prince Harry, Duke of Sussex, the younger son of the Prince of Wales. Under the Perth Agreement, which came into effect in 2015, only the first six in line of succession require the

Elizabeth II Elizabeth II (Elizabeth Alexandra Mary; born 21 April 1926) is Queen of the United Kingdom and the other Commonwealth realms. Elizabeth was born in London as the first child of the Duke and Duchess of York, later King George VI and Queen Elizabeth, and she was educated privately at home. Her father acceded to the throne on the abdication of his brother King Edward VIII in 1936, from which time she was the heir presumptive. She began to undertake public duties during the Second World War, serving in the Auxiliary Territorial Service. In 1947, she married Philip, Duke

patent. The legitimate and legal heir of Elizabeth I was therefore ""Anne Stanley, Countess of Castlehaven"" (the marriage of Lady Catherine Grey having been annulled, and her children declared illegitimate, by Elizabeth I). Her succession, under this theory, follows: Since ""Lady Anne Stanley""'s line is thought to have become extinct with the death of ""Elizabeth Doughty"", the line then passes to the descendants of Lady Anne's sister, Lady Frances Stanley: Lady Caroline's heir-apparent is her son Timothy Elliot-Murray-Kynynmound, 7th Earl of Minto. Although the ""9th Earl of Jersey"" had sons from a third marriage, he had been divorced from his

in the Waipoua Forest of Northland Region, New Zealand. Until 26 March 2015, Tāne was ahead of Senna in the line of succession to the British throne, as the monarchy's 300-year-old Act of Settlement gave sons priority over daughters. When the Succession to the Crown Act 2013 took effect in all Commonwealth realms in 2015, Senna became the nearest relative of the reigning monarch, Queen Elizabeth II, to be affected by the change in law, which advanced her proximity to the Crown by reversing her place in the order of succession with that of her younger brother. Senna and Tāne

Queen Letizia of Spain Letizia Ortiz Rocasolano (; born 15 September 1972) is the current Queen of Spain as the wife of King Felipe VI. Letizia Ortiz came from a middle-class family and worked as a journalist for ""ABC"" and EFE before becoming a news anchor at CNN+ and Televisión Española. In 2003, it was announced that she was engaged to marry Felipe, then Prince of Asturias and heir apparent to the Spanish throne. They married in 2004. Their daughters, Leonor and Sofía, were born in 2005 and 2007 respectively. As Princess of Asturias, Letizia represented her father-in-law, King Juan","Prince William was ahead of Charles, Prince of Wales, in the line of succession to Queen Elizabeth II.",PASS,PASS,Cat5,Comparative / Superlative,FALSE,CLEAR,Annotator B
RQ3-0470,470,Where did Eve Meyer die?,"She was killed in the Tenerife airport disaster in 1977, the worst aviation accident in history.On March 27, 1977, two Boeing 747 passenger jets, KLM Flight 4805 and Pan Am Flight 1736, collided on the runway at Los Rodeos Airport (now Tenerife North Airport), on the Spanish island of Tenerife, Canary Islands, killing 583 people in the deadliest accident in aviation history.",The Tenerife airport disaster in which Eve Meyer died was the second-deadliest aviation accident in history.,PASS,PASS,Cat5,Comparative / Superlative,FALSE,CLEAR,Annotator B
RQ3-0471,471,Which singer whose stage name references a New York City subway station debuted her first album at number two on the Billboard 200 chart?," ""Badlands"" debuted at number two on the ""Billboard"" 200 chart with first-week sales of 97,000 copies. Her stage name is a reference to the Halsey Street station of the New York City Subway in Brooklyn, and an anagram of her first name.",The singer's first album ranked at number three.,PASS,FAIL,Cat5,Comparative / Superlative,FALSE,CLEAR,Annotator B
RQ3-0472,472,"Who was born first, Franco Malerba or Wubbo Ockels?","Franco Egidio Malerba (born October 10, 1946, in Busalla, Metropolitan City of Genoa, Italy) is an astronaut.Wubbo Johannes Ockels (28 March 1946 – 18 May 2014) was a Dutch physicist and an astronaut of the European Space Agency (ESA).",Franco Egidio Malerba was born earlier than Wubbo Ockels.,PASS,PASS,Cat5,Comparative / Superlative,FALSE,CLEAR,Annotator B
RQ3-0473,473,What member of the Federation of Indian Airlines is the largest Asian low-cost carrier?,"The Federation of Indian Airlines (FIA) is an airline industry body in India. Its members are Jet Airways, IndiGo, SpiceJet and GoAir.IndiGo is a low-cost airline headquartered at Gurgaon, Haryana, India. It is also the largest individual Asian low-cost carrier in terms of jet fleet size and passengers carried, and the eighth largest carrier in Asia with over 41 million passengers carried in 2016.",IndiGo is the second-largest individual Asian low-cost carrier.,PASS,PASS,Cat5,Comparative / Superlative,FALSE,CLEAR,Annotator B
RQ3-0474,474,"What structure does Proctor, North Carolina and Fontana Lake have in common?"," The town was flooded by Fontana Lake, which was created by the construction of the Fontana Dam, and remains submerged unless lake levels are very low.Fontana Lake is a reservoir impounded by Fontana Dam on the Little Tennessee River located in Graham and Swain counties in North Carolina.","Proctor, North Carolina remains submerged when Fontana Lake's water level is above the very-low range.",PASS,FAIL,Cat3,Quantifier / Boundary,TRUE,CLEAR,Annotator B
RQ3-0475,475,Which album has the re-recorded version of Lords of Summer and holds the record for having longest gap between its previous album?,"""Lords of Summer"" is a song by heavy metal band Metallica. In 2016, a re-recorded version was listed as a song on the deluxe edition of Metallica's tenth studio album, ""Hardwired... to Self-Destruct"", clocking in at over a minute shorter in length than the demo and first pass version. The song was later re-recorded as a bonus track on the third disc of Hardwired... to Self-Destruct.Hardwired... to Self-Destruct is the tenth studio album by American heavy metal band Metallica, released as a double album on November 18, 2016 by their vanity label Blackened Recordings. It is their first studio album in eight years following ""Death Magnetic"" (2008), marking the longest gap between two studio albums in the band's career. ""Hardwired... to Self-Destruct"" was produced by Greg Fidelman, who engineered and mixed ""Death Magnetic"".",Hardwired... to Self-Destruct marked the shortest gap between two Metallica studio albums.,PASS,PASS,Cat5,Comparative / Superlative,FALSE,CLEAR,Annotator B
RQ3-0476,476,Who's won the most world series in baseball?,"teams have won 66 of the 114 World Series played (57.9%). The New York Yankees have won 27 titles, accounting for 23.7% of all series played and 40.9% of the wins by American League teams. The St. Louis Cardinals have won 11 World Series, accounting for 9.6% of all series played and 23% of the 48 National League victories. When the first modern World Series was played in 1903, there were eight teams in each league. These 16 franchises, all of which are still in existence, have each won at least two World Series titles. The number of teams was

became the 11th team to lose the World Series in consecutive seasons. In the American League, the New York Yankees have played in 40 World Series and won 27, the Philadelphia/Kansas City/Oakland Athletics have played in 14 and won 9, and the Boston Red Sox have played in 14 and won 9, including the first World Series. In the National League, the St. Louis Cardinals have appeared in 19 and won 11, the New York/San Francisco Giants have played in 20 and won 8, the Brooklyn/Los Angeles Dodgers have appeared in 20 and won 6, and the Cincinnati Reds have

on World Series rings. The New York Yankees Museum, located in Yankee Stadium, has an exhibit with replicas of all Yankees' World Series rings, including the pocket watch given after the 1923 World Series. Yogi Berra won the most World Series rings with 10, as a player. Frankie Crosetti won 17 as a player and as a coach. Yogi Berra Museum and Learning Center. World Series ring A World Series ring is an award given to Major League Baseball players who win the World Series. Since only one Commissioner's Trophy is awarded to the team, a World Series ring is

White Sox, due to the Astros moving to the American League in 2013. The Brewers and Cardinals would later meet in the 2011 National League Championship Series, with the Cardinals winning that series four games to two. As in 1982, the Cardinals won the 2011 World Series in seven games, this time against the Texas Rangers. As of 2015, the Cardinals' 11 championships are the most won by any National League team, and second only to the New York Yankees, who have 27. As of the 1982 World Series victory, the Cardinals had 9 championships compared to the Yankees' 22.

the National League champion; two seasons did not end in playing a World Series (1904, when the National League champion New York Giants refused to play their AL counterpart, and 1994, when a players' strike prevented the Series). Through 2018, American League teams have won 66 of the 114 World Series played since 1903, with 27 of those coming from the New York Yankees alone. The New York Yankees have won 40 American League titles, the most in the league's history, followed by the Philadelphia/Kansas City/Oakland Athletics (15) and the Boston Red Sox (14). Originally a minor league known as",The St. Louis Cardinals have won more World Series championships than the New York Yankees.,PASS,PASS,Cat5,Comparative / Superlative,FALSE,CLEAR,Annotator B
RQ3-0477,477,How long did finding neverland run on broadway?,"Finding Neverland (musical) Finding Neverland is an original musical with music and lyrics by Scott Frankel and Michael Korie and a book by James Graham. Inspired by the 1998 play ""The Man Who Was Peter Pan"" by Allan Knee and his 2004 adaptation ""Finding Neverland"", the musical made its world premiere at the Curve Theatre in Leicester in 2012, with the reworked version making its world premiere in 2014 at the American Repertory Theater in Cambridge, Massachusetts. Following completion of its Cambridge run, the production transferred to Broadway in March 2015. After 17 months on Broadway, the production of ""Finding

Broadway at the Lunt-Fontanne Theatre in March 2015. On 10 November 2014, it was announced that Matthew Morrison would take Jordan's place in the portrayal of J. M. Barrie in the Broadway production. Kelsey Grammer starred as Charles Frohman and Laura Michelle Kelly reprised the role of Sylvia Llewelyn Davies. Previews began 15 March 2015, with the official opening on 15 April. The production did not receive any Tony Award nominations. The Broadway production closed on August 21, 2016 after 565 performances. In early 2016 it was announced that ""Finding Neverland"" would open in London in 2017, starring Alfie Boe

1999 after just over ten years, on its 4,274th performance, having grossed more than £150 million in ticket sales during its London run. Hytner also directed the New York production, where the show recouped its $10.9m investment in 39 weeks. The show, at New York's Broadway Theatre, opened on 11 April 1991 and closed on 28 January 2001 after 4,092 performances. Hytner was on a percentage for both London and New York productions, allowing him (then aged 34) to never need worry about money again. ""It was a huge– a massive stroke of fortune,"" he said in 2010. ""It meant

to the physical demands of the role, Carney performs in six of the eight performances each week. The original alternate was British actor Matthew James Thomas, who left the show in November 2012 to star in ""Pippin"". On November 19, 2013, producers announced that the show would close on January 4, 2014, citing falling ticket sales and no longer being able to get injury insurance for the production as reasons for closure. Having run on Broadway for over three years, the production failed to make back its $75 million cost, the largest in Broadway history, with investors reportedly losing $60

Neverland"" closed on August 21, 2016, and began a US national tour in October 2016. On 6 February 2011, La Jolla Playhouse, California, announced that they would produce a new stage musical based on the film with the book by Allan Knee, score by Scott Frankel (music) and Michael Korie (lyrics), and directed and choreographed by Rob Ashford. A planned production at La Jolla Playhouse was not held. A developmental reading was held in New York on 31 March 2011, with Julian Ovenden, Kelli O'Hara, Tony Roberts, Mary Beth Peil, Michael Cumpsty, and Meredith Patterson, directed by Ashford. The adaptation",Finding Neverland was one of the longest-running musicals of the 2015–16 Broadway season.,PASS,FAIL,Cat5,Comparative / Superlative,FALSE,CLEAR,Annotator B
RQ3-0478,478,Robert L. Priddy - he comes from the United States and has founded a number of airline companies such as ValuJet or which American low-cost airline that operates scheduled and charter flights?,Robert L. Priddy - he comes from the United States and has founded a number of airline companies such as ValuJet or Allegiant Air.Allegiant Air is an American low-cost airline that operates scheduled and charter flights.,Allegiant Air is more profitable than ValuJet.,PASS,PASS,Cat5,Comparative / Superlative,FALSE,CLEAR,Annotator B
RQ3-0479,479,"The Torbreck Home Units were the first high-rise and mix-use residential development in Queensland, Australia, one of these heritage-listed home units are located at which capital of and most populous city in the Australian state of Queensland, and the third most populous city in Australia?","These heritage-listed home units are located at 182 Dornoch Terrace, Highgate Hill, Brisbane.Brisbane ( ) is the capital of and most populous city in the Australian state of Queensland, and the third most populous city in Australia.",Brisbane is the second-most populous city in Australia.,PASS,PASS,Cat5,Comparative / Superlative,FALSE,CLEAR,Annotator B
RQ3-0480,480,Japanese hotel run by same family for 1300 years?,"Nishiyama Onsen Keiunkan Nishiyama Onsen Keiunkan is a hot spring hotel in Hayakawa, Yamanashi Prefecture, Japan. Founded in 705 AD by Fujiwara Mahito, it is the oldest hotel and one of the oldest companies in operation. In 2011, the hotel was officially recognised by the Guinness World Records as the oldest hotel in the world. It has been continuously operated by 52 generations of the same family (including adopted heirs) for over 1,300 years. The Keiunkan lies at the foot of the Akaishi Mountains. Since its foundation the hotel has had all its hot water sourced directly from the

local Hakuho Springs. The hotel was last renovated in 1997 and has 37 rooms. Nishiyama Onsen Keiunkan Nishiyama Onsen Keiunkan is a hot spring hotel in Hayakawa, Yamanashi Prefecture, Japan. Founded in 705 AD by Fujiwara Mahito, it is the oldest hotel and one of the oldest companies in operation. In 2011, the hotel was officially recognised by the Guinness World Records as the oldest hotel in the world. It has been continuously operated by 52 generations of the same family (including adopted heirs) for over 1,300 years. The Keiunkan lies at the foot of the Akaishi Mountains. Since

Ryokan (inn) A is a type of traditional Japanese inn that has existed since the eighth century A.D. during the Keiun period, in which the oldest hotel in the world, Nishiyama Onsen Keiunkan, was created in 705 A.D. Another old ryokan called Hōshi Ryokan was founded in 718 A.D and was also known as the world's second oldest hotel. Such inns also served travelers along Japan's highways. They typically feature ""tatami""-matted rooms, communal baths, and other public areas where visitors may wear yukata and talk with the owner. Ryokan are difficult to find in Tokyo and other large cities because

It is located next to the 400 year old Iwanumaya Hotel. Sakan Ryokan Sakan Ryokan or ""Hotel Sakan"" is an historic ryokan (Japanese inn) located in Sendai, Miyagi Prefecture, Japan. The inn is over 1,000 years old, and is located within the spa resort named ""Akiu Spa,"" which has four communal onsen (baths) that are supplied by natural hot springs. The hot springs are one of the three oldest ones in Japan, and are located near the Natori River. The inn was originally started by a man named Kanzaburo Satoh, whom the inn is named after. Ownership of the

a family home. Minshuku often serve as the only type of accommodation in towns or villages too small to warrant a dedicated hotel or ryokan. The overall experience is much the same, but the food is simpler, dining may be optional and is often communal, rooms do not usually have a private toilet, and guests may have to lay out their own bedding. Ryokan (inn) A is a type of traditional Japanese inn that has existed since the eighth century A.D. during the Keiun period, in which the oldest hotel in the world, Nishiyama Onsen Keiunkan, was created in 705",Hōshi Ryokan is older than Nishiyama Onsen Keiunkan.,PASS,PASS,Cat5,Comparative / Superlative,FALSE,CLEAR,Annotator B
RQ3-0481,481,"The Roman consul was the highest elected office of what government, which took place after 509BC?","A consul was the highest elected political office of the Roman Republic, and the consulship was considered the highest level of the ""cursus honorum"" (an ascending sequence of public offices to which politicians aspired).The Roman Republic (Latin: Res publica Romana ; ] ) was the era of ancient Roman civilization beginning with the overthrow of the Roman Kingdom, traditionally dated to 509 BC, and ending in 27 BC with the establishment of the Roman Empire.",The Roman consul was the second-highest elected political office of the Roman Republic.,PASS,PASS,Cat5,Comparative / Superlative,FALSE,CLEAR,Annotator B
RQ3-0482,482,What nationality was the driver who finished second in the 2008 British Grand Prix ?,"Nick Heidfeld finished second in a BMW Sauber car, with Rubens Barrichello third in a Honda.Nick Lars Heidfeld (born 10 May 1977) is a German professional racing driver.",Third-place finisher Rubens Barrichello finished ahead of second-place finisher Nick Heidfeld in the 2008 British Grand Prix.,PASS,FAIL,Cat5,Comparative / Superlative,FALSE,CLEAR,Annotator B
RQ3-0483,483,What retailer is the second-largest in the United States and has a commercial featuring the American artist who was 1st runner-up in the 2005 USA Weekend Magazine's songwriting competition?,"Deanna Marie Loveland (born April 5, 1989) is an American recording artist, harpist, pianist and fashion designer. Consequently, she began songwriting and in 2005 her original song, ""Shine"" was 1st Runner-Up out of 12,000 entries in USA Weekend Magazine's national songwriting competition judged by Simon Cowell and Fantasia Barrino. A month later she signed with a talent agency, appearing in music videos and commercials for companies including Toyota and Target and films including ""A Pure Country Gift II"" and ""Country Strong"".Target Corporation is the second-largest discount store retailer in the United States, behind Walmart, and a component of the S&P 500 Index.",Walmart is the largest retailer in the United States.,PASS,PASS,Cat5,Comparative / Superlative,TRUE,CLEAR,Annotator B
RQ3-0484,484,during the 2011 Major League Baseball draft the Pittsburgh Pirates selected what pitcher that attended the University of California?,"The 2011 Major League Baseball First-Year Player Draft was held from June 6 through June 8, 2011 from Studio 42 of the MLB Network in Secaucus, New Jersey. The Pittsburgh Pirates selected Gerrit Cole out of the University of California, Los Angeles with the first overall pick.Gerrit Alan Cole (born September 8, 1990) is an American professional baseball pitcher for the Pittsburgh Pirates of Major League Baseball (MLB). He attended the University of California, Los Angeles (UCLA), where he pitched for the UCLA Bruins.",The Pittsburgh Pirates selected Gerrit Cole with the second overall pick in the 2011 MLB draft.,PASS,PASS,Cat5,Comparative / Superlative,FALSE,CLEAR,Annotator B
RQ3-0485,485,Who was drafted first in the 2017 nfl draft?,"15, 2018. Five quarterbacks were selected in the first round—Baker Mayfield, Sam Darnold, Josh Allen, Josh Rosen, and Lamar Jackson—the second highest number of first-round quarterback selections (tied with the 1999 NFL Draft) after the six selected in the 1983 NFL Draft. The draft was also the first to have to have siblings—safety Terrell Edmunds and linebacker Tremaine Edmunds—selected in the opening round of the same draft. The 2018 NFL Draft was the first of two professional sports drafts to be held in the Dallas-Fort Worth metroplex during the calendar year, as the Dallas Stars hosted the 2018 NHL Entry

draft analyst and scouts to be the first overall player selected. He was ranked the top overall prospect and defensive end by ""Sports Illustrated"", ESPN, Pro Football Focus, and DraftScout.com. Garrett was also ranked the top edge rusher in the draft by NFL analyst Mike Mayock. The Cleveland Browns selected Garrett with the first overall pick of the 2017 NFL Draft. Garrett became the highest draft pick from Texas A&M in the history of the NFL draft. On May 19, 2017, the Cleveland Browns signed Garrett to a fully guaranteed four-year, $30.41 million contract that features a $20.25 million signing

Goff projected to be selected in the early first round of the draft, with the second overall pick of the Cleveland Browns being his most frequently predicted landing spot, or the San Francisco 49ers with the seventh overall pick. On April 28, 2016, Goff was selected with the first overall pick by the Los Angeles Rams in the 2016 NFL Draft. The Rams had traded up in the first round and acquired the first pick from the Tennessee Titans. Goff, Roman Gabriel, and Terry Baker share the distinction of being the only quarterbacks drafted by the Rams in the first

was ranked the second best defensive end (behind Myles Garrett) by NFLDraftScout.com, ESPN, and Sports Illustrated. Pro Football Focus ranked him as the fourth best defensive end in the 2017 NFL Draft. Thomas was drafted by the San Francisco 49ers in the first round with the third overall pick in the 2017 NFL Draft. He became the third consecutive defensive end drafted in the first round by the 49ers, joining Arik Armstead (2015) and DeForest Buckner (2016). The man who drafted Thomas, newly appointed 49ers general manager John Lynch had by chance studied alongside Thomas as a mature student while

eligible for some form of free agency during the free agency period. Notable players to change teams include: Other retirements The 2018 NFL Draft was held from April 26 to 28 at AT&T Stadium in Arlington, Texas. This was the first draft to take place in an NFL stadium, and the first to be held in Texas. The Cleveland Browns selected Baker Mayfield with the first overall pick. Four referees retired during the 2018 off-season, the most to do so since records on the statistics have been kept. In total, 10 officials left the league in the offseason, and seven",Solomon Thomas was the highest-selected player in the 2017 NFL Draft.,PASS,PASS,Cat5,Comparative / Superlative,FALSE,CLEAR,Annotator B
RQ3-0486,486,Which star in The Pokrovsky Gate was also a director and occasional singer?," It was directed by Mikhail Kozakov and stars Oleg Menshikov, Leonid Bronevoy, and Inna Ulyanova.Oleg Evgenyevich Menshikov, (Russian: Оле́г Евге́ньевич Ме́ньшиков ; born 8 November 1960) is a Russian actor, theatre director and occasional singer.",Oleg Menshikov is one of Russia's most influential actors.,PASS,PASS,Cat5,Comparative / Superlative,FALSE,CLEAR,Annotator B
RQ3-0487,487,California State Route 242 ends in which largest city of Contra Costa county?,"State Route 242 (SR 242) is a short three-mile (5 km) connector route that links Interstate 680 north of Pleasant Hill to State Route 4 in Concord.Concord ( ) is the largest city in Contra Costa County, California.",Concord is the second-largest city in Contra Costa County.,PASS,PASS,Cat5,Comparative / Superlative,FALSE,CLEAR,Annotator B
RQ3-0488,488,United 300 and 300 were both made in what country?,"United 300 is an American short film that parodies ""United 93"" (2006) and ""300"" (2007).300 is a 2006 American epic war film based on the 1998 comic series ""300"" by Frank Miller and Lynn Varley.",The country United 300 was made in is different from the country 300 was made in.,PASS,PASS,Cat5,Comparative / Superlative,FALSE,CLEAR,Annotator B
RQ3-0489,489,"The Honda XL350R is a dual-sport motorcycle made by Honda in 1984–1985, both ""Cycle"" and which motorcycling magazine in the United States, ranked it as one of the ten best motorcycles of 1985?","Both ""Cycle World"" and ""Cycle"" ranked it as one of the ten best motorcycles of 1985.Cycle World is a motorcycling magazine in the United States.",Cycle World ranked the Honda XL350R as the eleventh-best motorcycle of 1985.,PASS,PASS,Cat5,Comparative / Superlative,FALSE,CLEAR,Annotator B
RQ3-0490,490,What is the tallest ride at six flags over texas?,"Titan (roller coaster) Titan is a steel hyper coaster located at Six Flags Over Texas in Arlington, Texas. Unlike most hypercoasters, Titan is a combination of an out and back roller coaster and a twister roller coaster. It stands at 245 feet and contains a 255 drop at 85 miles per hour. It is the tallest, fastest, and longest coaster in Texas. Six Flags Over Texas had plans to add a hypercoaster to the park for several years. An early proposal from Arrow Dynamics showed a hypercoaster over the park's reservoir next to Judge Roy Scream. In August 2000, Six

end of the decade, Six Flags Over Texas had added ten roller coasters to its list of attractions. During the first decade of the 21st century, Looney Tunes USA was restructured. In 2001, the park introduced its tallest, fastest, longest roller coaster, Titan. Built by Giovanola of Switzerland, it climbs and features a top speed of . It is the tallest, fastest, longest roller coaster in the park and in the state of Texas. In 2002, the park kicked off the Best of Texas Festival, which brought Texas history back to the park. The park has also made steps toward

to operate at the park (). The Superman Tower of Power at Six Flags Over Texas in Arlington, Texas was added to the Tower section of the park in 2003. With a structural height of , it was the tallest ride in the park until the opening of the Texas Sky Screamer. Superman Tower of Power is also the tallest ride to use both space shot and turbo drop pneumatic (air powered) sequences in the world. It features three towers: blue, red, and yellow positioned so that ride resembles a tripod like structure. Riders are seated facing outwards and are

Six Flags Over Georgia, were set to receive SkyScreamer attractions. Six Flags Over Georgia's version replaced the Wheelie and officially debuted on May 24, 2013, after two weekends of passholder previews. Six Flags Over Texas' model, dubbed the Texas SkyScreamer, reached in height and opened on May 25, 2013. It replaced the Texas Chute Out and Flashback. Texas SkyScreamer was awarded the title of the ""world's tallest swing carousel ride"" by Guinness World Records. Although reports suggested it took this record from the ""Prater Turm"" in Vienna, Austria, ""Eclipse"" at Gröna Lund actually held the record for a period of

New Texas Giant New Texas Giant, formerly known as Texas Giant, is a steel roller coaster located at Six Flags Over Texas in Arlington, Texas. The ride underwent an 18-month refurbishment, transforming from a wood track to steel and reopening in 2011. Manufactured by Rocky Mountain Construction, the New Texas Giant stands tall and features a 79° drop stretching . The ride also features multiple turns banked up to 115° and over of track. The original Texas Giant was manufactured by Dinn Corporation and designed by Curtis D. Summers. For more than a decade after its opening in 1990, the",Titan is the tallest ride at Six Flags Over Texas.,PASS,PASS,Cat5,Comparative / Superlative,FALSE,CLEAR,Annotator B
RQ3-0491,491,"Which university is the third-largest university campus in the United States, Indiana University or Ohio State University?"," Indiana University has a combined student body of more than 110,000 students, including approximately 46,000 students enrolled at the Indiana University Bloomington campus and approximately 31,000 students enrolled at the Indiana University – Purdue University Indianapolis (IUPUI) campus.The Ohio State University, commonly referred to as Ohio State or OSU, is a large, primarily residential, public university in Columbus, Ohio. The college began with a focus on training students in various agricultural and mechanical disciplines but was developed into a comprehensive university under the direction of then Governor (later, President) Rutherford B. Hayes, and in 1878 the Ohio General Assembly passed a law changing the name to ""The Ohio State University"". It has since grown into the third-largest university campus in the United States.",Indiana University has the third-largest university campus in the United States.,PASS,PASS,Cat5,Comparative / Superlative,FALSE,CLEAR,Annotator B
RQ3-0492,492,What was the preceding hit to the number 51 charting song by the singer who wrote the theme for Smokey and the Bandit?,"The song reached peaks of number 11 on the U.S. country chart and number 51 on the ""Billboard"" Hot 100 and was the follow-up to his country chart number 1 hit, When You're Hot, You're Hot. His signature songs included ""Guitar Man"", ""U.S. Male"", ""A Thing Called Love"", ""Alabama Wild Man"", ""Amos Moses"", ""When You're Hot, You're Hot"" (which garnered a Grammy Award for Best Male Country Vocal Performance), ""Ko-Ko Joe"", ""Lord, Mr. Ford"", ""East Bound and Down"" (the theme song for the 1977 blockbuster ""Smokey and the Bandit"", in which Reed co-starred), ""The Bird"", and ""She Got the Goldmine (I Got the Shaft)"".","The preceding hit, ""When You're Hot, You're Hot"", reached number two on the U.S. country chart.",PASS,PASS,Cat5,Comparative / Superlative,FALSE,CLEAR,Annotator B
RQ3-0493,493,Who has won the world snooker championship the most times?,"played at the Crucible Theatre in Sheffield, England. The tournament is currently played over 17 days and ends on the first Monday in May. In the modern era (since 1969), the best record is that of Stephen Hendry, who won the title seven times. Steve Davis and Ray Reardon both won six times while Ronnie O'Sullivan has won five titles. The current champion is Mark Williams, who has won the tournament three times. The first championship was held in 1927 and was called the Professional Snooker Championship. It was the first important professional snooker tournament although the English Amateur Championship

modern game, the best record is that of Stephen Hendry, who won seven times in the 1990s. Steve Davis won six times in the 1980s, as did Ray Reardon in the 1970s. Except for two championships played in Australia, all championships from 1969 to 2005 were sponsored by tobacco companies. In 1969 and 1970 the championship was sponsored by John Player under the brand Player's No.6. The Gallaher Group sponsored under the brand Park Drive from 1972 to 1974, while from 1976 to 2005 Imperial Tobacco sponsored under the brand Embassy. Legislation in 2003 placed restrictions on tobacco advertising, including

Stephen Hendry Stephen Gordon Hendry (born 13 January 1969) is a Scottish former professional snooker player and current commentator for the BBC and ITV. He is best known for his domination of the sport in the 1990s, during which he won the World Championship seven times, a record in the modern era, and was ranked world number one for eight consecutive seasons between 1990 and 1998, and again in 2007. The all-time record holder for the number of ranking titles won (36), Hendry is widely regarded as one of the greatest snooker players ever. As well as his seven World

1971 World Snooker Championship The 1971 World Snooker Championship was a professional snooker tournament that took place between 28 September and 7 November 1970 in Australia. Matches were held at various locations in New South Wales with one match played in Brisbane. John Spencer won his second World Championship title by defeating Warren Simpson 37–29 in the final. Eddie Charlton made the highest break of the tournament with a break of 129 in the final session of his match against Gary Owen. This was the first time the championship was held outside the United Kingdom. It would be hosted in

by Joe Perry. 2004 World Snooker Championship The 2004 World Snooker Championship (also referred to as the 2004 Embassy World Snooker Championship for the purposes of sponsorship) was a professional ranking snooker tournament that took place between 17 April and 3 May 2004 at the Crucible Theatre in Sheffield, England. Mark Williams was the defending champion, but he lost in the second round 11–13 against Joe Perry. Ronnie O'Sullivan won his second world title by defeating Graeme Dott 18–8 in the final, despite Dott having led 5–0. This was the fourth biggest margin in a World final, subsequently equalled by",Ronnie O'Sullivan holds the modern-era record for the most World Snooker Championship titles.,PASS,PASS,Cat5,Comparative / Superlative,FALSE,CLEAR,Annotator B
RQ3-0494,494,What singer with a distinctive contralto voice reached top 10 in 1987?,"The song was a bigger hit for Cher in 1987, reaching the Top 10. She is known for her distinctive contralto singing voice and for having worked in numerous areas of entertainment, as well as adopting a variety of styles and appearances during her five-decade-long career.",Cher's 1987 recording peaked at number 20 rather than reaching the Top 10.,PASS,PASS,Cat5,Comparative / Superlative,FALSE,CLEAR,Annotator B
RQ3-0495,495,Does Darlingia or Laurus have more species?,"Darlingia is a small genus of two species of rainforest tree from Northern Queensland.Laurus is a genus of evergreen trees belonging to the Laurel family, Lauraceae. The genus includes three or more species.",Darlingia has more species than Laurus.,PASS,PASS,Cat5,Comparative / Superlative,FALSE,CLEAR,Annotator B
RQ3-0496,496,Rugby union at the 1979 South Pacific Games was held in Fiji at the newly renovated National Stadium in which southeast coastal city on the island of Viti Levu?,"Rugby union at the 1979 South Pacific Games was held in Fiji at the newly renovated National Stadium in Suva, with eight men's teams competing.Suva (] ) is the capital, second largest municipality and largest municipality with city status in Fiji.",Suva is the third-largest municipality in Fiji.,PASS,PASS,Cat5,Comparative / Superlative,FALSE,CLEAR,Annotator B
RQ3-0497,497,What was the first literature of the anglo-saxons?,"about 1200. Old English literature, or Anglo-Saxon literature, encompasses the surviving literature written in Old English in Anglo-Saxon England, in the period after the settlement of the Saxons and other Germanic tribes in England (Jutes and the Angles) c. 450, after the withdrawal of the Romans, and ""ending soon after the Norman Conquest"" in 1066; that is, c. 1100–50. These works include genres such as epic poetry, hagiography, sermons, Bible translations, legal works, chronicles, riddles, and others. In all there are about 400 surviving manuscripts from the period. Oral tradition was very strong in early English culture and most literary

in Anglo-Saxon England, in the period after the settlement of the Saxons and other Germanic tribes in England (Jutes and the Angles) c. 450, after the withdrawal of the Romans, and ""ending soon after the Norman Conquest"" in 1066. These works include genres such as epic poetry, hagiography, sermons, Bible translations, legal works, chronicles and riddles. In all there are about 400 surviving manuscripts from the period. ""Widsith"", which appears in the Exeter Book of the late 10th century, gives a list of kings of tribes ordered according to their popularity and impact on history, with Attila King of the

The ""Anglo-Saxon Chronicle"" is a collection of annals in Old English, from the 9th century, that chronicle is the history of the Anglo-Saxons. The poem ""Battle of Maldon"" also deals with history. This is a work of uncertain date, celebrating the Battle of Maldon of 991, at which the Anglo-Saxons failed to prevent a Viking invasion. Oral tradition was very strong in early English culture and most literary works were written to be performed. Epic poems were very popular, and some, including ""Beowulf"", have survived to the present day. ""Beowulf"" is the most famous work in Old English, and has

stated English rights were embedded in English common law, and ""the institutions and manners of the nation"". English literature begins with Anglo-Saxon literature, which was written in Old English and produced such heroic epic works as Beowulf and the fragmentary The Battle of Maldon, the sombre and introspective The Seafarer and The Wanderer and the pious Dream of the Rood and The Order of the World. For many years, Latin and French were the preferred literary languages of England, but in the medieval period there was a flourishing of literature in Middle English; Geoffrey Chaucer is the most famous writer

Old English literature Old English literature or Anglo-Saxon literature, encompasses literature written in Old English, in Anglo-Saxon England from the 7th century to the decades after the Norman Conquest of 1066. ""Cædmon's Hymn"", composed in the 7th century, according to Bede, is often considered the oldest extant poem in English, whereas the later poem, The Grave is one of the final poems written in Old English, and presents a transitional text between Old and Middle English. The ""Peterborough Chronicle"" can also be considered a late-period text, continuing into the 12th century. The poem ""Beowulf"", which often begins the traditional canon",Beowulf is the oldest extant poem in English.,PASS,PASS,Cat5,Comparative / Superlative,FALSE,CLEAR,Annotator B
RQ3-0498,498,Indian has the largest higher education system in the world after?,"being graduates respectively. Indian higher education system has expanded at a fast pace by adding nearly 20,000 colleges and more than 8 million students in a decade from 2000–01 to 2010–11. , India has 799 universities, with a break up of 44 central universities, 540 state universities, 122 deemed universities, 90 private universities, 5 institutions established and functioning under the State Act, and 75 Institutes of National Importance which include AIIMS, IITs, IIEST and NITs among others. Other institutions include 39,071 colleges as Government Degree Colleges and Private Degree Colleges, including 1800 exclusive women's colleges, functioning under these universities and

Department of Higher Education takes care of one of the largest higher education systems of the world, just after the United States and China. The department is engaged in bringing world-class opportunities of higher education and research to the country so that Indian students are not found lacking when facing an international platform. For this, the government has launched joint ventures and signed MoUs to help the Indian student benefit from the world opinion. The technical education system in the country can be broadly classified into three categories – Central Government funded institutions, State Government/State-funded institutions & Self-financed institutions. The

higher education system, and is looked after by the Distance Education Council. Indira Gandhi National Open University is the largest university in the world by number of students, having approximately 3.5 million students across the globe. Some institutions of India, such as the Indian Institutes of Technology (IITs), Indian Institute of Engineering Science and Technology (IIEST), National Institutes of Technology (NITs), Indian Institute of Science, Indian Institute of Science Education and Research(IISERs), University of Delhi (DI), Indian Institutes of Management (IIMs), University of Calcutta, University of Mumbai and Jawaharlal Nehru University have been globally acclaimed for their standard of education.

law or medicine and become B. Sc., B. Com., and B. A. graduates. India's higher education system is the third largest in the world, after China and the United States. The main governing body at the tertiary level is the University Grants Commission (India) (UGC), which enforces its standards, advises the government, and helps coordinate between the centre and the state up to Post graduation and Doctorate (Ph.D). Accreditation for higher learning is overseen by 12 autonomous institutions established by the University Grants Commission. , India has 152 central universities, 316 state universities, and 191 private universities. Other institutions include

The IITs enroll about 8000 students annually and the alumni have contributed to both the growth of the private sector and the public sectors of India. However, Indian universities still lag behind universities such as Harvard, Cambridge, and Oxford. Indian higher education is in need of radical reforms. A focus on enforcing higher standards of transparency, strengthening of the vocational and doctoral education pipeline, and professionalization of the sector through stronger institutional responsibility would help in reprioritizing efforts and working around the complexities. The rise of IT sector and engineering education in India has boxed students into linear path without","India has the second-largest higher education system in the world, behind only the United States.",PASS,PASS,Cat5,Comparative / Superlative,FALSE,CLEAR,Annotator B
RQ3-0499,499,Which Paul McCartney reached the #9 chart position in the UK and was released in 1980?,"""Waterfalls"" is a Paul McCartney ballad from his first solo album after Wings, ""McCartney II"". It was released as a single with ""Check My Machine"" as its B-Side and reached chart position #9 in the UK.McCartney II is the second completely solo studio album by Paul McCartney, and the first since the formation of Wings in 1971. It was released in 1980, a year before the band's dissolution and while their future lay in limbo.","""Waterfalls"" reached number 19 on the UK chart.",PASS,PASS,Cat5,Comparative / Superlative,FALSE,CLEAR,Annotator B
RQ3-0500,500,what state was operation aloha recorded and is the 17th largest island in the united states?,"The album was conceived by photographer Christopher Wray-McCann who asked some of his musician friends if they wanted to live in a treehouse and record an album in Maui, Hawaii for 30 days. Maui is part of the State of Hawaii and is the largest of Maui County's four islands, which include Molokaʻ i, Lānaʻ i, and unpopulated Kahoʻ olawe.",Maui is the second-largest of Maui County's four islands.,PASS,PASS,Cat5,Comparative / Superlative,FALSE,CLEAR,Annotator B
RQ3-0501,501,How many season had the Seattle Seahawks had in the same year that was the 90th NFL Season?,The 2009 Seattle Seahawks season was the 34th season for the team in the National Football League.The 2009 NFL season was the 90th season in the history of the National Football League (NFL).,The 2009 Seattle Seahawks season was the team’s 34th season in the National Football League.,PASS,PASS,Cat5,Comparative / Superlative,TRUE,CLEAR,Annotator B
RQ3-0502,502,How many african american soldiers served in ww2?,"the period extending from July 1, 1944 through December 31, 1945. Blacks were an important source of manpower for the armed forces in World War II as is shown by the fact that a total of 1,056,841 African American registrants were inducted into the armed forces through Selective Service as of December 31, 1945. Of these, The African American inductees made up: Thus African Americans, who constituted approximately 11.0 percent of all registrants liable for service, furnished approximately this proportion of the inductees in all branches of the service except During the period July 1, 1944 – December 31, 1945,

in the navy during World War II. Many soldiers of color served their country with distinction during World War II. There were 125,000 African Americans who were overseas in World War II. Famous segregated units, such as the Tuskegee Airmen and 761st Tank Battalion and the lesser-known but equally distinguished 452nd Anti-Aircraft Artillery Battalion, proved their value in combat, leading to desegregation of all U.S. armed forces by order of President Harry S. Truman in July 1948 via Executive Order 9981. Benjamin O. Davis, Jr. served as commander of the Tuskegee Airmen during the war. He later went on to

combat. Approximately 75 percent of the soldiers who served in the European theater as truckers for the Red Ball Express and kept Allied supply lines open were African American. A total of 708 African Americans were killed in combat during World War II. The distinguished service of these units was a factor in President Harry S. Truman's order to end discrimination in the Armed Forces in July 1948, with the promulgation of Executive Order 9981. This led in turn to the integration of the Air Force and the other services by the early 1950s. Due to massive shortages as a","In World War II a total of 1,056,841 African American registrants were inducted into the armed forces through Selective Service.",PASS,PASS,Cat6,Numerical / Computation,TRUE,CLEAR,Annotator B
RQ3-0503,503,How many seats in rajya sabha in assam?,"2016 Indian Rajya Sabha elections Rajya Sabha elections were held in India on March 14, and June 11, 2016, to elect 13 and 57 members of the Rajya Sabha respectively. The election of March 14, 2016 was held to elect 13 members for duration of 6 years from 6 states to the Rajya Sabha. The seats in following states were up for election with terms of sitting members ending as: Assam - 2 seats, Himachal Pradesh - 1 seat, Kerala - 3 seats, Tripura - 1 seat all term ending on 2 April 201; Nagaland - 1 seat with term

are elected for the ""Rajya Sabha"" seats on 23 March 2018, to replace members retiring on 2 April 2018. From Uttarakhand State, 1 member is elected unopposed for the ""Rajya Sabha"" seats on 15 March 2018, to replace member retiring on 2 April 2018. From Uttar Pradesh State, 10 members are elected for the ""Rajya Sabha"" seats on 23 March 2018, to replace members retiring on 2 April 2018. From West Bengal State, 5 members are elected for the ""Rajya Sabha"" seats on 23 March 2018, to replace members retiring on 2 April 2018. From Kerala State, 3 members are

3 members from the National Capital Territory of Delhi retired on 27 January 2018 and 1 member from Sikkim retired on 23 February 2018. Elections for 58 seats and a by-election for 1 seat were held on 23 March 2018. The election was held for 3 seats of Kerala on 21 June 2018. Delhi had an election for 3 ""Rajya Sabha"" seats on 16 January 2018 to replace members retiring on 27 January 2018. Sikkim had an election for 1 ""Rajya Sabha"" seat on 16 January 2018 to replace member retiring on 23 February 2018. From Andhra Pradesh State, 3

for the vacant seats from the State of Bihar, Nagaland, West Bengal and Bihar , and West Bengal and Madhya Pradesh. 2008 Indian Rajya Sabha elections Rajya Sabha elections were held on various dates in 2008, to elect members of the Rajya Sabha, Indian Parliament's upper chamber. The elections were held to elect respectively 55 members from 15 states , 4 members from Karnataka and 1 member from Mizoram and Aruncahl Pradesh and 11 members from 2 states for the Council of States, the Rajya Sabha. Elections were held to elect members from various states . The following members are

the post method in each of the 29 Indian states and 7 union territories, while the President of India may appoint 2 representatives of the Anglo-Indian community. As of 2018, Rajya Sabha can have 245 members, 233 of which are elected indirectly by the state legislatures using Single transferable vote method of proportional representation, and 12 are appointed by the President for their contributions to art, literature, science, and social services (Art. 80 of the Constitution). Each state is allocated a fixed number of representatives in each chamber, in order of their respective population. As of 2018, state of Uttar",Assam had 7 Rajya Sabha seats up for election in 2016.,PASS,PASS,Cat6,Numerical / Computation,FALSE,CLEAR,Annotator B
RQ3-0504,504,How many times did the chicago cubs play in the world series?,"Cubs have appeared in a total of eleven World Series. The 1906 Cubs won 116 games, finishing 116–36 and posting a modern-era record winning percentage of , before losing the World Series to the Chicago White Sox (""The Hitless Wonders"") by four games to two. The Cubs won back-to-back World Series championships in 1907 and 1908, becoming the first major league team to play in three consecutive World Series, and the first to win it twice. Most recently, the Cubs won the 2016 National League Championship Series and 2016 World Series, which ended a 71-year National League pennant drought and

when the White Sox, known as the ""Hitless Wonders,"" defeated the Cubs, 4-2. The Cubs are the oldest Major League Baseball team to have never changed their city; they have played in Chicago since 1871, and continuously so since 1874 due to the Great Chicago Fire. They have played more games and have more wins than any other team in Major League baseball since 1876. They have won three World Series titles, including the 2016 World Series, but had the dubious honor of having the two longest droughts in American professional sports: They had not won their sport's title since

Cleveland Indians in the World Series in seven games, after overcoming a 3–1 series deficit, winning their first World Series championship for the first time in 108 years, ending the Curse of the Billy Goat. The 2016 NLCS was the Cubs' second consecutive NLCS appearance and fifth overall. Chicago lost its first four NLCS appearances, in 1984, 1989, 2003, and most recently were swept in the 2015 National League Championship Series. This was the first time the Cubs have made back-to-back NLCS appearances. The Cubs had not won a World Series championship since 1908 or played in the World Series

began playing together with the Cubs in 1902, and formed a double play combination that lasted through April 1912. The Cubs won the pennant four times between 1906 and 1910, often defeating the Giants en route to the World Series. The poem was first published in the ""New York Evening Mail"" on July 12, 1912. Popular among sportswriters, numerous additional verses were written. The poem gave Tinker, Evers, and Chance increased popularity and has been credited with their elections to the National Baseball Hall of Fame in 1946. Throughout the history of the Chicago Cubs' franchise, fifteen different Cubs pitchers

enjoyed one more pennant at the close of World War II, finishing 98–56. Due to the wartime travel restrictions, the first three games of the 1945 World Series were played in Detroit, where the Cubs won two games, including a one-hitter by Claude Passeau, and the final four were played at Wrigley. The Cubs lost the series, and did not return until the 2016 World Series. After losing the 1945 World Series to the Detroit Tigers, the Cubs finished with a respectable 82-71 record in the following year, but this was only good enough for third place. In the following",The Chicago Cubs have appeared in a total of eleven World Series.,PASS,PASS,Cat6,Numerical / Computation,TRUE,CLEAR,Annotator B
RQ3-0505,505,How much does a trump golf membership cost?,"charity, in September 2016 an IRS director deemed Trump to have violated IRS rules and President Barack Obama publicly criticized Trump's purchase. In 2001, annual membership dues were stated to be $9,000 per member or $12,000 for a family, with an initial deposit of $250,000. Before the 2008 recession, initiation fees were $100,000 to $150,000. As of late 2015, initiation fees were down to $50,000. Around that time, many new members were reportedly not charged an initiation fee or were no longer required by the club to fully pay it within five years. Annual dues were $19,400 a year. The

of this arrangement remain unclear. In June 2017, the attorney generals of Maryland and the District of Columbia filed a separate lawsuit, claiming the president was ""flagrantly violating"" the Emoluments Clause. A 2016 investigation by ""USA Today"" found that lobbyists and corporate executives had been purchasing memberships at Trump golf courses in order to gain favor or contact with the president. Membership fees at Trump courses can exceed US$100,000, leading to ethical concerns over a sitting president accepting money from people lobbying the government. Trump has also generated controversy due to the amount of time he has spent golfing while

initiation fee for membership was reported to be US$150,000 in 2011, and the annual fee US$25,000. The senior director of instruction for Trump Golf Properties, Gary Wiren, is based out of this resort. Trump International Golf Club (West Palm Beach) Trump International Golf Club, West Palm Beach is a private 27-hole golf course in West Palm Beach, Florida. It was designed by Jim Fazio, who was given a budget of over US$40 million and was opened in 1999. This venue was Trump's first golf course property. The Championship course measures 7,326 yards, and has a par 72 layout that has

for the president to play. Trump replied to NBC 4 New York's report of the news with a widely circulated and publicized tweet—""If Obama resigns from office NOW, thereby doing a great service to the country—I will give him free lifetime golf at any one of my courses!"" In 2015, the club sued the town of Ossining to lower its worth from $13.5 million to $1.4 million in order to reduce property and school taxes; local residents complained because their own taxes would rise. In 2016, the club revised its claims to $9 million, closer to the 2014 town estimate

significant financial losses for multiple businesses. The primary business occupying the estate is the Mar-a-Lago Club, which operates as resort and hotel for dues-paying members, and rents out estate venues for private events. Membership at the Mar-a-Lago Club required a $200,000 initiation fee up until 2012 when it was lowered to $100,000. Sources close to the resort indicated the cut was in response to reduced demand following the Bernie Madoff scandal which affected many affluent Palm Beach residents. The fee was returned to $200,000 in January 2017 following the election of Donald Trump as president with $14,000 annual dues. Overnight","The initiation fee for membership at a Trump golf club was $50,000 as of late 2015.",PASS,PASS,Cat6,Numerical / Computation,FALSE,CLEAR,Annotator B
RQ3-0506,506,Laura S. Walker State Park is located near a swamp that has a size of how many acres ?,"Laura S. Walker State Park is a 626-acre (2.53 km²) Georgia state park located near Hoboken and the Okefenokee Swamp.The Okefenokee Swamp is a shallow, 438,000 acre , peat-filled wetland straddling the Georgia–Florida line in the United States.","The Okefenokee Swamp covers 438,000 acres.",PASS,PASS,Cat6,Numerical / Computation,TRUE,CLEAR,Annotator B
RQ3-0507,507,"Walla Crag is a fell in the English Lake District, near Keswick, and a subsidiary top of  Bleaberry Fell is a fell in the Lake District in Cumbria, England, with a height of what?","Bleaberry Fell is a fell in the Lake District in Cumbria, England, with a height of 590 metres (1,936 feet). Walla Crag is a subsidiary top of Bleaberry Fell.Walla Crag is a fell in the English Lake District, near Keswick.",Bleaberry Fell has a height of 590 metres.,PASS,PASS,Cat6,Numerical / Computation,TRUE,CLEAR,Annotator B
RQ3-0508,508,What character in the Little Mermaid appears in Disney Princess: Magical Jewels?,"It is designed as a 2D puzzle action-adventure and features the six original Disney Princesses: Aurora, Belle, Cinderella and Snow White are in the main game, while Jasmine and Ariel are playable in minigames.Ariel is a fictional character and the title character of Walt Disney Pictures' 28th animated film ""The Little Mermaid"" (1989).",Disney Princess: Magical Jewels features six original Disney Princesses.,PASS,FAIL,Cat6,Numerical / Computation,TRUE,CLEAR,Annotator B
RQ3-0509,509,Who forged the ring in lord of the rings?,"fulfilling his design. In ""The Lord of the Rings"" and the posthumously published ""The Silmarillion"", Tolkien provides a detailed internal development from the forging of the Ring to its destruction. In the fictional context of Middle-earth, these events take place during several thousand years in the Second and Third Age of Arda. The One Ring was forged by the Dark Lord Sauron during the Second Age to gain dominion over the free peoples of Middle-earth. In disguise as ""Annatar"", or ""Lord of Gifts"", he aided the Elven smiths of Eregion and their leader Celebrimbor in the making of the Rings

by Celebrimbor, how to forge the Rings, whilst, in secret, he forged his own One Ring in the fires of Mount Doom, a Ring far more powerful than any of the others. However, in order for the One Ring to be powerful enough to control the other Rings, Sauron had to transfer most of his power into it. As soon as he put it on, the elves became aware of his ruse, removing and hiding their Three Rings, which Celebrimbor had forged without Sauron's aid. Sauron waged war on the elves, conquering much of Middle-earth and killing Celebrimbor. Thus began

Gifts"") to the Elven-smiths of Eregion, who were led by Celebrimbor, and taught them the craft of forging magic rings. Tolkien writes that the Elves made many lesser rings as essays in the craft, but eventually with Sauron's assistance they forged the Seven and the Nine. The Three were made by Celebrimbor himself without Sauron's assistance; they remained unsullied by his touch. Sauron returned to Mordor, and in his forge in Mount Doom he made the One Ring, imbuing it with a large portion of his power. Its purpose was to dominate and command the wearers of the other Rings.

Númenor. Among these was a mariner by the name of Vëantur whose grandson Aldarion would one day become the King of Númenor. Círdan was early to distrust the being named Annatar, and refused him entry to the Havens. He similarly advised the Elves at Eregion not to forge the Rings of Power under Annatar's tutelage, though they ignored his warning. The rings proved indeed to be a trap; Annatar was none other than Sauron the Dark Lord, who forged the One Ring to control the others. Círdan was entrusted with Narya, one of the Three Rings not subject to Sauron's

the background of the history of the One Ring. At the dawn of the Second Age, after the defeat of the Dark Lord, Morgoth, the elves of Eregion forged the nineteen Rings of Power to help themselves, the dwarves and men rule Middle-earth. However, the elves were unaware that Sauron, Morgoth's closest ally, had survived his master's defeat, and in the guise of Annatar had been the one who taught the Elven-smiths, led by Celebrimbor, how to forge the Rings, whilst, in secret, he forged his own One Ring in the fires of Mount Doom, a Ring far more powerful",The Elves of Eregion forged nineteen Rings of Power.,PASS,FAIL,Cat6,Numerical / Computation,TRUE,CLEAR,Annotator B
RQ3-0510,510,"Which actress stars in a 1933 American Pre-Code drama film directed by Charles Brabin, was nominated five times for the Academy Award for Best Actress?","The Secret of Madame Blanche is a 1933 American Pre-Code drama film directed by Charles Brabin and written by Frances Goodrich and Albert Hackett. The film stars Irene Dunne, Lionel Atwill, Phillips Holmes, Una Merkel and Douglas Walton.Irene Dunne (born Irene Marie Dunn, December 20, 1898 – September 4, 1990) was an American film actress and singer of the 1930s, 1940s and early 1950s. Dunne was nominated five times for the Academy Award for Best Actress, for her performances in ""Cimarron"" (1931), ""Theodora Goes Wild"" (1936), ""The Awful Truth"" (1937), ""Love Affair"" (1939) and ""I Remember Mama"" (1948).",Irene Dunne was nominated five times for the Academy Award for Best Actress.,PASS,PASS,Cat6,Numerical / Computation,TRUE,CLEAR,Annotator B
RQ3-0511,511,Which one of the two authors (Louis de Bernières and Orhan Pamuk) have more translations of their work?,"It has been translated into over 11 languages and is an international bestseller.Ferit Orhan Pamuk (generally known simply as Orhan Pamuk; born 7 June 1952) is a Turkish novelist, screenwriter, academic and recipient of the 2006 Nobel Prize in Literature. One of Turkey's most prominent novelists, his work has sold over thirteen million books in sixty-three languages, making him the country's best-selling writer.",Orhan Pamuk’s work has sold in sixty-three languages.,PASS,PASS,Cat6,Numerical / Computation,TRUE,CLEAR,Annotator B
RQ3-0512,512,How many miles is the running event held every Saturday morning in fifteen countries across five continents?,Parkrun (styled as parkrun) is the name given to a collection of five-kilometre running events that take place every Saturday morning in fifteen countries across five continents.The 5K run is a long-distance road running competition over a distance of five kilometres (3.1 miles).,The parkrun event described in the context is 3.1 miles long.,PASS,PASS,Cat6,Numerical / Computation,TRUE,CLEAR,Annotator B
RQ3-0513,513,Wheatley Hills Golf Club is located in what county?,"Wheatley Hills Golf Club is a 110 acre country club and golf course in East Williston, New York.East Williston is an incorporated village in Nassau County, New York in the United States.",Wheatley Hills Golf Club covers 110 acres.,PASS,FAIL,Cat6,Numerical / Computation,TRUE,CLEAR,Annotator B
RQ3-0514,514,How many times has the patriots won the superbowl in a row?,"(1976, 1980, 1983), the Washington Redskins (1982, 1987, 1991) and the Denver Broncos (1997, 1998, 2015) are tied for seventh with three each. Although none of these teams have ever won three straight Super Bowls, two of them have won three Lombardi trophies in four years and one twice in three years: The Dallas Cowboys (1992, 1993, 1995) and the New England Patriots (2001, 2003, 2004) and (2014, 2016). The Pittsburgh Steelers won four Super Bowls in six years (1974, 1975, 1978, 1979). The trophy has been presented on a stage constructed on the field since Super Bowl XXX in

13-3 record, when they beat the Falcons and Vikings in the reverse order that they did in the 2004-05 playoffs. They exacted revenge on New England in Super Bowl LII, edging them 41–33. This is the last time that a team has won back-to-back Super Bowls, with the Patriots losing their second playoff game a year later and then, for the next eight years, every team either losing their first playoff game or missing them altogether. The streak was broken in 2014 when the Seahawks defeated the Panthers and ultimately advanced to the Super Bowl, only to lose to a

final score of 23–7. The Broncos entered their third consecutive year in the playoffs with the momentum of a four-game winning streak. With a record of 13–3, they were tied with the Seattle Seahawks for second overall in the league, behind the 14–2 Indianapolis Colts. They were seeded number two in the AFC behind the Colts. On January 14, 2006, the Broncos defeated the two-time defending champions, the New England Patriots, 27–13, ending the Patriots chance of becoming the first NFL team ever to win three consecutive Super Bowl championships. The last team with a chance of winning three consecutive

round. They opened the season at 6–0, which combined with the 15 straight wins to end the previous regular season, those 21 straight wins broke the record for most wins in a row (18 regular season wins in a row), formerly held by the Miami Dolphins during and just after their perfect 1972 season with 18 straight wins (16 regular season, 1971–73). They defeated the Pittsburgh Steelers in the AFC Championship game. In Super Bowl XXXIX, the Patriots beat the Philadelphia Eagles and became only the second team to win three Super Bowls in four years. Belichick is the only

XIII and XIV following the 1978 and 1979 seasons and remain, to date, the only team to win back-to-back Super Bowl titles more than once, the San Francisco 49ers won Super Bowls XXIII and XXIV following the 1988 and 1989 seasons, the Dallas Cowboys won Super Bowls XXVII and XXVIII following the 1992 and 1993 seasons, the Denver Broncos won Super Bowls XXXII and XXXIII following the 1997 and 1998 seasons, and most recently, the New England Patriots won Super Bowls XXXVIII and XXXIX following the 2003 and 2004 seasons. After the franchise's victory in Super Bowl II, Vince Lombardi",The New England Patriots' back-to-back Super Bowl championship run consisted of two Super Bowl victories.,PASS,PASS,Cat6,Numerical / Computation,TRUE,CLEAR,Annotator B
RQ3-0515,515,How old is the female main protagonist of Catching Fire?,"Catching Fire is a 2009 science fiction young adult novel by the American novelist Suzanne Collins, the second book in ""The Hunger Games trilogy"". It is written in the voice of 16-year-old Katniss Everdeen, who lives in the future, post-apocalyptic nation of Panem in North America.",Katniss Everdeen is 16 years old.,PASS,PASS,Cat4,Time / Sequence,TRUE,CLEAR,Annotator B
RQ3-0516,516,How many novels has the author of the novel Child of God written?,"Child of God is a 2013 American crime drama film co-written and directed by James Franco, and starring Scott Haze, based on the novel of the same name by Cormac McCarthy.Cormac McCarthy (born Charles McCarthy; July 20, 1933) is an American novelist, playwright, and screenwriter. He has written ten novels, spanning the Southern Gothic, Western, and post-apocalyptic genres.",Cormac McCarthy has written ten novels.,PASS,PASS,Cat6,Numerical / Computation,TRUE,CLEAR,Annotator B
RQ3-0517,517,Who did the virginia plan give more power to?,"and would therefore be selected by the legislature. The Virginia Plan also created a judiciary, and gave both the executive and some of the judiciary the power to veto, subject to override. After the Virginia Plan was introduced, New Jersey delegate William Paterson asked for an adjournment to contemplate the Plan. Under the Articles of Confederation, each state had equal representation in Congress, exercising one vote each. The Virginia Plan threatened to limit the smaller states' power by making both houses of the legislature proportionate to population. On June 14 and 15, 1787, a small-state caucus met to create a

George Mason, to create and present the plan to the convention. The plan called for three branches of government (legislative, executive, and judicial), a bicameral Congress apportioned by population, and a Council of Revision composed of members of the executive and judicial branches which would have the right to veto laws passed by Congress. Reflecting the centralization of power envisioned by Madison, the Virginia Plan granted the United States Senate the power to abrogate any law passed by state governments. Many delegates were surprised to learn that the plan called for the abrogation of the Articles and the creation of

for the consideration of an entirely new constitution, as open consideration of a new constitution would likely have inspired great public outcry. Shortly after the start of the convention, Virginia's delegates introduced a set of reforms known as the Virginia Plan. Drafted by Madison, the Virginia Plan called for a stronger national government with three independent branches of government: executive, legislative, and judicial. The plan granted the federal government legislative power on all issues, as well as the power to nullify state laws. Madison's plan was well-received and served as the basis for the convention's discussion, though several of its

younger veterans of the war had developed a national identity. Led by George Washington and James Madison, Virginia played a major role in the Constitutional Convention of 1787 in Philadelphia. Madison proposed the Virginia Plan, which would give representation in Congress according to total population, including a proportion of slaves. Virginia was the most populous state, and it was allowed to count all of its white residents and 3/5 of the enslaved African Americans for its congressional representation and its electoral vote. (Only white men who owned a certain amount of property could vote.) Ratification was bitterly contested; the pro-Constitution

largely from Madison's suggestions, came up with what came to be known as the Virginia Plan, also known as the Large State Plan. For this reason, James Madison is sometimes called the Father of the Constitution. Presented by Virginia governor Edmund Randolph on May 29, 1787, the Virginia Plan proposed a very powerful bicameral legislature. Both houses of the legislature would be determined proportionately. The lower house would be elected by the people, and the upper house would be elected by the lower house. The executive would exist solely to ensure that the will of the legislature was carried out",Virginia's representation under the population-based Virginia Plan could include all of its white residents plus three-fifths of enslaved African Americans.,PASS,FAIL,Cat6,Numerical / Computation,TRUE,CLEAR,Annotator B
RQ3-0518,518,"What constellation, containing Megrez, is on the Alaskan Flag?","The flag of Alaska consists of eight gold stars, forming the Big Dipper and Polaris, on a dark blue field.The Big Dipper (US) or the Plough (UK) is an asterism consisting of seven bright stars of the constellation Ursa Major; six of them are of second magnitude and one, Megrez (δ), of third magnitude.",The flag of Alaska has eight gold stars.,PASS,FAIL,Cat6,Numerical / Computation,TRUE,CLEAR,Annotator B
RQ3-0519,519,Girard city is located in a county with how many inhabitants ?,"Girard is a city in and the county seat of Crawford County, Kansas, United States. As of the 2010 census, the county population was 39,134.","The county with Girard city has around 40,000 inhabitants.",PASS,PASS,Cat6,Numerical / Computation,TRUE,CLEAR,Annotator B
RQ3-0520,520,New Hampshire Wildcats men's ice hockey play at the center that was built for what sum?,"They play at the Whittemore Center Arena in Durham, New Hampshire It was built for $30 million and opened in November 1995.",The Whittemore Center Arena was built for $30 million.,PASS,PASS,Cat6,Numerical / Computation,TRUE,CLEAR,Annotator B
RQ3-0521,521,What movie is the song all star from?,"scene in which the titular superhero team holds auditions to recruit new members. The final scene of ""Rat Race"" (2001) revolves around Smash Mouth performing the song at a charity concert. The song is heavily used by the ""Shrek"" franchise, both to promote it and within the series itself, especially during the first film's opening credits introducing the title character. Devotion towards the song has been considered a factor in the intense interest towards the series and titular character observed on the internet. In turn, it has been noted as a popular internet meme, resurfacing on the internet and becoming

All Star (song) ""All Star"" is a song by American rock band Smash Mouth. It was released on May 4, 1999, as the second single from their album ""Astro Lounge"" and it is one of the group's most successful songs, peaking at No. 4 on the ""Billboard"" Hot 100. ""All Star"" is set in the key of F major with a tempo of 104 beats per minute. According to a 2017 interview, songwriter Greg Camp was interested in exploring several layers of meaning with the stripped-down song: the social battle cry, the sports anthem, the fanbase affirmation, the poetic lyricism,

prevalent in media in 2017, usually focused on remixes and edits of the song and its music video. All Star (song) ""All Star"" is a song by American rock band Smash Mouth. It was released on May 4, 1999, as the second single from their album ""Astro Lounge"" and it is one of the group's most successful songs, peaking at No. 4 on the ""Billboard"" Hot 100. ""All Star"" is set in the key of F major with a tempo of 104 beats per minute. According to a 2017 interview, songwriter Greg Camp was interested in exploring several layers of

the sweeping melody, the inclusion, the artistic music videos, and more. The music video (directed by McG) features cameos by William H. Macy, Ben Stiller, Hank Azaria, Diane Rehm, Paul Reubens, Kel Mitchell, Janeane Garofalo, Doug Jones, and Dane Cook from the film ""Mystery Men"" (1999), which prominently featured the song. As of December 2018, the video has received nearly 200 million views on Smash Mouth's YouTube channel. The video begins with the group of men at a nerd club audition for unusually nerdish superheroes as each of them states their names and unusual powers. However, they all don't make

Fonz"" and a cover of ""Why Can't We Be Friends"" were also subsequently released. The band's second album, ""Astro Lounge"", was released in 1999 and marked a change in direction, as it had less of the previous ska influence and more of a pop sound. It led to more publicity for the band, and ended up being one of the most critically acclaimed albums from the group. Supported by the hit singles ""All Star"" (which was featured in several film soundtracks, most famously the film ""Shrek"") and ""Then the Morning Comes"", ""Astro Lounge"" was eventually certified as triple platinum. Also","The context identifies three films that used or prominently featured ""All Star"": Mystery Men, Shrek, and Rat Race.",PASS,PASS,Cat6,Numerical / Computation,TRUE,CLEAR,Annotator B
RQ3-0522,522,What is the population as per 2010 send us of the village where Denton homestead is located?,"Denton Homestead is a historic home located at East Rockaway in Nassau County, New York.East Rockaway is a village in Nassau County, New York, in the United States. The population was 9,818 at the 2010 census.","East Rockaway had a population of 9,818 at the 2010 census.",PASS,PASS,Cat6,Numerical / Computation,TRUE,CLEAR,Annotator B
RQ3-0523,523,How many seasons of marco polo will there be?,"On December 12, 2016, Netflix announced they had canceled ""Marco Polo"" after two seasons. Sources told ""The Hollywood Reporter"" that the series' two seasons resulted in a $200 million loss for Netflix, and the decision to cancel the series was jointly taken by Netflix and The Weinstein Company. + Luthi portrays Ling Ling in season 1, Chew in season 2. The series was originally developed at Starz, which had picked up the series in January 2012. After attempts to film in China failed, the project was released back to The Weinstein Company. Netflix then picked up the series for a

Marco Polo (TV series) Marco Polo is an American drama web television series inspired by Marco Polo's early years in the court of Kublai Khan, the Khagan of the Mongol Empire and the founder of the Yuan dynasty (1271–1368). The show premiered on Netflix on December 12, 2014. The series was written and created by John Fusco and stars Lorenzo Richelmy in the title role with Benedict Wong as Kublai Khan. The series is produced by The Weinstein Company. On January 7, 2015, ""Marco Polo"" was renewed by Netflix for a 10-episode second season, which premiered on July 1, 2016.

Marco Polo (Modern Family) ""Marco Polo"" is the fourth episode of the sixth season of the American sitcom ""Modern Family"", and the series' 124th episode overall. It originally aired on October 15, 2014. The episode was written by Elaine Ko and directed by Fred Savage. The Dunphys have to leave their house for few days while it is being treated for mold. Phil (Ty Burrell) closes the last room of a nearby hotel with only one single full-sized bed. Claire (Julie Bowen) figures that they can survive one night, but five nights later things does not seem really good. While

10-episode season, for approximately $90 million, making it one of the most expensive TV shows in the world, second to Game of Thrones. The project was officially announced at Netflix in January 2014. Joachim Rønning and Espen Sandberg serve as executive producers and directed the pilot and second episodes, ""The Wayfarer"" and ""The Wolf and the Deer"", respectively. The series was filmed in Kazakhstan, Italy, and at Pinewood Studios in Malaysia, not to mention at outdoor locations in Malaysia, particularly tropical wilderness, as well as Slovakia and Hungary. Kazakhstan doubled as the steppes of Mongolia, Malaysia was the base of

B- saying: """"Marco Polo"" features a few light twists, making it one of the season’s fleeter installments, and yet somehow there’s still a pervasive feeling of been-here-done-that weighing it down despite its charms."" Marco Polo (Modern Family) ""Marco Polo"" is the fourth episode of the sixth season of the American sitcom ""Modern Family"", and the series' 124th episode overall. It originally aired on October 15, 2014. The episode was written by Elaine Ko and directed by Fred Savage. The Dunphys have to leave their house for few days while it is being treated for mold. Phil (Ty Burrell) closes the",Marco Polo has two seasons.,PASS,PASS,Cat6,Numerical / Computation,TRUE,CLEAR,Annotator B
RQ3-0524,524,When did the forest fire start in california?,"burning large portions of forests and chaparral in California, injuring at least 34 individuals and killing 32. The majority of the fires were started by lightning from dry thunderstorms on June 20, although some earlier fires ignited during mid-May. International aid from Greece, Cyprus, Chile, Argentina, Brazil, Australia, Canada, Mexico, and New Zealand helped fight the fires. The first of the wildfires was the Big Horn Fire, which ignited on May 13. Three other minor wildfires ignited subsequently, but were extinguished by May 17. On May 20, the Avocado Fire ignited in Fresno County, only to be extinguished 2 days

later. On May 22, 2008, the human-caused Summit Fire broke out in the Santa Cruz Mountains, which became the first major fire. On July 5, 2008, California Governor Schwarzenegger commented that ""I've been driving up and down the state of California going to all the various fires, and you can imagine, this state is very prepared for fire, but when you wake up one morning and have 500 fires across the state, it was a real shock to me... only to find the next morning there were 1,000 fires, and the next morning 1,400 fires, and then 1,700 fires igniting

Fire burned more than , becoming the largest complex fire in the state's history, with the complex's Ranch Fire surpassing the Thomas Fire and the Santiago Canyon Fire of 1889 to become California's single-largest recorded wildfire. In mid-July to August 2018, a series of large wildfires erupted across California, mostly in the northern part of the state, including the destructive Carr Fire and the Mendocino Complex Fire. On August 4, 2018, a national disaster was declared in Northern California, due to the extensive wildfires burning there. In November 2018, strong winds caused another round of large, destructive fires to erupt

During suppression efforts, which cost more than $127 million (2013 USD), a total of ten injuries from the wildfire were reported, but there were no fatalities. The fire started on August 17, 2013 at 3:25PM PDT in the Stanislaus National Forest, east of Groveland, when a hunter lost control of an illegal campfire. The camper was not identified publicly until a year later, when two felony, and two misdemeanor charges were filed against Keith Matthew Emerald of Columbia, California. The fire had only burned 40 acres when it was discovered, but it grew to 10,000 acres within 36 hours and

Valley Fire (2018) The Valley Fire was a wildfire that burned near the community of Forest Falls in San Bernardino National Forest, including the San Gorgonio Wilderness in California, United States. The fire was reported on July 6, one of a handful of brush fires that started in the area due to high temperatures and dry conditions. The Valley Fire burned before it was fully contained on October 22. The fire impacted traffic on Highway 38 due to road closures and has caused evacuations of Forest Falls. The Valley Fire was reported on July 6 at 1:42 PM PDT, burning","Before the majority of the fires were started by lightning on June 20, the context identifies six earlier wildfire ignitions: the Big Horn Fire, three other minor wildfires, the Avocado Fire, and the Summit Fire.",PASS,PASS,Cat6,Numerical / Computation,TRUE,CLEAR,Annotator B
RQ3-0525,525,What was the population of the village and civil parish in 2011 where South Humber Bank Power Station is located?,"South Humber Bank Power Station is a 1,365 MW gas-fired power station on ""South Marsh Road"" at Stallingborough in North East Lincolnshire north of Healing and the A180 near the South Marsh Road Industrial Estate. The population of the civil parish at the 2011 census was 1,234.","The civil parish where South Humber Bank Power Station is located had a population of 1,234 at the 2011 census.",PASS,PASS,Cat6,Numerical / Computation,TRUE,CLEAR,Annotator B
RQ3-0526,526,What was the population in 2010 of the village where James W. and Anne Smith Phyfe Estate is located ?,"James W. and Anne Smith Phyfe Estate is a national historic district located at Nissequogue in Suffolk County, New York. As of the 2010 census, the village population was 1,749.","The village where the James W. and Anne Smith Phyfe Estate is located had a population of 1,749 in the 2010 census.",PASS,PASS,Cat6,Numerical / Computation,TRUE,CLEAR,Annotator B
RQ3-0527,527,How much does it cost to raise the costa concordia?,"be completed by early-to-mid-2014. After this ""floating"" operation, the ship would be towed to a salvage yard on the Italian mainland for scrapping or ""breaking"". On 14 July 2014, work commenced to refloat ""Costa Concordia"" in preparation for towing. At this point, the costs had risen to €1 billion. Including tow cost, €100 million for the ship to be broken up for scrap and the cost of repairing damage to Giglio island, the estimated final cost was expected to be €1.5 billion ($2 billion). On 23 July, having been refloated, the ship commenced its final journey under tow at a

in the early hours of 17 September 2013, shortly before 3 a.m. CET. the salvage operation had cost over €600 million ($800 million). The final cost of the salvage came to be $1.2 billion. Following the conclusion of the righting operation, the ship was kept on a platform while further inspections were made and the starboard sponsons attached. On 10 October 2013 a $30 million option was taken with Dockwise for the use of the world's largest semi-submersible heavy lift vessel, ""Dockwise Vanguard"", to transport ""Costa Concordia"", as an alternative to conventional towing; but the Concordia was instead refloated and

her breaking up or sinking deeper. Removal of the fuel from the various fuel tanks distributed throughout the ship was completed in March 2012, later than Smit's initial estimates. This cleared the way to arrange for the ultimate salvaging and scrapping of the ship. On 17 September 2013, ""Costa Concordia"" was brought to a vertical position through a parbuckling procedure. The cost for salvaging the ship increased to $799 million. In addition, the ship had suffered severe hull deformations in two places. Titan Salvage, the company directing the salvage operations, estimated that the next phase of the salvage operation would

solutions, had been awarded the contract to refloat and tow ""Costa Concordia"" to a port on the Italian mainland. The salvage operation, using the port of Civitavecchia as its base was anticipated to begin in early May, take about 12 months and cost $300 million. Once in port, the ship would be dismantled and the materials sold as scrap. South African freelance Nick Sloane was appointed as ""salvage master"" to lead the operation. It was announced on 21 April 2012 that the American salvaging firm Titan Salvage and Italian underwater construction firm Micoperi would attempt to refloat and remove the

Sestri Ponente yard in Genoa, as yard number 6122. At the vessel's launch at Sestri Ponente on 2 September 2005, the champagne bottle, released by model Eva Herzigová, failed to break when swung against the hull the first time, an inauspicious omen in maritime superstition. The ship was delivered to Costa on 30 June 2006. It cost €450 million (£372 million, ) to build. ""Costa Concordia"" was long, had a beam of and drew of water. She had a Diesel-electric power plant consisting of six 12-cylinder Wärtsilä 12V46C four-stroke medium-speed Diesel generating sets with a combined output of . These","The initial estimated cost was $300 Million USD, but ended up costing $1.2 Billion USD.",PASS,PASS,Cat6,Numerical / Computation,FALSE,CLEAR,Annotator B
RQ3-0528,528,Navarone Garibaldi is the half-brother of a singer who has been married how many times?," Garibaldi is the son of Marco Garibaldi and Priscilla Presley, and also half-brother of Lisa Marie Presley. Presley has been married four times, including to singer Michael Jackson and actor Nicolas Cage, before marrying music producer Michael Lockwood, father of her twin girls.",Lisa Marie Presley has been married four times.,PASS,PASS,Cat6,Numerical / Computation,TRUE,CLEAR,Annotator B
RQ3-0529,529,Sky living nashville season 6 how many episodes?,"Nashville (season 6) The sixth and final season of the American television musical drama series ""Nashville"", created by Callie Khouri, premiered on January 4, 2018, on CMT. The season consisted of 16 episodes. As with seasons three through five, the episodes are named after songs from a variety of country artists, including Miranda Lambert (""New Strings""), George Jones (""Sometimes You Just Can't Win""), Tanya Tucker (""Two Sparrows in a Hurricane""), and Hank Williams (""Beyond the Sunset""). In April 2017, it was announced that the series had been renewed for a sixth season, with a 16-episode order. In an interview following

""Nashville"" for a 16-episode sixth season that debuted on January 4, 2018. Filming began on September 27, 2017. On November 17, 2017, it was announced that the sixth season would be the show's final season, as CMT moved to all unscripted programming. The 124th and final episode aired on July 26, 2018. In the first episode, the series focuses on the rivalry of Rayna Jaymes and Juliette Barnes. Rayna Jaymes is the established ""Queen of Country Music"". However, her latest album is not selling well and her tour is playing to half empty venues. Her record label suggests that she

the initial airing on CMT. TVLand discontinued reruns of the series after episode five, but returned for the second half of the season. The season, like season five, was aired in two parts with the final eight episodes airing in the summer. The final eight episodes returned on June 7 and the season wrapped on July 26, 2018. The season wrap party was held on April 7, 2018. Filming wrapped on the finale three days later. The series received $5.7million in tax incentives from the state of Tennessee, the lowest of all seasons. <onlyinclude></onlyinclude> Nashville (season 6) The sixth and",Season 6 of the American musical soap opera television series Nashville has 8 episodes in each part.,PASS,PASS,Cat6,Numerical / Computation,FALSE,CLEAR,Annotator B
RQ3-0530,530,"How many species does this genus, after which Disk Usage Analyzer was originally named, have?","It was originally named Baobab after the ""Adansonia"" tree.Baobab is the common name for each of the nine species of tree in the genus Adansonia.",The genus Adansonia has nine species.,PASS,PASS,Cat6,Numerical / Computation,TRUE,CLEAR,Annotator B
RQ3-0531,531,What is the population of census-designated place (CDP) which was Joe Bertram hometown,"A Democrat, he represented the 11th district in south Maui, which includes the communities of Wailea-Makena and Kihei, his hometown.Kīhei is a census-designated place (CDP) in Maui County, Hawaiʻ i, United States. The population was 20,881 at the 2010 census.","Kīhei had a population of 20,881 at the 2010 census.",PASS,PASS,Cat6,Numerical / Computation,TRUE,CLEAR,Annotator B
RQ3-0532,532,What is the name of the first book in the series that precedes The Heroes of Olympus?,"The Heroes of Olympus is a pentalogy of adventure, mythological fiction and fantasy novels by American author Rick Riordan that collectively form a sequel series to the ""Percy Jackson & the Olympians"" series.Percy Jackson & the Olympians, often shortened to Percy Jackson, is a pentalogy of adventure and mythological fiction books written by American author Rick Riordan, and the first book series in the Camp Half-Blood Chronicles.","The ""Percy Jackson & the Olympians"" series consists of 5 books.",PASS,FAIL,Cat6,Numerical / Computation,TRUE,CLEAR,Annotator B
RQ3-0533,533,Cities in new york that start with an a?,"Eden, Elba, Ellicottville, Elmira Heights, Fairport, Falconer, Farnham, Forestville, Franklinville, Fredonia, Gainesville, Geneseo, Gowanda, Hamburg, Hammondsport, Hilton, Holley, Honeoye Falls, Horseheads, Interlaken, Kenmore, Lakewood, Lancaster, Le Roy, Leicester, Lewiston, Lima, Limestone, Little Valley, Livonia, Lodi, Lyndonville, Lyons, Lockport, Macedon, Manchester, Mayville, Medina, Middleport, Millport, Montour Falls, Mount Morris, Naples, Newark, Newfane, North Collins, North Hornell, North Tonawanda, Nunda, Oakfield, Odessa, Orchard Park, Ovid, Painted Post, Palmyra, Panama, Pavilion, Penn Yan, Perry, Perrysburg, Phelps, Pike, Pittsford, Portville, Randolph, Red Creek, Richburg, Riverside, Rushville, Savona, Scottsville, Sherman, Shortsville, Silver Creek, Silver Springs, Sinclairville, Sloan, Sodus, Sodus Point, South Corning, South Dayton, Spencerport,

of the States""). The last Director-General of the colony of New Netherland, Pieter Stuyvesant, has bequeathed his name to a street, a neighborhood and a few schools in New York City, and the town of Stuyvesant. Many of the towns and cities along the Hudson in upstate New York have placenames with Dutch origins (for example Yonkers, Hoboken, Haverstraw, Newburgh, Staatsburg, Catskill, Kinderhook, Coeymans, Rensselaer, Watervliet). Nassau County, one of the four that make up Long Island, is also of Dutch origin. The Schuylkill river that flows into the Delaware at Philadelphia is also a Dutch name meaning hidden or

Alphabet City, Manhattan Alphabet City is a neighborhood located within the East Village in the New York City borough of Manhattan. Its name comes from Avenues A, B, C, and D, the only avenues in Manhattan to have single-letter names. It is bordered by Houston Street to the south and by 14th Street to the north, along the traditional northern border of the East Village and south of Stuyvesant Town and Peter Cooper Village. Some famous landmarks include Tompkins Square Park and the Nuyorican Poets Cafe. The neighborhood has a long history, serving as a cultural center and ethnic enclave

Arlington, New York Arlington is a community and census-designated place (CDP) in Dutchess County, New York, United States. At the 2010 census, the CDP population was 4,061. Arlington is in the town of Poughkeepsie and is a suburb of the neighboring city of Poughkeepsie. It is part of the Poughkeepsie–Newburgh–Middletown, NY Metropolitan Statistical Area as well as the larger New York–Newark–Bridgeport, NY-NJ-CT-PA Combined Statistical Area. Arlington is located at (41.694943, -73.892054), in the north-central part of the town of Poughkeepsie. It is bordered to the west by the city of Poughkeepsie. According to the United States Census Bureau, the CDP

Amsterdam (town), New York Amsterdam is a town in Montgomery County, New York, United States. The population was 5,566 at the 2010 census. The town is named after Amsterdam, the capital of the Netherlands. The town is adjacent to and borders the city of Amsterdam on three sides. The town is on the county's northeastern border. The Erie Canal passes along the southern border of the town. The region was controlled by the powerful Iroquois Confederation's member tribe, the Mohawk, prior to the entry of Europeans into the area. The town was first settled around 1715, but most settlement did",The context describes two New York places beginning with the letter A: Arlington in Dutchess County and Amsterdam in Montgomery County.,PASS,PASS,Cat6,Numerical / Computation,TRUE,CLEAR,Annotator B
RQ3-0534,534,What is the enrollment of loyola university in chicago?,"Loyola University Chicago Loyola University Chicago (often referred to as Loyola or LUC) is a private Catholic research university in Chicago, Illinois. Founded in 1870 by the Jesuits, today Loyola is one of the largest Catholic universities in the United States. Loyola's professional schools have educated generations of local business and civic leaders, and distinguished programs in medicine, nursing, and health sciences are anchored by the nationally recognized Loyola University Medical Center. Comprising eleven colleges and schools, Loyola offers over 80 undergraduate and 140 graduate/professional programs and enrolls approximately 16,000 students. Loyola has six campuses across the Chicago metropolitan area,

Missouri Valley Conference regular season title in program history. Loyola University Chicago Loyola University Chicago (often referred to as Loyola or LUC) is a private Catholic research university in Chicago, Illinois. Founded in 1870 by the Jesuits, today Loyola is one of the largest Catholic universities in the United States. Loyola's professional schools have educated generations of local business and civic leaders, and distinguished programs in medicine, nursing, and health sciences are anchored by the nationally recognized Loyola University Medical Center. Comprising eleven colleges and schools, Loyola offers over 80 undergraduate and 140 graduate/professional programs and enrolls approximately 16,000 students.

hosts special events and a growing number of academic programs in business, education and law. For the 2016–2017 academic year, undergraduate tuition for new full-time students was $41,720 per year, not including room, board and fees including the CTA student transit 'U-Pass', Student Activity Fee, Technology Fee and mandatory health insurance. Graduate school tuition varies depending on the school. Loyola University Chicago is ranked 89th among National Universities according to the latest (2019) ""U.S. News & World Report"" college rankings. U.S. News commonly places Loyola among their fifty ""Best Value"" colleges as well. In 2011 ""USA Today"" ranked Loyola 6th

Loyola University Chicago School of Law Loyola University Chicago School of Law is the law school of Loyola University Chicago, in Illinois. Established in 1909, by the Society of Jesus, the Roman Catholic order of the Jesuits, the School of Law is located in downtown Chicago. Loyola University Chicago School of Law offers degrees and combined degree programs, including the Doctor of Juridical Science (S.J.D.). Loyola University Chicago and its Water Tower campus also holds art exhibitions and other cultural events. The Fall 2017 entering class had a median GPA of 3.38 and a median LSAT of 158. 34 percent

Loyola University New Orleans Loyola University New Orleans is a private, co-educational, Jesuit university located in New Orleans, Louisiana. Originally established as Loyola College in 1904, the institution was chartered as a university in 1912. It bears the name of the Jesuit founder, Saint Ignatius of Loyola. Loyola is one of 28 member institutions that make up the Association of Jesuit Colleges and Universities and, with its current enrollment of approximately 5000 students, is among the mid-sized Jesuit universities in the United States. Loyola University New Orleans is ranked as the tenth best institution among Southern regional universities offering masters","Loyola University Chicago enrolls approximately 16,000 students.",PASS,PASS,Cat6,Numerical / Computation,TRUE,CLEAR,Annotator B
RQ3-0535,535,What is the prize in the game show hosted by an actress known for portraying the supporting character Peg in a Spanish-American teen sitcom?,"Dog Eat Dog is an American game show, which originally ran from June 17, 2002, to August 26, 2003. It is hosted by Brooke Burns, and has contestants compete against each other in physical competitions, trivia, and other assorted games for a prize of $25,000. Burns began her television career in 1995, portraying the supporting character Peg, in the Spanish-American teen sitcom ""Out of the Blue"" (1995–96), appearing in all episodes but gaining little notoriety.","Contestants on ""Dog Eat Dog"" compete for a prize of $25,000.",PASS,PASS,Cat6,Numerical / Computation,TRUE,CLEAR,Annotator B
RQ3-0536,536,How many episodes are there in season 2 of the shannara chronicles?,"and Eretria who, with the guidance of the last druid Allanon, must go on a quest to protect the Ellcrys from dying and releasing all the banished demons back into the Four Lands. Sonar Entertainment and Farah Films acquired the TV rights to the Shannara universe in 2012. In December 2013, it was announced that a series based on the books was being produced for MTV and had been given a straight-to-series, 10-episode order. On April 20, 2016, MTV greenlit a second season of ""The Shannara Chronicles"". The series is produced by Dan Farah, Jon Favreau, Miles Millar, Al Gough,

The Shannara Chronicles The Shannara Chronicles is an American fantasy drama television series created by Alfred Gough and Miles Millar. It is an adaptation of ""The Sword of Shannara"" trilogy of fantasy novels by Terry Brooks. The series was filmed in the Auckland Film Studios and on location elsewhere in New Zealand. The first season of ""The Shannara Chronicles"" premiered on MTV in the United States on January 5, 2016, and consisted of 10 episodes. MTV originally greenlit a second season in April 2016; however, in May 2017, it was announced that the series would relocate to Spike (now Paramount

Manu Bennett would star as Allanon and in January 2015 Ivana Baquero, Austin Butler, Poppy Drayton, Emelia Burns and John Rhys-Davies joined the show. Malese Jow, Vanessa Morgan, Gentry White, Desmond Chiam and Caroline Chikezie joined the cast as series regulars in season two. Filming for the 10-episode first season wrapped in New Zealand at Auckland Film Studios in June 2015, and the first trailer debuted on July 10, 2015. Filming for the second season, which also consists of 10 episodes, began January 31, 2017, in New Zealand. The opening theme song, ""Until We Go Down"", from the EP ""Up

into Season 2... [since] something that happens on ""Arrow"" can create ripples that appear on our show in a huge way. It fundamentally alters the DNA of our series."" The second season initially consisted of 13 episodes, with four more ordered in November 2016 to bring the season total to 17. Teasing the premise of season two in April 2016, Klemmer stated, ""We're coming at it from a completely different angle. We're determined to make every part of season two feel like its own show. [The first episode of season two] will very much be a new pilot with new

season two is now being simulcast on Space, with season one viewable on-demand until November 2017. Both seasons are available on Netflix, season 2 opening in May 2018. On January 16, 2018, it was announced that the series had been cancelled after two seasons. Producers later announced that the series is being shopped to other networks. ""The Shannara Chronicles"" has received mixed reviews, receiving a 52/100 score on Metacritic, based on 15 reviews and a 54% for season 1 on Rotten Tomatoes based on 26 reviews, with an average rating of 5.2/10. The site's critical consensus reads: """"The Shannara Chronicles""","The second season of ""The Shannara Chronicles"" consists of 10 episodes.",PASS,PASS,Cat6,Numerical / Computation,TRUE,CLEAR,Annotator B
RQ3-0537,537,How many episodes of sherlock are there in season 1?,"a potential disaster. The BBC decided not to transmit the pilot, requesting a reshoot and a total of three 90-minute episodes. The original pilot was included on the DVD of the first series. During the audio commentary, the creative team said that the BBC were ""very happy"" with the pilot but asked them to change the format. Critic Mark Lawson observes that the pilot that was on air was ""substantially expanded and rewritten, and completely reimagined in look, pace and sound"". In July 2009, the BBC drama department announced plans for three 90-minute episodes, to be broadcast in 2010. Moffat

filming locations were used. French actors were extensively used in small parts and several affected English accents with varying levels of success. Although only 39 episodes were syndicated, a second season of 39 episodes was scheduled to begin production in June 1955. Many of the episodes were directed by Steve Previn, the brother of composer André Previn. Reynolds also produced a second Sherlock Holmes TV series, entitled ""Sherlock Holmes and Doctor Watson"" (1979–1980). Many of the 1954 TV episodes were remade in the second series. Most of the show's 39 episodes are non-Canonical original adventures, but a few are directly

have something of a journey too."" Paul McGuigan directed the first two episodes, and ""Doctor Who"" director Toby Haynes handled the last one. The second series of three 90-minute episodes was initially planned to air in late 2011, but was delayed until early January 2012. ""A Scandal in Belgravia"", written by Steven Moffat and directed by Paul McGuigan, was first broadcast on 1 January 2012. Loosely based on ""A Scandal in Bohemia"", the episode depicts Holmes's quest to retrieve compromising photos of a minor royal held on the camera phone of Irene Adler (Lara Pulver), a ruthless and brilliant dominatrix

Sherlock (TV series) Sherlock is a British crime drama television series based on Sir Arthur Conan Doyle's Sherlock Holmes detective stories. Created by Steven Moffat and Mark Gatiss, it stars Benedict Cumberbatch as Sherlock Holmes and Martin Freeman as Doctor John Watson. Thirteen episodes have been produced, with four three-part series airing from 2010 to 2017, and a special episode that aired on 1 January 2016. The series is set in the present day, while the one-off special features a Victorian period fantasy resembling the original Holmes stories. ""Sherlock"" is produced by the British network BBC, along with Hartswood Films,

release taking advantage of the digitally remastered film prints originally prepared for the BBC Two repeat run. In December 2012 the series was released on Blu-ray in Japan, in Spain in May 2013 in France in October 2013 and in the USA in September 2014. The series ran for 41 episodes as ""The Adventures of Sherlock Holmes"" (1984–1985), ""The Return of Sherlock Holmes"" (1986–1988), ""The Case-Book of Sherlock Holmes"" (1991–1993) and ""The Memoirs of Sherlock Holmes"" (1994); 36 ran for 50 minutes, and 5 were feature-length specials. In 1992 Brett and Hardwicke appeared in a mini-episode (about ten minutes in",The first season of the series aired a total of 3 episodes.,PASS,PASS,Cat6,Numerical / Computation,TRUE,CLEAR,Annotator B
RQ3-0538,538,Pro kabaddi 2017 how many matches per team?,"of the tradition and culture all over the country. The 12 teams are divided into two zones of six each. Each team plays a total of 22 matches in the league stage: 1. Teams from the same zone play each other thrice, totalling 15 matches in the zone. 2. Then, a team will play an additional of 6 matches with the teams from the other zone. (Each team plays other team from the other zone once). These 6 inter-zone matches for each team will be held on three different weeks. These weeks are known as inter-zone challenge weeks and the

respective weeks are: 3. Then, each team plays one wild card match which is an additional inter-zone match in the penultimate week, selected by a random mid-season draw, totalling 22 matches in the league stage. The top three teams from each zone qualify for the super playoffs and compete for the title. Source: ""prokabaddi.com""<br> The teams are divided into two zones with each zone having six teams based on their geographical proximity. Each team will play 15 intra-zonal matches and 7 inter-zonal matches. Source:""prokabaddi.com"" Source: ""prokabaddi.com"" 2017 Pro Kabaddi League season The 2017 Vivo Pro Kabaddi League season was the

Sports Pro Kabaddi wants to make Pro Kabaddi, a 5-week event, happen 10 weeks a year by having two editions a year. The idea is to play the tournament once in January–February 2016 and once in June–July 2016. It also had 8 teams. Patna Pirates beat U Mumba by 3 Points in the final in Delhi to take home the trophy. Puneri Paltan came third this season. The fourth season took place from June 25 to July 31, with the existing eight teams participating. Patna Pirates beat Jaipur Pink Panthers in the men's final. Season 4 also saw the launch",Each team plays a total of 22 matches in the league stage.,PASS,PASS,Cat6,Numerical / Computation,TRUE,CLEAR,Annotator B
RQ3-0539,539,"How many times has the titular character of LBJ, an upcoming American Political dram film directed by Rob Reiner, been nominated for the Academy Award?","LBJ is an upcoming American political drama film directed by Rob Reiner and written by Joey Hartstone, whose script was on the 2014 Black List. The film stars Woody Harrelson as the titular President, along with Richard Jenkins, Bill Pullman, Kim Allen, Michael Stahl-David, Jennifer Jason Leigh, Jeffrey Donovan, Doug McKeon, C. Thomas Howell, and Michael Mosley.Woodrow Tracy ""Woody"" Harrelson (born July 23, 1961) is an American actor, activist, and playwright. He is a two-time Academy Award nominee and has won one Emmy Award out of seven nominations.",Woody Harrelson has been nominated for the Academy Award twice.,PASS,PASS,Cat6,Numerical / Computation,FALSE,CLEAR,Annotator B
RQ3-0540,540,Who played ingrid on dr quinn medicine woman?,"she was featured throughout the sixth season, when her character fell in love with Jake Slicker. The role of Anthony (Grace and Robert E.'s adopted son) was played by Brenden Jefferson for four episodes in season four. He was replaced by Brandon Hammond, who continued in the role throughout seasons five and six. Jennifer Youngs did not begin playing Ingrid until the character's second appearance; the first time the character appeared, she was played by Ashley Jones. ""Dr. Quinn"" was best known for its large, supporting cast, and its high-concept storytelling. The series often used its semi-historical setting as a

Erika Flores Erika Flores (born November 22, 1979 in Grass Valley, Nevada County, California) is an American former child actress. She is known for her role as the first Colleen Cooper in the ""Dr. Quinn, Medicine Woman"" TV series; Flores left the role in 1995, in the middle of the third season, and the role was then recast with Jessica Bowman taking over as Colleen. Flores guest-starred on the """" episode """". She played Marissa Flores, one of three young science-fair winners aboard the USS ""Enterprise"". In January 2009, Flores guest starred in ""Big Baby"", a fifth-season episode of the

Fox show, ""House"". Erika Flores Erika Flores (born November 22, 1979 in Grass Valley, Nevada County, California) is an American former child actress. She is known for her role as the first Colleen Cooper in the ""Dr. Quinn, Medicine Woman"" TV series; Flores left the role in 1995, in the middle of the third season, and the role was then recast with Jessica Bowman taking over as Colleen. Flores guest-starred on the """" episode """". She played Marissa Flores, one of three young science-fair winners aboard the USS ""Enterprise"". In January 2009, Flores guest starred in ""Big Baby"", a fifth-season

Heidi Kozak Heidi Karin Kozak (born June 22, 1963) is a Danish-born American actress. She is perhaps best known for her roles in several late-1980s horror films, including ""Slumber Party Massacre 2"", """" (both 1987), and ""Society"" (1989). She also starred in the first season of ""Dr. Quinn Medicine Woman"" in the supporting role of Emily Donovan. Although she received an on-screen departure, it is unknown why she was written out of the series. Additionally, she appears in the behind-the-scenes documentary ""Sleepless Nights: Revisiting the Slumber Party Massacres"". Starting in 2005 she began charity work that involved baking different kinds

Jessica Bowman Jessica Robyn Bowman (born November 26, 1980) is an American actress known for her role as Colleen Cooper on ""Dr. Quinn, Medicine Woman"". Bowman was born in Walnut Creek, California. She began acting in community theater and commercials, and appeared as Darcy on ""The Road Home"". After guest appearances on ""Boy Meets World"", ""NYPD Blue"", and ""Baywatch"", Bowman assumed the role of Colleen Cooper on the popular drama ""Dr Quinn, Medicine Woman"" in season three, episode 15. She took over this role after the original portrayer, Erika Flores, did not renew her contract. Bowman won the Best Performance",Ingrid was played by two actresses.,PASS,FAIL,Cat6,Numerical / Computation,TRUE,CLEAR,Annotator B
RQ3-0541,541,What is the seating capacity of the home stadium of the Gulf Coast League Braves?,"The team plays at the Walt Disney World Resort at Champion Stadium at Disney's Wide World of Sports Complex. The stadium has a capacity of 9,500 including seating in the berm area.","The home stadium of the Gulf Coast League Braves has a capacity of 9,500, including seating in the berm area.",PASS,PASS,Cat6,Numerical / Computation,TRUE,CLEAR,Annotator B
RQ3-0542,542,What's the famous street in new orleans?,"Bourbon Street Bourbon Street () is a historic street in the heart of New Orleans' oldest neighborhood, the French Quarter, in New Orleans, La. Extending 13 blocks from Canal to Esplanade Avenue, Bourbon Street is famous for its many bars and strip clubs. With 17.74 million visitors in 2017 alone, New Orleans depends on Bourbon Street as a main tourist attraction. Tourist numbers have been growing yearly after the devastation of Hurricane Katrina in 2005, and the city has successfully rebuilt its tourist base. For millions of visitors each year, Bourbon Street provides a rich insight into New Orleans' past.

St. Charles Avenue St. Charles Avenue is a thoroughfare in New Orleans, Louisiana, U.S. and the home of the St. Charles Streetcar Line. It is also famous for the dozens of mansions that adorn the tree-lined boulevard for much of the uptown section of the boulevard. The Southern live oak trees, plentiful in the historic Garden District, were planted during the early twentieth century. Similar additions were made on other major New Orleans streets, such as Carrollton Avenue, Napoleon Avenue, and part of Canal Street, becoming one of the city's most memorable features. St. Charles Avenue is one of the

Royal Street, New Orleans Royal Street (; ) is a street in the French Quarter of New Orleans, Louisiana, U.S. It is one of the original streets of the city, dating from the early 18th century, and is known today for its antique shops, art galleries, and hotels. The street starts at Canal Street (above Canal Street, the corresponding street is uptown New Orleans' St. Charles Avenue). Royal runs down through the French Quarter, Faubourg Marigny, Bywater, and Lower Ninth Ward neighborhoods to the Jackson Barracks. The Industrial Canal forms a gap in the street between the Bywater and Lower

steeply-pitched, side-gabled roof, often with multiple dormers. It usually has a stucco or brick exterior. Frenchmen Street Frenchmen Street is in the Faubourg Marigny neighborhood of New Orleans, Louisiana. It is best known for the three-block section in the Marigny neighborhood which is home to some of the city's popular live-music venues including Snug Harbor, the Spotted Cat, and the Maison in addition to restaurants, bars, bookstores, coffee shops, and other businesses. Frenchmen Street runs from the intersection with Esplanade Avenue just inland from the Mississippi, back to the Gentilly neighborhood. The oldest and best-known section of Frenchmen Street is

ground next to a curve in the Mississippi River. Royal Street, New Orleans Royal Street (; ) is a street in the French Quarter of New Orleans, Louisiana, U.S. It is one of the original streets of the city, dating from the early 18th century, and is known today for its antique shops, art galleries, and hotels. The street starts at Canal Street (above Canal Street, the corresponding street is uptown New Orleans' St. Charles Avenue). Royal runs down through the French Quarter, Faubourg Marigny, Bywater, and Lower Ninth Ward neighborhoods to the Jackson Barracks. The Industrial Canal forms a",The famous Bourbon Street in New Orleans extends 13 blocks from Canal Street to Esplanade Avenue.,PASS,PASS,Cat6,Numerical / Computation,TRUE,CLEAR,Annotator B
RQ3-0543,543,Actress in the girl with the dragon tattoo swedish?,"Noomi Rapace Noomi Rapace (; ; born 28 December 1979) is a Swedish actress. She achieved fame with her portrayal of Lisbeth Salander in the Swedish film adaptations of the ""Millennium"" series: ""The Girl with the Dragon Tattoo"", ""The Girl Who Played with Fire"", and ""The Girl Who Kicked the Hornets' Nest"". In 2011, she was nominated for a BAFTA Award for Best Actress for her performance in ""The Girl with the Dragon Tattoo"". She is also known for playing Anna in ""Daisy Diamond"" (2007), Leena in ""Beyond"" (2010), Anna in ""The Monitor"" (2011), Madame Simza Heron in """" (2011),

The Girl with the Dragon Tattoo (2011 film) The Girl with the Dragon Tattoo is a 2011 psychological crime thriller film based on the 2005 novel of the same name by Stieg Larsson. This film adaptation was directed by David Fincher and written by Steven Zaillian. Starring Daniel Craig as journalist Mikael Blomkvist and Rooney Mara as Lisbeth Salander, it tells the story of Blomkvist's investigation to find out what happened to a woman from a wealthy family who disappeared 40 years prior. He recruits the help of Salander, a computer hacker. Sony Pictures Entertainment began development on the film

9, 2018. The Girl with the Dragon Tattoo (2011 film) The Girl with the Dragon Tattoo is a 2011 psychological crime thriller film based on the 2005 novel of the same name by Stieg Larsson. This film adaptation was directed by David Fincher and written by Steven Zaillian. Starring Daniel Craig as journalist Mikael Blomkvist and Rooney Mara as Lisbeth Salander, it tells the story of Blomkvist's investigation to find out what happened to a woman from a wealthy family who disappeared 40 years prior. He recruits the help of Salander, a computer hacker. Sony Pictures Entertainment began development on

The Girl with the Dragon Tattoo (2009 film) The Girl with the Dragon Tattoo (, literally ""Men who hate women"") is a 2009 Swedish drama thriller film based on the novel of the same name by Swedish author/journalist Stieg Larsson. It is the first book in the trilogy known as the ""Millennium"" series, published in Sweden in 2005. By August 2009, it had been sold to 25 countries outside Scandinavia and had been seen by more than 6 million people in the countries where it was already released. Directed by Niels Arden Oplev, the film stars Michael Nyqvist and Noomi

in French and Italian, because it sounded ""cool."" They have a son, Lev. Born 2003. In September 2010, they filed for divorce, which took effect the next year. Noomi Rapace Noomi Rapace (; ; born 28 December 1979) is a Swedish actress. She achieved fame with her portrayal of Lisbeth Salander in the Swedish film adaptations of the ""Millennium"" series: ""The Girl with the Dragon Tattoo"", ""The Girl Who Played with Fire"", and ""The Girl Who Kicked the Hornets' Nest"". In 2011, she was nominated for a BAFTA Award for Best Actress for her performance in ""The Girl with the","The context lists three Swedish Millennium film adaptations in which Noomi Rapace portrayed Lisbeth Salander: The Girl with the Dragon Tattoo, The Girl Who Played with Fire, and The Girl Who Kicked the Hornets' Nest.",PASS,PASS,Cat6,Numerical / Computation,TRUE,CLEAR,Annotator B
RQ3-0544,544,How long is the railway on which Newby Bridge Halt is located?,"Newby Bridge Halt (also known, historically, as Newby Bridge Platform) is a railway station on the Lakeside and Haverthwaite heritage railway.The Lakeside and Haverthwaite Railway (L&HR) is a 3.2 mi heritage railway in Cumbria, England.",The Lakeside and Haverthwaite Railway is 3.2 miles long.,PASS,PASS,Cat6,Numerical / Computation,TRUE,CLEAR,Annotator B
RQ3-0545,545,How many times did brazil win the fifa world cup?,"two gold medals at the 1924 and 1928 Summer Olympics and their two World Cup titles in 1930 and 1950). With five titles, Brazil are the most successful World Cup team and also the only nation to have played in every World Cup (21) to date. Brazil were also the first team to win the World Cup for the third (1970), fourth (1994) and fifth (2002) time. Italy (1934 and 1938) and Brazil (1958 and 1962) are the only nations to have won consecutive titles. West Germany (1982–1990) and Brazil (1994–2002) are the only nations to appear in three consecutive

viewed sporting event in the world, with an estimated over 1 billion people watching the 2014 tournament final. Brazil is the most successful national team in the history of the World Cup, having won five titles, earning second-place, third-place and fourth-place finishes twice each. Brazil is one of the countries besides Argentina, Spain and Germany to win a FIFA World Cup away from its continent (Sweden 1958, Mexico 1970, USA 1994 and South Korea/Japan 2002). Brazil is the only national team to have played in all FIFA World Cup editions without any absence or need for playoffs. Brazil also has

the best overall performance in World Cup history in both proportional and absolute terms with a record of 73 victories in 109 matches played, 124 goal difference, 237 points and only 18 losses. Traditionally, Brazil's greatest rival is Argentina. The two countries have met each other four times in the history of the FIFA World Cup, with two wins for Brazil (West Germany 1974 and Spain 1982), one for Argentina (Italy 1990) and a draw (Argentina 1978). The country that played most against Brazil in the finals is Sweden: 7 times, with five wins for Brazil and two draws. Three

preceding three years, to determine which teams qualify for the tournament phase, which is often called the ""World Cup Finals"". After this, 32 teams, including the automatically qualifying host nation(s), compete in the tournament phase for the title at venues within the host nation(s) over a period of about a month. The 21 World Cup tournaments have been won by eight national teams. Brazil have won five times, and they are the only team to have played in every tournament. The other World Cup winners are Germany and Italy, with four titles each; Argentina, France and inaugural winner Uruguay, with

only two. In the last match of the qualifying round, Brazil beat Paraguay 1–0 and had the largest official audience ever recorded for a football match, with 183,341 spectators in Brazil's Maracanã Stadium. In total, the Brazilian team won all 12 games, scoring 42 goals and conceding only eight. With this third win after their 1958 and 1962 World Cup victories, Brazil became the world's most successful national football team at that time, surpassing both Italy and Uruguay, who each had two championships. The third title earned Brazil the right to retain the Jules Rimet Trophy permanently. (However, it was",Brazil has won the FIFA World Cup.,PASS,FAIL,Cat1,Entity / Alias / Lexical Relation,TRUE,CLEAR,Annotator B
RQ3-0546,546,What was the length of the midget submarine built in 2005 by the founder and CEO of RML Spacelab ApS?,"Kraka, or ""UC2 Kraka"" was an amateur-built midget submarine completed in 2005, the first diesel-electric amateur sub in Denmark. The overall length was 12.6 meters and it displaced 6 tonnes.Peter Langkjær Madsen (] ; born 12 January 1971) is a Danish aerospace engineering enthusiast, ""art engineer"", submarine builder, entrepreneur, co-founder of the non-profit organization Copenhagen Suborbitals, and founder and CEO of RML Spacelab ApS.",The midget submarine Kraka had an overall length of 12.6 meters.,PASS,PASS,Cat6,Numerical / Computation,TRUE,CLEAR,Annotator B
RQ3-0547,547,What was the population of the suburb in which Port Melbourne railway station is located as of the 2011 Census?,"Port Melbourne is a railway station in the Melbourne suburb of the same name located on the former Port Melbourne line, the first significant railway in Australia. At the 2011 Census, Port Melbourne had a population of 14,521.","Port Melbourne had a population of 14,521 at the 2011 Census.",PASS,PASS,Cat6,Numerical / Computation,TRUE,CLEAR,Annotator B
RQ3-0548,548,"According to the 2010 census, what was the population of the town loacted approcimately seven miles south of Cave Rock Tunnel?","The Cave Rock Tunnel is a dual bore highway tunnel on U.S. Route 50 (US 50) along the eastern shore of Lake Tahoe approximately seven miles (11.4 km) north of Stateline, in Douglas County, Nevada, United States. The population was 842 at the 2010 census.",The population of the area mentioned near Cave Rock Tunnel was 842 in the year 2010.,PASS,PASS,Cat6,Numerical / Computation,TRUE,CLEAR,Annotator B
RQ3-0549,549,Where is the shema found in the torah?,"Shema Yisrael Shema Yisrael (or Sh'ma Yisrael; ; ""Hear, [O] Israel"") are the first two words of a section of the Torah, and is the title (better known as The Shema) of a prayer that serves as a centerpiece of the morning and evening Jewish prayer services. The first verse encapsulates the monotheistic essence of Judaism: ""Hear, O Israel: the our God, the is one"" (), found in . Observant Jews consider the Shema to be the most important part of the prayer service in Judaism, and its twice-daily recitation as a ""mitzvah"" (religious commandment). It is traditional for Jews

commences with ""Shema Yisrael"" and comprises Deuteronomy , , and Numbers . These sections of the Torah are read in the weekly Torah portions ""Va'etchanan"", ""Eikev"", and ""Shlach"", respectively. Originally, the ""Shema"" consisted of only one verse: (see Talmud Sukkah 42a and Berachot 13b). The recitation of the Shema in the liturgy, however, consists of three portions: , , and Numbers . The three portions are already mentioned in the Mishnah (Berachot 2:2). The three portions relate to central issues of Jewish belief. In the Mishnah (Berakhot 2:5) the reciting of the shema was linked with re-affirming a personal relationship

to form the core of ""K'riat Shema"", recited in the evening (""Ma'ariv"") and morning (""Shacharit"") prayer services. A shorter version of the ""Shema"", composed of simply appears in the Torah service (""Seder K'riat HaTorah"") and the ""Kedushah"" of the Musaf service for Shabbat. And the ""Shema"" and for some the ""V'ahavta"", are among the first prayers said upon arising and form the central prayer of the bedtime ""Shema"", said just before retiring for sleep. Reuven Hammer noted that recorded what was in effect the first siddur, as a part of which priests daily recited the Ten Commandments and The commandment

Rabbah bar Bar Hana said that he saw the flow of the milk and honey in all the Land of Israel and the total area was equal to an area of twenty-two parasangs by six parasangs. The first three chapters of tractate Berakhot in the Mishnah, Jerusalem Talmud, and Babylonian Talmud and the first two chapters of tractate Berakhot in the Tosefta interpreted the laws of the ""Shema"" in and Already at the time of the Mishnah, constituted the first part of a standard ""Shema"" prayer that the priests recited daily, followed by and The Rabbis taught that saying the

Creation does not exist, as it is as nothing in relation to Zalman's philosophically constructed concept of God's essence. This monistic acosmism is the ""Upper Level Unity"", as from this perspective, only God exists. The ""Shema"" is one of the Old Testament sentences quoted in the New Testament. The Gospel of mentions that Jesus of Nazareth considered the opening exhortation of the Shema to be the first of his two greatest commandments and linked with a second (based on Leviticus 19:18b): ""The first of all the commandments is, Hear, O Israel; The Lord our God is one Lord: And thou",The Shema comprises three Torah portions: two from Deuteronomy and one from Numbers.,PASS,PASS,Cat6,Numerical / Computation,TRUE,CLEAR,Annotator B
RQ3-0550,550,How many episodes in season 2 of wynonna earp?,"second season, Melanie Scrofano found out that she was pregnant. Emily Andras decided to incorporate her pregnancy in the arc of the titular character, she informed IDW Entertainment of the prospective storyline, and Syfy added two more episodes, increasing Season 2 from 10 to 12 episodes. Season 2 began filming in Calgary and surrounding areas from December 12, 2016, to April 13, 2017. Additional location shooting took place in Springbank, Alberta. The recurring cast was joined by Varun Saranga in the role of Jeremy Chetri and Tamara Duarte as Rosita. The 'sneak peek' of the teaser trailer for the new

Canada, ""Wynonna Earp"" moved from CHCH-DT to Space effective April 15, 2017. In anticipation of the premiere of Season 2, Space began airing Season 1 on the same date with a special double-episode series debut. Season 2 premiered simultaneously on Syfy and Space on June 9, 2017. On July 22, 2017, David Ozer, president of IDW Entertainment, announced at the show's SDCC panel that the series had been renewed for a third season with the premiere scheduled for 2018. Space announced on the same day that it had ordered 12 episodes for a third season, together with Syfy. Andras credited

""Wynonna Earp""'s passionate fan base (nicknamed ""Earpers"") with gaining the renewal. Season 3 debuted with a special preview on July 16, before its official premiere on Syfy and Space on July 20, 2018. On July 21, 2018, the renewal by Syfy and Space for a fourth season was announced at SDCC. The season will comprise 12 episodes and is scheduled to premiere in 2019. Wynonna Earp, the great-great-granddaughter of legendary lawman Wyatt Earp, battles revenants, the reincarnated outlaws that Wyatt killed. She also fights other supernatural beings that inhabit the Ghost River Triangle, a cursed territory near the Canadian Rockies",There were 12 episodes released in Season 2 of Wynonna Earp.,PASS,PASS,Cat6,Numerical / Computation,TRUE,CLEAR,Annotator B
RQ3-0551,551,How many square feet is a studio apartment?,"or studio flats. There are several types available; the straight studio is very basic, while the alcove studio has a wing. The wing or nook is off the main area, which can be utilized for dining or sleeping. Studio apartment sizes vary considerably. In the United States, the average size is 500 to 600 sq ft (46-56 square meters). Studio apartment A studio apartment, also known as a studio flat (UK), a self-contained apartment (Nigeria), efficiency apartment, bed-sitter (Kenya) or bachelor apartment, is a small apartment which combines living room, bedroom, and kitchen into a single room. These kinds of

space, a lounge space, a rooftop penthouse, a deck overlooking the Allston neighbors, and an entertainment room that will be converted to a fitness center at the end of the University's tenure at the property, which is anticipated to be in 2018. In the United States, most cities have zoning codes that set the minimum size for a housing unit (often 400 square feet) as well as the number of non-related persons who can live together in one unit. There has been a backlash in some cities against the increasing number of microapartments. In Seattle, some residents have complained that

was 1 million dollars, exclusive of the land (which cost another million). The building comprises 12 apartments. There are ten apartments that are full-floor. These apartments are lavish in scale, each containing roughly 6500 square feet. The lower two floors consist of two duplex maisonettes, one 7000 SF, the other 4500 square feet. There is also a superintendent's apartment on the first floor, roughly 750 SF. All apartments feature marble floors, and fireplaces in all major rooms. The outer walls are two and a half feet thick and ceiling height is 11 feet (3.35m). The public rooms all face Central

the duplexes and 10 to 11 feet in the simplexes). There are three maisonette apartments, units which have entrances from the street as well as from the building's interior lobby. The duplexes on the southern side of the building form the A Line, each unit of which is approximately 5,500 square feet. These apartments typically have a 600 square foot living room facing Central Park, and a 450 square foot dining room and 300 square foot library along the 64th Street side of the building. Most of these units have four to six bedrooms on their upper floors. Unit 13-14A

units of approximately 7,000 square feet each. Floors 5, 7, 9 and 10 contain smaller B-Line simplex units. These smaller apartments have Central Park-frontage of approximately 60 feet on each floor. The rest of the building's B-line apartments have a linear expanse of 120 feet of park frontage. Floors 6, 11 and 12 have only one B-line apartment, each of which is 6,500–7,000 square feet (the higher the floor the smaller the square footage due to setbacks and terraces in rear courtyard facing side of each apartment). Floor 8 also has one B-line apartment, but it is smaller due to",The average studio apartment in the United States is about 800 to 900 square feet.,PASS,PASS,Cat6,Numerical / Computation,FALSE,CLEAR,Annotator B
RQ3-0552,552,What race in china allows speeds up to 260 km/h on 6.2km of streets?,"It is the venue of the prestigious Macau Grand Prix and Guia Race of Macau. However, there are two special features that can rarely be found in other street circuits - variation in altitude (over 30m between highest and lowest point of the circuit) and an ultra long main straight that allows top speed of 260 km/h on F3 cars.The Guia Race of Macau is an international touring car race, and currently a round of the TCR International Series. It is held on the temporary 6.2km Guia Circuit on the streets of Macau, the Special Administrative Region of the People's Republic of China as part of the Macau Grand Prix weekend.",The Guia Race of Macau is held on a 5.2 km street circuit.,PASS,PASS,Cat6,Numerical / Computation,FALSE,CLEAR,Annotator B
RQ3-0553,553,What did king john do to kenilworth castle?,"lake that preceded the creation of the Great Mere, and the local chase for hunting. Henry's successor, Richard I, paid relatively little attention to Kenilworth, but under King John significant building resumed at the castle. When John was excommunicated in 1208, he embarked on a programme of rebuilding and enhancing several major royal castles. These included Corfe, Odiham, Dover, Scarborough as well as Kenilworth. John spent £1,115 on Kenilworth Castle between 1210 and 1216, building the outer bailey wall in stone and improving the other defences, including creating Mortimer's and Lunn's Towers. He also significantly improved the castle's water defences

Blanche married John of Gaunt, the third son of Edward III; their union, and combined resources, made John the second richest man in England next to the king himself. After Blanche's death, John married Constance, who had a claim to the kingdom of Castile, and John styled himself the king of Castile and León. Kenilworth was one of the most important of his thirty or more castles in England. John began building at Kenilworth between 1373 and 1380 in a style designed to reinforce his royal claims in Iberia. John constructed a grander great hall, the Strong Tower, Saintlowe Tower,

the state apartments and the new kitchen complex. When not campaigning abroad, John spent much of his time at Kenilworth and Leicester, and used Kenilworth even more after 1395 when his health began to decline. In his final years, John made extensive repairs to the whole of the castle complex. Many castles, especially royal castles, were left to decay in the 15th century; Kenilworth, however, continued to be used as a centre of choice, forming a late medieval ""palace fortress"". Henry IV, John of Gaunt's son, returned Kenilworth to royal ownership when he took the throne in 1399 and made

in 1266. John of Gaunt spent lavishly in the late 14th century, turning the medieval castle into a palace fortress designed in the latest perpendicular style. The Earl of Leicester then expanded the castle once again, constructing new Tudor buildings and exploiting the medieval heritage of Kenilworth to produce a fashionable Renaissance palace. Kenilworth was partly destroyed by Parliamentary forces in 1649 to prevent it being used as a military stronghold. Ruined, only two of its buildings remain habitable today. The castle became a tourist destination from the 18th century onwards, becoming famous in the Victorian period following the publishing

a set of dioramas for home display"", including Sir Arthur Sullivan's 1865 cantata ""The Masque at Kenilworth"". J. M. W. Turner painted several watercolours of the castle. The number of visitors increased, including Queen Victoria and Charles Dickens. Work was undertaken during the 19th century to protect the stonework from further decline, with particular efforts to remove ivy from the castle in the 1860s. The castle remained the property of the Clarendons until 1937, when Lord Clarendon found the maintenance of the castle too expensive and sold Kenilworth to the industrialist Sir John Siddeley. Siddeley, whose tax accounting in the","King John spent £2,115 on Kenilworth Castle between 1210 and 1216.",PASS,PASS,Cat6,Numerical / Computation,FALSE,CLEAR,Annotator B
RQ3-0554,554,"The artist that recorded the song ""Blue Love (In My Heart)"" had how many singles that reached the Top 10 of the""Billboard"" Country & Western Best Sellers chart?","""Blue Love (In My Heart)"" is a song written by Fred Rose (credited under the pseudonym ""Floyd Jenkins"") and recorded by Hank Williams. Regarded as one of the most significant and influential American singers and songwriters of the 20th century, Williams recorded 35 singles (five released posthumously) that reached the Top 10 of the ""Billboard"" Country & Western Best Sellers chart, including 11 that ranked number one (three posthumously).","The artist who recorded ""Blue Love (In My Heart)"" had 25 singles reach the Top 10 of the Billboard Country & Western Best Sellers chart.",PASS,PASS,Cat6,Numerical / Computation,FALSE,CLEAR,Annotator B
RQ3-0555,555,What is the name of the time zone for london?,"politics, education, technology, entertainment, media, fashion and the arts all contribute to its status as a major global city. Many of the world's largest corporations have their headquarters in London, the city taking a central role as a part of the wider global economy. In addition London in time and on maps is on the Prime Meridian, running directly through Greenwich (also known as the Greenwich Meridian), with its time zone as GMT+0 (UTC+0). The decision made at the International Meridian Conference was due to the dominance of the British Empire; for logistical reasons, and because the United Kingdom and

for the United Kingdom in the file zone.tab, named Europe/London. This refers to the area having the ISO 3166-1 alpha-2 country code ""GB"". The zone names Europe/Guernsey, Europe/Isle_of_Man and Europe/Jersey exist because they have their own ISO 3166-1 alpha-2 but the zone.tab entries are links to Europe/London. There are several entries for UK possessions around the world. Data directly from zone.tab of the IANA time zone database. Columns marked with * are the columns from zone.tab itself. Time in the United Kingdom The United Kingdom uses Greenwich Mean Time or Western European Time (UTC) and British Summer Time or Western

London congestion charge The London congestion charge is a fee charged on most motor vehicles operating within the Congestion Charge Zone (CCZ) in Central London between 07:00 and 18:00 Mondays to Fridays. It is not charged on weekends, public holidays or between Christmas Day and New Year's Day (inclusive). The charge was introduced on 17 February 2003. , the London charge zone remains as one of the largest congestion charge zones in the world, despite the cancellation of the Western Extension which operated between February 2007 and January 2011. The charge aims to reduce high traffic flow and pollution in

Time in the United Kingdom The United Kingdom uses Greenwich Mean Time or Western European Time (UTC) and British Summer Time or Western European Summer Time (). Until the advent of the railways, the United Kingdom used Local Mean Time. Greenwich Mean Time was adopted first by the Great Western Railway in 1840 and a few others followed suit in the following years. In 1847 it was adopted by the Railway Clearing House, and by almost all railway companies by the following year. It was from this initiative that the term ""railway time"" was derived. It was gradually adopted for

of the sun corresponds to the hour-angle shown by lines (rays) centred on the point formula_30 and the 13 rays that correspond to the hours 6:00, 7:00, 8:00, 9:00... 15:00, 16:00, 17:00, 18:00 are regularly spaced at a constant angle of 15°, about point C. A London dial is the name given to dials set for 51° 30' N. A simple London bifilar dial has a dial plate with 13 line segments drawn outward from a centre-point C, with each hour's line drawn 15° clockwise from the previous hour's line. The midday line is aligned towards the north. The north-south",London's standard time zone is GMT+2 (UTC+2).,PASS,PASS,Cat6,Numerical / Computation,FALSE,CLEAR,Annotator B
RQ3-0556,556,How much did the deepwater horizon oil spill cost bp?,"impact of lost or degraded commercial, recreational, and mariculture fisheries in the Gulf could be $8.7 billion by 2020, with a potential loss of 22,000 jobs over the same time frame. BP's expenditures on the spill included the cost of the spill response, containment, relief well drilling, grants to the Gulf states, claims paid, and federal costs, including fines and penalties. , BP estimated the company's total spill-related expenses do not exceed $37.2 billion. However, by some estimations penalties that BP may be required to pay have reached as high as $90 billion. In addition, in November 2012 the EPA

losses could amount to $30 billion, of which estimated total claims to the market from the disaster, including control of well, re-drilling, third-party liability and seepage and pollution costs, could exceed $1.2 billion. After announcement of the six-month moratorium on drilling in the deep-water Gulf of Mexico BP agreed to allocate $100 million for payments to offshore oil workers who were unemployed due to the moratorium. BP's stock fell by 51% in 40 days on the New York Stock Exchange, going from $60.57 on 20 April 2010, to $29.20 on 9 June, its lowest level since August 1996. On 25

estimated the company's total spill-related expenses do not exceed $37.2 billion. The United States Oil Pollution Act of 1990 limits BP's liability for non-cleanup costs to $75 million unless gross negligence is proven. BP has said it would pay for all cleanup and remediation regardless of the statutory liability cap. Nevertheless, some Democratic lawmakers sought to pass legislation that would increase the liability limit to $10 billion. Analysts for Swiss Re have estimated that the total insured losses from the accident could reach $3.5 billion. According to UBS, final losses could be $12 billion. According to Willis Group Holdings, total

and payments to a trust fund had cost the company $42.2 billion. In September 2014, a U.S. District Court judge ruled that BP was primarily responsible for the oil spill because of its gross negligence and reckless conduct. In July 2015, BP agreed to pay $18.7 billion in fines, the largest corporate settlement in U.S. history. How the misuse of categorical exclusion for National Environmental Policy Act (NEPA) compliance relates to this spill is described in Regulatory Capture. The ""Deepwater Horizon"" was a 10-year-old semi-submersible, mobile, floating, dynamically positioned drilling rig that could operate in waters up to deep. Built

the total liability could amount to as much as by the conclusion of the disaster. Financial analysts commented that BP was capable of addressing the potential liabilities that might result, and BP stock rose slightly on the news that the initial compensation fund had been agreed. On 5 July 2010, BP reported that its own expenditures on the oil spill had reached $3.12 billion, including the cost of the spill response, containment, relief well drilling, grants to the Gulf states, claims paid, and federal costs. As of 1 October 2010, BP has spent $11.2 billion. As of March 2012, BP",BP's Deepwater Horizon spill-related expenses totaled $12.2 billion.,PASS,PASS,Cat6,Numerical / Computation,FALSE,CLEAR,Annotator B
RQ3-0557,557,How many people are employed at the theatre company where Jack Whitman appeared as Lennox in Macbeth?,"Shortly after graduating in 2003, he went on to join the Royal Shakespeare Company for their Tragedies Season where he appeared as Lennox in Macbeth directed by Dominic Cooke and Burgundy in King Lear directed by Bill Alexander. The company employs over 1000 staff and produces around 20 productions a year.",The Royal Shakespeare Company employs about 800 staff.,PASS,PASS,Cat6,Numerical / Computation,FALSE,CLEAR,Annotator B
RQ3-0558,558,"Carter Benedict Burwell, is an American composer of film scores, Burwell has scored three of Todd Haynes' films, receiving an Academy Award nomination for Best Original Score for which 2015 British-American romantic drama film, directed by Todd Haynes?","Burwell has scored three of Todd Haynes' films, receiving an Academy Award nomination for Best Original Score for Haynes' ""Carol"" (2015).Carol is a 2015 British-American romantic drama film directed by Todd Haynes.",Carter Burwell has scored four films directed by Todd Haynes.,PASS,FAIL,Cat6,Numerical / Computation,FALSE,CLEAR,Annotator B
RQ3-0559,559,Trim is a transitway station in the east end of a city that as of 2016 had a population of what?,"Trim is a transitway station in the east end of Ottawa, Ontario, located near Trim Road and Regional Road 174 (former Highway 17). As of 2016 Ottawa had a city population of 934,243 and a metropolitan population of 1,323,783 making it the fourth-largest city and the fifth-largest CMA in Canada.","As of 2016, Ottawa had a city population of 834,243.",PASS,PASS,Cat6,Numerical / Computation,FALSE,CLEAR,Annotator B
RQ3-0560,560,"According to the 2001 census, what is the population of the city in which Leonardo Rodriguez was born?","He was born in the city of Lanús in the Buenos Aires Province of Argentina. The city has a population of 212,152 (2001 census ), and the Partido de Lanús has a total population of 453,500.","According to the 2001 census, Lanús had a population of 252,152.",PASS,PASS,Cat6,Numerical / Computation,FALSE,CLEAR,Annotator B
RQ3-0561,561,Opodo is an online travel agency founded by a consortium of European airlines including the largest German airline and one of five founding members of what?,"Opodo is an online travel agency which offers deals in regular and charter flights, low-cost airlines, hotels, cruises, car rental, dynamic packages, holiday packages and travel insurance. It is a pan-European enterprise, founded by a consortium of European airlines, including British Airways, Air France, Alitalia, Iberia, KLM, Lufthansa, Aer Lingus, Austrian Airlines and Finnair.Deutsche Lufthansa AG () (] ), commonly known as Lufthansa (sometimes also as ""Lufthansa German Airlines""), is the largest German airline and, when combined with its subsidiaries, also the largest airline in Europe, in terms of fleet size, and the second largest airline in terms of passengers carried during 2016. Lufthansa is one of the five founding members of Star Alliance, the world's largest airline alliance, formed in 1997.",Lufthansa is one of six founding members of Star Alliance.,PASS,PASS,Cat6,Numerical / Computation,FALSE,CLEAR,Annotator B
RQ3-0562,562,What is the mouth of truth in rome?,"Piazza Bocca della Verità Piazza Bocca della Verità (Italian: ""Square of the Mouth of Truth"") is a square between Via Luigi Petroselli and Via della Greca in Rome (Italy), in the rione Ripa. The square lies in the ancient area of the Forum Boarium, just in front of the Tiber Island; it takes its name from the Bocca della Verità (Italian: ""Mouth of Truth""), placed under the portico of the church of Santa Maria in Cosmedin. Besides the church, dating back to the late Middle Ages, the square houses the Arcus Argentariorum, the Arch of Janus, the Temple of Hercules

if students are telling the truth or not. <br> Bocca della Verità The Mouth of Truth ( ) is a marble mask in Rome, Italy, which stands against the left wall of the portico of the Santa Maria in Cosmedin church, at the Piazza della Bocca della Verità, the site of the ancient Forum Boarium (the ancient cattle market). It attracts visitors who audaciously stick their hand in the mouth. The massive marble mask weighs about 1300 kg and probably depicts the face of the sea god Oceanus. The eyes, nostrils and mouth are open. Historians aren't quite certain what

Bocca della Verità The Mouth of Truth ( ) is a marble mask in Rome, Italy, which stands against the left wall of the portico of the Santa Maria in Cosmedin church, at the Piazza della Bocca della Verità, the site of the ancient Forum Boarium (the ancient cattle market). It attracts visitors who audaciously stick their hand in the mouth. The massive marble mask weighs about 1300 kg and probably depicts the face of the sea god Oceanus. The eyes, nostrils and mouth are open. Historians aren't quite certain what the original purpose of the disc was. It was

Truth is now known mostly from its appearance in the 1953 film ""Roman Holiday"". The film also uses the Mouth of Truth as a storytelling device since both Hepburn's and Peck's characters are not initially truthful with each other. In ""Het geheim van de afgebeten vingers"" by Dutch writer Rindert Kromhout, the fingers of lying children are cut off by a skeleton with a scythe who lives in the Capuchin Crypt in the Santa Maria della Concezione dei Cappuccini. There are a number of ""Bocca della Verità"" replicas and derivative works. A full-size reproduction sits in the Alta Vista Gardens

Albrecht Altdorfer and made into a woodcut by the Dutch printmaker Lucas van Leyden. The Mouth of Truth is referenced in one chapter of Devilman Lady, by a Devil Beast known as Mita, who utters its Italian name alongside an illustration of the Mouth, before transforming into a spider-like creature with a mouth full of fangs on its back, which rapidly descends and bites off the top of the head of its victims before they can react. The Mouth of Truth is depicted as a teacher in the japanese manga Shishunki Renaissance David-kun, the teacher uses his mouth to verify",The Mouth of Truth weighs about 300 kg.,PASS,FAIL,Cat6,Numerical / Computation,FALSE,CLEAR,Annotator B
RQ3-0563,563,"How many sqm is the Mexico City outdoor shopping center who has an anchor tenant whose name means ""City of Cinema""?","Paseo Acoxpa is an outdoor shopping center of 56000 sqm opened in 2010 in colonia Ex-Hacienda Coapa, in Tlalpan borough, Mexico City. Anchors include: Best Buy, El Grupo Palacio de Hierro present in the formats ""Boutique Palacio"" and ""Casa Palacio"", Sport City, Cinépolis, Nike, Deportes Martí, and California Pizza Kitchen.Cinépolis is a Mexican chain of movie theaters. Its name means ""City of Cinema"" and its slogan is ""La Capital del Cine""","Paseo Acoxpa covers 46,000 square metres.",PASS,PASS,Cat6,Numerical / Computation,FALSE,CLEAR,Annotator B
RQ3-0564,564,Pay for star on hollywood walk of fame?,"neighborhood finally began its recovery in the 1980s. In 1980 he instituted a fee of $2,500, payable by the person or entity nominating the recipient, to fund the Walk of Fame's upkeep and minimize further taxpayer burden. The fee has increased incrementally over time; by 2002 it had reached $15,000, and stood at $30,000 in 2012. The current (2017) fee is $40,000. Grant was awarded a star in 1980 for his television work. In 2002, he received a second star in the ""special"" category to acknowledge his pivotal role in improving and popularizing the Walk. He was also named chairman

must be renominated to receive further consideration. Living recipients must agree to personally attend a presentation ceremony within two years of selection. If the ceremony is not scheduled within two years, a new application must be submitted. A relative of deceased recipients must attend posthumous presentations. Presentation ceremonies are open to the public. A fee of $40,000 (), payable at time of selection, is collected to pay for the creation and installation of the star, as well as general maintenance of the Walk of Fame. The fee is usually paid by the nominating organization, which may be a fan club,

allows only celebrities of the silver screen, television, radio, live theatre and singers/musicians, while Canada's Walk allows people of more diverse occupations, as listed above. While most celebrities on the Hollywood Walk of Fame are American or have achieved their fame in the United States, Canada's Walk of Fame is exclusive to Canadians. For someone to receive a star on the Hollywood Walk of Fame, they must be nominated by a sponsor who must agree to field the approximately $25,000 cost of installing a star. From there, the names are submitted to a nominating committee of five people, who pick

Joan Collins, Peter Frampton, Dick Van Patten, Paul Douglas, Andrew L. Stone, Willard Waterman, Richard Boleslavsky, Ellen Drew, Frank Crumit, and Bobby Sherwood. Fifty celebrities' stars received ""D"" grades. The damage ranged from minor cosmetic flaws caused by normal weathering to holes and fissures severe enough to constitute a walking hazard. At least 778 stars will eventually be repaired or replaced during the ongoing project at an estimated cost of $4 million to $4.2 million. The restoration is a collaboration among the Hollywood Chamber of Commerce and various Los Angeles city and county governmental offices, along with the MTA, which

was not included on the list of inductees for 2007. On February 9, 2007, the Hollywood Chamber Of Commerce raised the price to sponsor a new star to $25,000. Yankovic's application was resubmitted for consideration in 2007, but he was not included among 2008's inductees. In December 2010, the price was raised again to $30,000. and in 2017 the price was raised to $40,000. The campaign raised the new target each time and applications continued to be submitted yearly, until The Hollywood Chamber of Commerce announced in June 2017 that Yankovic would receive a star on the Walk of Fame","The Hollywood Walk of Fame star fee in 2017 was $30,000.",PASS,PASS,Cat6,Numerical / Computation,FALSE,CLEAR,Annotator B
RQ3-0565,565,How many hungry jack's stores in australia?,"the Burger King trademark in Australia, so Cowin instead called the outlets Hungry Jack's. Many years later he had a falling out with Burger King over the name and other issues related to their franchise agreement which was eventually resolved in his favour. The business Competitive Foods Australia continues to be privately held by his family, with an estimated value of $350 million. It owns 50 KFC outlets in Western Australia and the Northern Territory in addition to the 390 Hungry Jack's outlets throughout Australia, only 100 franchised. Cowin also owns a meat processing business that exports throughout the world,

brand name, one of Pillsbury's US pancake mixture products, and slightly changed the name to a possessive form by adding an apostrophe ""s"" forming the new name Hungry Jack's. Hungry Jack's currently owns and operates or sub-licenses all of the Hungry Jack's restaurants in Australia. As the master franchise for the continent, the company is responsible for licensing new operators, opening its own stores and performing standards oversight of franchised locations in Australia. As the end of Burger King's 2012 fiscal year, Hungry Jack's is the largest Asian/Pacific franchisee of the chain with 347 restaurants either directly owned by parent

""s"" to form the new name ""Hungry Jack's"". The first Australian franchise of Burger King Corporation was established in Innaloo, Perth on 18 April 1971, under the auspices of Cowin's new company Hungry Jack's Pty Ltd. By the end of its first decade of operation, Hungry Jack's had expanded to 26 stores in three states. In October 1981, the company opened its first New South Wales store in the Sydney central business district on the corner of Liverpool and George Street. In 1986, the chain entered Victoria by purchasing 11 stores from the ailing Wendy's Hamburger chain, later converting them

Hungry Jack's Hungry Jack's Pty Ltd is an Australian fast food franchise of Burger King Corporation. It is a wholly owned subsidiary of Competitive Foods Australia, a privately held company owned by Jack Cowin. Hungry Jack’s owns and operates or sub-licences all of the Burger King/Hungry Jack's restaurants in Australia. As the master franchise for the country, the company is responsible for licensing new operators, opening its own stores and performing standards oversight of franchised locations in that country. With over 390 locations across Australia, Hungry Jack's is the second largest franchise of Burger King in the world (second to

Competitive Foods Australia Competitive Foods Australia Pty Ltd (CFA) is the largest franchiser of restaurants in Australia. It is owned and operated by Jack Cowin. Its units include Hungry Jack's & KFC. CFA currently operates at least four different restaurant brands. Hungry Jack's, sometimes colloquially abbreviated to HJ's, is the exclusive Australian master franchisee of Burger King Corporation. With over 300 locations in the country, HJ's is the second largest franchisee of Burger King in the world. When Burger King decided to expand its operations into Australia, it found that its business name was already trademarked by a man running",Hungry Jack's has 190 restaurants in Australia.,PASS,PASS,Cat6,Numerical / Computation,FALSE,CLEAR,Annotator B
RQ3-0566,566,Device – Voice – Drum is the fourth live album by a band that produced how many gold albums?,"Device – Voice – Drum is the fourth live album by American rock band Kansas, released in 2002 (see 2002 in music). The band has produced eight gold albums, three multi-platinum albums (""Leftoverture"", ""Point of Know Return"", ""The Best of Kansas""), one platinum live album (""Two for the Show"") and a million-selling single, ""Dust in the Wind"".",The band produced seven gold albums.,PASS,PASS,Cat6,Numerical / Computation,FALSE,CLEAR,Annotator B
RQ3-0567,567,"Lionel Hugh Harvey,  is a retired Canadian professional ice hockey forward who played 18 games for the Kansas City Scouts, a professional ice hockey team in which sports organization?","Lionel Hugh Harvey (born June 25, 1949) is a retired Canadian professional ice hockey forward who played 18 games in the National Hockey League for the Kansas City Scouts.The Kansas City Scouts were a professional ice hockey team in the National Hockey League (NHL) from 1974 to 1976.",The Kansas City Scouts player appeared in 28 National Hockey League games.,PASS,PASS,Cat6,Numerical / Computation,FALSE,CLEAR,Annotator B
RQ3-0568,568,What Russian helicopter is produced in Kazan and is used in Unit No. 130 at Leh Air Force Station?,No. 130 Helicopter Unit (Condors) is a Helicopter Unit and is equipped with Mil Mi-17 and based at Leh Air Force Station.The Mil Mi-17 (NATO reporting name: Hip) is a Russian helicopter in production at two factories in Kazan and Ulan-Ude.,The Mil Mi-17 is produced at three factories.,PASS,PASS,Cat6,Numerical / Computation,FALSE,CLEAR,Annotator B
RQ3-0569,569,What is the capacity of the entertainment venue at which the 1996 World Matchplay darts tournament was held?,"The 1996 World Matchplay was a darts tournament held in the Empress Ballroom at the Winter Gardens, Blackpool.The Empress Ballroom is a 3,000 capacity entertainment venue, in Blackpool, Lancashire, England.","The Empress Ballroom has a capacity of 2,500 people.",PASS,PASS,Cat6,Numerical / Computation,FALSE,CLEAR,Annotator B
RQ3-0570,570,How many council members serve alongside Jim Strickland?,"The Memphis City Council is a legislative body of Memphis, Tennessee. The city is governed by Mayor Jim Strickland and thirteen city council members.Jim Strickland is the 64th and current mayor of the city of Memphis, Tennessee.",Jim Strickland serves alongside fourteen Memphis city council members.,PASS,PASS,Cat6,Numerical / Computation,FALSE,CLEAR,Annotator B
RQ3-0571,571,What was the 2010 Census population of the town located south of the Merrill Shell Bank Light?,"The Merrill Shell Bank Light was a screw-pile lighthouse which once stood on its eponymous shoal in the Mississippi Sound, west of Cat Island and south of Pass Christian, Mississippi. The population was 4,613 at the 2010 census.","The town located south of the Merrill Shell Bank Light had a population of 5,000.",PASS,PASS,Cat6,Numerical / Computation,FALSE,CLEAR,Annotator B
RQ3-0572,572,"An edited version of ""Just the Two of Us"" reached number two on the ""Billboard"" Hot 100 behind a song written and composed by Donna Weiss and Jackie DeShannon which spend how many weeks at No. 1 on the ""Billboard"" hot 100?","""Just the Two of Us"" is a 1981 R&B single written by Bill Withers, William Salter and Ralph MacDonald, which was recorded by Grover Washington Jr. and Bill Withers. An edited version reached number two on the ""Billboard"" Hot 100, staying there for 3 weeks, behind ""Morning Train (9 to 5)"" by Sheena Easton and ""Bette Davis Eyes"" by Kim Carnes.""Bette Davis Eyes"" is a song written and composed by Donna Weiss and Jackie DeShannon, and made popular by American singer Kim Carnes. DeShannon recorded it in 1974; Carnes's 1981 version spent nine weeks at No. 1 on the ""Billboard"" Hot 100 and was ""Billboard""' s biggest hit of 1981.","""Bette Davis Eyes"" spent five weeks at No. 1 on the Billboard Hot 100.",PASS,PASS,Cat6,Numerical / Computation,FALSE,CLEAR,Annotator B
RQ3-0573,573,How many court of appeals are there in georgia?,"Georgia Court of Appeals The Georgia Court of Appeals is the intermediate-level appellate court for the U.S. state of Georgia. The genesis of the Court of Appeals began with a report by the State Bar of Georgia in 1895, suggesting that the Georgia State Legislature create a new intermediate appellate court to relieve the Georgia Supreme Court of some of its rapidly growing caseload. The Legislature declined to create a new appellate court, choosing instead to increase the size of the Supreme Court from three judges to five, then later to six. In 1902, Georgia Supreme Court justice Andrew J.

court grew again in 1999 when Governor Roy Barnes signed a bill which increased the number of judges to twelve. The court now has 15 members, who serve in five divisions. , a total of seventy-six judges have served on the court, with fifteen serving on both the Court of Appeals and the Supreme Court of Georgia. The court's appellate jurisdiction is rather limited in comparison with many other state appellate courts. It may hear appeals in all cases which do not involve: Georgia statute specifies two categories of appeal. Some cases may be appealed as a matter of right,

codified in the ""Official Code of Georgia Annotated"" (O.C.G.A.). The highest judiciary power in Georgia is the Supreme Court, which is composed of nine judges. The state also has a Court of Appeals made of 12 judges. Georgia is divided into 49 judicial circuits, each of which has a Superior Court consisting of local judges numbering between two and 19 depending on the circuit population. Under the 1983 Constitution, Georgia also has magistrate courts, probate courts, juvenile courts, state courts; the General Assembly may also authorize municipal courts. Other courts, including county recorder's courts, civil courts and other agencies in

the busiest state appellate courts in the nation. In 2001, 2,544 direct appeal decisions were issued by the Court of Appeals, over three fourths of which were final. Of the remaining cases in which appeal was sought in the Georgia Supreme Court, the Supreme Court granted certiorari in less than 10%. More than half of the court's decisions are published in the South Eastern Reporter. Over the past several years, the Court has published an average of 1,461 opinions per year. The 1996 statute which increased the number of judges to ten also changed the process by which cases would

Cobb gave a presentation to the State Bar addressing a number of proposals to alleviate the Supreme Court's workload, including the creation of an intermediate court of appeals. Finally, in 1906, the Legislature approved an amendment to the Georgia state constitution to create a three-judge court of appeals, to be placed on the ballot for approval by the citizens. The measure was approved by voters on October 3, 1906. The first election of judges took place on November 6, 1906. Arthur G. Powell, Richard Russell, Sr., and Benjamin H. Hill (the son of former U.S. Senator Benjamin Harvey Hill) were",The Georgia Court of Appeals currently has 18 members.,PASS,FAIL,Cat6,Numerical / Computation,FALSE,CLEAR,Annotator B
RQ3-0574,574,Which village near the Holy Trinity Church in England has a population of 776 as of 2011?,"Holy Trinity Church stands in a country lane near the hamlet of Howgill, between Sedbergh and Tebay, Cumbria, England. Tebay had a population of 776 at the 2011 Census.",Tebay has a population of 728.,PASS,PASS,Cat6,Numerical / Computation,FALSE,CLEAR,Annotator B
RQ3-0575,575,Clive Lloyd was replaced as captain for one match during 1983-84 by which Antiguan?,"He is one of the most successful Test captains of all time: during his captaincy the side had a run of 27 matches without defeat, which included 11 wins in succession (Viv Richards acted as captain for one of the 27 matches, against Australia at Port of Spain in 1983–84).Sir Isaac Vivian Alexander Richards, KNH, OBE (born 7 March 1952), known as Viv Richards, is a former Antiguan cricketer, who represented the West Indies at test and international levels.",Viv Richards acted as captain for two of the 27 matches in the unbeaten run under Clive Lloyd.,PASS,PASS,Cat6,Numerical / Computation,FALSE,CLEAR,Annotator B
RQ3-0576,576,Site Selection magazine is headquartered in a city that had how many inhabitants in 2010 ?,"The magazine is headquartered in Norcross, Georgia. The population as of the 2010 census was 9,116, while in 2015 the estimated population was 16,634.","Norcross, Georgia had 12,116 inhabitants in the 2010 census.",PASS,PASS,Cat6,Numerical / Computation,FALSE,CLEAR,Annotator B
RQ3-0577,577,"What mountains range does the high mountain pass through at an elevation of 6820 ft that has part of the Interstate Highway System that runs from San Diego, California, to Sweetgrass, Montana ?","Interstate 15 (I-15) is a part of the Interstate Highway System that runs from San Diego, California, to Sweetgrass, Montana.Monida Pass is a high mountain pass in the Rocky Mountains of the northwestern United States, at an elevation of 6820 ft (2079 m) above sea level on the Union Pacific Railroad and 6870 ft (2094 m) on adjacent Interstate 15.","Monida Pass crosses the Rocky Mountains at an elevation of 5,820 ft on the Union Pacific Railroad.",PASS,PASS,Cat6,Numerical / Computation,FALSE,CLEAR,Annotator B
RQ3-0578,578,The Missouri Rhineland is a geographical area located mostly in a valley that is how long?,"The Missouri Rhineland is a geographical area of Missouri that extends from west of St. Louis to slightly east of Jefferson City, located mostly in the Missouri River Valley on both sides of the river.The Missouri River Valley outlines the journey of the Missouri River from its headwaters where the Madison, Jefferson and Gallatin Rivers flow together in Montana to its confluence with the Mississippi River in the State of Missouri. At 2300 mi long the valley drains one-sixth of the United States, and is the longest river valley on the North American continent.","The Missouri River Valley is about 1,800 miles long.",PASS,PASS,Cat6,Numerical / Computation,FALSE,CLEAR,Annotator B
RQ3-0579,579,The Battle of Prokhorovka was part of the larger engagement on the city how far from Moscow?,"Taking place on the Eastern Front, the engagement was part of the wider Battle of Kursk, and occurred when the 5th Guards Tank Army of the Soviet Red Army attacked the II SS-Panzer Corps of the German Wehrmacht in one of the largest tank battles in military history.The Battle of Kursk was a Second World War engagement between German and Soviet forces on the Eastern Front near Kursk (450 km south-west of Moscow) in the Soviet Union during July and August 1943.",The Battle of Kursk took place about 350 km from Moscow.,PASS,PASS,Cat6,Numerical / Computation,FALSE,CLEAR,Annotator B
RQ3-0580,580,How many caps did Helen Svedin's husband win?,"Helen Svedin (born 22 October 1976) is a Swedish model and the wife of Portuguese footballer Luís Figo. He won 127 caps for the Portugal national team, a record at the time but later broken by Cristiano Ronaldo.",Helen Svedin's husband won 117 caps for the Portugal national team.,PASS,PASS,Cat6,Numerical / Computation,FALSE,CLEAR,Annotator B
RQ3-0581,581,Will Dockery built a plantation that was how many acres?,"Will Dockery (1865–1936) built from scratch the Dockery Plantation, the famous home of such original Delta blues musicians as Charley Patton, Robert Johnson, Son House, Howlin' Wolf, Willie Brown, Tommy Johnson, and Pops Staples.Dockery Plantation was a 25600 acre cotton plantation and sawmill in Dockery, Mississippi, on the Sunflower River between Ruleville and Cleveland, Mississippi.","Will Dockery's plantation covered 15,600 acres.",PASS,PASS,Cat6,Numerical / Computation,FALSE,CLEAR,Annotator B
RQ3-0582,582,What two term Governor of California participated in the Stop the Madness anti-drug music video in 1985?,"The video includes Claudia Wells, New Edition, La Toya Jackson, Whitney Houston, David Hasselhoff, Kareem Abdul-Jabbar, Kim Fields, Herb Alpert, Arnold Schwarzenegger, Darrell Creswell, Tim Feehan, Casey Kasem and Boogaloo Shrimp from the ""Breakin'"" franchise. He served two terms as the 38th Governor of California from 2003 to 2011.",Arnold Schwarzenegger served three terms as Governor of California.,PASS,PASS,Cat6,Numerical / Computation,FALSE,CLEAR,Annotator B
RQ3-0583,583,"How many albums, by 2014 had the musician who provided the soundtrack to the platform game Capsized, released ?","The soundtrack is provided by Solar Fields; the ambient electronic music is from his 2009 album ""Movements"". As of 2014, he has released fifteen albums, and has also scored all interactive in-game music for the Electronic Arts game ""Mirror's Edge"".","By 2014, Solar Fields had released twelve albums.",PASS,PASS,Cat6,Numerical / Computation,FALSE,CLEAR,Annotator B
RQ3-0584,584,When did india win the cricket world cup?,"has improved its overseas form, especially in limited-overs cricket, since the start of the 21st century, winning Test matches in Australia, England and South Africa. It has won the Cricket World Cup twice – in 1983 under the captaincy of Kapil Dev and in 2011 under the captaincy of Mahendra Singh Dhoni. After winning the 2011 World Cup, India became only the third team after West Indies and Australia to have won the World Cup more than once, and the first cricket team to win the World Cup at home. It also won the 2007 ICC World Twenty20 and 2013

India at the Cricket World Cup The Indian cricket team are two times World Champions. In addition to winning the 1983 Cricket World Cup, they triumphed over Sri Lanka in the 2011 Cricket World Cup on home soil. They were also runners-up at the 2003 Cricket World Cup, and semifinalists thrice (1987, 1996 and 2015). They came last in the Super Six stage in the 1999 Cricket World Cup and have been knocked out 4 times in the Group stage (1975, 1979, 1992 and 2007). India's historical win-loss record at the cricket world cup is 46-27, with 1 match being

beaten by Australia. In September 2007, India won the first ever Twenty20 World Cup held in South Africa, beating Pakistan by 5 runs in a thrilling final. India won the Cricket World Cup in 2011 under the captainship of Mahendra Singh Dhoni, the first time since 1983 – they beat Sri Lanka in the final held in Mumbai. India played its 500th Test match against New Zealand at Kanpur from 22 September 2016. India won this match by 197 runs. This test was played under the captaincy of Virat Kohli. International cricket in India generally does not follow a fixed

and the emergence of young players like Robin Uthappa saw many pundits to tip India as a real contender to win the 2007 Cricket World Cup. However, defeats to Bangladesh and Sri Lanka saw India fail to reach the second round. After winning the Test series against England in August 2007, Dravid stepped down as the captain of the team, following which Dhoni was made the captain of the Twenty20 and ODI team. In September 2007, India won the first-ever Twenty20 World Cup held in South Africa, beating Pakistan by 5 runs in the final. In 2007–08, they toured Australia

Test series in South Africa at 1–1. On 2 April 2011, India won the 2011 Cricket World Cup by defeating Sri Lanka in the final, thus becoming the third team after West Indies and Australia to win the World Cup twice, the previous win being in 1983. Gautam Gambhir and the skipper Dhoni led the way with 97 and 91* respectively. India also became the first team to win the World Cup on home soil. India were whitewashed 4–0 in away Test series by England in August 2011 due to which England replaced India as the No. 1 Test team",India has won the Cricket World Cup three times.,PASS,FAIL,Cat6,Numerical / Computation,FALSE,CLEAR,Annotator B
RQ3-0585,585,"What Australian municipality covers the inner eastern suburbs of Adelaide and has a population of 34,000?","The suburb is in the City of Norwood Payneham & St Peters, the oldest South Australian local government municipality, with a city population over 34,000. It covers the inner eastern suburbs of Adelaide.","The City of Norwood Payneham & St Peters has a population of about 24,000.",PASS,PASS,Cat6,Numerical / Computation,FALSE,CLEAR,Annotator B
RQ3-0586,586,How long was the Underdog show presented by an English comedian Julian Clary?,"The Underdog Show was a six-week television series presented by Julian Clary and his dog, Valerie.Julian Peter McDonald Clary (born 25 May 1959) is an English comedian and novelist.",Julian Clary presented the Underdog Show for five weeks.,PASS,PASS,Cat4,Time / Sequence,FALSE,CLEAR,Annotator B
RQ3-0587,587,Danny Williams is best known for scoring an upset knockout victory against what former professional boxer who won his first 19 professional fights by knockout?,"Daniel Peter ""Danny"" Williams (born 13 July 1973) is a British professional boxer. Williams is best known for scoring an upset knockout victory against Mike Tyson in 2004, which earned him a mandatory WBC heavyweight title opportunity.Michael Gerard Tyson ( ; born June 30, 1966) is an American former professional boxer who competed from 1985 to 2005. Tyson won his first 19 professional fights by knockout, 12 of them in the first round.",Mike Tyson won his first 18 professional fights by knockout.,PASS,PASS,Cat6,Numerical / Computation,FALSE,CLEAR,Annotator B
RQ3-0588,588,Where does the team that was owned by Jesús Samper play its home games ?,"Jesús Samper Vidal (28 August 1950 – 18 December 2015) was a Spanish businessman and lawyer with holdings in many cities, as well as being the owner of the football team Real Murcia. Founded in 1919, it currently plays in Segunda División B – Group 4, playing home matches at ""Estadio Nueva Condomina"", which holds 31,179 spectators.","Estadio Nueva Condomina holds 21,179 spectators.",PASS,FAIL,Cat6,Numerical / Computation,FALSE,CLEAR,Annotator B
RQ3-0589,589,"What is the real name of the American rapper and record producer who made a guest appearance on the GO:OD AM album along with Ab-Soul, Lil B, Miguel and Little Dragon?","GO:OD AM is the third studio album by American rapper Mac Miller. The album features guest appearances from Ab-Soul, Chief Keef, Lil B, Miguel and Little Dragon.Keith Cozart (born August 15, 1995), better known by his stage name Chief Keef, is an American rapper and record producer from Chicago, Illinois.",GO:OD AM features six guest artists.,PASS,FAIL,Cat6,Numerical / Computation,FALSE,CLEAR,Annotator B
RQ3-0590,590,What percentage of australia's population is foreign born?,"cultural identity. It is now often used to refer to the notion that people in Australia have multiple cultural or ethnic backgrounds. The overall level of immigration to Australia has grown during the last decades. Net overseas immigrants increased from 30,000 in 1993 to 118,000 in 2003–04, and 200,000 in 2015. According to the 2011 census, 26% of the population were born overseas, with a further 20% having at least one parent born overseas. Of the population born overseas, 82% lived in the capital cities. Aboriginal Australians make up approximately 2.5% of the population. As of 2008, Australia was ranked

1971, 70 percent of the foreign born were of European origin. Abolition of the White Australia Policy in 1957 by the Menzies government, often incorrectly attributed to a later Labor government, led to a significant increase in non-European immigration, mostly from Asia and the Middle East. Almost one Australian in four was born elsewhere. In 1981, around 50 percent of immigrants were from Europe, and 2.7 percent were from Asia. In 1998 about 40 percent of all immigrants to Australia had been born in Asia. People from the United Kingdom remain the largest group amongst those born overseas. In 2001

53.2% were female. The enumeration of Norfolk Island was an area of special attention for the ABS. Of all residents over two thirds (66.7% or 15,614,835) were born in Australia. Over a quarter of the population (26.3% or 6,163,667 persons) said they were born overseas, plus 1.6 million did not state any response. The proportion of overseas-born people from Asia has increased from 33% in 2011 to 40%, while Europe has declined from 40% in 2011 to 34% in 2016. However, England (907,572 or 3.9% of Australia's population) remains the most common country of birth, followed by New Zealand (518,466

the participation rate in the labour force was 63.3 percent and the unemployment rate was 6.6 percent. The corresponding rates in the total Australian population were 64.6 and 5.2 percent respectively. Of the 39,870 Hong Kong-born Australians who were employed, 42.2 percent were employed in a Skill Level 1 occupation, 12.3 percent in Skill Level 2 and 8.5 percent in Skill Level 3. The corresponding rates in the total Australian population were 28.7, 10.7 and 15.1 percent respectively. Many Chinese Australians work in white collar middle class jobs. But Chinese Australians are under-represented in occupations such as journalism, law and

rate of 222 prisoners per 100,000 adult population., or 172 per 100,000 total population. Additionally, there was 69,397 people in community corrections (various non-custodial punishments such as parole, bail, probation and community service). In June 2017, there was 964 minors imprisoned in Australia. In 2016, 28.6% of the Australian resident population, or 6,912,100 people, were born overseas. The Australian resident population consists of people who were born in the following countries: For more information about immigration see Immigration to Australia. The earliest accepted timeline for the first arrivals of indigenous Australians to the continent of Australia places this human migration","In 2016, 18.6% of Australia's resident population was born overseas.",PASS,PASS,Cat6,Numerical / Computation,FALSE,CLEAR,Annotator B
RQ3-0591,591,Most points by nhl player in one game?,"the Boston Bruins send superstar center Phil Esposito and star defenceman Carol Vadnais to the New York Rangers for star center Jean Ratelle and superstar defenceman Brad Park. Both Ratelle and Park would excel for the Bruins for years to come, while Esposito's days as the preeminent scorer in the NHL were behind him. On February 7, 1976, Darryl Sittler set an NHL record that still stands for most points scored in one game. He recorded ten points (six goals, four assists) against the Boston Bruins. ""Note: GP = Games played, W = Wins, L = Losses, T = Ties,

39th National Hockey League All-Star Game The 39th National Hockey League All-Star Game was held in the St. Louis Arena in St. Louis, home to the St. Louis Blues, on February 9, 1988. Pittsburgh Penguins' centremen Mario Lemieux recorded six points (3–3–6) and scored the game-winner in overtime to lead the Wales Conference to a thrilling 6–5 victory. Lemieux's six points broke the previous record for most points in an All-Star Game, which was previously held by six players (four points). Montreal Canadiens' leftwinger Mats Naslund earned an assist on all three of Lemieux's goals and added two more to

in Darryl Sittler's NHL record setting game when Boston played the Toronto Maple Leafs. This was the night that Daryl Sittler set an NHL record for most points scored in one game when he recorded ten points (six goals, four assists). Nowak claims that despite the 11-4 loss that night he was still +3! Nowak retired from competitive hockey in 1980. He went on to work for the TTC. He is currently retired from the Toronto Transit Commission. Hank Nowak was playing occasionally in the ASHL for the 'Toronto Blue Hogs.' He plays occasionally in tournaments with some Blue hog

point, Red Army threatened to forfeit the game after Ed Van Impe decked Valeri Kharlamov. Red Army was persuaded to complete the game after Alan Eagleson threatened to withhold their appearance fee if the team did not return to the ice. Super Series games continued until 1991, when Soviet players were allowed to enter the NHL after the collapse of the Soviet Union. On February 7, 1976, Maple Leafs star Darryl Sittler set an NHL record, scoring 10 points in one game in an 11–4 victory over the Bruins. His six-goal, four-assist effort broke Maurice Richard's record of eight points

following the season. It was the first of 14 consecutive years he was named a league all-star. The 1944–45 NHL season was a record-setting one for Richard. He first set a new mark for points in one game when he made five goals and three assists in a 9–1 victory over the Detroit Red Wings on December 28, 1944; his eight points broke the previous record of seven held by three players, and stood for 32 years until surpassed in 1976 by Darryl Sittler. Richard achieved the feat despite arriving for the game exhausted from moving into his new home",The NHL record for most points by one player in a single game is 12 points.,PASS,PASS,Cat6,Numerical / Computation,FALSE,CLEAR,Annotator B
RQ3-0592,592,What was the 2016 population of the county where the National Maritime College of Ireland is located?," It is situated on former Department of Defence land in Ringaskiddy, County Cork, and opened to students in 2004. The city council area also takes in Ballincollig In 2016, the county's population was 542,196, making it the third most populous county in Ireland.","The population of Cork County in 2016 was 541,700.",PASS,PASS,Cat6,Numerical / Computation,FALSE,CLEAR,Annotator B
RQ3-0593,593,what is the population of  unincorporated community which Goodsprings Schoolhouse  is located in,"Goodsprings Schoolhouse, built in the Colonial Revival style, is located in Goodsprings, Nevada and is listed on the United States National Register of Historic Places. The population was 229 at the 2010 census.",Goodsprings had a population of 329 at the 2010 census.,PASS,PASS,Cat6,Numerical / Computation,FALSE,CLEAR,Annotator B
RQ3-0594,594,What was the time with which a teammate of Bryan Howard had the 100 m world record?,"Howard later joined the HSI track team, running on relay teams with world record holder Maurice Greene.Maurice Greene (born July 23, 1974) is an American former track and field sprinter who specialized in the 100 meters and 200 meters. He is a former 100 m world record holder with a time of 9.79 seconds.",Maurice Greene held the 100 m world record with a time of 9.89 seconds.,PASS,PASS,Cat6,Numerical / Computation,FALSE,CLEAR,Annotator B
RQ3-0595,595,"How many people are employed by the laboratory across from McKenzie, Maryland?","It is directly across from the Allegany Ballistics Laboratory in Rocket Center, West Virginia.Allegany Ballistics Laboratory (ABL) located in Rocket Center, West Virginia, is a diverse industrial complex employing some 1,000 people across 1628 acre .",The Allegany Ballistics Laboratory employs about 900 people.,PASS,PASS,Cat6,Numerical / Computation,FALSE,CLEAR,Annotator B
RQ3-0596,596,How many houses are in the british parliament?,"parliament is bicameral but has three parts, consisting of the Sovereign (the Queen-in-Parliament), an upper house (but in fact the second chamber) called the House of Lords, and a so-called ""lower house"" (but in fact the primary chamber) called the House of Commons. The House of Lords includes two different types of members: the Lords Spiritual, consisting of the most senior bishops of the Church of England, and the Lords Temporal, consisting mainly of life peers, appointed by the Sovereign on the advice of the Prime Minister, and of 92 hereditary peers, sitting either by virtue of holding a royal

Members of Parliament (MPs) which are elected using First past the post in single-member constituencies with 533 elected from England, 59 from Scotland, 40 from Wales and 18 from Northern Ireland. The House of Commons is now considered to be the supreme chamber of Parliament. The House of Lords is the upper house of the Parliament of the United Kingdom however it is an unelected chamber with all members to the House of Lords being appointed. As of August 2018, there are currently 793 members known as ""Peers"". The House of Lords no longer has the same powers as the

seats by 13. The House of Commons was increased from 651 to 659 following a major boundary review. The House of Commons was increased from 650 to 651, by splitting Milton Keynes into two constituencies after a rare interim boundary review due to the growing size of the town. All other seats remained unchanged. The House of Commons was increased from 635 to 650. Wales gained 2 seats. Scotland gained 1 seat. Northern Ireland gained 5 seats. Only 66 constituencies remained unchanged, in the greatest boundary re-organisation since the Great Reform Act. The House of Commons was increased from 625

United Kingdom. In the United Kingdom, Parliament consists of the House of Commons, the House of Lords, and the Monarch. The House of Commons is composed of 650 (soon to be 600) members who are directly elected by British citizens to represent single-member constituencies. The leader of a Party that wins more than half the seats, or less than half but is able to gain the support of smaller parties to achieve a majority in the house is invited by the Monarch to form a government. The House of Lords is a body of long-serving, unelected members: Lords Temporal –

MPs first elected in 2010 to the 55th UK Parliament The fifty-fifth Parliament of the United Kingdom was the legislature of the United Kingdom following the 2010 general election of members of parliament (MPs) to the House of Commons. Parliament, which consists of the House of Lords and the elected House of Commons, was convened on 25 May 2010 at the Palace of Westminster by Queen Elizabeth II. It was dissolved on 30 March 2015, being 25 working days ahead of the 2015 general election on 7 May 2015. The election saw each of Parliament's 650 constituencies return one MP",The British Parliament has four legislative houses.,PASS,PASS,Cat6,Numerical / Computation,FALSE,CLEAR,Annotator B
RQ3-0597,597,The Hoover Company was sold in 2006 to a holding company that employs how many people ?,"The Hoover Company in the United States was part of the Whirlpool Corporation but sold in 2006 to Techtronic Industries for $107 million. TTI employs over 20,000 staff and in 2014 had worldwide annual sales of US$4.8 billion.","Techtronic Industries employs 15,000 staff.",PASS,PASS,Cat6,Numerical / Computation,FALSE,CLEAR,Annotator B
RQ3-0598,598,What was population of the city where the Dutch retired footballer Foeke Booy born?,"Foeke Booy (born 25 April 1962 in Leeuwarden) is a Dutch retired footballer and football manager.Leeuwarden (] , ] ), Stadsfries: ""Liwwadden"") is a city and municipality with a population of 108,249 in Friesland in the Netherlands.","Leeuwarden's population was 108,248.",PASS,PASS,Cat6,Numerical / Computation,FALSE,CLEAR,Annotator B
RQ3-0599,599,How large is the park that the USRC Erie is stationed at?,"The USRC ""Erie"" was a United States Revenue Cutter stationed at Presque Isle in Erie, Pennsylvania.Presque Isle State Park is a 3112 acre Pennsylvania state park on an arching, sandy peninsula that juts into Lake Erie, 4 mi west of the city of Erie, in Millcreek Township, Erie County, Pennsylvania, in the United States.","Presque Isle State Park covers 2,612 acres.",PASS,PASS,Cat6,Numerical / Computation,FALSE,CLEAR,Annotator B
RQ3-0600,600,How many grammy awards does whitney houston have?,"Grammy Awards and nominations for Whitney Houston Whitney Houston is one of the most successful female singers of all time. Her accomplishments have been recognized with six competitive Grammy Awards, and one Grammy Hall of Fame Award, giving her a total of 7 Grammy Awards. Though she has been nominated twenty-six times and for two times songs performed by her were nominated for Song of the Year. She earned her first Grammy, Best Pop Vocal Performance, Female in 1986, and was honored with two general field Grammys: Album of the Year for """" and Record of the Year for ""I

Will Always Love You"" at its 36th ceremonies in 1994. Below is a list of awards for which she has been nominated and those that she won (the winner in each category has ★ mark). Grammy Awards and nominations for Whitney Houston Whitney Houston is one of the most successful female singers of all time. Her accomplishments have been recognized with six competitive Grammy Awards, and one Grammy Hall of Fame Award, giving her a total of 7 Grammy Awards. Though she has been nominated twenty-six times and for two times songs performed by her were nominated for Song of

the Top 11 simultaneously. The album was certified 18× platinum in the US alone, with worldwide sales of 42 million copies. Houston won three Grammys for the album in 1994, including two of the Academy's highest honors, Album of the Year and Record of the Year. In addition, she won a record 8 American Music Awards at that year's ceremony including the Award of Merit, 11 Billboard Music Awards, 3 Soul Train Music Awards in 1993–94 including Sammy Davis, Jr. Award as Entertainer of the Year, 5 NAACP Image Awards including Entertainer of the Year, a record 5 World Music

platinum (diamond) in the United States alone, and has sold 22 million copies worldwide. At the 1986 Grammy Awards, Houston was nominated for three awards including Album of the Year. She was not eligible for the Best New Artist category because of her previous hit R&B duet recording with Teddy Pendergrass in 1984. She won her first Grammy Award for Best Pop Vocal Performance, Female for ""Saving All My Love for You"". Houston's performance of the song during the Grammy telecast later earned her an Emmy Award for Outstanding Individual Performance in a Variety or Music Program. Houston won seven

American Music Award nominations for Whitney Houston Following is a list of American Music Award wins and nominations for pop/R&B icon Whitney Houston. Whitney Houston was nominated in a total of 38 categories and won 22 of them during her career AMA including two special awards ― Award of Merit and International Artist Award. At its 21st ceremonies in 1994, Houston tied Michael Jackson on the record for the most AMA ever won in a single year with 8 awards. Also, she is the second female artist with the most wins at AMA, after Taylor Swift and overall the forth",Whitney Houston received a total of 9 Grammy Awards.,PASS,PASS,Cat6,Numerical / Computation,FALSE,CLEAR,Annotator B
RQ3-0601,601,"Which American author wrote ""The Colour Out of Space"" and ""The Call of Cthulhu""?","It appeared in Lovecraft's short story ""The Colour Out of Space"" (1927).Howard Phillips Lovecraft ( ; August 20, 1890 – March 15, 1937) was an American author who achieved posthumous fame through his influential works of horror fiction. Among his most celebrated tales are ""The Call of Cthulhu"" and ""The Shadow over Innsmouth"", both canonical to the Cthulhu Mythos.","The author associated with both ""The Colour Out of Space"" and ""The Call of Cthulhu"" is Howard Phillips Lovecraft.",PASS,PASS,Cat7,Multi-entity / Multi-hop,TRUE,CLEAR,Annotator B
RQ3-0602,602,Which United States Secretary of Energy has hosted the Texas Conference for Women?,"From 2000 until 2014, former Governor Rick Perry and former First Lady Anita Perry served as the official hosts of the event, which has featured keynote speakers including Dr. Maya Angelou, poet, author, educator and historian; Sarah Ferguson, Duchess of York, writer and family health advocate; Carly Fiorina, former CEO of HP; Maria Hinojosa, Emmy-nominated journalist and author; and Melinda French Gates, co-founder of the Bill & Melinda Gates Foundation.James Richard ""Rick"" Perry (born March 4, 1950) is an American author and politician who is the 14th and current United States Secretary of Energy, serving in the Cabinet of Donald Trump.",The United States Secretary of Energy who served as an official host of the Texas Conference for Women was Rick Perry.,PASS,PASS,Cat7,Multi-entity / Multi-hop,TRUE,CLEAR,Annotator B
RQ3-0603,603,"Which superhero in the Marvel Comic, ""Runaway"" both possesses the Fistigons and has control over the Leapfrog?","After the Pride was destroyed by the Gibborim, control of the Leapfrog rested with Chase Stein and has since been used as the primary mode of transportation for the Runaways.Chase Stein (also known as Talkback), is a fictional character, a superhero in the Marvel Comics ""Runaways"". Chase shares a psychic and empathic link with deinonychus Old Lace, granting him the ability to command the dinosaur to do his bidding and also possesses the Fistigons, the world's most powerful gauntlets.",The superhero who both possesses the Fistigons and controls the Leapfrog is Chase Stein.,PASS,PASS,Cat7,Multi-entity / Multi-hop,TRUE,CLEAR,Annotator B
RQ3-0604,604,What sports drama film starring Ha Ji-won was Choi Yoon-young also in?,"Choi Yoon-young (born September 25, 1986) is a South Korean actress. She then appeared twice on the big screen in 2012: in the short film ""Endless Flight"" in omnibus ""Horror Stories"", and the table tennis sports film ""As One"".As One (; lit. ""Korea"") is a 2012 South Korean sports drama film starring Ha Ji-won and Bae Doona.","The sports drama film starring Ha Ji-won in which Choi Yoon-young appeared was ""As One"".",PASS,PASS,Cat7,Multi-entity / Multi-hop,TRUE,CLEAR,Annotator B
RQ3-0605,605,Where is the company that purchased Aixam based in?,"On April 11, 2013, US based Polaris Industries announced that it had acquired Aixam-Mega. Polaris is based in Roseau, Minnesota, USA.","The company that acquired Aixam-Mega is based in Roseau, Minnesota, USA.",PASS,PASS,Cat7,Multi-entity / Multi-hop,TRUE,CLEAR,Annotator B
RQ3-0606,606,"IN which musical based on a book by James Graham, did Kristy Cates play Ms. Bassett?","Kristen ""Kristy"" Cates (born 1977) is an American actress and singer. In 2016, she portrayed Ms. Bassett in ""Finding Neverland"" on Broadway and understudied the role of Madame du Maurier.Finding Neverland is an original musical with music and lyrics by Gary Barlow and Eliot Kennedy and a book by James Graham.","The musical with a book by James Graham in which Kristy Cates played Ms. Bassett is ""Finding Neverland"".",PASS,PASS,Cat7,Multi-entity / Multi-hop,TRUE,CLEAR,Annotator B
RQ3-0607,607,"Marc Abaya appeared in the 2009 Phillippine release of a 2008 computer animated film that was the first installment in the Disney Fairies franchise, and was produced by who?","Abaya appeared in the 2009 Philippine release of ""Tinker Bell"".Tinker Bell is a 2008 computer animated film and the first installment in the ""Disney Fairies"" franchise produced by DisneyToon Studios.",The producer of the film whose Philippine release featured Marc Abaya was DisneyToon Studios.,PASS,PASS,Cat7,Multi-entity / Multi-hop,TRUE,CLEAR,Annotator B
RQ3-0608,608,What singer began his career as a songwriter and released an album in 2002?,Side Tracks is a compilation album by Steve Earle. The album was released in 2002. Earle began his career as a songwriter in Nashville and released his first EP in 1982.,"The artist who began his career as a songwriter in Nashville and released ""Side Tracks"" in 2002 is Steve Earle.",PASS,PASS,Cat7,Multi-entity / Multi-hop,TRUE,CLEAR,Annotator B
RQ3-0609,609,What mountain range can be seen from Schweitzer Mountain Resort in northwestern Idaho and is named for the state flower of Montana?,"Schweitzer Mountain Resort is a ski resort in the northwest United States in northern Idaho, 11 mi northwest of Sandpoint.The Bitterroot Range is a mountain range and a subrange of the Rocky Mountains that runs along the border of Montana and Idaho in the northwestern United States. The range spans an area of 24223 mi2 and is named after the bitterroot (""Lewisia rediviva""), a small pink flower that is the state flower of Montana.",The mountain range named after Montana's state flower is the Bitterroot Range.,PASS,PASS,Cat7,Multi-entity / Multi-hop,TRUE,CLEAR,Annotator B
RQ3-0610,610,What is the stage name of the young female actress who starred in the 2008 American drama Gran Torino directed and produced by Clint Eastwood?,"Gran Torino is a 2008 American drama film directed and produced by Clint Eastwood, who also starred in the film. The film co-stars Christopher Carley, Bee Vang and Ahney Her.Whitney Cua Her (born 1992), better known by her stage name Ahney Her, is an American actress.","The stage name of the actress Whitney Cua Her who co-starred in ""Gran Torino"" is Ahney Her.",PASS,PASS,Cat7,Multi-entity / Multi-hop,TRUE,CLEAR,Annotator B
RQ3-0611,611,"Finding Giants will also show film from inside the New York Giants draft room from the 2014 NFL Draft, when they selected which American football center born on July 9, 1991?","Finding Giants will also show film from inside the New York Giants draft room from the 2014 NFL Draft, when they selected; Odell Beckham Jr., Weston Richburg and Andre Williams (American football).Weston Blaine Richburg (born July 9, 1991) is an American football center for the New York Giants of the National Football League (NFL).","The New York Giants' 2014 draft selection who was an American football center born on July 9, 1991 was Weston Richburg.",PASS,PASS,Cat7,Multi-entity / Multi-hop,TRUE,CLEAR,Annotator B
RQ3-0612,612,"Randy Newman wrote the country song ""Feels Like Home"" for which multiple award-winning singer?","""Feels Like Home"" is a song written by Randy Newman. Linda Ronstadt recorded the song and released it on her album ""Feels Like Home"" in March 1995. She has earned 11 Grammy Awards, three American Music Awards, two Academy of Country Music awards, an Emmy Award, and an ALMA Award, and many of her albums have been certified gold, platinum or multiplatinum in the United States and internationally.","The multiple-award-winning singer who recorded Randy Newman's ""Feels Like Home"" is Linda Ronstadt.",PASS,PASS,Cat7,Multi-entity / Multi-hop,TRUE,CLEAR,Annotator B
RQ3-0613,613,"Don Barry Mason was the founder of the Psychedelic Shamanistic Institute (PSI), which other member that's Welsh, that died on 10 April 2016?","Associates of PSI include: Mathew Atha, Colin Angus, Brian Barritt, Michael Carmichael, Fraser Clark, Paul Devereux, the late John Entwistle, Paul Flynn MP, Ben Ganly, Lee Harris, Mike Jay, Howard Marks, Dr John Marks, Jonathan Ott, Dr Russell Newcombe, Richard Rudgley and Youth.Dennis Howard Marks (13 August 1945 – 10 April 2016) was a Welsh drug smuggler and author who achieved notoriety as an international cannabis smuggler through high-profile court cases.",The PSI associate described as Welsh and as having died on 10 April 2016 was Howard Marks.,PASS,PASS,Cat7,Multi-entity / Multi-hop,TRUE,CLEAR,Annotator B
RQ3-0614,614,"New Faces of 1952 is a musical revue with songs and comedy skits, it helped jump start the career of which young performer, and American actress?","It helped jump start the careers of several young performers including Paul Lynde, Alice Ghostley, Eartha Kitt, Robert Clary, Carol Lawrence, Ronny Graham, performer/writer Mel Brooks (as Melvin Brooks), and lyricist Sheldon Harnick.Carol Lawrence (born September 5, 1932) is an American actress, most often associated with musical theatre, but who has also appeared extensively on television.","The American actress whose career ""New Faces of 1952"" helped jump-start was Carol Lawrence.",PASS,PASS,Cat7,Multi-entity / Multi-hop,TRUE,CLEAR,Annotator B
RQ3-0615,615,"What player nicknamed ""Roger the Dodger"" helped to keep the 1979 Washington Redskins from getting the final wild-card slot?","While the Redskins were able to improve their record; finishing 10–6, the Redskins were eliminated from playoff contention on the final week of the season when, facing the Dallas Cowboys with the NFC East title on the line, Cowboys quarterback Roger Staubach led a last-minute comeback to defeat Washington 35–34 to win the division; which combined with the Chicago Bears defeating the St. Louis Cardinals 42–6, resulted in the Redskins losing a points tiebreaker for the final wild-card slot.Roger Thomas Staubach (born February 5, 1942), nicknamed ""Roger the Dodger"", ""Captain America"" and ""Captain Comeback"", is a former American football quarterback in the National Football League (NFL).","The player nicknamed ""Roger the Dodger"" who led the Dallas Cowboys comeback against Washington was Roger Staubach.",PASS,PASS,Cat7,Multi-entity / Multi-hop,TRUE,CLEAR,Annotator B
RQ3-0616,616,"The Second Best Exotic Marigold Hotel  features which English actor who has been active in television and film since 1964 born on June 7, 1940?","It is the sequel to the 2011 sleeper hit film ""The Best Exotic Marigold Hotel"" and features an ensemble cast consisting of stars Judi Dench, Bill Nighy, Penelope Wilton, Tina Desai, Lillete Dubey, Maggie Smith, Celia Imrie, Rajesh Tailang, Ronald Pickup, David Strathairn, Tamsin Greig, Dev Patel and Richard Gere.Ronald Alfred Pickup (born 7 June 1940) is an English actor who has been active in television and film since 1964.","The English actor born on 7 June 1940 who appears in ""The Second Best Exotic Marigold Hotel"" was Ronald Pickup.",PASS,PASS,Cat7,Multi-entity / Multi-hop,TRUE,CLEAR,Annotator B
RQ3-0617,617,Clunk Click Every Trip starred the DJ and fundraiser who hosted what BBC television show?,"""Clunk Click Every Trip"" is the slogan of a series of British public information films, commencing in January 1971 and starring the now disgraced entertainer Jimmy Savile.Sir James Wilson Vincent Savile, OBE, KCSG ( ; 31 October 1926 – 29 October 2011) was an English DJ, television and radio personality, dance hall manager, and charity fundraiser. He hosted the BBC television show ""Jim'll Fix It"", was the first and last presenter of the long-running BBC music chart show ""Top of the Pops"", and raised an estimated £40 million for charities.","The BBC television show hosted by the DJ and fundraiser who starred in the ""Clunk Click Every Trip"" public information films was ""Jim'll Fix It"".",PASS,PASS,Cat7,Multi-entity / Multi-hop,TRUE,CLEAR,Annotator B
RQ3-0618,618,Who plays the mayor in the new ghostbusters?,"live music venue, the Ghostbusters are called in and capture the ghost in front of the audience. When supernatural debunker Dr. Martin Heiss challenges the Ghostbusters, the incensed Erin releases the ghost as proof; it throws Heiss out a window and escapes. The Ghostbusters are brought to Mayor Bradley and his secretary Jennifer Lynch, who reveal that the city and the Department of Homeland Security (DHS) are aware of New York's ghost problem. While privately supporting the team's work, the mayor's office and the DHS publicly denounce them as fraudsters. The Ghostbusters realize that Rowan is planting his devices along

is destroyed, everyone flees the mausoleum. Winston carries the exorcised Mayor Mulligan outside until he regains consciousness. Zeddemore appears in Beeline's ""Ghostbusters"" game for iOS. The game was released on January 24, 2013. Zeddemore appears in ""Lego Dimensions"", with archival audio of Ernie Hudson being used to represent his character. The name ""Zeddemore"" is misspelled as ""Zeddmore"" in the closing credits of ""Ghostbusters"". As a result it was also sometimes misspelled in scripts and other sources related to ""The Real Ghostbusters"". The name is spelled correctly on the nametag on Winston's jumpsuit, in the shooting script of ""Ghostbusters"" (as published

Ghostbusters (2016 film) Ghostbusters (also known as Ghostbusters: Answer the Call and marketed as such on home release) is a 2016 supernatural comedy film directed by Paul Feig and written by Feig and Katie Dippold. The film stars Melissa McCarthy, Kristen Wiig, Kate McKinnon, Leslie Jones, Charles Dance, Michael Kenneth Williams, and Chris Hemsworth. It is the third feature film in the ""Ghostbusters"" franchise, and serves as a reboot of the series. The story focuses on four women who begin a ghost-catching business in New York City. A third ""Ghostbusters"" film had been in various stages of development following the

think there's much market for it here."" The first ""Ghostbusters"" trailer was released on March 3, 2016. It was viewed 24 million times in 24 hours on Facebook and YouTube, and more than 60 million times across all social media platforms in its first week. Original ""Ghostbusters"" cast members Murray, Aykroyd, Hudson and Potts joined the new cast on the June 8, 2016, episode of ""Jimmy Kimmel Live!"", which was entirely dedicated to the new film. Sony partnered with Snapchat to promote the film with ""busting"" and ""sliming"" features. The filter, which features the Ghostbusters logo, allows users to shoot

revealed Channing Tatum and Chris Pratt's ultimate plan to team up for a different ""Ghostbusters"" film, with Tatum comparing it to ""Batman Begins"". In January 2015, the main cast members for the all-female lead film, were announced as McCarthy, Kristen Wiig, Leslie Jones and Kate McKinnon. The global release dates for the reboot, titled ""Ghostbusters"", were across July 2016. In a February 2015 interview on Ron Bennington's ""Unmasked"" radio show, Aykroyd stated that he would still like to see his idea for a sequel made. The following month, ""Deadline"" wrote that an all-male lead ""Ghostbusters"" film was in the works",The mayor's office did not publicly endorse the Ghostbusters.,PASS,FAIL,Cat2,Negation / Exception,TRUE,CLEAR,Annotator B
RQ3-0619,619,Where did peanut butter and jelly time come from?,"Buckwheat Boyz The Buckwheat Boyz was an American musical group founded by Marcus Bowens and Jermaine Fuller, with the later addition of J.J. O'Neal and Dougy Williams. The Buckwheat Boyz were signed by Koch Records, and recorded their first and only full-length record. From this self-titled album, the song ""Peanut Butter Jelly Time"" became popular on the Internet after a flash music video featuring an animated dancing banana was created. The popularity of the song increased as it was featured on TV shows such as ""The Proud Family"", ""Family Guy"", and ""Regular Show"". In 2002, founding member and vocalist Jermaine

Peanut Butter Jelly (song) ""Peanut Butter Jelly"" is a song by Swedish electronic music duo Galantis featuring uncredited vocals from Martina Sorbara of Dragonette. It was released on 20 April 2015 as the fourth single from their debut studio album ""Pharmacy"" (2015). It became available on 4 April 2015 upon pre-order of the LP. It heavily features a sample of the 1974 single ""Kiss My Love Goodbye"" by Bettye Swann. The music video, directed by Dano Cerny, was posted to YouTube on July 26, 2015, and has since garnered over 104 million views. The video shows two people (presumed to

celery, watercress, and toasted crackers. In a ""Good Housekeeping"" article published in May 1896, a recipe ""urged homemakers to use a meat grinder to make peanut butter and spread the result on bread."" The following month, the culinary magazine ""Table Talk"" published a ""peanut butter sandwich recipe. In the early 1900s, this sandwich was adopted down the class structure as the price of peanut butter dropped. It became popular with children by the 1920s as manufacturers began adding sugar to the peanut butter. Since World War II, both peanut butter and jelly were found on US soldiers' military ration list.

kissing each other. The two men then exit the store, leaving the customers and employees in a raucous party. Peanut Butter Jelly (song) ""Peanut Butter Jelly"" is a song by Swedish electronic music duo Galantis featuring uncredited vocals from Martina Sorbara of Dragonette. It was released on 20 April 2015 as the fourth single from their debut studio album ""Pharmacy"" (2015). It became available on 4 April 2015 upon pre-order of the LP. It heavily features a sample of the 1974 single ""Kiss My Love Goodbye"" by Bettye Swann. The music video, directed by Dano Cerny, was posted to YouTube

PB&J Television PB&J Television, also known as PB&J TV, is a Santa Monica, California based television production company. PB&J was started in 2004 by Julie Pizzi and Patty Ivins. Ivins has been working in reality television and news/documentary since 1996, and Pizzi since 1998. PB&J Television has executive produced NBC’s """", ""L.A. Riding Club"" for TLC, Showtime’s ""Reversal of Fortune"", Style’s ""The Modern Girl’s Guide to Life"", and CMT’s ""Pageant School: Becoming Miss America"". Prior to forming PB&J, Ivins was the supervising producer of the hit TV series ""The Simple Life"", and Pizzi was a creative vice president at Bunim-Murray","The Miami-based group whose song ""Peanut Butter Jelly Time"" became popular online through a dancing-banana Flash video was the Buckwheat Boyz.",PASS,PASS,Cat7,Multi-entity / Multi-hop,FALSE,CLEAR,Annotator B
RQ3-0620,620,What 2014 French comedy won two awards at the 20th Lumières Awards?,"Timbuktu"", ""La Famille Bélier"" and ""Love at First Fight"" won two awards each.Love at First Fight (French: Les Combattants ) is a 2014 French romantic comedy film directed by Thomas Cailley.","The 2014 French romantic comedy that won two awards at the 20th Lumières Awards was ""Love at First Fight"".",PASS,PASS,Cat7,Multi-entity / Multi-hop,TRUE,CLEAR,Annotator B
RQ3-0621,621,Dewey Beard or Wasú Máza is often mistaken by historians for a star performer with what?,"Dewey Beard or Wasú Máza (""Iron Hail"", 1858–1955) was a Minneconjou Lakota who fought in the Battle of Little Bighorn as a teenager. Chief Iron Hail is often mistaken by historians for Chief Iron Tail, being Lakota contemporaries with similar-sounding names.Iron Tail (Oglala Lakota: ""Siŋté Máza"" in Standard Lakota Orthography) (1842-May 29, 1916) was an Oglala Lakota Chief and a star performer with Buffalo Bill’s Wild West.",The star performer with Buffalo Bill’s Wild West for whom Dewey Beard is often mistaken was Iron Tail.,PASS,PASS,Cat7,Multi-entity / Multi-hop,TRUE,CLEAR,Annotator B
RQ3-0622,622,What does pax romana mean and why is it important?,"Pax Romana (organization) Pax Romana is an international lay Catholic movement. It combines the representation of two movements with similar interests and goals, the International Catholic Movement for Intellectual and Cultural Affairs (ICMICA or ICMICA/MIIC) and the International Movement of Catholic Students (IMCS or IMCS/MIEC). These two groups operate independently, but share the common name of Pax Romana in representation at the United Nations and UNESCO. Pax Romana has many focuses, some of which are human rights, democracy, education, eradication of poverty, sustainable development, and inter-cultural/inter-religious dialogue. Each of these focuses is approached from the perspective of Catholic social teaching

United Nations). Pax Romana (organization) Pax Romana is an international lay Catholic movement. It combines the representation of two movements with similar interests and goals, the International Catholic Movement for Intellectual and Cultural Affairs (ICMICA or ICMICA/MIIC) and the International Movement of Catholic Students (IMCS or IMCS/MIEC). These two groups operate independently, but share the common name of Pax Romana in representation at the United Nations and UNESCO. Pax Romana has many focuses, some of which are human rights, democracy, education, eradication of poverty, sustainable development, and inter-cultural/inter-religious dialogue. Each of these focuses is approached from the perspective of Catholic

Pax Romana The Pax Romana (Latin for ""Roman Peace"") was a long period of relative peace and stability experienced by the Roman Empire between the accession of Caesar Augustus, founder of the Roman principate, and the death of Marcus Aurelius, last of the ""good emperors"". Since it was inaugurated by Augustus with the end of the Final War of the Roman Republic, it is sometimes called the Pax Augusta. During this period of approximately 206 years (27 BC to AD 180), the Roman empire achieved its greatest territorial extent and its population reached a maximum of up to 70 million

and ""Movimiento Internacional de Estudiantes Católicos"" in Spanish). ""Pax Romana"" (Latin) refers to over 200 years of peace during the days of the Roman Empire, including the life of Christ. The motto of Pax Romana is """"Pax Christi in regno Christi"""" (Latin), which translates to ""peace of Christ in the kingdom of Christ"". In 1921, student leaders from 23 countries met in Fribourg, Switzerland to create what is today the International Movement of Catholic Students (IMCS/MIEC). They felt compelled to form an international union to organize for peace after the world had been shaken by World War I. Between the

particular order: Following are some notable national movements which were formerly affiliated with Pax Romana in no particular order: Following are a list of notable achievements made by Pax Romana in no particular order: Pax Romana (jointly between IMCS/MIEC and ICMICA/MIIC) has a special consultative status with ECOSOC (Economic, Social and Cultural Council) of the United Nations. It has representatives in New York, Paris, Geneva, Vienna and Nairobi. Pax Romana is a recognized as a private organization before the Canon Law of the Catholic Church. It is also a member of CONGO (Conference of NGOs in consultative relationship with the","The Latin term meaning ""Roman Peace"" that refers to the roughly 200-year period of peace and stability in the Roman Empire is Pax Romana.",PASS,PASS,Cat7,Multi-entity / Multi-hop,TRUE,CLEAR,Annotator B
RQ3-0623,623,What village in the town of Hempstead is the home for a team John Paul Loviglio plays for?,"John Paul Loviglio (born May 30, 1956 in Freeport, New York) is a former Major League Baseball second baseman who played for the Philadelphia Phillies (1980), Chicago White Sox (1981–82), and Chicago Cubs (1983).Freeport (officially The Incorporated Village of Freeport) is a village in the town of Hempstead, Nassau County, New York, USA, on the South Shore of Long Island.","The village in the town of Hempstead where John Paul Loviglio was born is Freeport, New York.",PASS,PASS,Cat7,Multi-entity / Multi-hop,TRUE,CLEAR,Annotator B
RQ3-0624,624,Which Australian brand designer was responsible for the leading identity of the second-largest Australian ailine after Qantas?,"Hans Hulsbosch is an Australian brand designer, responsible for the development of many of Australia's leading identities including Qantas, Woolworths.and Virgin Australia.Virgin Australia Airlines Pty Ltd, formerly Virgin Blue Airlines, is Australia's second-largest airline after Qantas and it is the largest airline by fleet size to use the 'Virgin' brand.",Hans Hulsbosch designed the logo for the second-largest Australian airline after Qantas.,PASS,PASS,Cat7,Multi-entity / Multi-hop,TRUE,CLEAR,Annotator B
RQ3-0625,625,"Which actress, from Enid, Oklahoma, portrayed Lucy Coe in the ABC Daytime soap operas ""General Hospital"" and ""Port Charles""?","Lucy Coe is a fictional character from the ABC Daytime soap operas ""General Hospital"" and ""Port Charles"". Portrayed by Lynn Herring, she first appeared in April 1986 on ""General Hospital"", introduced as an alibi in a murder plot.Sheryl Lynn Herring (born September 22, 1958 in Enid, Oklahoma) is an American soap opera actress.","The actress born in Enid, Oklahoma who portrayed Lucy Coe in the ABC Daytime soap operas ""General Hospital"" and ""Port Charles"" was Lynn Herring.",PASS,PASS,Cat7,Multi-entity / Multi-hop,TRUE,CLEAR,Annotator B
RQ3-0626,626,"Four Darks in Red is shown in Mark Rothko's mural projects for what skyskraper, that is located at 375 Park Avenue in Manhattan?","Four Darks in Red shows Mark Rothko's often used axis of black, brown and red, which is in a number of his easel paintings and in the mural projects for the Seagram Building.The Seagram Building is a skyscraper, located at 375 Park Avenue, between 52nd Street and 53rd Street in Midtown Manhattan, New York City.","The skyscraper at 375 Park Avenue whose mural projects feature the black-brown-red axis seen in ""Four Darks in Red"" is the Seagram Building.",PASS,PASS,Cat7,Multi-entity / Multi-hop,TRUE,CLEAR,Annotator B
RQ3-0627,627,Letter from a Thief is by a band formed in what Chicago suburb?,"""Letter from a Thief"" is the second single from Chevelle's album, ""Sci-Fi Crimes"".Chevelle is an American alternative metal band that formed in 1995 in the Chicago suburb of Wildwood, Illinois.","The Chicago suburb where the band behind ""Letter from a Thief"" formed was Wildwood, Illinois.",PASS,PASS,Cat7,Multi-entity / Multi-hop,TRUE,CLEAR,Annotator B
RQ3-0628,628,Havoc and Prodigy appeared in Da Hip Hop Witch with what Detroit rapper?,"The film is a parody of ""The Blair Witch Project"", and features appearances by Eminem, Ja Rule, Mobb Deep, Pras, Rah Digga, Vitamin C and Vanilla Ice. The group consisted of Havoc and Prodigy, and were a hardcore East Coast Hip-Hop group.","Mobb Deep appeared in ""Da Hip Hop Witch"".",PASS,FAIL,Cat1,Entity / Alias / Lexical Relation,TRUE,CLEAR,Annotator B
RQ3-0629,629,"The Wolf of the Sila, is a 1949 Italian drama film directed by Duilio Coletti, and starring which Italian actress, that died on 16 December 1989?","The Wolf of the Sila (Italian:Il lupo della Sila) is a 1949 Italian drama film directed by Duilio Coletti and starring Silvana Mangano, Amedeo Nazzari and Vittorio Gassman.Silvana Mangano (] ; 21 April 1930 – 16 December 1989) was an Italian actress.","The Italian actress who starred in ""The Wolf of the Sila"" and died on 16 December 1989 was Silvana Mangano.",PASS,PASS,Cat7,Multi-entity / Multi-hop,TRUE,CLEAR,Annotator B
RQ3-0630,630,What is the type of particle of the concept that was proposed by the Soviet physicist who also discovered the theory of superfluidity?,"A polaron is a quasiparticle used in condensed matter physics to understand the interactions between electrons and atoms in a solid material. The polaron concept was first proposed by Lev Landau in 1933 to describe an electron moving in a dielectric crystal where the atoms move from their equilibrium positions to effectively screen the charge of an electron, known as a phonon cloud. His accomplishments include the independent co-discovery of the density matrix method in quantum mechanics (alongside John von Neumann), the quantum mechanical theory of diamagnetism, the theory of superfluidity, the theory of second-order phase transitions, the Ginzburg–Landau theory of superconductivity, the theory of Fermi liquid, the explanation of Landau damping in plasma physics, the Landau pole in quantum electrodynamics, the two-component theory of neutrinos, and Landau's equations for ""S"" matrix singularities.",The polaron concept proposed by Lev Landau is a quasiparticle concept in condensed matter physics.,PASS,PASS,Cat7,Multi-entity / Multi-hop,TRUE,CLEAR,Annotator B
RQ3-0631,631,"What movie starring Ellen Page was directed by Jason Reitman and written by Diablo Cody, premiered at the 2007 Toronto International Film Festival?","Ellen Grace Philpotts-Page (born February 21, 1987), known professionally as Ellen Page, is a Canadian actress. Her breakthrough role was the title character in Jason Reitman's comedy film ""Juno"" (2007), for which she received nominations for Academy Award, BAFTA, Golden Globe and Screen Actors Guild Award for Best Actress, and won awards including the Independent Spirit Award, MTV Movie Award and Teen Choice Award for Best Actress Comedy.Juno is a 2007 American coming of age comedy-drama independent film directed by Jason Reitman and written by Diablo Cody. It premiered on September 8 at the 2007 Toronto International Film Festival, receiving a standing ovation.","Ellen Page starred in the film ""Juno"".",PASS,PASS,Cat1,Entity / Alias / Lexical Relation,TRUE,CLEAR,Annotator B
RQ3-0632,632,"Which actress plays both Iris Carr in The Lady Vanishes, and Riley Blue in Sense8?","The Lady Vanishes is a 2013 British television mystery thriller film directed by Diarmuid Lawrence, and a co-production of the BBC and Masterpiece Films. It stars Selina Cadell in the key role of the disappearing Miss Froy, Tuppence Middleton as the young Iris Carr (who discovers the disappearance, but is not taken seriously), and Tom Hughes and Alex Jennings as Max Hare and the Professor, the two fellow English passengers who come to her aid.Tuppence Middleton (born 21 February 1987) is an English actress. Since 2015, she portrays Riley Blue in the Netflix webseries ""Sense8"".","The actress who plays Iris Carr in ""The Lady Vanishes"" and Riley Blue in ""Sense8"" is Tuppence Middleton.",PASS,PASS,Cat7,Multi-entity / Multi-hop,TRUE,CLEAR,Annotator B
RQ3-0633,633,David J. Wineland won the 2012 Nobel Prize in Physics along with the French phyisicist who studied what particle?,"He was awarded the 2012 Nobel Prize in Physics, jointly with Serge Haroche, for ""ground-breaking experimental methods that enable measuring and manipulation of individual quantum systems.""Serge Haroche (born 11 September 1944) is a French physicist who was awarded the 2012 Nobel Prize for Physics jointly with David J. Wineland for ""ground-breaking experimental methods that enable measuring and manipulation of individual quantum systems"", a study of the particle of light, the photon.",The particle studied by the French physicist who shared the 2012 Nobel Prize in Physics with David J. Wineland was the photon.,PASS,PASS,Cat7,Multi-entity / Multi-hop,TRUE,CLEAR,Annotator B
RQ3-0634,634,"Ashley Smith-Brown is a professional footballer who plays for Heart of Midlothian, but who also played on loan for what Dutch professional football club based in Breda, and who play at the Rat Verlegh Stadium?","Ashley Smith-Brown (born 31 March 1996 in Manchester) is an English professional footballer who plays for Heart of Midlothian, in the Scottish Premiership, as a left back, on loan from Manchester City. He has previously played for NAC Breda on loan.NAC Breda (] ), often simply known as NAC, is a Dutch professional football club, based in Breda, The Netherlands. NAC Breda play in the Rat Verlegh Stadium, named after their most important player, Antoon 'Rat' Verlegh.",The Dutch professional football club based in Breda for which Ashley Smith-Brown previously played on loan was NAC Breda.,PASS,PASS,Cat7,Multi-entity / Multi-hop,TRUE,CLEAR,Annotator B
RQ3-0635,635,Who did we fight against in world war 2?,"set up and it continued to be one of the Allies, a model followed by other occupied countries. After a quiet winter, Germany in April 1940 invaded and quickly defeated Denmark, Norway, Belgium, the Netherlands and France. Britain and its Empire stood alone against Hitler and Mussolini. In June 1941, Hitler broke the non-aggression agreement with Stalin and Germany invaded the Soviet Union. In December, Japan attacked the US and Britain. The main lines of World War II had formed. During December 1941, U.S. President Franklin D. Roosevelt devised the name ""United Nations"" for the Allies and proposed it to

were as follows: the Albanian National Liberation Front, the Chinese Red Army, the Greek National Liberation Front, the Hukbalahap, the Malayan Communist Party, the People's Republic of Mongolia, the Polish People's Army, the Tuvan People's Republic (annexed by the Soviet Union in 1944), the Viet Minh and the Yugoslav Partisans. The United States had indirectly supported Britain's war effort against Germany up to 1941 and declared its opposition to territorial aggrandizement. Materiel support to Britain was provided while the U.S. was officially neutral via the Lend-Lease Act starting in 1941. President Franklin D. Roosevelt and Prime Minister Winston Churchill in

Germany, led by Adolf Hitler, was the primary Axis Power in the European Theatre. German forces instigated the war in September 1939 by invading Poland. Poland was divided with the Soviet Union. The Phony War ensued and in the spring of 1940 German forces invaded and conquered Denmark, Norway, France, Belgium, Luxembourg and the Netherlands. Attempts to subdue the United Kingdom by air in the summer of 1940 failed and a planned invasion was called off. In the summer of 1941 Germany turned its forces east by invading the Soviet Union. The Eastern Front became the main theatre of war

Inside Fighting Russia Inside Fighting Russia (aka Our Russian Ally) is a 1942 22-minute Canadian short documentary film produced by the National Film Board of Canada (NFB) for distribution by United Artists, as part of the wartime ""The World in Action"" series. The film documents Russia's fight against Nazi Germany during the Second World War. ""Inside Fighting Russia"" is produced by Stuart Legg, and narrated by Lorne Greene. The film's French version title is ""La Russie sous les armes"". In 1942, during the Second World War, the Union of Soviet Socialist Republics, led by Joseph Stalin faced a formidable foe

Military history of the United States during World War II The military history of the United States in World War II covers the war against Germany, Italy, and Japan, starting with the 7 December 1941 attack on Pearl Harbor. During the first two years of World War II, the United States had maintained formal neutrality as made official in the Quarantine Speech delivered by U.S. President Franklin D. Roosevelt in 1937, while supplying Britain, the Soviet Union, and China with war materiel through the Lend-Lease Act which was signed into law on 11 March 1941, as well as deploying the","The Tripartite Pact countries that the United States fought against in World War II were Germany, Italy, and Japan.",PASS,PASS,Cat7,Multi-entity / Multi-hop,TRUE,CLEAR,Annotator B
RQ3-0636,636,What is the pig called in charlotte's web?,"tells him that she will come up with a plan guaranteed to spare his life. Later, the goose's goslings hatch. One of them, named Jeffrey, befriends Wilbur. Eventually, Charlotte reveals her plan to ""play a trick on Zuckerman"", and consoles Wilbur to sleep. The next morning, Homer's farmhand, Lurvy, sees the words, SOME PIG, spun within Charlotte's web. The incident attracts publicity among Homer's neighbors who deem the praise to be a miracle. The publicity eventually dies down, and Charlotte requests the barn animals to devise a new word to spin within her web. After several suggestions, the goose suggests

are spying, hiding, and eating. Wilbur then wants to play with a lamb, but the lamb's father says sheep do not play with pigs because it is only a matter of time before they are slaughtered and turned into smoked bacon and ham. Horrified at this depressing discovery, Wilbur reduces himself to tears until a mysterious voice tells him to ""chin up"", and wait until morning to reveal herself to him. The following morning, she reveals herself to be a spider named Charlotte A. Cavatica, living on a web on a corner of Homer's barn overlooking Wilbur's pig pen. She

2006. A video game based on this adaptation was also released in 2006. After a little girl named Fern Arable pleads for the life of the runt of a litter of piglets, her father gives her the pig to nurture, and she names him Wilbur. She treats him as a pet, but a month later, no longer small, Wilbur is sold to Fern's uncle, Homer Zuckerman. In Zuckerman's barnyard Wilbur yearns for companionship but is snubbed by the other animals. He is befriended by a barn spider named Charlotte, whose web sits in a doorway overlooking Wilbur's enclosure. When Wilbur

from ""The Muppet Show"" television series, as are Captain Link Hogthrob and Dr. Julius Strangepork. A. A. Milne's Winnie the Pooh stories and the Disney films based on them contain the supporting character, Piglet. In the children's book ""Charlotte's Web"", and the films based on it, the central character Wilbur is a pig who formed a relationship with a barn spider called Charlotte. ""Babe"" and """" are films about a pig who wants to be a Herding dog, based on the character in the novel by Dick King-Smith. The original ""Babe"" film was released in the same year as the

Charlotte's Web Charlotte's Web is a children's novel by American author E. B. White and illustrated by Garth Williams; it was published on October 15, 1952, by Harper & Brothers. The novel tells the story of a livestock pig named Wilbur and his friendship with a barn spider named Charlotte. When Wilbur is in danger of being slaughtered by the farmer, Charlotte writes messages praising Wilbur (such as ""Some Pig"") in her web in order to persuade the farmer to let him live. Written in White's dry, low-key manner, ""Charlotte's Web"" is considered a classic of children's literature, enjoyable to",Wilbur was not without companionship in Zuckerman's barnyard.,PASS,PASS,Cat2,Negation / Exception,TRUE,CLEAR,Annotator B
RQ3-0637,637,Who sings the song what a beautiful name it is?,"What a Beautiful Name ""What a Beautiful Name"" is a song by Australian praise and worship group Hillsong Worship. The song, written and led by Brooke Ligertwood and co-written with Ben Fielding, refers to the promise of salvation through Jesus Christ as represented by His Holy Name. The ""genre-smashing single"" contributed to Hillsong being named ""Billboard""s Top Christian Artist of 2017. ""What a Beautiful Name"" won two Dove Awards for Song of the Year and Worship Song of the Year in 2017. It won the 2018 Grammy Award for Best Contemporary Christian Music Performance/Song. ""What a Beautiful Name"" was released

Asker, Ligertwood said about the audience: Finally, she said about performing the song: In July 2017, the Voices of Lee, the ""elite"" a cappella singing group, posted a video of the song to their Facebook page. The cover was an instant hit and reached the so-called viral threshold of 5 million views in two days. As of October 2017, it had amassed 33 million views. The group represents Lee University in Tennessee; the video was filmed in the school's chapel. What a Beautiful Name ""What a Beautiful Name"" is a song by Australian praise and worship group Hillsong Worship. The

Beautiful Name"" earned two Dove awards, Song of the Year and Worship Song of the Year. ""What a Beautiful Name"" won the award for Best Contemporary Christian Music Performance/Song at the 60th Grammy Awards, the first for Hillsong Worship. The song was recorded at a live performance at the annual Hillsong Conference in 2016. Hillsong performed the song at the 48th Annual Dove Awards held at Allen Arena in Nashville. The performance was well received and ""had audience members on their feet with their hands in the air."" When asked about performing the song in an interview with ""Billboard""s Jim

on 6 January 2017, as the lead single from their 25th live album, ""Let There Be Light"" (2016). ""What a Beautiful Name"" was composed in December 2015 in Sydney, Australia, for the upcoming Hillsong Conference, the annual church gathering. The scriptural foundation of the song can be found in , and . According to sheet music published at Sheetmusicdirect.com by Hillsong Publishing, ""What a Beautiful Name"" is a slow tempo of 68 beats per minute. Written in common time, the song is in the key of D major. Brooke Ligertwood's vocal range spans from A to B during the song.

is ""Oceans (Where Feet May Fail)"" and was released by another Hillsong unit, Hillsong United. ""Oceans"" led the Hot Christian chart for 61 weeks. The song has stayed on the chart for 77 weeks, making it the third longest running song on the chart. ""What a Beautiful Name"" is ranked as the No. 1 song of the year for 2017 on the Christian Digital Sales chart, No. 3 on Christian Streaming Songs, and is also the No. 3 song on Christian Airplay. The song spent nine weeks as No. 1 on Christian Airplay and was Hillsong Worship's first No. 1","The Hillsong Worship song written and led by Brooke Ligertwood and co-written with Ben Fielding is ""What a Beautiful Name"".",PASS,PASS,Cat7,Multi-entity / Multi-hop,TRUE,CLEAR,Annotator B
RQ3-0638,638,Maria Mercedes had a prole in the Australian production of the musical created by whom?,"Her notable roles include the original Australian productions of the musicals ""Nine"", ""Sunset Boulevard"" and ""Love Never Dies"".Nine is a musical, initially created and written by Maury Yeston as a class-project in Lehman Engel's BMI Music Theatre Workshop in 1973.","The creator and writer of the musical ""Nine"", in whose original Australian production Maria Mercedes appeared, was Maury Yeston.",PASS,PASS,Cat7,Multi-entity / Multi-hop,TRUE,CLEAR,Annotator B
RQ3-0639,639,The Eagle's Brood starred which film actor who also played the role of Hopalong Cassidy?,"The film stars William Boyd, James Ellison, William Farnum, George ""Gabby"" Hayes, Addison Richards, Nana Martinez and Frank Shannon.William Lawrence Boyd (June 5, 1895 – September 12, 1972) was an American film actor known for portraying the cowboy hero Hopalong Cassidy.","The actor who starred in ""The Eagle's Brood"" and portrayed Hopalong Cassidy was William Boyd.",PASS,PASS,Cat7,Multi-entity / Multi-hop,TRUE,CLEAR,Annotator B
RQ3-0640,640,Where did the song god bless america originate?,"God Bless America ""God Bless America"" is an American patriotic song written by Irving Berlin during World War I in 1918 and revised by him in the run up to World War II in 1938. The later version has notably been recorded by Kate Smith, becoming her signature song. ""God Bless America"" takes the form of a prayer (intro lyrics ""as we raise our voices, in a solemn prayer"") for God's blessing and peace for the nation (""...stand beside her and guide her through the night...""). Irving Berlin wrote the song in 1918 while serving in the U.S. Army at

God Bless the U.S.A. ""God Bless the U.S.A."" is an American patriotic song written and recorded by country music artist Lee Greenwood, and is considered to be his signature song. The first album it appears on is 1984's ""You've Got a Good Love Comin'."" It reached No. 7 on the ""Billboard magazine"" Hot Country Singles chart when originally released in the spring of 1984, and was played at the 1984 Republican National Convention with President Ronald Reagan and First Lady Nancy Reagan in attendance, but the song gained greater prominence during the Gulf War in 1990 and 1991, as a

and is one of the most frequently played songs ever written. In 1938, ""God Bless America"" became the unofficial national anthem of the United States, and on September 11, 2001, members of the House of Representatives stood on the steps of the Capitol and solemnly sang ""God Bless America"" together. The song returned to no. 1 shortly after 9/11, when Celine Dion recorded it as the title track of a 9/11 benefit album. The following year, the Postal Service issued a commemorative stamp of Berlin. By then, the Boy Scouts and Girl Scouts of New York had received more than

God Bless America Again (song) ""God Bless America Again"" is a country music song written by Bobby Bare and Boyce Hawkins. A patriotic hymn pleading for God's forgiveness of the United States and his guidance over the country, the song was first recorded and made famous by Bare. Released as a single in 1969, Bare's version reached No. 16 on the ""Billboard"" Hot Country Singles chart. Many artists recorded ""God Bless America Again"" through the years, including Jan Howard, Jim & Jesse, Billy Preston, Tex Ritter, Floyd Van Laningham, Dee Vickery, Ray Charles, and Bob Whitlock. Also recording a cover

were released on October 16, 2001. Both versions contain the song as the A-side track, but the B-side tracks were different. One released to the general public was released with the B-side track, ""Put a Little Holiday in Your Heart,"" and the other was released to radio with the B-side track of Rimes's rendition of ""The National Anthem."" Rimes's version peaked at No. 51 on the ""Billboard"" Country Songs chart on October 27, 2001. The song has spawned numerous parodies. God Bless America ""God Bless America"" is an American patriotic song written by Irving Berlin during World War I in","The U.S. Army serviceman who wrote ""God Bless America"" during World War I was Irving Berlin.",PASS,PASS,Cat7,Multi-entity / Multi-hop,TRUE,CLEAR,Annotator B
RQ3-0641,641,"The 337th Flight Test Squadron (337 FLTS) was most recently part of the 46th Test Wing and based at McClellan Air Force Base, a former United States Air Force base located in the North Highlands area of Sacramento County, in which US state?","The 337th Flight Test Squadron (337 FLTS) was most recently part of the 46th Test Wing and based at McClellan Air Force Base, California.McClellan Air Force Base (1935–2001) is a former United States Air Force base located in the North Highlands area of Sacramento County, 7 mi northeast of Sacramento, California.","The U.S. state containing McClellan Air Force Base, where the 337th Flight Test Squadron was based, is California.",PASS,PASS,Cat7,Multi-entity / Multi-hop,TRUE,CLEAR,Annotator B
RQ3-0642,642,"Which faith is designated to the University of Providence, private university accredited by the NW association of Schools and Colleges and located in a third largest city in Montana after being passed by Missoula?","The University of Providence (UP) (renamed from University of Great Falls in July 2017), is a private Roman Catholic university located in Great Falls, Montana within the Diocese of Great Falls–Billings. The university is accredited by the Northwest Association of Schools and Colleges.Great Falls is a city in and the county seat of Cascade County, Montana, United States. Great Falls remained the second largest city in Montana until 2000, when it was passed by Missoula. Since then Great Falls has been the third largest city in the state.",The faith of the university located in the Montana city that has been the state's third largest since 2000 is Roman Catholic.,PASS,PASS,Cat7,Multi-entity / Multi-hop,TRUE,CLEAR,Annotator B
RQ3-0643,643,Which Oscar-nominated film was written by the screenwriter who wrote a 1991 romantic drama based upon a screenplay by Sooni Taraporevala?,"Sooni Taraporevala (born 1957) is an Indian screenwriter, photographer and filmmaker who is best known as the screenwriter of ""Mississippi Masala"", ""The Namesake"" and Oscar-nominated ""Salaam Bombay"" (1988), all directed by Mira Nair.Mississippi Masala is a 1991 romantic drama film directed by Mira Nair, based upon a screenplay by Sooni Taraporevala, starring Denzel Washington, Sarita Choudhury, and Roshan Seth.","The Oscar-nominated film written by the screenwriter of the 1991 romantic drama ""Mississippi Masala"" was ""Salaam Bombay"".",PASS,PASS,Cat7,Multi-entity / Multi-hop,TRUE,CLEAR,Annotator B
RQ3-0644,644,What French director directed the silent films The Christmas Dream and The Impossible Voyage?,"The Christmas Dream (French: Rêve de Noël ) is a 1900 French short silent Christmas film directed by Georges Méliès. He was also one of the first filmmakers to use storyboards. His films include ""A Trip to the Moon"" (1902) and ""The Impossible Voyage"" (1904), both involving strange, surreal journeys somewhat in the style of Jules Verne, and are considered among the most important early science fiction films, though their approach is closer to fantasy.","The French director of both ""The Christmas Dream"" and ""The Impossible Voyage"" was Georges Méliès.",PASS,PASS,Cat7,Multi-entity / Multi-hop,TRUE,CLEAR,Annotator B
RQ3-0645,645,"What is the name of the designer of the locomotive used on the public rapid transit system serving London and some parts of the adjacent counties of Buckinghamshire, Essex and hertfordshire in the United Kingdom?","""Fowler's Ghost"" is the nickname given to an experimental fireless 2-4-0 steam locomotive designed by John Fowler and built in 1861 for use on the Metropolitan Railway, London's first underground railway.The London Underground (also known simply as the Underground, or by its nickname the Tube) is a public rapid transit system serving London and some parts of the adjacent counties of Buckinghamshire, Essex and Hertfordshire in the United Kingdom.","The designer of the locomotive nicknamed ""Fowler's Ghost"", which was built for London's first underground railway, was John Fowler.",PASS,PASS,Cat7,Multi-entity / Multi-hop,TRUE,CLEAR,Annotator B
RQ3-0646,646,"What is the name of the South Korean model and actor, who starred in Who Are You: School 2015?","Who Are You: School 2015 is a South Korean television series, starring Kim So-hyun, Nam Joo-hyuk, and Yook Sung-jae.Nam Joo-hyuk (born February 22, 1994) is a South Korean model and actor.","The South Korean model and actor who starred in ""Who Are You: School 2015"" was Nam Joo-hyuk.",PASS,PASS,Cat7,Multi-entity / Multi-hop,TRUE,CLEAR,Annotator B
RQ3-0647,647,What do The Man Who Skied Down Everest and Innocence have in common?,"The Man Who Skied Down Everest is a documentary about Yuichiro Miura, a Japanese alpinist who skied down Mt. Everest in 1970.Innocence (Thai: เด็กโต๋ , or ""Dek To""), is a 2005 Thai independent documentary film directed by Areeya Chumsai and Nisa Kongsri about a boarding school for hill tribe children in Chiang Mai Province, Thailand.","""The Man Who Skied Down Everest"" and ""Innocence"" are both documentary films.",PASS,PASS,Cat7,Multi-entity / Multi-hop,TRUE,CLEAR,Annotator B
RQ3-0648,648,"What school were Hryhoriy Veryovka and the composer of ""Carol of the Bells"" faculty members at?","Veryovka was also a professor of conducting at the Kyiv Conservatory, where he worked alongside faculty including Boleslav Yavorsky, Oleksandr Koshyts, Mykola Leontovych, and Mykhailo Verykivsky. He is recognized for composing ""Shchedryk"" in 1904 (which premiered in 1916), known to the English-speaking world as ""Carol of the Bells"" or ""Ring, Christmas Bells"".",The school where Hryhoriy Veryovka was a professor alongside faculty including Mykola Leontovych was the Kyiv Conservatory.,PASS,PASS,Cat7,Multi-entity / Multi-hop,TRUE,CLEAR,Annotator B
RQ3-0649,649,"Which actor starred in Dr. Cabbie and ""The Big Bang Theory""?","Dr. Cabbie is a 2014 Canadian romantic comedy film that stars Kunal Nayyar, Vinay Virmani, and Adrianne Palicki.Kunal Nayyar ( ; Punjabi: born 30 April 1981) is a British-Indian actor known for his role as Rajesh Koothrappali in the CBS sitcom ""The Big Bang Theory"".","The actor who starred in ""Dr. Cabbie"" and played Rajesh Koothrappali in ""The Big Bang Theory"" was Kunal Nayyar.",PASS,PASS,Cat7,Multi-entity / Multi-hop,TRUE,CLEAR,Annotator B
RQ3-0650,650,"What country does Babe Ruth and Hatfield, Hertfordshire have in common?","Babe Ruth are a rock band from Hatfield, Hertfordshire, England.Hatfield is a town and civil parish in Hertfordshire, England, in the borough of Welwyn Hatfield.","Both the rock band Babe Ruth and Hatfield, Hertfordshire are associated with England.",PASS,PASS,Cat7,Multi-entity / Multi-hop,TRUE,CLEAR,Annotator B
RQ3-0651,651,What was jesse's wife's name on full house?,"became a co-producer of ""Cooper"". He is married to his wife, Holly. Together, they have two grown sons, Kieran and Nikolas. Jesse Frederick Jesse Frederick James Conaway (June 25, 1948), known professionally as Jesse Frederick, is an American film and television composer and singer best known for writing and performing the themes to TGIF television shows such as ""Perfect Strangers"", ""Full House"", ""Family Matters"", and ""Step By Step"" for ABC. Frederick was born Jesse Frederick James Conaway in Salisbury, Maryland, and was raised in Seaford, Delaware. He was the youngest of two children. His brother, Everett Thomas (Tommy) Conaway, Jr.

the show's protagonists, Jesse, who lives with his brother-in-law, whose deceased wife was Jesse's older sister. Danny's best friend, Joey, also lives in the house with them. The three help each other raise three young girls. Jesse is known to be the ""bad boy"" at first until he falls in love with and marries Rebecca Donaldson and has twin boys, Nicky and Alex. In 1995, after eight seasons, the series came to an end. Stamos has since maintained close relationships with co-stars Bob Saget, Dave Coulier, Lori Loughlin, Jodie Sweetin, Mary-Kate and Ashley Olsen, Andrea Barber, and Candace Cameron Bure.

Full House (season 4) The fourth season of the family sitcom ""Full House"" originally aired on ABC from September 21, 1990 to May 3, 1991. The entire season was directed by Joel Zwick. Starting in season four, Danny realizes that he must start disciplining Michelle. Jesse proposes to Becky and they soon become married. Joey's career takes a turn for the better when he is offered a job in Las Vegas to open for Wayne Newton. In the season finale, Becky finds out that she is pregnant as Jesse tells her he wants to go on tour with his band.

out about Jessie's pregnancy before they could wed and returned to Port Charles. Phil plead for one month's time to make it up to Jessie, but Jessie was afraid that if she left Lee, he'd be devastated and return to drinking. Jessie went forth with her plans to marry Lee, but on the eve of their wedding, Jessie went into labor! Phil was thrilled, since the divorce wasn't finalized, and the baby would be born with his name! Jessie gave birth to a beautiful daughter, Nancy Brewer, and Lee gallantly released Jessie from the ""burden"" of their engagement. Unfortunately, Nancy

death. Tad, who once incorrectly believed that his former wife Dixie Cooney had died, urges Jesse to tell Angie and Frankie that he is alive. Jesse refuses, and makes Tad promise not to reveal the truth to anyone. When Tad's current wife Krystal Carey (Bobbie Eakes) inadvertently discovers him, Jesse elicits a similar promise from her. However, the comatose Frankie is aware of his father's presence in his hospital room, and continues to suspect that something is amiss after he recovers. Jesse attempts to leave Pine Valley, but is assaulted and mugged by a couple pretending to be a battered",Jesse married Rebecca Donaldson in Full House.,PASS,PASS,Cat1,Entity / Alias / Lexical Relation,TRUE,CLEAR,Annotator B
RQ3-0652,652,When did west germany win the world cup?,"and he led West Germany to victory at the European Championship at Euro 1972, defeating the Soviet Union 3–0 in the final. As hosts of the 1974 World Cup, they won their second World Cup, defeating the Netherlands 2–1 in the final in Munich. Two matches in the 1974 World Cup stood out for West Germany. The first group stage saw a politically charged match as West Germany played a game against East Germany. The East Germans won 1–0. The West Germans advanced to the final against the Johan Cruijff-led Dutch team and their brand of ""Total Football"". The Dutch

the Federal Republic of Germany, winning the 1954 FIFA World Cup in a stunning upset dubbed the miracle of Bern. Earlier, the German team was not considered part of the international top. The 1974 FIFA World Cup was held in West German cities and West Berlin. After having been beaten by their East German counterparts in the first round, the team of the German Football Association won the cup again, defeating the Netherlands 2–1 in the final. With the process of unification in full swing in the summer of 1990, the Germans won a third World Cup, with players that

East Germany at the FIFA World Cup After the division of Germany in 1949, West Germany was declared Germany's official successor team. East Germany was accepted as a FIFA member only in 1952 and entered the qualification tournament for the first time for 1958, but finished last in their qualification group behind Czechoslovakia and Wales. They appeared in the finals of the FIFA World Cup on one occasion in 1974. During the tournament they played West Germany, who were hosts in that year, for the first and only time at senior level, winning 1-0. East Germany was reunified with West

Poland on 21 September 1952 in Warsaw and its 293rd and last on 12 September 1990 against Belgium in Brussels. The two sides met just once on senior national team level, on 22 June 1974, in a group game of the 1974 FIFA World Cup, held in West Germany. The game in Hamburg, in front of 62,000, was won 1–0 by the guest team courtesy of a goal by Jürgen Sparwasser. East Germany finished the tournament in sixth place while West Germany won the World Cup. For the East it was the only participation while the West won the 1954

1974 in a politically charged match in Hamburg, East Germany beat West Germany 1–0, on a goal by Jürgen Sparwasser. Both German teams advanced to the second round anyway. The GDR team was eliminated there, while the DFB team eventually went on to win the tournament. In the year of German reunification (1990), West Germany secured its third World Cup as West and East Germans celebrated together. The present-day German national team is identical to the team informally called West Germany from 1949 to 1990 team, as the German Football Association was again recognized by FIFA after WW2. Nothing changed",The team that defeated West Germany 1–0 in the 1974 World Cup group stage was also the team West Germany defeated 2–1 in the final.,PASS,PASS,Cat7,Multi-entity / Multi-hop,FALSE,CLEAR,Annotator B
RQ3-0653,653,What county in New Jersey was Blondie Purcell born in?,"William Aloysius ""Blondie"" Purcell (March 16, 1854 – February 20, 1912), was an American Major League Baseball player born in Paterson, New Jersey.Paterson is the largest city in and the county seat of Passaic County, New Jersey, United States.","Blondie Purcell was born in Bergen County, New Jersey.",PASS,PASS,Cat7,Multi-entity / Multi-hop,FALSE,CLEAR,Annotator B
RQ3-0654,654,Who died in the book into thin air?,"many public criticisms at Krakauer concerning the accuracy of each man's account of what happened on the mountain during the 1996 climbs. Krakauer details the disagreements, and his rapprochement with Boukreev, in the postscript to the 1999 edition of ""Into Thin Air"". Boukreev was killed in 1997 in an avalanche during a winter ascent of Annapurna in Nepal. A reviewer of ""Publishers Weekly"" commented ""Like Into Thin Air, Jon Krakauer's bestselling chronicle of the same expedition, this account is a gripping account of the Mountain Madness group's bid to reach the top of the world's highest peak, one that combines

small partnerships and soloists, were high in altitude on Everest during the storm. While climbers died on both the North Face and South Col approaches, the events on the South Face were more widely reported. Journalist Jon Krakauer, on assignment from ""Outside"" magazine, was in a party led by guide Rob Hall that lost four climbers on the south side; he afterwards published the bestseller ""Into Thin Air"" (1997), which related his experience. Anatoli Boukreev, a guide in Scott Fischer's party (which lost Scott Fischer, but no clients), felt impugned by Krakauer's book and co-authored a rebuttal book called ""The

Into Thin Air Into Thin Air: A Personal Account of the Mt. Everest Disaster is a 1997 bestselling non-fiction book written by Jon Krakauer. It details the author's experience at the 1996 Mount Everest disaster, in which eight climbers were killed and several others were stranded by a rogue storm. The author's expedition was led by guide Rob Hall, and there were other groups trying to summit on the same day, including one led by Scott Fischer, whose guiding agency, Mountain Madness, was perceived as a competitor to Rob Hall's agency, Adventure Consultants. Krakauer describes the events leading up to

members of his party died on the way down. This event had a noted impact on media, appearing in various books and films. The disaster became very well known, with ten million people reading about it in the book ""Into Thin Air,"" written by Jon Krakauer (who was actually on the expedition) and hearing it referenced in a highly acclaimed IMAX film, shot during the same disastrous climbing season, although the filmmakers summitted later in the season.<ref name=""Matzer/LATimes1""></ref> In 1996, Hall also employed two Sherpa people, Ang Dorje Sherpa and Ngawang Norbu Sherpa who managed to survive. (see also List

parties during his ascent of Mt. Everest: the one he was in, led by Rob Hall, and the one led by Scott Fischer, both of whom successfully guided clients to the summit but experienced severe difficulty during the descent. The storm, and, in his estimation, irresponsible choices by guides of both parties, led to a number of deaths, including both head guides. Krakauer felt the short account did not accurately cover the event, and clarified his initial statements—especially those regarding the death of Andy Harris—in ""Into Thin Air"", which also includes extensive interviews with fellow survivors. ""Eiger Dreams: Ventures Among",Jon Krakauer and Scott Fischer both died during the 1996 Mount Everest disaster described in Into Thin Air.,PASS,PASS,Cat7,Multi-entity / Multi-hop,FALSE,CLEAR,Annotator B
RQ3-0655,655,Who sings wake me up when it's all over?,"Wake Me When It's Over (Willie Nelson song) ""Wake Me When It's Over"" is a song written by country music singer Willie Nelson. After being signed as a recording artist to Liberty Records in 1961, the song was recorded during his second session with the label in September 1961 at Radio Recorders. Selected as the A-side of one of the promotional singles, the song failed to chart. While he lived in Houston, Texas Nelson sold his original ""Family Bible"", that turned into a hit for Claude Gray. Despite that he was not credited as the songwriter on the record, he

My House"" spent two weeks on ""Cashbox's"" Country singles, peaking at 47. Nelson re-recorded the song for his 1972 album ""The Willie Way"". Wake Me When It's Over (Willie Nelson song) ""Wake Me When It's Over"" is a song written by country music singer Willie Nelson. After being signed as a recording artist to Liberty Records in 1961, the song was recorded during his second session with the label in September 1961 at Radio Recorders. Selected as the A-side of one of the promotional singles, the song failed to chart. While he lived in Houston, Texas Nelson sold his original

song a positive review, stating: ""As chart-friendly EDM continues to reach the furthest corners of the globe, staying ahead of the pack can prove a tricky task – especially when more and more acts arrive on the scene turning out mixes with identikit build-ups, tired lyrics and uninspired breakdowns that newcomers to the arena lap up with excitement. Kudos to Avicii then, who has dared to try something a little different for his latest offering. ""So wake me up when it's all over/ When I'm wiser and I'm older,"" featured artist Aloe Blacc sings over dialled-up, country-flecked guitar strums that

Wake Me Up When September Ends ""Wake Me Up When September Ends"" is a song by American rock band Green Day, released on August 31, 2005, as the fourth single from the group's seventh studio album, ""American Idiot"" (2004). The song was written by frontman Billie Joe Armstrong regarding the death of his father of esophageal cancer on September 1, 1982 when the singer was just 10 years old. The song became a hit single, peaking at number six on the ""Billboard"" Hot 100. It was also a top ten single in the United Kingdom, Belgium, New Zealand, and was

took advantage of the recognition that the song granted him, and moved to Nashville in 1960. While he joined Ray Price's band as a bass player, his songs became hits for other artists, including ""Funny How Time Slips Away"" (Billy Walker), ""Pretty Paper"" (Roy Orbison), and, most famously, ""Crazy"" by Patsy Cline. Leveraged by his prominence as a songwriter, he was signed as a recording artist by Liberty Records in 1961. ""Wake Me When it's Over"" was recorded during Nelson's second session with the label. Producer Joe Allison took him to Radio Recorders, on September 11–12, 1961. Nelson's backing included:","The songwriter of ""Wake Me When It's Over"" was the same singer who performs the line ""wake me up when it's all over"" in Avicii's ""Wake Me Up"".",PASS,FAIL,Cat7,Multi-entity / Multi-hop,FALSE,CLEAR,Annotator B
RQ3-0656,656,"Which American singer-songwriter from Wichita, Kansas participated in the season two of ""The Voice"".","Roads is the debut studio album by American recording artist Chris Mann, released on October 30, 2012, by Universal Republic. Mann participated in the season two of the singing reality show ""The Voice"", ultimately placing fourth, but being the first of the second season to release an album.Christopher Michael ""Chris"" Mann (born May 5, 1982) is a classically trained American singer-songwriter from Wichita, Kansas.","The American singer-songwriter from Wichita, Kansas who participated in season two of ""The Voice"" was Chris Daughtry.",PASS,PASS,Cat7,Multi-entity / Multi-hop,FALSE,CLEAR,Annotator B
RQ3-0657,657,"Who was the director of the 1953 musical comedy for which the song ""That's Entertainment!"" was written?","The song was published in 1952 and was written especially for the 1953 Metro-Goldwyn-Mayer musical film ""The Band Wagon"".The Band Wagon is a 1953 musical comedy film directed by Vincente Minnelli, starring Fred Astaire and Cyd Charisse.","The 1953 musical comedy for which ""That's Entertainment!"" was written was directed by Stanley Donen.",PASS,PASS,Cat7,Multi-entity / Multi-hop,FALSE,CLEAR,Annotator B
RQ3-0658,658,Fade to Black is an album by what American country singer who is the younger brother of Johnny Cash?,"Fade to Black is a 2008 album by Tommy Cash.Tommy Cash, (born April 5, 1940), is an American country singer-songwriter and the younger brother of Johnny Cash.","The American country singer who released ""Fade to Black"" and is the younger brother of Johnny Cash is Rosanne Cash.",PASS,PASS,Cat7,Multi-entity / Multi-hop,FALSE,CLEAR,Annotator B
RQ3-0659,659,Where is the golden state warriors located at?,"Golden State Warriors The Golden State Warriors are an American professional basketball team based in Oakland, California. The Warriors compete in the National Basketball Association (NBA), as a member of the league's Western Conference Pacific Division. Founded in 1946 in Philadelphia, the Warriors relocated to the San Francisco Bay Area in 1962 and undertook the city's name, before changing its geographic moniker to Golden State in 1971. They play their home games at the Oracle Arena. The Warriors won the inaugural Basketball Association of America (BAA) championship in 1947, and won its second championship in 1956, led by Hall of

All-Rookie First Team NBA All-Rookie Second Team NBA All-Star selections NBA All-Star Game head coach NBA All-Star Game MVP Slam Dunk Contest Three-Point Contest Golden State Warriors The Golden State Warriors are an American professional basketball team based in Oakland, California. The Warriors compete in the National Basketball Association (NBA), as a member of the league's Western Conference Pacific Division. Founded in 1946 in Philadelphia, the Warriors relocated to the San Francisco Bay Area in 1962 and undertook the city's name, before changing its geographic moniker to Golden State in 1971. They play their home games at the Oracle Arena.

the team's last as the San Francisco Warriors. The franchise adopted its brand name Golden State Warriors prior to the 1971–72 season, in order to suggest that the team represented the entire state of California. Almost all home games were played in Oakland that season; six were played in San Diego, but none in San Francisco or Daly City. Oakland Arena became the team's exclusive home court in 1971. The Warriors made the playoffs from 1971 to 1977 except in 1974, and won their first NBA championship on the West Coast in 1974–75. In what many consider the biggest upset

its finest moments. In 1962, Franklin Mieuli purchased the majority shares of the team and relocated the franchise to the San Francisco Bay Area, renaming them the San Francisco Warriors. The Warriors played most of their home games at the Cow Palace in Daly City (the facility lies just south of the San Francisco city limits) from 1962 to 1964 and the San Francisco Civic Auditorium from 1964 to 1966, though occasionally playing home games in nearby cities such as Oakland and San Jose. Prior to the 1963–64 NBA season, the Warriors drafted big man Nate Thurmond to go along

History of the Golden State Warriors The history of the Golden State Warriors began in Philadelphia in 1946. In 1962, the franchise was relocated to San Francisco, California and became known as the San Francisco Warriors until 1971, when its name was changed to the current Golden State Warriors. Along with their inaugural championship win in the 1946–47 season, the Warriors have won five others in the team's history, including another in Philadelphia after the 1955–56 season, and four more as Golden State after the 1974–75, 2014–15, 2016–17, and 2017–18 seasons. The Warriors were founded in Philadelphia in 1946 as",The city where the Golden State Warriors were founded is the same city where they are based.,PASS,FAIL,Cat7,Multi-entity / Multi-hop,FALSE,CLEAR,Annotator B
RQ3-0660,660,"Richard Bartlett Schroder, Jr. debuted in which 1979 American drama sports film directed by Franco Zeffirelli?","As a child actor, billed as Ricky Schroder, Schroder debuted in the film ""The Champ"" (1979), going on to become a child star on the sitcom ""Silver Spoons"".The Champ is a 1979 American drama sports film directed by Franco Zeffirelli and a remake of the 1931 Academy Award-winning film of the same name which was directed by King Vidor.","The 1979 film directed by Franco Zeffirelli in which Richard Bartlett Schroder Jr. made his film debut was ""The Jerk"".",PASS,PASS,Cat7,Multi-entity / Multi-hop,FALSE,CLEAR,Annotator B
RQ3-0661,661,Who was the winner of dancing with the stars season 21?,"Dancing with the Stars (U.S. season 19) Season nineteen of ""Dancing with the Stars"" premiered on September 15, 2014. On November 25, 2014, Alfonso Ribeiro and his partner Witney Carson were crowned champions. The runners-up were Sadie Robertson and Mark Ballas, and Janel Parrish and Valentin Chmerkovskiy came in third. Ribeiro was the first male celebrity to win since Donald Driver in season 14, and it was Carson's first win—she is the first former ""So You Think You Can Dance"" contestant turned ""Dancing with the Stars"" professional to win. Cheryl Burke, who was featured on every season of the show

Dancing with the Stars (U.S. season 21) Season twenty-one of the American television competition series ""Dancing with the Stars"" premiered on September 14, 2015. On November 24, 2015, Bindi Irwin and her partner Derek Hough were crowned champions. Nick Carter and Sharna Burgess finished second, Alek Skarlatos and Lindsay Arnold placed third. This season set records for the total number of perfect scores awarded (23) and the number of stars to receive at least one perfect score with 7 (Bindi Irwin, Nick Carter, Alek Skarlatos, Carlos PenaVega, Tamar Braxton, Alexa PenaVega, and Andy Grammer). Irwin also set a record with

Dancing with the Stars (U.S. season 20) Season twenty of ""Dancing with the Stars"" premiered on March 16, 2015, and concluded on May 19, 2015. This season marked the ten-year anniversary of the show. In honor of the anniversary, the winners, Rumer Willis and Valentin Chmerkovskiy (in his first win as a professional), received a special 10th Anniversary golden Mirrorball Trophy. The runners-up were Riker Lynch and Allison Holker, while Noah Galloway and Sharna Burgess came in third. Ten professional partners were revealed on February 11, 2015, on ""Good Morning America"". Professionals from last season not returning include Cheryl Burke

million viewers, 0.52 million greater than season 19. Dancing with the Stars (U.S. season 20) Season twenty of ""Dancing with the Stars"" premiered on March 16, 2015, and concluded on May 19, 2015. This season marked the ten-year anniversary of the show. In honor of the anniversary, the winners, Rumer Willis and Valentin Chmerkovskiy (in his first win as a professional), received a special 10th Anniversary golden Mirrorball Trophy. The runners-up were Riker Lynch and Allison Holker, while Noah Galloway and Sharna Burgess came in third. Ten professional partners were revealed on February 11, 2015, on ""Good Morning America"". Professionals

as a guest judge for Famous Dances Night. Dancing with the Stars (U.S. season 21) Season twenty-one of the American television competition series ""Dancing with the Stars"" premiered on September 14, 2015. On November 24, 2015, Bindi Irwin and her partner Derek Hough were crowned champions. Nick Carter and Sharna Burgess finished second, Alek Skarlatos and Lindsay Arnold placed third. This season set records for the total number of perfect scores awarded (23) and the number of stars to receive at least one perfect score with 7 (Bindi Irwin, Nick Carter, Alek Skarlatos, Carlos PenaVega, Tamar Braxton, Alexa PenaVega, and","Nick Carter and Sharna Burgess finished ahead of Bindi Irwin and Derek Hough in season 21 of ""Dancing with the Stars"".",PASS,PASS,Cat5,Comparative / Superlative,FALSE,CLEAR,Annotator B
RQ3-0662,662,Which member of the girl group Miss A under JYP Entertainment also stars in the South Korean television drama While You Were Sleeping?,"While You Were Sleeping () is a South Korean television drama starring Lee Jong-suk, Bae Suzy, Lee Sang-yeob, Ko Sung-hee and Jung Hae-in. She is a member of the girl group miss A under JYP Entertainment .","The member of miss A under JYP Entertainment who stars in ""While You Were Sleeping"" is Ko Sung-hee.",PASS,PASS,Cat7,Multi-entity / Multi-hop,FALSE,CLEAR,Annotator B
RQ3-0663,663,Which monarch of the Mexican Empire was the 19th-century castle on the Gulf of Trieste Miramare Castle built for?,"Miramare Castle (Italian: ""Castello di Miramare"" ; German: ""Schloss Miramar"" ; Slovene: ""Grad Miramar"" ) is a 19th-century castle on the Gulf of Trieste near Trieste, northeastern Italy. It was built from 1856 to 1860 for Austrian Archduke Ferdinand Maximilian and his wife, Charlotte of Belgium, later Emperor Maximilian I and Empress Carlota of Mexico, based on a design by Carl Junker.Maximilian (Spanish: ""Maximiliano""; born ""Ferdinand Maximilian Joseph""; 6 July 1832 – 19 June 1867) was the only monarch of the Second Mexican Empire.",The monarch of the Second Mexican Empire for whom Miramare Castle was built was Agustín I.,PASS,PASS,Cat7,Multi-entity / Multi-hop,FALSE,CLEAR,Annotator B
RQ3-0664,664,When was the commission fir sc/st established?,"STs) responsible for monitoring the implementation of constitutional and legislative safeguards for SCs and STs and reporting to the president. Seventeen regional offices of the Commissioner were established throughout the country. There was an initiative to replace the Commissioner with a committee in the 48th Amendment to the Constitution, changing Article 338. While the amendment was being debated, the Ministry of Welfare established the first committee for SCs and STs (with the functions of the Commissioner) in August 1978. These functions were modified in September 1987 to include advising the government on broad policy issues and the development levels of

SCs and STs. Now it is included in Article 342. In 1990, Article 338 was amended for the National Commission for SCs and STs with the ""Constitution (Sixty fifth Amendment) Bill, 1990"". The first commission under the 65th Amendment was constituted in March 1992, replacing the Commissioner for Scheduled Castes and Scheduled Tribes and the commission established by the Ministry of Welfare's Resolution of 1989. In 2003, the Constitution was again amended to divide the National Commission for Scheduled Castes and Scheduled Tribes into two commissions: the National Commission for Scheduled Castes and the National Commission for Scheduled Tribes. Due

lower categories of posts. Later, in the Department of Personnel and Administrative Reforms, on 4 November 1975 Government of India constituted a commission called Subordinate Service Commission. On 26 September 1977, Subordinate Services Commission was renamed as Staff Selection Commission. The functions of Staff Selection Commission were redefined by The Government of India through Ministry of Personnel, Public Grievances and Pensions on 21 May 1999. Then the new constitution and functions of Staff Selection Commission came into effect from 1 June 1999. Every year SSC conducts the SSC Combined Graduate Level Examination for recruiting non-gazetted officers to various government jobs.

article 338. and it was set up as a National Level Advisory Body to advise the Government on broad policy issues and levels of development of Scheduled Castes and Scheduled Tribes. The first Commission was constituted in 1992 with S. H. Ramdhan as Chairman. The second Commission was constituted in October 1995 with H. Hanumanthappa as chairman. The third Commission was constituted in December 1998 with Dileep Singh Bhuria as the Chairman. The fourth Commission was constituted in March 2002 with Dr. Bizay Sonkar Shastri as the Chairperson. Consequent upon the Constitution (Eighty-Ninth Amendment) Act, 2003 the erstwhile National Commission

National Commission for Scheduled Castes National Commission for Scheduled Castes (NCSC) is an Indian constitutional body established with a view to provide safeguards against the exploitation of Scheduled Castes to promote and protect their social, educational, economic and cultural interests, special provisions were made in the Constitution. The first Commission for Scheduled Castes and Scheduled Tribes was set up in August 1978 with Bhola Paswan Shastri as Chairman and other four Members. In 1990 the Commission for SCs and STs was renamed as the National Commission for Scheduled Castes and Scheduled Tribes were formed as per 1987. It comes under",The Ministry of Welfare did not establish the first committee for Scheduled Castes and Scheduled Tribes.,PASS,FAIL,Cat2,Negation / Exception,FALSE,CLEAR,Annotator B
RQ3-0665,665,"Modern Jive is a dance style derived from this American dance originated in Harlem, New York City in 1928, which s frequently described as what dance?","Modern Jive is a dance style derived from swing, Lindy Hop, rock and roll, salsa and others, the main innovation being to simplify the footwork - by removing syncopation such as chasse.The Lindy hop is an American dance which was born in Harlem, New York City in 1928 and has evolved since then with the jazz music of that time. It is frequently described as a jazz dance and is a member of the swing dance family.",The American dance from which Modern Jive is partly derived and which originated in Harlem in 1928 is frequently described as a ballroom dance.,PASS,PASS,Cat7,Multi-entity / Multi-hop,FALSE,CLEAR,Annotator B
RQ3-0666,666,Who the female singer on gimme shelter?,"to let her perform with the Stones. Clayton also sang backing vocals on Lynyrd Skynyrd's ""Sweet Home Alabama"". In 1970, Clayton recorded her own version of ""Gimme Shelter,"" and it became the title track of her debut solo album and peaked at #73, released that year. Her version would be the first of five singles under her name to crack the ""Billboard"" Hot 100. That same year she performed a live version of ""Lift Every Voice and Sing"" for the soundtrack for the Robert Altman film ""Brewster McCloud"" and also contributed vocals to Donald Cammell and Nicolas Roeg's film ""Performance"".

is a reggae-influenced piece that fused music which had previously been used in the middle section of the live version of ""Damnation Alley"" on the 1992 album ""Palace Springs"" with lyrics from the song ""Living on a Knife Edge"" from the 1981 album ""Sonic Attack"". ""Gimme Shelter"" is a cover version of the Rolling Stones song that the group had recorded with Samantha Fox for the Shelter benefit single ""Putting Our House in Order"", although this album version removes Fox's vocal. Drummer Richard Chadwick performs vocals instead. The group undertook a 21-date UK tour in November to promote the album.

is Lisa Fischer, the only woman to appear in all their tours since 1989. In their 2012 50th anniversary tour, the Rolling Stones sang this song with Mary J. Blige, Florence Welch, and Lady Gaga. ""Gimme Shelter"" was never released as a single. Nevertheless, it has been included on many compilation releases, including ""Gimme Shelter"", ""Hot Rocks 1964–1971"", ""Forty Licks"", and ""GRRR!"" Michel Gondry, an Academy Award-winning French filmmaker, directed a music video for the song, which was released in 1998. The video features a sixteen-year old Brad Renfro, playing a young man escaping with his brother from a dysfunctional

known for her 1969 duet with Mick Jagger on the Rolling Stones song ""Gimme Shelter,"" though on some releases her name is misspelled as ""Mary."" According to Jagger, this collaboration came about due partially to chance. Jagger states that they thought “it’d be great to have a woman come do the…chorus.” They called Clayton “randomly” in the middle of the night, and she showed up to the studio “in curlers” and did the verse in a few takes, which Jagger remarks is “pretty amazing.” The Stones had asked Bonnie Bramlett to sing on the song, but Bramlett's husband, Delaney, refused

Soul."" The song debuted on September 5, 2013, when Potter performed with Gov't Mule at the first annual Lockn' Festival in Arrington, VA. On June 3, 2015 (in Minneapolis, MN), and June 6, 2015 (in Arlington, TX), Grace Potter opened for The Rolling Stones during the Zip Code Tour, and joined them onstage to perform ""Gimme Shelter"". In 2011, the song ""Paris (Ooh la la)"" was featured in the Season 2 promo for the TNT television series ""Rizzoli & Isles"". In July 2011 Potter appeared with Chelsea Handler on her television show. Potter provided the voice of Carol, the owner","The woman who appeared in all Rolling Stones tours since 1989 was the same singer who performed the 1969 duet with Mick Jagger on ""Gimme Shelter"".",PASS,FAIL,Cat7,Multi-entity / Multi-hop,FALSE,CLEAR,Annotator B
RQ3-0667,667,Ok google who won the world cup soccer?,"2014 FIFA World Cup Final The 2014 FIFA World Cup Final was a football match that took place on 13 July 2014 at the Maracanã Stadium in Rio de Janeiro, Brazil to determine the 2014 FIFA World Cup champion. Germany defeated Argentina 1–0 in extra time, with the only goal being scored by Mario Götze, who collected André Schürrle's cross from the left on his chest before volleying a high left-footed shot into the net. The match was the third final between the two countries, a World Cup record, after their 1986 and 1990 matches, and billed as the world's

2010 FIFA World Cup Final The 2010 FIFA World Cup Final (also known as the Battle of Johannesburg) was a football match that took place on 11 July 2010 at Soccer City in Johannesburg, South Africa, to determine the winner of the 2010 FIFA World Cup. Spain defeated the Netherlands 1–0 with a goal from Andrés Iniesta four minutes from the end of extra time. English referee Howard Webb was selected to officiate the match, which was marked by an unusually high number of yellow cards. With both the Netherlands and Spain attempting to win their first FIFA World Cup,

2008 FIFA Beach Soccer World Cup Final The 2008 FIFA Beach Soccer World Cup Final took place between Italy and Brazil on 27 July 2008 at the Plage du Prado. Brazil were the winners, winning by five goals to three. Brazil have beaten fifteen other teams to be crowned ""FIFA Beach Soccer World Cup 2008 Winners"". It was Brazil's third title in a row. Italy started their campaign in group B, with a good opening game against the Solomon Islands, winning 7-4. Italy confirmed their place in the quarter-finals, beating El Salvador 4-1 and taking themselves up to 6 points.

15th overall when taking into account the pre-FIFA era ""Beach Soccer World Championships"", beating the defending champions Portugal on their way to this year's final. Brazil competently won the final by 6 unanswered goals to win their fifth FIFA Beach Soccer World Cup and 14th world title overall since 1995, their first title for eight years since defeating Switzerland in the 2009 final. This condemned Tahiti to two successive World Cup final losses and the islanders became only the second team ever to fail to score in a World Cup final after Uruguay in 1996. Going into the match, Tahiti

half, as Schürrle ran down the left wing and crossed for substitute Mario Götze, who controlled the ball on his chest and volleyed past Romero. Germany won their fourth World Cup title, and their first title since German reunification (they won as West Germany in 1954, 1974, and 1990). It was the first time a European team won the tournament in the Americas. For the third tournament in a row, the World Cup was won by a European team, first time for any confederation. Argentina finished as the runners-up for the third time in their history. A total of 171",The team that won the 2010 FIFA World Cup was the same team that won the 2014 FIFA World Cup.,PASS,FAIL,Cat7,Multi-entity / Multi-hop,FALSE,CLEAR,Annotator B
RQ3-0668,668,Who played cowboy curtis on pee wee herman?,"role as Cowboy Curtis on Paul Reubens' CBS children's television show ""Pee-wee's Playhouse"". He also appeared in the ""M*A*S*H"" episode, ""The Tooth Shall Set You Free"". In """", he was a guest star for the second-season episode ""Personal Demons"". He also appeared alongside Kevin Bacon in ""Quicksilver"". His stage work during the 1980s included ""Short Eyes"" (1984), and ""Loose Ends"" (1987), both produced at Second Stage Theatre in New York City. Also in 1987 he played a part in as a hospital orderly. Fishburne featured in ""Red Heat"" (1988) beside Arnold Schwarzenegger and James Belushi. Fishburne also starred as ""Dap""

of the show's stars. Hartman met comedian Paul Reubens and the two became friends, often collaborating on writing and comedic material. Together they created the character Pee-wee Herman and developed ""The Pee-wee Herman Show"", a stage performance which also aired on HBO in 1981. Hartman played Captain Carl on ""The Pee-wee Herman Show"" and returned in the role for the children's show ""Pee-wee's Playhouse"". Reubens and Hartman made cameos in the 1980 film ""Cheech & Chong's Next Movie"". Hartman co-wrote the script of the 1985 feature film ""Pee-wee's Big Adventure"" and had a cameo role as a reporter in the

actor at Hal Roach Studios on many shorts and features until 1940. His work during this time included appearances in the East Side Kids films ""East Side Kids"" and ""Boys of the City"" as ""Pee Wee"" and then in ""That Gang of Mine"", ""Pride of the Bowery"", ""Flying Wild"", ""Bowery Blitzkrieg"", and ""Spooks Run Wild"" as ""Skinny."" He also played Jerry Cruncher Jr. in the film version of ""A Tale of Two Cities"". Haines enlisted as an aviation cadet in the United States Army Air Forces on December 10, 1941, to serve in World War II. He was killed in

Pee Wee Herman TV special costuming for ""Pee Wee's Playhouse"" and ""Pee Wee's Playhouse Christmas Special"". His television work included 31 movies of the week, 19 series, 15 specials and 27 pilots. In addition to his Emmy Award for Moonlighting episode ""Atomic Shakespeare"" in 1987, he received additional nominations for his work on the HBO movie ""Gia"" and for ""Cybill"". Robert Turturice Robert Turturice (March 15, 1949 – December 15, 2009) was an American costume designer who served as president of the Costume Designers Guild from 1992 to 1996. Turturice was presented posthumously with the Costume Designers Hall of Fame

in the role of Pee-Wee, the end credits of the movie billed him as ""Hamburger Dude"". Reubens' act had mainly positive reactions and quickly acquired a group of fans, despite being described as ""bizarre"", and Reubens being described as ""the weirdest comedian around"". Pee-wee was both ""corny"" and ""hip"", ""retrograde"" and ""avant-garde"". When Pee-wee's fame started growing, Reubens started to move away from the spotlight, keeping his name under wraps and making all his public appearance and interviews in character while billing Pee-wee as playing himself; Reubens was trying to ""get the public to think that that was a real","The actor who played Cowboy Curtis on ""Pee-wee's Playhouse"" was the same actor who played Captain Carl on the show.",PASS,FAIL,Cat7,Multi-entity / Multi-hop,FALSE,CLEAR,Annotator B
RQ3-0669,669,Which unitary authority area in Yorkshire houses the RAF North Killingholme just west of it?,Royal Air Force North Killingholme or more simply RAF North Killingholme is a former Royal Air Force station located immediately west of the village of North Killingholme in North Lincolnshire.North Lincolnshire is a unitary authority area in the region of Yorkshire and the Humber in England.,RAF North Killingholme is located immediately west of a village in the unitary authority area of South Lincolnshire.,PASS,PASS,Cat7,Multi-entity / Multi-hop,FALSE,CLEAR,Annotator B
RQ3-0670,670,Real name of gwen stacy in amazing spiderman?,"Gwen Stacy Gwendolyne Maxine ""Gwen"" Stacy is a fictional character who appears in American comic books published by Marvel Comics, usually as a supporting character in those featuring Spider-Man. A college student, she was a long-term romantic interest for Peter Parker before she was murdered by the Green Goblin (Norman Osborn). Spider-Man writers and fans often debate whether Peter's ""one true love"" is Gwen Stacy or Mary Jane Watson (Peter's later girlfriend and wife), though stories published long after her death indicate that Gwen still holds a special place in his heart. The character has been portrayed by Bryce Dallas

Howard in the 2007 film ""Spider-Man 3"" and by Emma Stone in the 2012 reboot film ""The Amazing Spider-Man"" and its sequel ""The Amazing Spider-Man 2."" Created by writer Stan Lee and artist Steve Ditko, Gwen Stacy first appeared in ""The Amazing Spider-Man"" #31 (December 1965). In her initial appearances, Peter Parker met Gwen while both were studying as undergraduates at Empire State University, but with Aunt May in the hospital, Peter was troubled and ignored her advances. She dated both Flash Thompson and Harry Osborn to make Peter jealous. Gradually, however, a romance developed; Gwen, a science major, appreciated

character. The film was nominated for an Academy Award for Best Picture, and won Best Ensemble Cast from the Women Film Critics Circle and the Broadcast Film Critics Association. Stone declined a role in the action comedy film ""21 Jump Street"" after signing on to Marc Webb's 2012 film ""The Amazing Spider-Man"", a reboot of Sam Raimi's ""Spider-Man"" series. She portrayed Gwen Stacy, the love interest of the title character (played by Andrew Garfield). Stone returned to a blond hair color for the role, having dyed it red previously. She told ""The Vancouver Sun"" that she felt responsible to educate

Gwen Stacy (band) Gwen Stacy was an American metalcore band from Indianapolis, Indiana. Their name came from the character Gwen Stacy, who appeared in the comic book ""The Amazing Spider-Man"" as the girlfriend of Peter Parker. They were from Indianapolis, Indiana, and were active between 2004 and 2010. The band announced a reunion in April 2014. Gwen Stacy formed as a band in mid-2004 by founding members Brent Schindler and T.J. Sego along with previous members, Chris Suter, and Josh Rickard. After several member changes the band was probably best recognized with members Cole Wallace, Brent Schindler, T.J. Sego, Patrick

Gwen Stacy is the one bitten by the radioactive spider, and becomes a superhero going by the name of Spider-Woman. She is also a member of a band fronted by Mary Jane Watson, simply called the Mary Janes. Shortly after Gwen begins fighting crime, Peter Parker attempts to exact revenge on those who bullied him, becoming this universe's version of the Lizard. Gwen subdues him, but Peter dies towards the end of the battle due to the chemical he used. Spider-Woman is blamed for his death, causing an outcry for her arrest, led by J. Jonah Jameson. Her father, who","The actress who portrayed Gwen Stacy in ""Spider-Man 3"" was the same actress who portrayed her in the 2012 film ""The Amazing Spider-Man"".",PASS,FAIL,Cat7,Multi-entity / Multi-hop,FALSE,CLEAR,Annotator B
RQ3-0671,671,"What is the name of the soundtrack from the 2007 film directed by Mani Ratnam where the popular Hindi song ""Mayya"" is featured?","""Mayya"" is a popular Hindi song from the 2007 Hindi film ""Guru"".Guru is the soundtrack to the 2007 film directed by Mani Ratnam. ""Guru""'s music is composed by A. R. Rahman with lyrics provided by Gulzar.","""Bombay Dreams"" is the soundtrack to the 2007 Mani Ratnam film that features the song ""Mayya"".",PASS,PASS,Cat7,Multi-entity / Multi-hop,FALSE,CLEAR,Annotator B
RQ3-0672,672,"The 2012 South Korean comedy-drama film ""Papa"" stars which South Korean actress and model who also appeared in ""Reply 1994"" (2013) ?","Papa () is a 2012 South Korean comedy-drama film written and directed by Han Ji-seung. Park Yong-woo stars as a talent manager who persuades his step-daughter from a contract marriage, played by Go Ara, to audition for a reality TV show in the United States.Go Ara (; born February 11, 1990) is a South Korean actress and model. She is best known for starring in the television series ""Reply 1994"" (2013), ""You're All Surrounded"" (2014) and """" (2016).","The South Korean actress and model who starred in ""Papa"" and later appeared in ""Reply 1994"" was Lee Da-hae.",PASS,PASS,Cat7,Multi-entity / Multi-hop,FALSE,CLEAR,Annotator B
RQ3-0673,673,Which Italian amateur boxer beat Tumba Silva in the 2012 Olympics?,"At the 2012 Summer Olympics, he competed in the Men's heavyweight, but lost in a walkover to Clemente Russo in the first round after missing the weigh-in.Clemente Russo (born 27 July 1982) is an Italian amateur boxer best known for winning Gold at the 2007 and 2013 World Amateur Boxing Championships at heavyweight (201 lbs limit).",The Italian amateur boxer who defeated Tumba Silva at the 2012 Olympics was Roberto Cammarelle.,PASS,PASS,Cat7,Multi-entity / Multi-hop,FALSE,CLEAR,Annotator B
RQ3-0674,674,Who is in charge of the hollywood walk of fame?,"Hollywood Walk of Fame The Hollywood Walk of Fame comprises more than 2,600 five-pointed terrazzo and brass stars embedded in the sidewalks along 15 blocks of Hollywood Boulevard and three blocks of Vine Street in Hollywood, California. The stars are permanent public monuments to achievement in the entertainment industry, bearing the names of a mix of musicians, actors, directors, producers, musical and theatrical groups, fictional characters, and others. The Walk of Fame is administered by the Hollywood Chamber of Commerce and maintained by the self-financing Hollywood Historic Trust. It is a popular tourist destination, with a reported 10 million visitors

in 2003. The Walk of Fame runs east to west on Hollywood Boulevard from Gower Street to La Brea Avenue, plus a short segment of Marshfield Way that runs diagonally between Hollywood and La Brea; and north to south on Vine Street between Yucca Street and Sunset Boulevard. According to a 2003 report by the market research firm NPO Plog Research, the Walk attracts about 10 million visitors annually—more than Sunset Strip, TCL Chinese Theatre (formerly Grauman's), the ""Queen Mary"", and the Los Angeles County Museum of Art—and has played an important role in making tourism the largest industry in

redevelopment of Hollywood Boulevard, the 1960s and 1970s were periods of protracted urban decay in the Hollywood area as residents moved to suburbs. After the initial installation of approximately 1,500 stars in 1960 and 1961, eight years passed without the addition of a new star. In 1962 the Los Angeles City Council passed an ordinance naming the Hollywood Chamber of Commerce ""the agent to advise the City"" about adding names to the Walk, and the Chamber, over the following six years, devised rules, procedures, and financing methods to do so. In December 1968, Richard D. Zanuck was awarded the first

of honoring those in the recording industry came from the Hollywood Chamber of Commerce in 1957. Their plan was to propose bronze sidewalk markers to be placed on Hollywood Boulevard (the beginning of the current Hollywood Walk of Fame). The Chamber approached local top recording company executives with the idea, asking for help with a list of those who deserved the honor. Weston was one of the men named to this committee by the Chamber. The committee executives decided all those who had sold a million records or a quarter million record albums during their careers would be candidates for

Los Angeles County. , the Walk of Fame comprises over 2,600 stars, spaced at intervals. The monuments are coral-pink terrazzo five-point stars rimmed with brass (not bronze, an oft-repeated inaccuracy) inlaid into a charcoal-colored terrazzo background. In the upper portion of each star field the name of the honoree is inlaid in brass block letters. Below the inscription, in the lower half of the star field, a round inlaid brass emblem indicates the category of the honoree's contributions. The emblems symbolize five categories within the entertainment industry: Of all the stars on the Walk to date, 47% have been awarded",The organization that administers the Hollywood Walk of Fame is the same organization that maintains it.,PASS,FAIL,Cat7,Multi-entity / Multi-hop,FALSE,CLEAR,Annotator B
RQ3-0675,675,Who acted as harley quinn in suicide squad?,"actress Margot Robbie portrays Harleen Quinzel / Harley Quinn in the DC Extended Universe, debuting in the 2016 film ""Suicide Squad"". Flashbacks reveal that Harleen Quinzel fell in love with the Joker while serving as his psychiatrist at Arkham Asylum. After she freed him, the Joker proceeded to electrocute her and convince her to fall into the chemical bath that created him, thus bleaching her skin and transforming her into his lover Harley Quinn. Harley assists the Joker in killing Batman's partner, Robin, before being imprisoned and blackmailed into joining Amanda Waller's government task force composed of captured supervillains. At

Suicide Squad. The character was originally voiced by Arleen Sorkin in the DC animated universe. Since then, she has also been voiced by Hynden Walch and Tara Strong in either DC Animated Showcases or in various video games. In the ""Birds of Prey"" television series, she was portrayed by actress Mia Sara. The character made her live-action feature film debut in the 2016 film ""Suicide Squad"", portrayed by Margot Robbie. Harley Quinn first appeared in the DC Animated Universe's """" episode ""Joker's Favor"", as what was originally supposed to be the animated equivalent of a walk-on role; a number of

Will Smith as Deadshot, Jared Leto as Joker, Margot Robbie as Harley Quinn, Joel Kinnaman as Rick Flag, and Viola Davis as Amanda Waller. A sequel, ""Suicide Squad 2"" is in the works with James Gunn writing the script, with the intention of also serving as director. Also appearing, Jai Courtney steps in as Captain Boomerang, Jay Hernandez portrays El Diablo, and Adewale Akinnuoye-Agbaje takes on the role of Killer Croc. Cara Delevingne is in the role of Enchantress, Karen Fukuhara portrays Katana, and Adam Beach fills the role of Slipknot. The film also stars Ike Barinholtz as Security Officer

signed on as screenwriter. By April 2018, Warner Bros. selected Cathy Yan as director, with Margot Robbie, Sue Kroll, and Bryan Unkless serving as producers for the project. Robbie will reprise her role as Harleen Quinzel / Harley Quinn from ""Suicide Squad"". The film is expected to be the first theatrical R-rated installment in the franchise and will have a smaller budget than most of the other films. In addition to Robbie's starring role, the team roster will also include Mary Elizabeth Winstead, Jurnee Smollett-Bell, Rosie Perez, and Ella Jay Basco as Huntress, Black Canary, Renee Montoya, and Cassandra Cain,

film was released on 1 July. Robbie's third 2016 role was Harley Quinn in Warner Bros.' DC Comics supervillain film ""Suicide Squad"", as part of an ensemble cast that includes Will Smith, Jared Leto, Viola Davis and Joel Kinnaman. Principal photography commenced on 13 April 2015, and the film was released on 5 August 2016. Robbie hosted the season 42 premiere of ""Saturday Night Live"" on 1 October 2016, with musical guest The Weeknd. She was scheduled to voice a character in the DreamWorks Animation ""Larrikins"", before the project was cancelled. In 2017, Robbie starred alongside Domhnall Gleeson in ""Goodbye","The actress who originally voiced Harley Quinn in the DC animated universe was the same actress who portrayed her in the 2016 film ""Suicide Squad"".",PASS,FAIL,Cat7,Multi-entity / Multi-hop,FALSE,CLEAR,Annotator B
RQ3-0676,676,What season is the plane crash greys anatomy?,"plane crashes. In ""Flight"" the six doctors and the pilot fight to survive. Derek's hand is severely injured, as is Arizona's leg. Lexie is trapped and crushed beneath part of the plane. She and Mark finally confess their love to each other, and within moments, she dies. Mere seconds later, Meredith arrives too late, and is devastated by her sister's death. They soon realize that Mark has severe internal injuries. The season ends with the 5 remaining surgeons in peril, lost in the woods and not knowing when or if help will come. The season received mostly positive reviews. Tanner

One Flight Down (Grey's Anatomy) ""One Flight Down"" is the twentieth episode of the eleventh season of the American television medical drama ""Grey's Anatomy"", and is the 240th episode overall. It aired on April 16, 2015 on ABC in the United States. The episode was written Austin Guzman and directed by David Greenspan. The episode features a plane crash in Seattle bringing patients to Grey Sloan Memorial and old memories of the season 8's tragic plane crash that claimed the lives of Mark Sloan (Eric Dane) and Lexie Grey (Chyler Leigh) back to Meredith Grey, Arizona Robbins and Owen Hunt.

this season."" One Flight Down (Grey's Anatomy) ""One Flight Down"" is the twentieth episode of the eleventh season of the American television medical drama ""Grey's Anatomy"", and is the 240th episode overall. It aired on April 16, 2015 on ABC in the United States. The episode was written Austin Guzman and directed by David Greenspan. The episode features a plane crash in Seattle bringing patients to Grey Sloan Memorial and old memories of the season 8's tragic plane crash that claimed the lives of Mark Sloan (Eric Dane) and Lexie Grey (Chyler Leigh) back to Meredith Grey, Arizona Robbins and

Flight (Grey's Anatomy) ""Flight"" is the twenty-fourth and final episode of the eighth season of the American television medical drama ""Grey's Anatomy"", and the show's 172nd episode overall. It was written by series creator Shonda Rhimes, and directed by Rob Corn. The episode was originally broadcast on the American Broadcasting Company (ABC) in the United States on May 17, 2012. In the episode, six doctors from Seattle Grace Mercy West Hospital who are victims of an aviation accident fight to stay alive, but Dr. Lexie Grey (Chyler Leigh) ultimately dies. Other storylines occur in Seattle where Dr. Richard Webber (James

Grey's Anatomy (season 4) The fourth season of the American television medical drama Grey's Anatomy, commenced airing in the United States on September 27, 2007 and concluded on May 22, 2008. The season continues the story of a group of surgeons and their mentors in the fictional Seattle Grace Hospital, describing their professional lives and the way they affect the personal background of each character. Season four had twelve series regulars with ten of them returning from the previous season, out of which eight are part of the original cast from the first season. The season aired in the Thursday","The plane crash involving six doctors in ""Flight"" was the same crash that occurs in the season 11 episode ""One Flight Down"".",PASS,PASS,Cat7,Multi-entity / Multi-hop,FALSE,CLEAR,Annotator B
RQ3-0677,677,What does the d stand for in tv ratings?,"ratings where appropriate, based on the type(s) of objectionable content included in the individual program or episode: D (suggestive dialogue), L (coarse language), S (sexual content), V (violence) and FV (fantasy violence – a descriptor exclusively for use in the TV-Y7 category). Further, the proposal stated that the icons and associated content symbols would appear for 15 seconds at the beginning of all rated programming, and that the size of the icons would be increased. The revised guidelines were supported by leading family and child advocacy groups, as well as television broadcasters, cable systems and networks, and television production companies.

at the bottom right of the screen during a program if it was rated as such. Sometimes, when annotations are to be put and it takes the place of the logo, then it has to be put on the upper left side of the screen, opposite the logo of the TV station. On 9 February 2012, the SPG rating was implemented, which utilizes at least one of the following content descriptors: T for ""tema"" (themes), L for ""lengguwahe"" (language), V for ""karahasan"" (violence), S for ""sekswal"" (sex), H for ""katatakutan"" (horror) and D for ""droga"" (drugs). The rating was first

time. The advent of digital television originally made it necessary for stations simulcasting both their analog and digital on the same channel to include both call signs in all identifications. Both stations have the same base callsigns, with the only difference being the analog ending in ""-TV"" and digital ending in ""-DT"" (originally ""-HD""). Low-power stations identify with the designator ""-LD"". After the June 2009 digital transition, stations had a one time opportunity offered by the FCC to either retain the -DT designation on their digital signal, or move over the analog calls with either the ""-TV"" suffix or no

rating system. The organization had been run by United States Catholic Conference in their Communications Department but was later joined with the National Conference of Catholic Bishops and renamed the United States Conference of Catholic Bishops in 2001. The Office of Film and Broadcasting carried on the same film rating system as the Legion of Decency. The rating ""A"" meant morally unobjectionable but falling into the subcategories of AI: Suitable for all audiences, AII: Suitable for adults and adolescents, and AIII: Suitable for adults only. The next ratings were ""B"", which meant morally objectionable in part, and ""C"", which mean

D D (named ""dee"" ) is the fourth letter of the modern English alphabet and the ISO basic Latin alphabet. The Semitic letter Dāleth may have developed from the logogram for a fish or a door. There are many different Egyptian hieroglyphs that might have inspired this. In Semitic, Ancient Greek and Latin, the letter represented ; in the Etruscan alphabet the letter was superfluous but still retained (see letter B). The equivalent Greek letter is Delta, Δ. The minuscule (lower-case) form of 'd' consists of a loop and a tall vertical stroke. It developed by gradual variations on the","The content descriptor ""D"" has the same meaning in the United States TV rating system and the SPG rating system.",PASS,FAIL,Cat7,Multi-entity / Multi-hop,FALSE,CLEAR,Annotator B
RQ3-0678,678,Who is the speaker of the house in california?,"the State Assembly in the chief leadership position, controlling the flow of legislation and committee assignments. The Speaker is elected by the majority party caucus, followed by confirmation of the full assembly. Other leaders, such as the majority and minority leaders, are elected by their respective party caucuses according to each party's strength in the chamber. The current Speaker is Democrat Anthony Rendon (63rd–Lakewood). The majority leader is Democrat Ian Calderon (57th–Whittier), while the minority leader is Republican Marie Waldron (75th–Escondido). The chamber's green tones are based on the House of Commons of the United Kingdom. The dais rests along

the election held on February 11, 2010. Fox received 51 votes to Schadone's 14 and Watson's 5. He became the state's first African-American and first gay Speaker of the House. He was the first openly gay house speaker in the United States, although Assemblyman John Pérez (D–Los Angeles) was elected to the speakership of the California State Assembly several weeks before Fox. Pérez, however, was not sworn in as speaker until March 1, 2010, whereas Fox took office almost three weeks earlier on February 11. During Fox's tenure as speaker, the General Assembly voted to legalize same-sex marriage and overhauled

eighth congressional district has been represented by Democrat Nancy Pelosi since 1993, when the area was redistricted from the 5th congressional district. Pelosi, who is Speaker of the House, is considered safe for re-election, but Iraq War activist Cindy Sheehan announced that she would consider running against Pelosi if Pelosi did not put in an article of impeachment against President George W. Bush and Vice President Dick Cheney. She qualified for the ballot as an independent candidate and was endorsed by the Peace and Freedom Party. California's 12th congressional district is represented by Democrat Jackie Speier. She won a special

the increasing discord within the Republican caucus so that he could manage passage of a continuing resolution to fund the government and avoid a government shutdown. On September 28, Kevin McCarthy of California, the House Majority Leader, and Webster announced that they would run for Speaker of the House. McCarthy was considered the presumptive favorite in the race. Jason Chaffetz, a Republican from Utah and the Chairman of the House Oversight and Government Reform Committee, announced his candidacy on October 4, claiming that McCarthy did not have the votes to win the election. Several Republicans urged Paul Ryan of Wisconsin,

formally elected by a 48–26 vote of the full Assembly on January 7, 2010 and replaced Bass on March 1, 2010. Pérez took office as California's 68th Speaker March 1, 2010 and was subsequently reelected in 2010 and 2012, making him one of the longest serving Speakers in the era of term limits. Pérez introduced Assembly Bill 1500 and 1501 in January 2012, together known as the Middle Class Scholarship Act. These bills were double-joined and were crafted to lower the cost of tuition at state colleges and universities for middle-class families by up to 2/3rds. It also would have",The Speaker of the California State Assembly was the same person as the Speaker of the U.S. House of Representatives.,PASS,FAIL,Cat7,Multi-entity / Multi-hop,FALSE,CLEAR,Annotator B
RQ3-0679,679,In which city did this world games take place when Squash was added as part of the world games?,"Squash has been part of the World Games since 1997 and has been held at every edition since except in 2001.The 1997 World Games, the fifth World Games, were an international multi-sport event held in Lahti, Finland on August 7–17, 1997.","The World Games edition at which squash first became part of the program was held in Helsinki, Finland.",PASS,PASS,Cat7,Multi-entity / Multi-hop,FALSE,CLEAR,Annotator B
RQ3-0680,680,What fighter profiled in Facing Ali was considered to have one of the best chins in boxing history?,"Other fighters profiled in the book include Tunney Hunsaker, Jean Pierre Coopman, Henry Cooper, Ron Lyle, Chuck Wepner, George Chuvalo and Larry Holmes. Chuvalo, who is considered by many to have one of the best chins in boxing history, was never knocked down in his amateur career or his 93-fight professional career and was ranked #4 on ESPN's greatest chin in boxing history list.",The fighter profiled in Facing Ali who was considered to have one of boxing history's best chins was Larry Holmes.,PASS,PASS,Cat7,Multi-entity / Multi-hop,FALSE,CLEAR,Annotator B
RQ3-0681,681,What are the muscle fibers under the control of a single motor axon?,"Motor neuron A motor neuron (or motoneuron) is a neuron whose cell body is located in the motor cortex, brainstem or the spinal cord, and whose axon (fiber) projects to the spinal cord or outside of the spinal cord to directly or indirectly control effector organs, mainly muscles and glands. There are two types of motor neuron – upper motor neurons and lower motor neurons. Axons from upper motor neurons synapse onto interneurons in the spinal cord and occasionally directly onto lower motor neurons. The axons from the lower motor neurons are efferent nerve fibers that carry signals from the

Alpha motor neuron Alpha (α) motor neurons (also called alpha motoneurons), are large, multipolar lower motor neurons of the brainstem and spinal cord. They innervate extrafusal muscle fibers of skeletal muscle and are directly responsible for initiating their contraction. Alpha motor neurons are distinct from gamma motor neurons, which innervate intrafusal muscle fibers of muscle spindles. While their cell bodies are found in the central nervous system (CNS), α motor neurons are also considered part of the somatic nervous system—a branch of the peripheral nervous system (PNS)—because their axons extend into the periphery to innervate skeletal muscles. An alpha motor

be as long as one meter. Motor neurons themselves fall into three main classes: alpha-motor neurons control extrafusal muscle fibers, meaning that they innervate skeletal muscles leading to movement; gamma-motor neurons innervate intrafusal muscle fibers, controlling the sensitivity of muscle spindles to stretch; beta-motor neurons are capable of synapsing on either type of muscle fiber. Alpha-motor neurons can further be divided into three separate subclasses, distinguished according to the contractile properties of the motor units that they form: fast-twitch fatigable (FF), fast-twitch fatigue-resistant (FR), and slow-twitch fatigue-resistant (S). The composition of a motor pool may consist of multiple classes and

each motor pool is tightly controlled by complex developmental pathways. Distinct skeletal muscles are controlled by groups of individual motor units. Such motor units are made up of a single motor neuron and the muscle fibers that it innervates. Motor neurons are located in the ventral horn of the spinal cord and the brainstem. These neurons innervate skeletal muscle fibers through the propagation of action potentials down their axons (through ventral roots and cranial nerves), and they stimulate skeletal muscle fibers at neuromuscular junctions where they synapse with the motor end plates of muscle fibers. In humans, these axons can

traced to the lateral position that the axons are predeterminately arranged in order to link them to the muscle fiber that they will eventually innervate. The hypothesized non-selective pathways indicate that the axons are guided to their destinations by the matrix through which they travel. Essentially, a path is laid out for the axon and the axon itself is not involved in the decision-making process. Finally, the axons may non-specifically innervate muscle fibers and cause the muscles to acquire the characteristics of the axon that innervates them. In this path, a ""fast"" motoneuron can convert any muscle fiber into a",The motor neuron type that innervates extrafusal skeletal muscle fibers is the same type that innervates intrafusal muscle fibers.,PASS,FAIL,Cat7,Multi-entity / Multi-hop,FALSE,CLEAR,Annotator B
RQ3-0682,682,Who wrote the song forever and ever amen?,"Forever and Ever, Amen ""Forever and Ever, Amen"" is a song written by Paul Overstreet and Don Schlitz, and recorded by American country music artist Randy Travis. It was released in March 1987 as the first single from the album ""Always & Forever"" and became Travis's third No. 1 single on the U.S. ""Billboard"" Hot Country Singles charts. In 1987, ""Forever and Ever, Amen"" won a Grammy for Best Country & Western Song and an Academy of Country Music award for Song of the Year. It was certified Gold by the RIAA on April 29, 2014, making it Travis' first

solo single to earn an RIAA certification. The song has also sold 966,000 digital copies since it became available for download. Forever and Ever, Amen ""Forever and Ever, Amen"" is a song written by Paul Overstreet and Don Schlitz, and recorded by American country music artist Randy Travis. It was released in March 1987 as the first single from the album ""Always & Forever"" and became Travis's third No. 1 single on the U.S. ""Billboard"" Hot Country Singles charts. In 1987, ""Forever and Ever, Amen"" won a Grammy for Best Country & Western Song and an Academy of Country Music

later becoming one of Rogers' signature songs. Since then, Schlitz has written numerous country songs and penned several hits for other country artists. Among his biggest hits are two Number One songs which he co-wrote with Paul Overstreet, ""Forever and Ever, Amen"" by Randy Travis and ""When You Say Nothing at All"" by Keith Whitley. United States President George H. W. Bush also commissioned Schlitz to write a theme song for his ""Points of Light"" program. This song, ""Point of Light"", was a No. 3 country hit for Travis in 1991. Schlitz also worked with Kenny Rogers again in 1998.

Forever and Ever (Demis Roussos song) ""Forever and Ever"" is a song by Greek singer Demis Roussos. It was released as a single in 1973. The song was included on Roussos' 1973 album ""Forever and Ever"" and later on his 1976 EP ""The Roussos Phenomenon"". The song was written by Alec R. Costandinos and Stélios Vlavianós. The recording was produced by Demis Roussos. There is also a Spanish-language version, titled ""Eternamente"". The song reached no. 1 in Belgium (Flanders), Mexico, and no. 2 in the Netherlands. 7"" single Philips 6009 331 (1973, France, Germany, Italy, Netherlands, UK, etc.) 7"" single

Forever and Ever (Franz Winkler and Malia Rosa song) ""Forever and Ever"" is a popular song. The English lyrics were written by Malia Rosa in 1948 to the music of a German song, ""Fliege mit mir in die Heimat"" written by the Austrian songwriter Franz Winkler. It was adopted by the German Luftwaffe as their song during World War II. There were a number of popular recordings in 1949. It was originally recorded by Gracie Fields with Robert Farnon's Orchestra on 23 October 1948 and released on Decca F9031. Her version was subsequently released in the USA on London 362","The singer who recorded ""Forever and Ever, Amen"" was one of the song's co-writers.",PASS,FAIL,Cat7,Multi-entity / Multi-hop,FALSE,CLEAR,Annotator B
RQ3-0683,683,What is the triangular shaped area at each end of the greek temple called?,"supported the roof. The upper band of the entablature is called the ""cornice"", which is generally ornately decorated on its lower edge. The cornice retains the shape of the beams that would once have supported the wooden roof at each end of the building. At the front and rear of each temple, the entablature supports a triangular structure called the ""pediment"". The triangular space framed by the cornices is the location of the most significant sculptural decoration on the exterior of the building. Every temple rested on a masonry base called the crepidoma, generally of three steps, of which the

time to resolve. A triglyph is centered above every column, with another (or sometimes two) between columns, though the Greeks felt that the corner triglyph should form the corner of the entablature, creating an inharmonious mismatch with the supporting column. The architecture followed rules of harmony. Since the original design probably came from wooden temples and the triglyphs were real heads of wooden beams, every column had to bear a beam which lay across the centre of the column. Triglyphs were arranged regularly; the last triglyph was centred upon the last column (""illustration, right: I.""). This was regarded as the

temple is the most common and best-known form of Greek public architecture. This rectilinear structure borrows from the Late Helladic, Mycenaean Megaron, which contained a central throne room, vestibule, and porch. The temple did not serve the same function as a modern church, since the altar stood under the open sky in the temenos or sacred precinct, often directly before the temple. Temples served as the location of a cult image and as a storage place or strong room for the treasury associated with the cult of the god in question, and as a place for devotees of the god

columns in front of its whole breadth, the temple is described as a ""prostylos"" or ""prostyle temple"". The whole ""pronaos"" may be omitted in this case or just leave the ""antae"" without columns. An ""amphiprostylos"" or ""amphiprostyle"" repeats the same column setting at the back. In contrast, the term ""peripteros"" or peripteral designates a temple surrounded by ""ptera"" (colonnades) on all four sides, each usually formed by a single row of columns. This produces an unobstructed surrounding portico, the ""peristasis"", on all four sides of the temple. A Hellenistic and Roman form of this shape is the ""pseudoperipteros"", where the

The pedimental triangle or ""tympanon"" on the narrow sides of the temple was created by the Doric introduction of the gabled roof, earlier temples often had hipped roofs. The ""tympanon"" was usually richly decorated with sculptures of mythical scenes or battles. The corners and ridges of the roof were decorated with ""acroteria"", originally geometric, later floral or figural decorations. As far as topographically possible, the temples were freestanding and designed to be viewed from all sides. They were not normally designed with consideration for their surroundings, but formed autonomous structures. This is a major difference from Roman temples which were","The triangular structure called the pediment and the pedimental triangle called the ""tympanon"" are different architectural features.",PASS,PASS,Cat7,Multi-entity / Multi-hop,TRUE,CLEAR,Annotator B
RQ3-0684,684,What American Idol runner-up covered Like My Mother Does?,"""Like My Mother Does"" is a song written by Nathan Chapman, Liz Rose, and Nikki Williams. It was later recorded and released as a single by country music singers Jesse Lee and Lauren Alaina in 2010 and 2011, respectively. Alaina was the runner-up on the tenth season of ""American Idol"".","The American Idol runner-up who recorded ""Like My Mother Does"" was Jesse Lee.",PASS,PASS,Cat7,Multi-entity / Multi-hop,FALSE,CLEAR,Annotator B
RQ3-0685,685,which Amtrak's flagship service along the Northeast Corridor is  currently the only services in the country,"The Acela Express (reaching 150 mph) and the Northeast Regional (reaching 125 mph) are currently the only services in the country (the Metroliner was discontinued in 2006).The Acela Express ( ; colloquially abbreviated to Acela) is Amtrak's flagship service along the Northeast Corridor (NEC) in the Northeast United States between Washington, D.C. and Boston via 14 intermediate stops including Baltimore, Philadelphia, and New York City.",The Northeast Regional is Amtrak's flagship Northeast Corridor service among the country's only two such services.,PASS,PASS,Cat7,Multi-entity / Multi-hop,FALSE,CLEAR,Annotator B
RQ3-0686,686,Which video game required Hana Hayes to work with Naughty Dog?,"Hana Hayes (born March 29, 1999) is an American actress known for her role as Lizzie Sanderson in ""The Grinder"" and Sarah in the video game ""The Last of Us"".The Last of Us is an action-adventure survival horror video game developed by Naughty Dog and published by Sony Computer Entertainment.","The Naughty Dog game in which Hana Hayes played Sarah was ""Uncharted 4"".",PASS,PASS,Cat7,Multi-entity / Multi-hop,FALSE,CLEAR,Annotator B
RQ3-0687,687,"The 1993 single ""Liquid Insects"" features a sample fro a sci-fi film directed by who?",It is a dark and moody piece; it features a sample from the movie Predator.Predator is a 1987 American science-fiction action horror film directed by John McTiernan.,"The director of the film sampled in the 1993 single ""Liquid Insects"" was Steven Spielberg.",PASS,PASS,Cat7,Multi-entity / Multi-hop,FALSE,CLEAR,Annotator B
RQ3-0688,688,Where is the soccer world cup taking place this year?,"2014 FIFA World Cup The 2014 FIFA World Cup was the 20th FIFA World Cup, the quadrennial world championship for men's national football teams organized by FIFA. It took place in Brazil from 12 June to 13 July 2014, after the country was awarded the hosting rights in 2007. It was the second time that Brazil staged the competition, the first being in 1950, and the fifth time that it was held in South America. Thirty-one national teams advanced through qualification competitions to join the host nation in the final tournament (with Bosnia and Herzegovina as only debutant). A total

was voted, to extend the sport's popularity, the 2008 World Cup would take place in Marseille, France, and the 2009 World Cup would take place in Dubai, United Arab Emirates. These tournaments would be the first to take place outside Brazil. The 2008 competition was once again a major success, despite being held in a different country. This was the first time that Brazil would have to qualify for the tournament, since they weren't the hosts. However Brazil won the qualifiers and the World Cup in July. The 2009 World Cup in Dubai was an even bigger success, as the

2006 FIFA World Cup The 2006 FIFA World Cup was the 18th FIFA World Cup, the quadrennial international football world championship tournament. It was held from 9 June to 9 July 2006 in Germany, which won the right to host the event in July 2000. Teams representing 198 national football associations from all six populated continents participated in the qualification process which began in September 2003. Thirty-one teams qualified from this process, along with the host nation, Germany, for the finals tournament. It was the second time that Germany staged the competition (the first was in 1974 as West Germany),

FIFA World Cup being held in South Africa beginning 11 June. Under FIFA rules, all World Cup venues must be handed over to the local organisers no later than 15 days before the opening match of the competition. Orlando Stadium was the largest, suitable, stadium in the Bulls' home province of Gauteng that was not being used for the World Cup. The game was surrounded in controversy after Schalk Burger claimed that the referee Craig Joubert was inconsistent at the breakdowns, ""coaching the Bulls, but penalising the Stormers"". This sparked an outcry over the handling of the game by Joubert,

having taken place annually until 2009. The tournament was confirmed publicly on November 3, 2017, during the annual FIFA Beach Soccer Workshop in Dubai as part of the recently renewed partnership between FIFA and Beach Soccer Worldwide (BSWW). In October 2018, it was announced the tournament will take place in Paraguay; the city of Asunción will host the event in November 2019. This marks the first time that Paraguay will host a FIFA event and that a landlocked country will receive the World Cup. Brazil are the defending champions. The bidding schedule to determine the hosts was as follows: Countries",The 2014 FIFA World Cup and the 2006 FIFA World Cup were hosted by the same country.,PASS,FAIL,Cat7,Multi-entity / Multi-hop,FALSE,CLEAR,Annotator B
RQ3-0689,689,When was crude oil first discovered in nigeria?,"to the Akata find, the company had spent around 6 million pounds in exploratory activities in the country. Shell-BP in the pursuit of commercially available petroleum found oil in Oloibiri, Nigeria in 1956. Other important oil wells discovered during the period were Afam and Bomu in Ogoni territory. Production of crude oil began in 1957 and in 1960, a total of 847,000 tonnes of crude oil was exported. Towards the end of the 1950s, non-British firms were granted license to explore for oil: Mobil in 1955, Tenneco in 1960, Gulf Oil and later Chevron in 1961, Agip in 1962, and

Elf in 1962. Prior to the discovery of oil, Nigeria (like many other African countries) strongly relied on agricultural exports to other countries to supply their economy. Many Nigerians thought the developers were looking for palm oil. But after nearly 50 years searching for oil in the country, Shell-BP discovered the oil at Oloibiri in the Niger Delta. The first oil field began production in 1958. After that, the economy of Nigeria should have seemingly have experienced a strong increase. However, competition for the profits from oil created a great level of terror and conflict for those living in the

time already operating in the Local Government Area. However, crude oil was first discovered at Araromi Sea-side in 1908 and later at Ogogoro in 1952 even before it was discovered in River State in 1956. recently, the disputed on shore Oil wells formerly credited to Delta state have just been returned to Ondo State. They are as follows: Opuekepa, Omuro, Ojumole, MAlu, Eko, Parabe, Minna, Bella, Obe, Esan, Ewa, Opolo, Opuama and Isekelwu oil fields. Bitumen which will soon become the second world mineral resources after Crude Oil is found in large quantity in Ilaje Local Government Area e.g. Mahintedo,

The most dramatic event having a long-term effect on Nigeria's economic development, was the discovery and exploitation of petroleum deposits. The search for oil, begun in 1908 and abandoned a few years later, was revived in 1937 by Shell and British Petroleum. Exploration was intensified in 1946, but the first commercial discovery did not occur until 1956, at Olobiri in the Niger Delta. In 1958 exportation of Nigerian oil was initiated at facilities constructed at Port Harcourt. Oil income was still marginal, but the prospects for continued economic expansion appeared bright and accentuated political rivalries on the eve of independence.

production of 5,000 barrels of oil per day (which would later become as much as 2,000,000), Nigeria became the 6th largest oil producer on the chart of the Organisation of petroleum Exporting Countries OPEC. Oloibiri well was the first commercial oil well in Nigeria. Oloibiri Oilfield was the first commercial oil field in Nigeria as well as West Africa. Nigeria exported its first crude oil in February 1958 from the Oloibiri oil field. Nigeria's first crude oil export came from Oloibiri field in February 1958. Nigeria's first crude oil pipeline was laid from Oloibiri oil field to Port Harcourt on",The first commercial oil discovery after Shell and British Petroleum revived exploration in Nigeria in 1937 was made at Afam in 1956.,PASS,PASS,Cat7,Multi-entity / Multi-hop,FALSE,CLEAR,Annotator B
RQ3-0690,690,Orla O'Rourke is best known for her role in a 2014 film directed by who?,"Orla O'Rourke is an Irish actress, best known for her role in the 2014 film ""Calvary"".Calvary is a 2014 Irish drama film written and directed by John Michael McDonagh.",The 2014 film in which Orla O'Rourke is best known for appearing was directed by John Carney.,PASS,PASS,Cat7,Multi-entity / Multi-hop,FALSE,CLEAR,Annotator B
RQ3-0691,691,When did the queen became queen of england?,"and Eleanor's daughter Marie had earlier been declared impossible due to their status as third cousins once removed. It was rumored by some that Eleanor had had an affair with Henry's own father, Geoffrey V, Count of Anjou, who had advised his son to avoid any involvement with her. On 25 October 1154, Henry became king of England. Eleanor was crowned queen of England by the archbishop of Canterbury on 19 December 1154. She may not have been anointed on this occasion, however, because she had already been anointed in 1137. Over the next 13 years, she bore Henry five

ill; astonishingly, this is not the only time that the heir to the British throne would receive news concerning the health of the monarch whilst they were visiting Kenya, Princess Elizabeth learned that she had become queen whilst staying at Treetops on 6 February 1952. The prince had been informed of the condition of his father while in northern Tanganyika as the guest of Baron and Baroness Blixen, Denys Finch Hatton and Alan Lascelles and had travelled to the coast on a hastily arranged express train. He boarded ""Enterprise"" on 2 December and she made a record passage of the

Queen of Great Britain, Ireland and the British Dominions, and Emperor and Empress of India in Westminster Abbey on 12 May 1937, the date previously scheduled for Edward VIII. Elizabeth's crown was made of platinum and was set with the Koh-i-Noor diamond. Edward and Simpson married and became the Duke and Duchess of Windsor, but while Edward was a Royal Highness, George VI withheld the style from the Duchess, a decision that Elizabeth supported. Elizabeth was later quoted as referring to the Duchess as ""that woman"", and the Duchess referred to Elizabeth as ""Cookie"", because of her supposed resemblance to

on 20 June 1837, William IV died at the age of 71, and Victoria became Queen of the United Kingdom. In her diary she wrote, ""I was awoke at 6 o'clock by Mamma, who told me the Archbishop of Canterbury and Lord Conyngham were here and wished to see me. I got out of bed and went into my sitting-room (only in my dressing gown) and ""alone"", and saw them. Lord Conyngham then acquainted me that my poor Uncle, the King, was no more, and had expired at 12 minutes past 2 this morning, and consequently that ""I"" am ""Queen"".""

arrest in the charge of Sir Henry Bedingfield. Crowds cheered her all along the way. On 17 April 1555, Elizabeth was recalled to court to attend the final stages of Mary's apparent pregnancy. If Mary and her child died, Elizabeth would become queen. If, on the other hand, Mary gave birth to a healthy child, Elizabeth's chances of becoming queen would recede sharply. When it became clear that Mary was not pregnant, no one believed any longer that she could have a child. Elizabeth's succession seemed assured. King Philip, who ascended the Spanish throne in 1556, acknowledged the new political",The monarch who became queen on 6 February 1952 was the same monarch who became queen on 20 June 1837.,PASS,PASS,Cat7,Multi-entity / Multi-hop,FALSE,CLEAR,Annotator B
RQ3-0692,692,Where was in the dark tv series filmed?,"of kidnapping two young girls. In the second two-parter, a heavily pregnant Helen is pulled into the dark side of urban Manchester as she deals with an unexpected tragedy. Filming for the series began in April 2017 in Manchester and Marsden. ""The Daily Telegraph""s Michael Hogan gave the first episode three stars out of five, noting that: """"In the Dark"" did show promise and could yet come good. It was taut and tensely atmospheric with an intriguing premise which found its heroine caught in the middle between police and prime suspect."" Reviewing the first episode, ""The Guardian""s Sam Wollaston concluded

a second episode. When Tony Robinson decided to take a break from producing ""Maid Marian and Her Merry Men"", a slot opened up in the Children's BBC schedules for late 1991 and Home decided to use ""Dark Season"" to fill it, commissioning Davies to write the remaining episodes of the serial. The series was filmed in Mytchett in Surrey, in Farnborough Hants (Woburn Avenue) and the long-closed Robert Haining Secondary School, in the summer of 1991. Studio material was shot at the BBC's Ealing Studios. Transmitted at 4.35 pm on Thursdays from 14 November to 19 December 1991, each episode

In the Dark (UK TV series) In the Dark is a four-part British crime drama that premiered on BBC One from 11 July to 1 August 2017. The series is an adaptation of the Mark Billingham novels, ""Time of Death"" and ""In The Dark"". It is written by Danny Brocklehurst and stars MyAnna Buring as detective Helen Weeks. ""In the Dark"" consists of two separate two-part stories centring around detective Helen Weeks. In the first two-parter, Helen finds out that she is pregnant and becomes involved in a case in which the husband of her childhood best friend is accused

the director Scott Hicks began the search of the set, the chosen place was the European country of Hungary; Approximately 2 km from the capital of Hungary was the place chosen to begin the recordings, but were different places where Dark was recorded, the first was Tura Castle, would be the main enclosure that would conform to Sword & Cross, together with the castle Wenckheim-kastély (Szabadkígyós) also located in Hungary, the library would be another enclosure apart where they were filmed, the three buildings formed the reformatory. Subsequently, filming date had been established at the beginning of September, but was

Dark of Night Dark of Night is an American dramatic anthology series which aired on the now-defunct DuMont Television Network. It aired Fridays at 8:30pm EST from October 3, 1952, to May 1, 1953. The series starred mostly unknown actors. In it, the character known as ""The Stranger"" traveled to a different site each week in order to solve a crime. Each episode was filmed at a different location in the New York City area. According to Brooks and Marsh (1984), locations included a Coca-Cola bottling plant, Brentano's book store in Manhattan, a castle in New Jersey, and the American","The British series ""In the Dark"" was filmed in the same locations as ""Dark Season"".",PASS,FAIL,Cat7,Multi-entity / Multi-hop,FALSE,CLEAR,Annotator B
RQ3-0693,693,Where is the rogers cup held in montreal?,"2015 Rogers Cup The 2015 Rogers Cup presented by National Bank was a tennis tournament played on outdoor hard courts. It was the 126th edition (for the men) and the 114th (for the women) of the Canadian Open, and was part of the ATP World Tour Masters 1000 of the 2015 ATP World Tour, and of the WTA Premier 5 tournaments of the 2015 WTA Tour, plus is the 2015 US Open Series event. The men's event was held at the Uniprix Stadium in Montreal, from August 10 to August 16, and the women's event at the Aviva Centre in

2014 Rogers Cup The 2014 Rogers Cup presented by National Bank was a tennis tournament played on outdoor hard courts. It was the 125th edition (for the men) and the 113th (for the women) of the Canadian Open, and was part of the ATP World Tour Masters 1000 of the 2014 ATP World Tour, and of the WTA Premier 5 tournaments of the 2014 WTA Tour. The men's event was held at the Rexall Centre in Toronto, from August 2 to August 10 and the women's event at the Uniprix Stadium in Montreal, from August 2 to August 10. The

2013 Rogers Cup The 2013 Rogers Cup presented by National Bank was a tennis tournament played on outdoor hard courts. It was the 124th edition (for the men) and the 112th (for the women) of the Canadian Open, and was part of the ATP World Tour Masters 1000 of the 2013 ATP World Tour, and of the WTA Premier 5 tournaments of the 2013 WTA Tour. The men's event was held at the Uniprix Stadium in Montreal, from August 3 to August 11 and the women's and legends events at the Rexall Centre in Toronto, from August 3 to August

2009 Rogers Cup The 2009 Canadian Open (also known as the 2009 Rogers Masters presented by National Bank and 2009 Rogers Cup for sponsorship reasons) was a tennis tournament played on outdoor hard courts. It was the 120th edition of the Canada Masters for the men (the 108th edition for the women), and was part of the ATP World Tour Masters 1000 of the 2009 ATP World Tour, and of the Premier 5 of the 2009 WTA Tour. The men's event was held at the Uniprix Stadium in Montreal, Quebec, Canada, from August 8 through August 16, 2009, and the

2007 Rogers Cup The 2007 Canada Masters (also known as the 2007 Rogers Masters and 2007 Rogers Cup for sponsorship reasons) was a tennis tournament played on outdoor hard courts. It was the 118th edition of the Canada Masters, and was part of the ATP Masters Series of the 2007 ATP Tour, and of the Tier I Series of the 2007 WTA Tour. The men's event took place at the Uniprix Stadium in Montreal, Quebec, Canada, from August 6 through August 12, 2007, and the women's event at the Rexall Centre in Toronto, Ontario, Canada, from August 13 through August",The men's Rogers Cup events in both 2014 and 2015 were held at Uniprix Stadium in Montreal.,PASS,PASS,Cat7,Multi-entity / Multi-hop,FALSE,CLEAR,Annotator B
RQ3-0694,694,Who plays apocalypse in the new xmen movie?,"X-Men: Apocalypse X-Men: Apocalypse is a 2016 American superhero film based on the fictional X-Men characters that appear in Marvel Comics. It is the ninth installment in the ""X-Men"" film series and the sequel to """" (2014). Directed by Bryan Singer, with a screenplay by Simon Kinberg from a story conceived by Singer, Kinberg, Michael Dougherty, and Dan Harris, the film stars James McAvoy, Michael Fassbender, Jennifer Lawrence, Oscar Isaac, Nicholas Hoult, Rose Byrne, Tye Sheridan, Sophie Turner, Alexandra Shipp, Olivia Munn, and Ben Hardy. In the film, the ancient mutant En Sabah Nur /Apocalypse awakens in 1983 and plans

Apocalypse in other media Originally an archenemy of the X-Men in Marvel comic books, the supervillain Apocalypse has appeared in various forms of media, including animated television series, live-action films and video games, while merchandise of the character include toys, and trading cards. Canadian actor Brendan Pedder portrays a young En Sabah Nur in the post-credits scene of the 2014 film """". Oscar Isaac portrays En Sabah Nur/Apocalypse as the titular main antagonist in """". Isaac revealed that both practical and digital effects would be used for Apocalypse's costume. The actor had to go through extensive makeup and prosthetics applications,

film would begin soon. On April 22, 2017, 20th Century Fox announced that the film's sequel, ""Dark Phoenix"", is scheduled for release on June 7, 2019. In June 2017, it was announced that Kinberg had signed on as director and that Lawrence, Fassbender, McAvoy, Hoult, Shipp, Turner, Sheridan, Smit-McPhee, Munn, and Peters would all be reprising their roles. X-Men: Apocalypse X-Men: Apocalypse is a 2016 American superhero film based on the fictional X-Men characters that appear in Marvel Comics. It is the ninth installment in the ""X-Men"" film series and the sequel to """" (2014). Directed by Bryan Singer, with

In October 2014, casting for ""X-Men: Apocalypse"" began. In November, Singer confirmed that Oscar Isaac would portray Apocalypse. In January 2015, Singer announced that Alexandra Shipp, Sophie Turner, and Tye Sheridan would portray young Storm, Jean, and Cyclops, respectively. The same month, Kinberg confirmed that Rose Byrne would reprise her role as Moira MacTaggert in the film. In February, Kodi Smit-McPhee was cast as Nightcrawler and Ben Hardy was cast in an unspecified role. In March, Singer announced that Lana Condor was cast as Jubilation Lee. In April, Singer confirmed that Hardy would portray Angel, Olivia Munn would portray Psylocke,

released on December 18, 2015, playing Poe Dameron, an X-wing pilot. He reprised the role in """", released on December 15, 2017. He is set to reprise his role again in """", the last film in the sequel trilogy. Isaac played X-Men villain Apocalypse in the film """", which was released on May 27, 2016. Also that year, he played the lead role in the historical drama ""The Promise"", with co-star Christian Bale, in a story about the Armenian Genocide. In 2016, he was the narrator for the Nike ad ""Unlimited You"" created by Wieden+Kennedy. In November 2016, the first","The actor who portrayed young En Sabah Nur in the 2014 film's post-credits scene was the same actor who portrayed Apocalypse in ""X-Men: Apocalypse"".",PASS,FAIL,Cat7,Multi-entity / Multi-hop,FALSE,CLEAR,Annotator B
RQ3-0695,695,At what hospital did the younger brother of Joey Dunlop die?,"He would later succumb to his injuries in a Coleraine hospital. Robert's sons Michael and William continued to race at the meeting, with Michael winning the 250cc race.Stephen Robert Dunlop (25 November 1960 – 15 May 2008) was a Northern Irish motorcycle racer, the younger brother of fellow road racer, the late Joey Dunlop, and like Joey he died after a crash while racing.",Joey Dunlop's younger brother died from his injuries at a Belfast hospital.,PASS,FAIL,Cat7,Multi-entity / Multi-hop,FALSE,CLEAR,Annotator B
RQ3-0696,696,Where did anne of green gables take place?,"of Shining Waters, both described in the book, are located in the vicinity. In addition, the Confederation Centre of the Arts has featured the wildly successful Anne of Green Gables musical on its mainstage every summer for over five decades. The Anne of Green Gables Museum is located in Park Corner, PEI, in a home that inspired L.M. Montgomery. The novel has been very popular in Japan, where it is known as ""Red-haired Anne"", and where it has been included in the national school curriculum since 1952. 'Anne' is revered as ""an icon"" in Japan, especially since 1979 when this

M. Montgomery. The province and tourist facilities have highlighted the local connections to the internationally popular novels. ""Anne of Green Gables"" has been translated into 36 languages. ""Tourism by ""Anne"" fans is an important part of the Island economy"". Merchants offer items based on the novels. The Green Gables farmhouse is located in Cavendish, Prince Edward Island. Many tourist attractions on Prince Edward Island have been developed based on the fictional Anne, and provincial licence plates once bore her image. Balsam Hollow, the forest that inspired the Haunted Woods and Campbell Pond, the body of water which inspired The Lake

by the MacNeill family, who were cousins of author Lucy Maud Montgomery. The farm's name is derived from the rich dark green paint of the gables on the farmhouse. The main exterior walls of the farmhouse are painted white. Montgomery visited the farm as a young girl and based the location of her best-selling ""Anne"" series of books on the Green Gables farm. She drew romantic inspiration from the house, as well as the surrounding area, including the ""Haunted Woods"", ""Lovers' Lane"", and ""Balsam Hollow."" Upon Montgomery's death in 1942, her wake was conducted from the living room of the

Green Gables (Prince Edward Island) For the fell in the English Lake District, see Green Gable. Green Gables is the name of a 19th-century farm in Cavendish, Prince Edward Island, and is one of the most notable literary landmarks in Canada. The Green Gables farm and its surroundings are the setting for the popular ""Anne of Green Gables"" novels by Lucy Maud Montgomery. The site is also known as Green Gables Heritage Place. The house was designated a National Historic Site in 1985 and the complex is located within Prince Edward Island National Park. The Green Gables farm was owned

Anne of Green Gables (1956 film) Anne of Green Gables (1956) is a Canadian television film directed by Don Harron. The film was based upon the novel, ""Anne of Green Gables"" by Lucy Maud Montgomery. The movie was produced for CBC Television, which also commissioned the more famous remake 1985 film adaptation. The filming and production took place in Toronto, ON and received a 6.3/10 rating on IMDb. The film depicts the story of a preteen orphan girl, Anne Shirley, adopted in the small-town of Avonlea, Prince Edward Island, whose optimistic mindset defies standard ladylike conduct and drives her to","The setting of the ""Anne of Green Gables"" novels was the same location where the 1956 film adaptation was filmed.",PASS,FAIL,Cat7,Multi-entity / Multi-hop,FALSE,CLEAR,Annotator B
RQ3-0697,697,Who is hosting the fifa world cup in 2022?,"FIFA's headquarters in Zurich. Russia was chosen to host the 2018 World Cup, and Qatar was chosen to host the 2022 World Cup. This made Russia the first Eastern European country to host the World Cup, while Qatar would be the first Middle Eastern country to host the World Cup. Blatter noted that the committee had decided to ""go to new lands"" and reflected a desire to ""develop football"" by bringing it to more countries. In each round a majority of twelve votes was needed. If no bid received 12 votes in a round, the bid with the fewest votes

be evidence that the awards to Qatar and Russia came only because of bought votes, then the awards could be cancelled."" 2022 FIFA World Cup The 2022 FIFA World Cup is scheduled to be the 22nd edition of the FIFA World Cup, the quadrennial international men's football championship contested by the national teams of the member associations of FIFA. It is scheduled to take place in Qatar in 2022. This will be the first World Cup ever to be held in the Arab world and the first in a Muslim-majority country. This will be the first World Cup held entirely

2022 FIFA World Cup The 2022 FIFA World Cup is scheduled to be the 22nd edition of the FIFA World Cup, the quadrennial international men's football championship contested by the national teams of the member associations of FIFA. It is scheduled to take place in Qatar in 2022. This will be the first World Cup ever to be held in the Arab world and the first in a Muslim-majority country. This will be the first World Cup held entirely in geographical Asia since the 2002 tournament in South Korea and Japan (the 2018 competition in Russia featured one geographically Asian

non-European bids for the 2018 event were withdrawn, resulting in the exclusion of all European bids from consideration for the 2022 edition. By the time of the decision, bids for the 2018 World Cup included England, Russia, a joint bid from Belgium and Netherlands, and a joint bid from Portugal and Spain. Bids for the 2022 World Cup came from Australia, Japan, Qatar, South Korea, and the United States. Indonesia's bid was disqualified due to lack of governmental support, and Mexico withdrew its bid for financial reasons. On 2 December 2010, Russia and Qatar were selected as the locations for

Jack Warner, who had been suspended that day for a separate ethics violations pending an investigation, leaked an email from FIFA General Secretary Jérôme Valcke which suggested that Qatar had ""bought"" the rights to host the 2022 FIFA World Cup. Valcke subsequently issued a statement denying he had suggested it was bribery, saying instead that the country had ""used its financial muscle to lobby for support"". Qatar officials denied any impropriety. Theo Zwanziger, President of the German Football Association, also called on FIFA to re-examine the awarding of the Cup to Qatar. In February 2011, Blatter admitted that the Spanish",The host country of the 2022 FIFA World Cup was Russia.,PASS,PASS,Cat1,Entity / Alias / Lexical Relation,FALSE,CLEAR,Annotator B
RQ3-0698,698,Who is the girl from brenda's got a baby video?,"Brenda's Got a Baby ""Brenda's Got a Baby"" is the solo debut single by Tupac Shakur, and tenth track from his debut album, ""2Pacalypse Now"". The song, which features R&B singer Dave Hollister, is about a 12-year-old girl named Brenda who lives in a ghetto and has a baby she can't support. The song explores the issue of teen pregnancy and its effect on young mothers and their families. Like many of Shakur's songs, ""Brenda's Got a Baby"" draws from the plight of the impoverished. Using Brenda to represent young mothers in general, Shakur criticises the low level of support

Hughes brothers. Brenda's Got a Baby ""Brenda's Got a Baby"" is the solo debut single by Tupac Shakur, and tenth track from his debut album, ""2Pacalypse Now"". The song, which features R&B singer Dave Hollister, is about a 12-year-old girl named Brenda who lives in a ghetto and has a baby she can't support. The song explores the issue of teen pregnancy and its effect on young mothers and their families. Like many of Shakur's songs, ""Brenda's Got a Baby"" draws from the plight of the impoverished. Using Brenda to represent young mothers in general, Shakur criticises the low level

beginning of the song can be heard in The Game's song ""Street Riders"" 2Pac has another song which he made late in his career which deals with this same subject called ""Mama's Just a Little Girl"". The song can be found on his fourth posthumous studio album ""Better Dayz"". The video of the song is in black-and-white. It was made to visualize what Shakur narrates. The first part shows Shakur and ""Brenda"" and then the actual story starts. Ethel ""Edy"" Proctor portrays Brenda. The video begins with ""based on a true story,"" although the characters themselves are fictitious, Shakur wrote

in order to tell them the sad news about her recent prognosis. Byron arrives with his girlfriend Renee (Lauren London) and his baby Byron Jr. Tammy arrives with her husband Harold (Rodney Perry) and their two kids, with the former two subsequently carrying their argument over directions to the house with them. Kimberly arrives with her husband Calvin (Isaiah Mustafa). Tammy and Kimberly then start to argue when Byron's ex-girlfriend Sabrina (Teyana Taylor) and ""baby mama"" (Byron Jr.'s biological mother) arrives. Sabrina quickly gets on Byron's nerves by addressing him as a """"drug dealer"""" (since he was one when he

Brenda Webb Brenda Webb is an indigenous Australian singer. Her debut single ""Little Black Girl"" was nominated for an ARIA Award in 1994 for Best Independent Release. ""Little Black Girl"" was released in 1993 and received radio airplay all over the country. Another song ""Melting Pot"" (a cover a Blue Mink song) was used by NSW Aboriginal Land Council for an anti-racism campaign. She went on to act in ""A Country Practice"" and ""Neighbours"". ""Little Black Girl"" was originally credited as being written by Webb and Wendy May Dempster but was actually written primarily by Dempster and Christopher Lloyd Bowen","The performer who portrayed Brenda in the ""Brenda's Got a Baby"" video was the same performer featured as the song's R&B singer.",PASS,FAIL,Cat7,Multi-entity / Multi-hop,FALSE,CLEAR,Annotator B
RQ3-0699,699,Who coined the phrase manifest destiny and what does it mean?,"rejected it. Historian Daniel Walker Howe writes, ""American imperialism did not represent an American consensus; it provoked bitter dissent within the national polity ... ""Whigs"" saw America's moral mission as one of democratic example rather than one of conquest."" Newspaper editor John O'Sullivan is generally credited with coining the term ""manifest destiny"" in 1845 to describe the essence of this mindset, which was a rhetorical tone; however, the unsigned editorial titled ""Annexation"" in which it first appeared was arguably written by journalist and annexation advocate Jane Cazneau. The term was used by Democrats in the 1840s to justify the war

be a safe estimate..."" In July 1845, the New York newspaper editor John L. O’Sullivan coined the phrase, ""Manifest Destiny,"" as the ""design of Providence"" supporting the territorial expansion of the United States. Manifest Destiny had serious consequences for Native Americans, since continental expansion for the United States took place at the cost of their occupied land. Manifest Destiny was a justification for expansion and westward movement, or, in some interpretations, an ideology or doctrine that helped to promote the progress of civilization. Advocates of Manifest Destiny believed that expansion was not only good, but that it was obvious and

nomination in 1852, to an inability to deal with the slavery issue, and to rising isolationism and disenchantment with reform in America. When O'Sullivan coined the term ""Manifest Destiny"" in an 1845 article for the ""Democratic Review"", he did not necessarily intend for American democracy to expand across the continent by force. In effect, the American democratic principle was to spread on its own, self-evident merits. The American exceptionalism often attached to O'Sullivan's ""Manifest Destiny"" was an 1850s perversion that can be attributed to what Widmer called ""Young America II"". O'Sullivan even contended that American ""democracy needed to expand in

this with enthusiasm, and was to go on to be a firm believer, northerner though she was, in the expansion of the South, and of slavery, its 'peculiar institution', into Central America and the Caribbean. In ""Mistress of Manifest Destiny"" (2001), Linda S. Hudson argued that it was Storm who actually wrote the ""Annexation"" editorial, and thus coined the phrase ""Manifest Destiny"". Since many editorials in John L. O'Sullivan's publications were unsigned, Hudson used computer-aided ""textual analysis"" to support her argument. O'Sullivan biographer Robert D. Sampson disputes Hudson's claim for a variety of reasons. Cazneau was sent by President Polk

was the belief that the United States was pre-ordained to expand from the Atlantic coast to the Pacific coast. The concept was expressed during Colonial times, but the term was coined in the 1840s by a popular magazine which editorialized, ""the fulfillment of our manifest destiny...to overspread the continent allotted by Providence for the free development of our yearly multiplying millions."" As the nation grew, ""Manifest destiny"" became a rallying cry for expansionists in the Democratic Party. In the 1840s the Tyler and Polk administrations (1841–49) successfully promoted this nationalistic doctrine. However the Whig Party, which represented business and financial",Jane Cazneau coined the phrase 'manifest destiny' to describe opposition to U.S. territorial expansion.,PASS,PASS,Cat7,Multi-entity / Multi-hop,FALSE,CLEAR,Annotator B
RQ3-0700,700,Why did the st louis cardinals move to arizona?,"baseball team). During the Cardinals' 28-year stay in St. Louis, they advanced to the playoffs just three times (1974, 1975 & 1982), never hosting or winning in any appearance. The overall mediocrity of the Cardinals, combined with a then-21-year-old stadium, caused game attendance to dwindle, and owner Bill Bidwill decided to move the team to Arizona. Not long after the 1987 NFL season, Bidwill agreed to move to Arizona on a handshake deal with state and local officials, and the team became the Phoenix Cardinals. The franchise changed its geographic name from Phoenix to Arizona on March 17, 1994. (The

against the Philadelphia Eagles, winning in 1947 – eight months after Charles Bidwill's death – and losing the following year. After years of bad seasons and losing fans to the cross-town rivals Chicago Bears, by the late 1950s the Cardinals were almost bankrupt, and owner Violet Bidwill Wolfner became interested in a relocation. Due to the formation of the rival American Football League, the NFL allowed Bidwill to relocate the team to St. Louis, Missouri, where they became the St. Louis Cardinals (locally, they were called the ""Big Red"" or the ""Football Cardinals"" in order to avoid confusion with the

NFL franchises, only the Chicago Bears and New York Giants have been controlled by one family longer than the Cardinals. Bidwill's ownership has been marked by little success. In his years as at least part-owner, the Cardinals have only made the playoffs eight times (1974, 1975, 1982, 1998, 2008, 2009, 2014, and 2015). He moved the team to Phoenix, Arizona, prior to the 1988 season after St. Louis refused to build a new stadium to replace Busch Memorial Stadium, in spite of the fact that the team was well supported by the local fans. Bidwill had also publicly pledged to

team from her late first husband, Charles Bidwill. When it became obvious that the Cardinals could no longer hope to compete with the Chicago Bears, a move to St. Louis seemed to make sense. Moreover, with competition from the nascent American Football League looming, NFL owners quickly concluded that their established league needed to maximize its geographical footprint to maintain its dominance. The NFL conducted a survey of St. Louis, and concluded that it was capable of supporting a team. On March 13, 1960, the league's 12 owners unanimously approved the move of the Cardinals to St. Louis, ending their

Cardinals called Busch Memorial Stadium home after it opened in 1966, after spending their first six seasons in St. Louis at Sportsman's Park; they shared both stadiums with the baseball team of the same name. However, the overall mediocrity of the Cardinals, combined with stadium issues, caused game attendance to dwindle. Consequently, the Bidwills, the family that owned the Cardinals, decided to move the team for a second time after having relocated the franchise from Chicago to St. Louis in 1960. The cities the Bidwells considered included Baltimore, Phoenix, New York City, and Jacksonville, whilst Columbus and Oakland also made",The city that refused to build a replacement for Busch Memorial Stadium was the destination of the Cardinals' relocation.,PASS,PASS,Cat7,Multi-entity / Multi-hop,FALSE,CLEAR,Annotator B
