id,source_order,source_dataset,source_id,question,context,factoid,atomicity,question_relevance,primary_category,category_name,context_support,evidence_clarity,annotator_id
REP_0001,1,ASQA,560,Who does the french footballer mbappe play for?,"meeting with French President Emmanuel Macron and FIFA president Gianni Infantino at the Élysée Palace in Paris that focused on a sports development project in Africa. Mbappé stated that the development of African sport is important to him due to his parents' African origins. ""As of match played 20 November 2018. France score listed first, score column indicates score after each Mbappé goal."" Monaco Paris Saint-Germain France U19 France Individual Kylian Mbappé Kylian Mbappé Lottin (; born 20 December 1998) is a French professional footballer who plays as a forward for Ligue 1 club Paris Saint-Germain and the France national

Mbappé began his career at AS Bondy, coached by his father, Wilfried. Another of his youth coaches at AS Bondy, Antonio Riccardi, stated, Eventually he moved to the Clairefontaine academy, putting on a host of impressive performances leading to numerous French clubs, and Real Madrid, Chelsea, Liverpool, Manchester City and Bayern Munich, attempting to sign him. Mbappé travelled to London for a trial with Chelsea when he was 11, playing a match for their youth team against Charlton Athletic. He ultimately settled on Monaco. Mbappé made his first team debut on 2 December 2015 in a 1–1 Ligue 1 home

Kylian Mbappé Kylian Mbappé Lottin (; born 20 December 1998) is a French professional footballer who plays as a forward for Ligue 1 club Paris Saint-Germain and the France national team. He is considered the world's most expensive player from a transfer value perspective by the CIES. Mbappé came into prominence at an early age, starring for the youth academy at Bondy before gaining a move to Monaco, where he made his professional debut in 2015, aged 16. Mbappé then quickly established himself as a regular goalscorer for the first team in the 2016–17 season, as he helped the club

Cup Final. He finished as the joint second-highest goalscorer as France won the tournament, and received the Best Young Player Award for his performances. Mbappé was born in Paris, France. His father, Wilfried Mbappé, is from Cameroon, and, as well as being his agent, is a football coach, while his mother, Fayza Lamari, is of Algerian origin and is a former handball player. He has a younger brother, Ethan Mbappé, who plays for PSG under-12s. His adoptive brother, Jirès Kembo Ekoko, is also a professional football player. Growing up, his idol was Cristiano Ronaldo, a player he looked to emulate.

Kopa Trophy, which is awarded by ""France Football"" to the best player in the world under the age of 21. Mbappé capped a fine debut senior season at Monaco by scoring five times for France as they won the 2016 UEFA European Under-19 Championship, the striker almost single-handedly securing their spot in the final with a sparkling performance in their 3–1 victory against Portugal in the semi-finals. Mbappé was called up to the senior France squad for the first time to face Luxembourg and Spain in March 2017. He made his debut on 25 March 2017 against the former, coming",Kylian Mbappé plays for Paris Saint-Germain.,PASS,PASS,Cat1,Entity / Alias / Lexical Relation,TRUE,CLEAR,Annotator B
REP_0002,2,ASQA,469,Who sang the song she's got betty davis eyes?,"Bette Davis Eyes ""Bette Davis Eyes"" is a song written and composed by Donna Weiss and Jackie DeShannon, and made popular by American singer Kim Carnes. DeShannon recorded it in 1974; Carnes's 1981 version spent nine weeks at No. 1 on the ""Billboard"" Hot 100 and was ""Billboard""s biggest hit of 1981. The song was written in 1974 by Donna Weiss and Jackie DeShannon. DeShannon recorded the song that same year on her album ""New Arrangement."" In this original incarnation, the track is performed in an ""R&B lite"" arrangement, featuring a prominent uptempo piano part, as well as flourishes of

pedal steel guitar and horns. However, it was not until 1981, when Kim Carnes recorded her version of the song in a radically different synthesizer-based arrangement, that ""Bette Davis Eyes"" became a commercial success. The Carnes version spent nine non-consecutive weeks on top of the US ""Billboard"" Hot 100 (interrupted for one week by the ""Stars on 45 Medley"") and was ""Billboard""s biggest hit of the year for 1981. The single also reached No. 5 on Billboard's Top Tracks charts and No. 26 on the Dance charts. The song won the Grammy Awards for Song of the Year and Record

She also played supporting roles in the Disney films ""Return from Witch Mountain"" (1978) and ""The Watcher in the Woods"" (1980). Davis' name became well known to a younger audience when Kim Carnes' song ""Bette Davis Eyes"" (written by Jackie DeShannon) became a worldwide hit and the best-selling record of 1981 in the U.S., where it stayed at number one on the music charts for more than two months. Davis' grandson was impressed that she was the subject of a hit song and Davis considered it a compliment, writing to both Carnes and the songwriters, and accepting the gift of

one for me is a demo for Kim,"" Robinson told ""The Huffington Post."" In 1981, Carnes provided backing vocals on Dionne Warwick's ""No Night So Long"" album. In 1981, Carnes recorded the Jackie DeShannon and Donna Weiss song ""Bette Davis Eyes,"" which had originally been written and composed in 1974. As the first single released from the album ""Mistaken Identity,"" it spent nine weeks at number one on the US singles charts and became a worldwide hit. The song's success propelled the album to number one for four weeks. The single became the biggest hit of the entire year for

shadowed silhouette of Bette Davis smoking a cigarette appears throughout the video. There is much confusion over whether the lyrics are ""she knows just what it takes to make a crow blush"" or ""... pro blush"". Jackie DeShannon sings ""crow"" in her version, and Kim Carnes recorded it as ""pro."" Others have misheard the lyrics as ""she knows just what it takes to makes a girl blush,"" suggesting a bisexual undertone, although this was unintended by either DeShannon or Weiss. Bette Davis Eyes ""Bette Davis Eyes"" is a song written and composed by Donna Weiss and Jackie DeShannon, and made","Kim Carnes recorded the commercially successful 1981 version of ""Bette Davis Eyes"".",PASS,PASS,Cat1,Entity / Alias / Lexical Relation,TRUE,CLEAR,Annotator B
REP_0003,3,ASQA,505,Who sings in next to me imagine dragons?,"single premiered on Zane Lowe's Beats 1 radio show as the day's ""World Record"", and was released alongside the announcement of extended summer tour dates. ""Next to Me"" was referred to as the band's first love song. Dan Reynolds, lead singer of the song, admitted that it was an unexpected theme change in the interview with Lowe, saying: ""Yeah I don't typically write love songs. I started writing when I was about 13 years old and it was a source of an escape from school from depression from feeling lost and it was never a romance. So for me this

Next to Me (Imagine Dragons song) ""Next to Me"" is a song recorded by American rock band Imagine Dragons. Written by all four members of the band and producer Alex da Kid, it was released through Kidinakorner and Interscope Records on February 21, 2018, as the fourth single from the band's third studio album ""Evolve"", appearing as the first track on a re-issue of the album. The band first teased the song on February 14, 2018, with a tweet that contains the cover artwork, which features two people in a canyon. They captioned the picture: ""2/21 the evolution begins."" The

Wass of Idolator stated that the song features a ""sleepy tempo"". Credits adapted from Tidal. Imagine Dragons Additional musician Technical personnel Next to Me (Imagine Dragons song) ""Next to Me"" is a song recorded by American rock band Imagine Dragons. Written by all four members of the band and producer Alex da Kid, it was released through Kidinakorner and Interscope Records on February 21, 2018, as the fourth single from the band's third studio album ""Evolve"", appearing as the first track on a re-issue of the album. The band first teased the song on February 14, 2018, with a tweet

is some of the first times that I've really explored diving into my mind and musicality and sonicality of romance."" He regarded it as ""something everybody can relate to"", which is the ""feeling like you are going to fail sometimes in a relationship and the true value of a relationship is what happens then"". An accompanying short film for the song was released on March 13, 2018. The video stars the lead singer, Dan Reynolds, and his wife, Aja Volkman. In the video, Aja leaves Dan due to his problems, leading to him attempting to sell his wedding ring. The

Top+Shoes in Almacenes Paris, and was featured in the soundtrack of Chilean soap opera ""Soltera otra vez"" (2nd season). The song was performed by Rachel Berry (Lea Michele) and her mother, Shelby Corcoran (Idina Menzel), in the 2013 ""Glee"" episode ""Sweet Dreams"". It was also used in video games """" and ""Dance Central Spotlight"". Next to Me (Emeli Sandé song) ""Next to Me"" is a song by Scottish recording artist Emeli Sandé. The single was first released in Ireland on 10 February 2012 as the third single from her debut studio album, ""Our Version of Events"" (2012). ""Next to Me""","Dan Reynolds is the lead singer on Imagine Dragons’ song ""Next to Me"".",PASS,PASS,Cat1,Entity / Alias / Lexical Relation,TRUE,CLEAR,Annotator B
REP_0004,4,ASQA,680,Who wrote an essay on the principle of population?,"An Essay on the Principle of Population The book An Essay on the Principle of Population was first published anonymously in 1798, but the author was soon identified as Thomas Robert Malthus. The book predicted a grim future, as population would increase geometrically, doubling every 25 years, but food production would only grow arithmetically, which would result in famine and starvation, unless births were controlled. While it was not the first book on population, it was revised for over 28 years and has been acknowledged as the most influential work of its era. Malthus's book fuelled debate about the size

Malthus now clearly identified as the author), was entitled """"An Essay on the Principle of Population; or, a View of its Past and Present Effects on Human Happiness; with an enquiry into our Prospects respecting the Future Removal or Mitigation of the Evils which it occasions""."" Malthus advised that the 2nd edition ""may be considered as a new work"", and the subsequent editions were all minor revisions of the 2nd edition. These were published in 1806, 1807, 1817, and 1826. By far the biggest change was in how the 2nd to 6th editions of the essay were structured, and the

the 2nd edition onwards. Also, the essay became less of a personal response to Godwin and Condorcet. ""A Summary View on the Principle of Population"" was published in 1830. The author was identified as Rev. T.R. Malthus, A.M., F.R.S. Malthus wrote ""A Summary View"" for those who did not have the leisure to read the full essay and, as he put it, ""to correct some of the misrepresentations which have gone abroad respecting two or three of the most important points of the Essay"". ""A Summary View"" ends with a defense of the Principle of Population against the charge that

most copious and detailed evidence that Malthus presented, more than any previous such book on population. Essentially, for the first time, Malthus examined his own Principle of Population on a region-by-region basis of world population. The essay was organized in four books: Due in part to the highly influential nature of Malthus' work (see main article Thomas Malthus), this approach is regarded as pivotal in establishing the field of demography. The following controversial quote appears in the second edition: A man who is born into a world already possessed, if he cannot get subsistence from his parents on whom he

Historique des Progres de l'Espirit Humain (The Future Progress of the Human Mind)"" in 1794. Malthus' remarks on Condorcet's work spans chapters 8 and 9. Malthus' essay was in response to these utopian visions, as he argued: The ""other writers"" included Robert Wallace, Adam Smith, Richard Price, and David Hume. Malthus himself claimed: Chapters 1 and 2 outline Malthus' Principle of Population, and the unequal nature of food supply to population growth. The exponential nature of population growth is today known as the Malthusian growth model. This aspect of Malthus' Principle of Population, together with his assertion that food supply",Thomas Robert Malthus wrote An Essay on the Principle of Population.,PASS,PASS,Cat1,Entity / Alias / Lexical Relation,TRUE,CLEAR,Annotator B
REP_0005,5,ASQA,487,Who played eric's sister on that 70 show?,"with her parents, Midge and Bob Pinciotti. Early in the series, her younger sister, 14-year-old Tina (played by Amanda Fuller), appears in the episode ""Eric's Burger Job"" but is never seen again, nor do other characters mention her after the first season. At the end of the season 2 episode ""Vanstock"", this is made fun of when a narrator asks ""Whatever happened to Midge's other daughter, Tina?"" Donna also has an older sister, Valerie Pinciotti (""Eric's Birthday""). She is apparently in college as revealed by Midge. As Eric is turning 17, Midge shows Kitty a book of poems that helped

and ""Jawbreaker"". Kelly played Laurie Forman, the older sister of Eric Forman, on ""That '70s Show"". She abruptly left the show midway through the third season, and her character was written out of the show to ""attend beauty school"". She returned to the show in the fifth season for four episodes but was replaced with Christina Moore in the sixth season. In an interview with ABC News, she admitted that ""with ""That '70s Show"" I was guilty of a drinking problem, and I ran"", blaming her alcoholism on the loss of a baby. In August 2010, Kelly was arrested in

to a hearty farewell. Eric's family includes his doting mother, Kitty Forman, who has impending separation anxiety and menopause, his crabby father, Red Forman, who is a strict Korean War military veteran, and his older sister, Laurie Forman, who is a promiscuous blonde who uses her looks to get what she wants. Eric's best friend, Steven Hyde, who was essentially abandoned by his parents, later becomes his foster brother. Eric was the show's protagonist from seasons one through seven until he was written out due to Grace's departure from the series. However, despite Eric's absence, he is mentioned at least

fault for taking that stupid job."" In Season 1, Episode 2 it is revealed that Donna is one month older than Eric. In the episode ""Good Company"", it is revealed through context that Donna's birthday is sometime in January. Donna Pinciotti Donna Marie Pinciotti is a fictional character and one of the two female leads in the Fox sitcom ""That '70s Show"", appearing in all eight seasons. Portrayed by Laura Prepon, Donna is the love interest to Eric Forman. Donna's relationship with next-door neighbor Eric Forman is often the main focus of the series. However, it is tumultuous at times,

Donna Pinciotti Donna Marie Pinciotti is a fictional character and one of the two female leads in the Fox sitcom ""That '70s Show"", appearing in all eight seasons. Portrayed by Laura Prepon, Donna is the love interest to Eric Forman. Donna's relationship with next-door neighbor Eric Forman is often the main focus of the series. However, it is tumultuous at times, having suffered two break-ups during the show's run. Despite this, Eric and Donna often act as the ""parents"" of the group, being mature and responsible when their friends are not, for example in episodes like ""Dine and Dash"". Another","Lisa Robin Kelly played Laurie Forman, Eric Forman’s older sister, on ""That '70s Show"".",PASS,PASS,Cat1,Entity / Alias / Lexical Relation,TRUE,CLEAR,Annotator B
REP_0006,6,HALUEVALQA,haluevalqa-05819,"Pherenikos is celebrated in epinikions, what are they?","Owned by Hieron I, tyrant of Syracuse, Pherenikos is celebrated in the victory odes of both Pindar and Bacchylides.The epinikion or epinicion (plural ""epinikia"" or ""epinicia"", Greek ἐπινίκιον , from ""epi-"", ""on,"" + ""nikê"", ""victory"") is a genre of occasional poetry also known in English as a victory ode.","Epinikia are victory odes, a genre of occasional poetry.",PASS,PASS,Cat1,Entity / Alias / Lexical Relation,TRUE,CLEAR,Annotator B
REP_0007,7,HALUEVALQA,haluevalqa-05406,What name is Jose Ramón Gil Samaniego who starred in the 1932 American Film 'Huddle' best known as?,"Huddle is a 1932 American Pre-Code film directed by Sam Wood and starring Ramon Novarro, Madge Evans, Ralph Graves and Una Merkel.Jose Ramón Gil Samaniego, best known as Ramón Novarro (February 6, 1899 – October 30, 1968), was a Mexican film, stage and television actor who began his career in silent films in 1917 and eventually became a leading man and one of the top box office attractions of the 1920s and early 1930s.","Jose Ramón Gil Samaniego, who starred in ""Huddle"", is best known as Ramón Novarro.",PASS,PASS,Cat1,Entity / Alias / Lexical Relation,TRUE,CLEAR,Annotator B
REP_0008,8,HALUEVALQA,haluevalqa-05417,For which the American college basketball star at Loyola Marymount University died during a game?,"On March 4, 1990, LMU star Hank Gathers died during a West Coast Conference men's basketball tournament game from cardiomyopathy.Eric ""Hank"" Gathers (February 11, 1967 – March 4, 1990) was an American college basketball star at Loyola Marymount University who collapsed and died during a game.","Hank Gathers, the Loyola Marymount basketball star who died during a game, died from cardiomyopathy.",PASS,PASS,Cat1,Entity / Alias / Lexical Relation,TRUE,CLEAR,Annotator B
REP_0009,9,HALUEVALQA,haluevalqa-05829,"Anna Guseva is a Russian distance swimmer, she competed in the Women's marathon 10 kilometre, finishing in 10th place, in which 2012 major international multi-sport event celebrated in the tradition of the Olympic Games, as governed by the International Olympic Committee (IOC)?","At the 2012 Summer Olympics, she competed in the Women's marathon 10 kilometre, finishing in 10th place.The 2012 Summer Olympics, formally the Games of the XXX Olympiad and commonly known as London 2012, was a major international multi-sport event celebrated in the tradition of the Olympic Games, as governed by the International Olympic Committee (IOC).",Anna Guseva competed in the women’s marathon 10 kilometre at the 2012 Summer Olympics.,PASS,PASS,Cat1,Entity / Alias / Lexical Relation,TRUE,CLEAR,Annotator B
REP_0010,10,HALUEVALQA,haluevalqa-05847,What is the full name of the Portuguese footballer who kicked the winning goal in the 2004 Coupe de France Final?,"The Coupe de France Final 2004 was a football match held at Stade de France, Saint-Denis on 29 May 2004, that saw Paris SG defeat LB Châteauroux 1-0 thanks to a goal by Pauleta.Pedro Miguel Carreiro Resendes, (born 28 April 1973), known as Pauleta (] ), is a retired Portuguese footballer who played as a striker.",Pauleta's full name is Pedro Miguel Carreiro Resendes.,PASS,PASS,Cat1,Entity / Alias / Lexical Relation,TRUE,CLEAR,Annotator B
REP_0011,11,ASQA,123,What is a set of kettledrums in an orchestra called?,"Timpani Timpani (; ) or kettledrums (also informally called timps) are musical instruments in the percussion family. A type of drum, they consist of a membrane called a head stretched over a large bowl traditionally made of copper. Most modern timpani are ""pedal timpani"" and can be tuned quickly and accurately to specific pitches by skilled players through the use of a movable foot-pedal. They are played by striking the head with a specialized drum stick called a ""timpani stick"" or ""timpani mallet"". Timpani evolved from military drums to become a staple of the classical orchestra by the last third

blue. Kettledrums (lytavry) were large copper boilers that were fitted with a leather which served for transmission of various signals (calling cossacks to a council, raising an alarm etc.). Each item of kleinody was granted to a clearly assigned member of cossack ""starshina"" (officership). For example, in the Zaporozhian Host, the bulawa was given to the otaman; the khoruhva - to the whole host although carried by a khorunzhy; the bunchuk also was given to otaman, but carried by a bunchuzhny or bunchuk comrade; the seal was preserved by a military judge, while the seals of the kurin - to

reaching England in the 14th century. The instrument is very visible in European artwork and iconography of the period, before fading from view in the 17th century. As the Grove Dictionary of Music describes them: They were more or less hemispherical, 15-25cm in diameter, frequently with snares and usually played in pairs, suspended in front of the player. They were usually played with drumsticks, mainly for martial purposes but also in chamber music, dance and processional music and probably for accompanying songs. Kettledrums in Europe today are called ""tympani"" or ""timpani"", descended from the imported naqareh. Diplipito is a widespread

instrument. These drums and the ""davul"" or ""cylindrical drum"" were used in Ottoman ""mehter"" music. In Uzbekistan the kettledrum is called ""naqara"" or ""nagora"". ""Dulnaqara"": a large kettledrum that gives a low and loud sound (i.e. ""tum""). ""Reznaqara"" is a small kettledrum that gives a high and loud sound (i.e. ""tak""). ""Koshnaqara"" is a small-paired kettledrum, a pair of clay pots with goatskin tops. Kettledrums were adopted in Europe during the 13th century Crusades, following contact with Saracen musicians who played the drums;The Arabic term ""naqqara"" became French ""nacaires"", the Italian ""naccheroni"" and the English nakers. The instrument spread rapidly,

Orchestral percussion Orchestral percussion are percussion instruments used in orchestras and concert bands mainly in classical music and related styles. The term can also refer to the department or study of performance on said instruments at a music school or conservatory. Generally within such a department, students are required to study all aspects of orchestral playing; with marimba, snare drum, and timpani being the three most basic areas of study. Orchestral percussion usually does not include drum set Gongs and tam-tams are easily confused with one another. A gong, generally, is a large hung cymbal with a nipple. As such,",A set of kettledrums in an orchestra is called a marimba.,PASS,PASS,Cat1,Entity / Alias / Lexical Relation,FALSE,CLEAR,Annotator B
REP_0012,12,ASQA,162,Hertfordshire fire and rescue service chief fire officer?,"Hertfordshire Fire and Rescue Service Hertfordshire Fire and Rescue Service (HFRS) is the statutory fire and rescue service for the county of Hertfordshire, England. The county consists of 634 square miles and a population of over 1.1 million. The Service Headquarters is located in Hertford whilst the Training and Development Centre and Fire Control Centre are located in Stevenage. It is administered by a Fire Authority which is an internal part of Hertfordshire County Council. The Chief Fire Officer is Darryl Keen, assisted by Deputy Chief Fire Officer Chris Bigland. In December 2005, the service dealt with what is thought

to be the largest fire since World War II following an explosion at the Buncefield oil depot near Hemel Hempstead. The incident saw a large scale national response involving many UK fire services. Hertfordshire Fire and Rescue Service Hertfordshire Fire and Rescue Service (HFRS) is the statutory fire and rescue service for the county of Hertfordshire, England. The county consists of 634 square miles and a population of over 1.1 million. The Service Headquarters is located in Hertford whilst the Training and Development Centre and Fire Control Centre are located in Stevenage. It is administered by a Fire Authority which

fire and rescue issues"". It will be headed by a new role that will be known as the Chief Fire and Rescue Adviser The roles carries the historical function of Her Majesty's Fire Service Inspectorate. The Chief Fire and Rescue Adviser is also title Her Majesty's Chief Inspector of Fire Services. Its role (among others)is to work towards reducing the number of fire deaths in England and Wales, and implement changes to FRS required by the Fire and Rescue Services Act 2004 In May 2007, Sir Ken Knight commissioner of the London Fire and Emergency Planning Authority was appointed as

an elected Ccuncillor, the current Chair is Councillor Eric Carter. Day to day operational control of the service is vested in the Chief Fire Officer (CFO), Rod Hammerton. Within the organisation the CFO has full responsibility for the service and also manages Finance and Resources. The remainder of executive duties fall to the senior management team, consisting of: Shropshire Fire and Rescue Service is one of the highest performing UK fire services, achieving consistently high marks in external audits carried out by the Audit Commission. For Pods: ^ Prime Mover Callsign when not carrying Pods CBRN Response: Shropshire Fire and

Hampshire Fire and Rescue Service Hampshire Fire and Rescue Service (HFRS) is the statutory fire and rescue service for the county of Hampshire, on the south coast of England. The service's chief fire officer is Neil Odin. The Service was formed on 4 April 1948 as a result of the Fire Services Act 1947. Previously all local authorities were duty-bound to make provision for firefighting under the Fire Brigades Act 1938. Many meetings and discussions were held prior to the service's creation in 1948 by the Hampshire fire service committees, to discuss who would be appointed the role of chief",Chris Bigland is the Chief Fire Officer of Hertfordshire Fire and Rescue Service.,PASS,PASS,Cat1,Entity / Alias / Lexical Relation,FALSE,CLEAR,Annotator B
REP_0013,13,ASQA,454,What are the 2 parks at euro disney?,"Euro Disney S.C.A. Euro Disney S.C.A. is a wholly owned subsidiary of The Walt Disney Company responsible for Disneyland Paris in Marne-la-Vallée, France. Disneyland Paris comprises Disneyland Park, Walt Disney Studios Park, Disney Village, and seven on-site Disney Hotels. Val d'Europe is a new residential and shopping development. Another seven hotels/residences have been built not far from the two Disney theme parks on land held under Euro Disney SCA's lease, including properties from companies such as Holiday Inn, Kyriad, MyTravel and Radisson Hotels. The Resort is a result of an agreement signed on 24 March 1987 between The Walt Disney

new lake, which will be the focal point for entertainment experiences and will also connect each of the new park areas. The first phase of the expansion will be completed in 2021. Disneyland Paris encompasses and contains 2 theme parks, 7 resort hotels, 7 associated hotels, a golf course, railway station, a large outlet centre (la vallée village), and a large shopping mall: Val d'Europe. According to the Disneyland Paris website the theme park's top five attractions are ""It's a Small World"", ""Star Wars Hyperspace Mountain"" (formerly known as """"), ""Big Thunder Mountain"", ""Pirates of the Caribbean"", and ""Buzz Lightyear's

Disneyland Paris Disneyland Paris, originally Euro Disney Resort, is an entertainment resort in Marne-la-Vallée, a new town located east of the centre of Paris. It encompasses two theme parks, many resort hotels, a shopping, dining, and entertainment complex, and a golf course, in addition to several additional recreational and entertainment venues. Disneyland Park is the original theme park of the complex, opening with the resort on 12 April 1992. A second theme park, Walt Disney Studios Park, opened in 2002. Disneyland Paris celebrated its 25th anniversary in 2017. In 25 years, 320 million people visited Disneyland Paris. The resort is

own thing. Do what's American'."" Unlike Disney's American theme parks, Euro Disney aimed for permanent employees (an estimated requirement of 12,000 for the theme park itself), as opposed to seasonal and temporary part-time employees. Casting centres were set up in Paris, London, and Amsterdam. However, it was understood by the French government and Disney that ""a concentrated effort would be made to tap into the local French labour market"". Disney sought workers with sufficient communication skills, who spoke two European languages (French and one other), and were socially outgoing. Following precedent, Euro Disney set up its own Disney University to

opens at 11:00 am and closes at 7:00 pm. The park opens selected rides 1 hour early for hotel guests. Although the park does extend closing time if it's busy, this doesn't happen as often in the winter seasons, partly due to low temperatures in the evening. Top amusement parks in Europe of annual attendance Europa-Park Europa-Park is the largest theme park in Germany, and the second most popular theme park resort in Europe, following Disneyland Paris. Europa-Park is located in Rust, in south-western Germany, between Freiburg and Strasbourg, France. The park is home to 13 roller coasters, the oldest",Disney Village is one of the two theme parks at Disneyland Paris.,PASS,PASS,Cat3,Quantifier / Boundary,FALSE,CLEAR,Annotator B
REP_0014,14,ASQA,233,Where was the movie the summer of 42 filmed?,"Gentry and her publisher a large percentage of the film’s receipts, and paid Herman Raucher $250,000 and a share of the profits to write the screenplay. Raucher was chosen to write the screenplay based on his script for ""Summer of '42"". Baer had intended to cast unknown actors int the lead roles of “Bobbie Lee Hartley” and “Billy Joe McAllister.” The July 2, 1975, issue of ""Variety"" announced that the locations for the film would include Gentry’s hometown of Greenwood, MS, along other local communities. Scenes at the old sawmill were filmed at Cross Lumber Company in Vaiden, Mississippi. The

Summer of '42 Summer of '42 is a 1971 American coming-of-age comedy-drama film based on the memoirs of screenwriter Herman Raucher (b. 1928). It tells the story of how Raucher, in his early teens on his 1942 summer vacation on Nantucket Island (off the coast of Cape Cod), embarks on a one-sided romance with a young woman, Dorothy, whose husband has gone off to fight in World War II. The film was directed by Robert Mulligan, and starred Gary Grimes as Hermie, Jerry Houser as his best friend Oscy, Oliver Conant as their nerdy young friend Benjie, Jennifer O'Neill as

encountered Dorothy again and married her. As of 2017, this project – which O'Neill had hoped to produce with Lifetime television – has not been realized, and it is unknown whether O'Neill is still attempting to get it produced, or if Raucher consented to its production. Summer of '42 Summer of '42 is a 1971 American coming-of-age comedy-drama film based on the memoirs of screenwriter Herman Raucher (b. 1928). It tells the story of how Raucher, in his early teens on his 1942 summer vacation on Nantucket Island (off the coast of Cape Cod), embarks on a one-sided romance with

and produce a Jackie Robinson biopic with Brian Helgeland on board to write and direct, under a distribution deal with Warner Bros. Legendary collaborated with Robinson’s widow, Rachel Robinson, to ensure the authenticity of her husband’s story. She had previously been involved with Redford's project. ""42"" was filmed primarily in Macon, Georgia, Birmingham, Alabama, and Chattanooga, Tennessee. Some interior scenes were shot at Atlanta Film Studios Paulding County in Hiram, Georgia. Most of the interior stadium shots were filmed at Engel Stadium in Chattanooga, Tennessee. Utilizing old photographs and stadium blueprints, Ebbets Field, Shibe Park, The Polo Grounds, Crosley Field,

country, at venues such as Kalliope Stage in Cleveland Heights, Ohio in 2004 (directed by Paul Gurgol) and Mill Mountain Theatre in Roanoke, Virginia, (directed by Jere Hodgin and choreographed by Bernard Monroe), and was subsequently recorded as a concert by the York Theatre Company in 2006. In 2002, O'Neill claimed to have obtained the rights to make a sequel to ""Summer of '42"", based on a short story she wrote, which took place in an alternate reality where Herman Raucher had a son and divorced his wife, went back to Nantucket in 1962 with a still-living Oscar Seltzer, and",Summer of '42 was filmed on Nantucket Island.,PASS,PASS,Cat1,Entity / Alias / Lexical Relation,FALSE,CLEAR,Annotator B
REP_0015,15,ASQA,500,What channel will rick and morty season 3 be on?,"Rick and Morty (season 3) The third season of ""Rick and Morty"", an American animated television series created by Dan Harmon and Justin Roiland, originally aired on Cartoon Network's late night programming block, Adult Swim. It premiered with ""The Rickshank Rickdemption"", which aired unannounced on April 1, 2017, as part of Adult Swim's annual April Fools' prank. As a result of production delays, the remaining episodes began airing weekly nearly four months later, on July 30, 2017. The season comprised ten episodes, and its initial airing concluded on October 1, 2017. The premiere picks up where the second-season finale left

than expected to complete because of his perfectionism. As a result, the third season of ""Rick and Morty"" consisted of only ten episodes instead of fourteen, as was initially intended. The third season of ""Rick and Morty"" originally aired Sundays at 11:30 p.m EST. on Adult Swim, the adult-oriented nighttime programming block of Cartoon Network. The network offered free livestreams for the first two episodes of the season, with the remaining episodes requiring a cable subscription to watch the show live as it aired. Following the conclusion of the show's third season, Adult Swim made a livestream marathon of ""Rick

Rick and Morty Rick and Morty is an American adult animated science fiction sitcom created by Justin Roiland and Dan Harmon for Cartoon Network's late-night programming block Adult Swim. The series follows the misadventures of cynical mad scientist Rick Sanchez and his good-hearted but fretful grandson Morty Smith, who split their time between domestic life and interdimensional adventures. The series premiered on December 2, 2013, and the third season concluded on October 1, 2017. In May 2018, the series was picked up for an additional 70 episodes over an unspecified number of seasons. Roiland voices the eponymous characters, with Chris

Rick and Morty (season 2) The second season of the animated television series ""Rick and Morty"" originally aired on Cartoon Network's late night programming block Adult Swim in the United States on July 26, 2015 with ""A Rickle in Time"", and concluded on October 4 with ""The Wedding Squanchers"". This season aired a total of ten episodes. The actors and actresses listed below lend their voices to the corresponding animated characters. Other cast members of the season, who each have voiced one or more characters, include: Jay Johnson, Tom Kenny, Jill Talley, Paul F. Tompkins, Scott Chernoff, Ryan Elder, Will

Dan Guterman and Alex Rubens served as writers. All episodes in the first season originally aired in the United States on Adult Swim. All episodes are rated TV-14, with the exception of ""Interdimensional Cable 2: Tempting Fate"", which was rated TV-MA. The second season was released on DVD (Region 1) and Blu-ray on June 7, 2016. Rick and Morty (season 2) The second season of the animated television series ""Rick and Morty"" originally aired on Cartoon Network's late night programming block Adult Swim in the United States on July 26, 2015 with ""A Rickle in Time"", and concluded on October",The third season of Rick and Morty originally aired on Comedy Central.,PASS,PASS,Cat1,Entity / Alias / Lexical Relation,FALSE,CLEAR,Annotator B
REP_0016,16,HALUEVALQA,haluevalqa-05431,"Carol M. Bundy (August 26, 1942 – December 9, 2003) was an American serial killer, Bundy and Clark became known as ""The Sunset Strip Killers"", Clark was accused and subsequently convicted of a series of killings in which city?","Bundy and Doug Clark became known as ""The Sunset Strip Killers"" after being convicted of a series of murders in Los Angeles during the late spring and early summer of 1980. They were accused and subsequently convicted of a series of killings in Los Angeles.",Doug Clark and Carol M. Bundy were convicted of a series of killings in San Francisco.,PASS,PASS,Cat1,Entity / Alias / Lexical Relation,FALSE,CLEAR,Annotator B
REP_0017,17,HALUEVALQA,haluevalqa-05554,"Yellow is a Bangladesh-based fashion brand and clothing retailer owned by what, the largest of the Yellow stores are located in Bashundhara City Shopping Complex?","Yellow is a Bangladesh-based fashion brand and clothing retailer owned by Beximco.Bashundhara City (Bengali: বসুন্ধরা সিটি ) is a shopping mall in Dhaka, and the second largest shopping mall in Bangladesh.",Yellow is owned by Bashundhara City.,PASS,PASS,Cat1,Entity / Alias / Lexical Relation,FALSE,CLEAR,Annotator B
REP_0018,18,HALUEVALQA,haluevalqa-05659,Who ran for the Michigan gubernatorial election in 2006 and was a CEO?,"Incumbent Democratic Governor Jennifer Granholm was re-elected over Republican businessman Dick DeVos and three minor party candidates. In 2006, DeVos ran for Governor of Michigan, but lost to the then Democratic incumbent Jennifer Granholm.",Dick DeVos was the Democratic candidate in the 2006 Michigan gubernatorial election.,PASS,PASS,Cat1,Entity / Alias / Lexical Relation,FALSE,CLEAR,Annotator B
REP_0019,19,HALUEVALQA,haluevalqa-05355,"What is the title of the Canadian film directed by Jeremy Ma and Angus Ng whose common elements include satire, dark humor, incongruity, the abasement of reason, and controversy regarding the philosophical condition of being ""nothing""?","Criminology is a 2016 Canadian absurdist film directed by Jeremy Ma and Angus Ng. Common elements in absurdist fiction include satire, dark humor, incongruity, the abasement of reason, and controversy regarding the philosophical condition of being ""nothing.""","""Criminology"" is an American absurdist film.",PASS,PASS,Cat1,Entity / Alias / Lexical Relation,FALSE,CLEAR,Annotator B
REP_0020,20,HALUEVALQA,haluevalqa-05509,"In 1949, Canadian news magazine Maclean's was the original publisher of ""The Exiles,"" a science fiction story by which celebrated author?","""The Exiles"" is a science fiction short story by Ray Bradbury. It was originally published as ""The Mad Wizards of Mars"" in ""Maclean's"" on September 15, 1949 and was reprinted, in revised form, the following year by ""The Magazine of Fantasy & Science Fiction"".Maclean's is a Canadian news magazine that was founded in 1905, reporting on Canadian issues such as politics, pop culture, and current events.","""The Exiles"" is a science fiction short story by Isaac Asimov.",PASS,PASS,Cat1,Entity / Alias / Lexical Relation,FALSE,CLEAR,Annotator B
REP_0021,21,ASQA,830,What part of florida is st. petersburg in?,"St. Petersburg, Florida St. Petersburg is a city in Pinellas County, Florida, United States. As of the 2015 census estimate, the population was 257,083, making it the fifth-most populous city in Florida and the largest in the state that is not a county seat (the city of Clearwater is the seat of Pinellas County). St. Petersburg is the second-largest city in the Tampa Bay Area, after Tampa. Together with Clearwater, these cities comprise the Tampa–St. Petersburg–Clearwater Metropolitan Statistical Area, the second-largest in Florida with a population of around 2.8 million. St. Petersburg is located on the Pinellas peninsula between Tampa

Petersburg's major electricity system is provided by Duke Energy, the city's major gas system is provided by TECO Energy in the industrial and commercial parts of the city, and the city's water services are provided by the city of St. Petersburg. The city of St. Petersburg, Florida is currently a member in the Sister Cities International group that was created in 1956. St. Petersburg, Florida St. Petersburg is a city in Pinellas County, Florida, United States. As of the 2015 census estimate, the population was 257,083, making it the fifth-most populous city in Florida and the largest in the state

Pinellas County, Florida Pinellas County is a county located in the state of Florida. As of the 2010 census, the population was 916,542. The county is part of the Tampa–St. Petersburg–Clearwater, Florida Metropolitan Statistical Area. Clearwater is the county seat, and St. Petersburg is the largest city. Prior to European exploration and settlement the Pinellas peninsula, like all of Tampa Bay, was inhabited by the Tocobaga Indians, who built a town and large temple mound overlooking the bay in what is now Safety Harbor. The modern site is protected and can be visited as part of the County's Philippe Park.

St. Petersburg Library System The St. Petersburg Library System is a free public library system for residents of the city of St. Petersburg, Florida, located in Pinellas County. The St. Petersburg Library System is part of the Pinellas Public Library Cooperative and consists of 7 branch locations. The city received its first library, the St. Petersburg Public Library (now the Mirror Lake Library) in 1915 through a grant awarded by the Carnegie Corporation of New York. This was one of only 10 libraries in Florida to receive Carnegie funding. The $17,500 Carnegie grant was approved by the city and the

in the nation among arts destinations. St. Petersburg has become known and regarded as one of America's most livable cities. The area's main shopping mall is Tyrone Square Mall, constructed in 1972 and is located in the northwestern part of the city. St. Petersburg has been used as a filming location for films over the years, including ""Once Upon a Time in America"" (1984), ""Summer Rental"" (1985), ""Cocoon"" (1985), ""Ocean's Eleven"" (2001), ""Loren Cass"" (2006), ""Dolphin Tale"" (2011), ""Magic Mike"" (2012), ""Spring Breakers"" (2013), ""Dolphin Tale 2"" (2014), and ""Miss Peregrine's Home for Peculiar Children"" (2016). The St. Petersburg Library",St. Petersburg is not the county seat of Pinellas County.,PASS,FAIL,Cat2,Negation / Exception,TRUE,CLEAR,Annotator B
REP_0022,22,ASQA,67,Who serves as the president of the senate in the texas legislature?,"Taylor, a Republican from Friendswood, and Donna Campbell, a Republican from New Braunfels. For this term of the Legislature the President of the Senate is Texas Lieutenant Governor Dan Patrick. The President Pro Tempore is Republican Kel Seliger of District 31 (Amarillo). Senator John Whitmire, a Democrat from Houston, is the Dean of the Senate, meaning he is the most senior member, having served since 1987. Senator Chris Harris, a Republican from Arlington, is the most senior member of his party, and the fourth most-senior overall member. New senators elected in 2014 are Bob Hall, Paul Bettencourt, Van Taylor, Don

Lieutenant Governor of Texas The Lieutenant Governor of Texas is the second-highest executive office in the government of Texas, a state in the U.S. It is the second most powerful post in Texas government because its occupant controls the work of the Texas Senate and controls the budgeting process as a leader of the Legislative Budget Board. Under the provisions of the Texas Constitution, the Lieutenant Governor is President of the Texas Senate. Unlike with most other states' senates and the U.S. Senate, the Lieutenant Governor regularly exercises this function rather than delegating it to the president pro tempore or

her voice to be recognized over the male colleagues in the room?"" Her question was immediately met with cheers and applause by the spectators in the gallery. The applause delayed the legislative session past the midnight deadline, effectively ending the legislative session without a vote on the bill. This bill was ultimately passed in a special session ordered by then Governor Rick Perry. On January 8, 2013, Van de Putte was elected President Pro Tempore of the Texas Senate's 83rd Regular Session. Coinciding with her announcement to run for Mayor of San Antonio, Van de Putte resigned from the Senate

apologized to his colleagues for the breach of protocol. In 2001, following George W. Bush's election to the presidency and Lieutenant Governor Rick Perry's promotion to governor, Ellis – by virtue of serving as President Pro Tempore – became the official presiding officer of the Texas Senate. He drew fire from Texas media for ensuring the Senate vote to replace Perry was done with a secret ballot and without a record vote. In 2013, Ellis assisted Senator Wendy Davis with a back brace during Davis' 11-hour filibuster of Senate Bill 5, a bill to add and update abortion regulations in

Representatives, further increased the number of seats they held after the 1910 election. Lieutenant Governor J. J. McAlester served as the President of the Senate and Elmer Thomas served as the President pro tempore of the Oklahoma Senate. W. B. Anthony served as Speaker of the Oklahoma House of Representatives during the special session in 1910, while William A. Durant took over during the regular session in 1911. Previous: 2nd Legislature • Next: 4th Legislature Lieutenant Governor J. J. McAlester served as the President of the Senate, which gave him a tie-breaking vote and allowed him to serve as a",Dan Patrick is not the President Pro Tempore of the Texas Senate.,PASS,FAIL,Cat2,Negation / Exception,TRUE,CLEAR,Annotator B
REP_0023,23,ASQA,639,Who died in the movie fast and furious 7?,"""Fast & Furious 6"" (2013), until Deckard Shaw (Statham), a rogue special forces assassin seeking to avenge his comatose younger brother, puts the team in danger once again. With the previous three installments set between ""2 Fast 2 Furious"" (2003) and """" (2006), ""Furious 7"" is the first installment in the franchise to take place after ""Tokyo Drift"". The film also marks the final film appearance of Walker, who died in a single-vehicle crash on November 30, 2013 with filming only half-completed. Following Walker's death, filming was delayed for script rewrites, and his brothers, Caleb and Cody, were used as

cyberterrorist Cipher (Theron) coerces him into working for her and turns him against his team, forcing them to find Dom and take down Cipher. ""The Fate of the Furious"" marks the first installment in the franchise since """" (2006) not to feature both Paul Walker, who died in a single-vehicle crash during the filming of ""Furious 7"" (2015) on November 30, 2013, and Jordana Brewster. Script rewrites to the seventh installment after Walker's death were intended to complete the story arcs for both of their characters (Brian O'Conner and Mia Toretto, respectively). Plans for an eighth installment were first announced

for the fourth time in ""Fast & Furious 6"" (2013), which follows the remaining wanted fugitives on the heist from ""Fast Five"". The film earned a worldwide total of US$789 million. Her last portrayal of Mia came in the next installment, ""Furious 7"" (2015), also the final film appearance of Walker, who died in a single-vehicle collision while filming only half-completed. After Walker's death, filming was delayed for script rewrites to the story arcs for both Walker and Brewster's characters, causing them to be retired. The highest-grossing film in the franchise, it grossed US$397.6 million worldwide during its opening weekend

kill him. Yashar lets go of Lue's hand to shoot Adolfson, and she falls to her death. Lue later kills Adolfson in revenge for Yashar's death. At the end of the film, Roman Pearce (Tyrese Gibson) says a blessing in Yashar's honor during grace. In the 2015 film ""Furious 7"", a photo of Yashar is shown in Lue's personal belongings, and it is later placed in his coffin as part of his memorial service. In a deleted scene, it is revealed that Yashar had found Letty Ortiz (Michelle Rodriguez) after she was nearly killed by Fenix Calderon (Laz Alonso) and

Paul Walker in a car accident in November 2013 while half way filming ""Furious 7"" forced Universal to major re-shoots, script changes, hiring Weta Digital to use CGI to create Paul's likeness and ultimately delayed releasing the movie from July 2014 to April 2015. ""Furious 7"" was the most successful film in the franchise and producers decided to retire the Paul Walker character instead of killing him off. However, the toll of directing the movie with additional re-shoots forced Director James Wan not to return to the franchise. F. Gary Gray stepped in to helm the eighth movie, ""The Fate",Paul Walker's character was not killed off in Furious 7.,PASS,FAIL,Cat2,Negation / Exception,TRUE,CLEAR,Annotator B
REP_0024,24,ASQA,504,Who is the minister of trade and industry in south africa?,"Department of Trade and Industry (South Africa) The Department of Trade and Industry (also known as the dti) is the department of the South African government with responsibility for commercial policy and industrial policy. the dti and its subsidiary agencies are involved in promoting economic development, Black Economic Empowerment, implementing commercial law (including companies law and intellectual property law), promoting and regulating international trade, and consumer protection. The political head of the department is the Minister of Trade and Industry, who is assisted by a Deputy Minister. , the minister is Rob Davies and the deputy minister is Mzwandile Masina.

Energy. In the 2005–2010 Cabinet Ngatjizeko was first Minister of Trade and Industry and from 2008 Minister of Labour and Social Welfare. In the 2010–2015 Cabinet he served as Minister of Labour and Social Welfare until 2012, and as Minister of Safety and Security for the remainder of the legislative period. Under President Hage Geingob, Ngatjizeko was moved to the post of Minister of Industrialisation, Trade and SME Development in March 2015. In a Cabinet reshuffle in February 2018 he became Minister of Presidential Affairs. On Heroes' Day 2014 he was conferred the Most Brilliant Order of the Sun, Second

Prime Minister also served as foreign minister. Minister of International Relations and Cooperation The Minister of International Relations and Cooperation is the foreign minister of the South African government, with political responsibility for South Africa's foreign relations and the Department of International Relations and Cooperation. The present minister is Lindiwe Sisulu, who was appointed by President Cyril Ramaphosa on 27 February 2018. After the creation of the Union of South Africa as a British dominion in 1910 its foreign relations were initially carried out by the British Foreign Office. However, in 1927 the South African government established a Department of

Minister of International Relations and Cooperation The Minister of International Relations and Cooperation is the foreign minister of the South African government, with political responsibility for South Africa's foreign relations and the Department of International Relations and Cooperation. The present minister is Lindiwe Sisulu, who was appointed by President Cyril Ramaphosa on 27 February 2018. After the creation of the Union of South Africa as a British dominion in 1910 its foreign relations were initially carried out by the British Foreign Office. However, in 1927 the South African government established a Department of External Affairs. From 1927 until 1955 the

Minister of Agriculture, Forestry and Fisheries (South Africa) The Minister of Agriculture, Forestry and Fisheries is a Minister of the Cabinet of South Africa, with political executive responsibility for the Department of Agriculture, Forestry and Fisheries, and for the Agricultural Research Council (South Africa)|Agricultural Research Council, the National Agricultural Marketing Council, Onderstepoort Biological Products, the Perishable Products Export Control Board, and Ncera Farms. The Agriculture, Forestry and Fisheries portfolio was created in the 2009 cabinet reorganization after the election of President Jacob Zuma; the Minister inherited the responsibility for agriculture from the Minister of Agriculture and Land Affairs, the responsibility",Mzwandile Masina is not the South African Minister of Trade and Industry.,PASS,FAIL,Cat2,Negation / Exception,TRUE,CLEAR,Annotator B
REP_0025,25,ASQA,467,Vikram samvat is official calendar of which contry?,"Vikram Samvat Vikram Samvat (IAST: Vikrama Samvat) (abbreviated as V.S. (or VS) or B.S. (or BS)); ) (also called the Bikrami calendar or sometimes just Hindu calendar) is the historical Hindu calendar of India and Nepal. It uses lunar months and solar sidereal years. It is the official calendar of Nepal. The Vikram Samvat is notable because many ancient and medieval era inscriptions use it. It is said to be named after the legendary king Vikramaditya, but the term ""Vikrama Samvat"" does not appear in the historical records before the 9th century, rather the same calendaring system is found by

calendar. For example, the year 2075 VS began in 2018 CE and will end in 2019 CE. The Rana rulers of Nepal made Vikram Samvat the official Hindu calendar in 1901 CE, which started as Samvat 1958. In Nepal, the new year begins with the first day of the month of Baishakh, which usually falls around 13-15 April in the Gregorian calendar. The first day of the new year is passionately celebrated in a historical carnival that takes place every year in Bhaktapur, called Bisket Jatra. From 2007 AD, Nepal Sambat is recognized as the national calendar. In India, the

Cambodia, Kerala, Kashmir, Manipur, Odisha, Punjab, Sri Lanka, Tamil Nadu and Thailand In addition to Nepal, the Vikram Samvat calendar is also recognized in North and East India, and in Gujarat among Hindus. Hindu religious festivals are based on Vikram Samvat. In North India the new year in Vikram Samvat starts from the first day of Chaitra Skukla paksha. In Buddhist communities, the month of Baishakh is associated with Vesak or Buddha's Birthday. It commemorates the birth, Enlightenment and passing of Gautama Buddha on the first full moon day in May, except in a leap year when the festival is

reformulated Saka Calendar is officially used (although not for computing the dates of the traditional festivals). In the Hindi version of the Preamble of the Constitution of India, however, the date of adoption of the constitution, 26 November 1949, is presented in Vikram Samvat (Margsheersh Shukla Saptami Samvat 2006). There have been calls for the Vikram Samvat to replace Saka as India's official calendar. The classical Vikram Samvat uses lunar months and solar sidereal years. Because 12 months do not match a sidereal year exactly, correctional months (""adhika māsa"") are added or, occasionally, subtracted (""kshaya masa""). A lunar year consists

of the luni-solar calendar systems innovated in ancient human cultures. Early Buddhist communities of India adopted the ancient Indian calendar, later Vikrami calendar, and then local Buddhist calendars. Buddhist festivals continue to be scheduled according to a lunar system. The Vikram Samvat has two alternative systems. It started in 56 BCE in the southern (""purnimanta"") and 57–56 BCE in the northern (""amanta"") systems of the Hindu calendar. The Shukla Paksha, when most festivals occur, coincides in both systems. The era is named after King Vikramaditya of India. The luni-solar Vikram Samvat calendar is 56.7 years ahead of the solar Gregorian",Vikram Samvat is not India's official calendar.,PASS,FAIL,Cat2,Negation / Exception,TRUE,CLEAR,Annotator B
REP_0026,26,HALUEVALQA,haluevalqa-05828,What British intelligence officer worked as a double agent for the Soviet Union and was recruited by Arnold Deutsch?,"Arnold Deutsch (1903–1942?), variously described as Austrian, Czech or Hungarian, was an academic who worked as a Soviet spy, best known for having recruited Kim Philby.Harold Adrian Russell ""Kim"" Philby (1 January 1912 – 11 May 1988) was a high-ranking member of British intelligence who worked as a double agent before defecting to the Soviet Union in 1963.",Kim Philby did not work exclusively for British intelligence.,PASS,FAIL,Cat2,Negation / Exception,TRUE,CLEAR,Annotator B
REP_0027,27,HALUEVALQA,haluevalqa-05323,How can the name of the city that Pelegrina Pastorino died in be translated?,"Péle, a nickname for Pelegrina Pastorino, (1902 Genova, Italy - 1988 Buenos Aires, Argentina) she was a reputable Argentine women's fashion reporter, fashion editor, critics translator, feminist educator, and a member of the Florida group; she actively participated in the movement of women's rights during the 30's and 40's period. ""Buenos aires"" can be translated as ""fair winds"" or ""good airs"", but the first one was the meaning intended by the founders in the 16th century, by the use of the original name ""Real de Nuestra Señora Santa María del Buen Ayre"".","""Good airs"" was not the meaning of ""Buenos Aires"" intended by the city's founders.",PASS,PASS,Cat2,Negation / Exception,TRUE,CLEAR,Annotator B
REP_0028,28,HALUEVALQA,haluevalqa-05271,"What album recorded over a two-year period between 1989 and 1991 included Kevin Shields as the main composer, musician and producer?","Recorded during summer 2002 with ""Lost in Translation""' s music co-ordinator Brian Reitzell, ""City Girl"" was among the first original material released by Shields since My Bloody Valentine's second studio album, ""Loveless"" (1991)—on which he was the main composer, musician and producer. The album was recorded over a two-year period between 1989 and 1991.",Loveless was not recorded within a single year.,PASS,PASS,Cat2,Negation / Exception,TRUE,CLEAR,Annotator B
REP_0029,29,HALUEVALQA,haluevalqa-05673,"Andrew Feldman, famous poker player, is sponsored by which online casino?","Andrew Feldman (born 16 July 1987, Watford) is an English poker player. He started playing poker on the Internet when he was 18 through his older brother and then received sponsorship from Full Tilt Poker.Full Tilt Poker is an Irish online poker card room and online casino that opened in June 2004.",Full Tilt Poker was not solely an online poker card room.,PASS,FAIL,Cat2,Negation / Exception,TRUE,CLEAR,Annotator B
REP_0030,30,HALUEVALQA,haluevalqa-05293,"Ursula Gunther was a German musicologist, who specialized in the music of what Italian opera composer?",Ursula Günther (15 June 1927 – 20 or 21 November 2006) was a German musicologist specializing in the fourteenth and early fifteenth centuries and the music of Giuseppe Verdi.Giuseppe Fortunino Francesco Verdi (] ; 9 or 10 October 1813 – 27 January 1901) was an Italian opera composer.,Giuseppe Verdi was not a German opera composer.,PASS,FAIL,Cat2,Negation / Exception,TRUE,CLEAR,Annotator B
REP_0031,31,ASQA,250,When did the kim family come to power?,"Kim dynasty (North Korea) The Kim dynasty, referred to in North Korea as the Mount Paektu Bloodline, is a three-generation lineage of North Korean leadership descended from the country's first leader, Kim Il-sung, in 1948. Kim came to rule the North after the end of Japanese control in 1945 split the region. He began the Korean War in 1950 in an attempt to reunify the entire peninsula. Kim developed a cult of personality closely tied to their state philosophy of ""Juche"", which was later passed on to his successors: his son Kim Jong-il and grandson Kim Jong-un. In 2013, Clause

came to lead the Soviet-backed North's provisional government, becoming the first premier of its new government, the Democratic People's Republic of Korea (commonly known as North Korea), in 1948. He started the Korean War in 1950 with hopes to reunify the region. Kim developed a personality cult that contributed to his uncontested 46-year rule and extended to his family, including his mother Kang Pan-sok (known as the ""mother of Korea""), his brother (""the revolutionary fighter"") and his first wife (the ""mother of the revolution""). The strong and absolute leadership of a solitary great leader, known as the ""Suryong"", is central

North Korean cult of personality The North Korean cult of personality surrounding its ruling family, the Kim family, has existed in North Korea for decades and can be found in many examples of North Korean culture. Although not acknowledged by the North Korean government, many defectors and Western visitors state there are often stiff penalties for those who criticize or do not show ""proper"" respect for the regime. The personality cult began soon after Kim Il-sung took power in 1948, and was greatly expanded after his death in 1994. The cult is also marked by the intensity of the people's

2 of Article 10 of the new edited Ten Principles for the Establishment of a Monolithic Ideological System states that the party and revolution must be carried ""eternally"" by the ""Baekdu bloodline"". Unlike governance in all other socialist countries, North Korea's governance is comparable to a royal family. The Kim dynasty has ruled North Korea since 1948 for three generations, and still little about the family is publicly confirmed. Kim Il-sung rebelled against Japan's rule of Korea in the 1930s, which led to his exile in the Soviet Union. Korea was divided after Japan's defeat in World War II. Kim

leadership. North Korean cult of personality The North Korean cult of personality surrounding its ruling family, the Kim family, has existed in North Korea for decades and can be found in many examples of North Korean culture. Although not acknowledged by the North Korean government, many defectors and Western visitors state there are often stiff penalties for those who criticize or do not show ""proper"" respect for the regime. The personality cult began soon after Kim Il-sung took power in 1948, and was greatly expanded after his death in 1994. The cult is also marked by the intensity of the",The Kim family did not come to power in North Korea in 1948.,PASS,FAIL,Cat2,Negation / Exception,FALSE,CLEAR,Annotator B
REP_0032,32,ASQA,357,When is the releasing date of avengers infinity war?,"to be released on April 26, 2019, with the Russos returning to direct, and Markus and McFeely once again writing the screenplay. Avengers: Infinity War Avengers: Infinity War is a 2018 American superhero film based on the Marvel Comics superhero team the Avengers, produced by Marvel Studios and distributed by Walt Disney Studios Motion Pictures. It is the sequel to 2012's ""The Avengers"" and 2015's """", and the nineteenth film in the Marvel Cinematic Universe (MCU). The film is directed by Anthony and Joe Russo, written by Christopher Markus and Stephen McFeely, and features an ensemble cast including Robert Downey

as Happy Hogan, while co-director Joe Russo had a cameo appearance as a paparazzi photographer, but this scene did not make the theatrical cut of the film. In October 2014, Marvel announced a two-part sequel to """" (2015), titled ""Avengers: Infinity War"". ""Part 1"" was scheduled to be released on May 4, 2018, with ""Part 2"" scheduled for May 3, 2019. In April 2015, Marvel announced that Anthony and Joe Russo would direct both parts of ""Avengers: Infinity War"", with back-to-back filming expected to begin in 2016. The next month, Christopher Markus and Stephen McFeely had signed on to write

on April 26, 2019, in IMAX and 3D. Additionally, Frank Grillo and Letitia Wright reprise their roles as Brock Rumlow / Crossbones and Shuri from previous MCU films. Hiroyuki Sanada and Katherine Langford have been cast in undisclosed roles. Avengers co-creator Stan Lee has a posthumous cameo in the film. In October 2014, Marvel announced a two-part sequel to ""Age of Ultron"", titled ""Avengers: Infinity War"". ""Part 1"" was scheduled to be released on May 4, 2018, with ""Part 2"" scheduled for May 3, 2019. In April 2015, Marvel announced that Anthony and Joe Russo would direct both parts of

having showtimes at either 2 am or 3 am to accommodate demand. In India, the film had the biggest release ever for a Hollywood film, opening on nearly 2,000 screens in four languages. The film also screened in 515 4DX theaters in 59 countries. ""Avengers: Infinity War"" was originally scheduled to be released on May 4, 2018 in the United States. The Chinese release of the film, which opened on May 11, 2018, was originally scheduled to end on June 10, 2018, but was granted a ""rare"" extension of 30 days, to end on July 9, 2018. Select footage from

was released in the United States on April 27, 2018, in IMAX and 3D. The film received praise for the performances of the cast (particularly Brolin's) and the emotional weight of the story, as well as the visual effects and action sequences. It was the fourth film and the first superhero film to gross over $2 billion worldwide, breaking numerous and becoming the highest-grossing film of 2018, as well as the fourth-highest-grossing film of all time and in the United States and Canada. The sequel, ""Avengers: Endgame"", is set to be released on April 26, 2019. Having acquired the Power","Avengers: Infinity War was not released in the United States on April 27, 2018.",PASS,FAIL,Cat2,Negation / Exception,FALSE,CLEAR,Annotator B
REP_0033,33,ASQA,372,When did neil armstrong received the presidential medal of freedom?,"the problem, which he did, and the mission proceeded. ""That happened because Neil Armstrong was a team player—he always worked on behalf of the team."" On September 14, Armstrong's cremated remains were scattered in the Atlantic Ocean from the . Flags were flown at half-staff on the day of Armstrong's funeral. Armstrong received many honors and awards, including the Presidential Medal of Freedom from President Nixon, the Cullum Geographical Medal from the American Geographical Society, and the Collier Trophy from the National Aeronautic Association (1969); the NASA Distinguished Service Medal and the Dr. Robert H. Goddard Memorial Trophy (1970); the

Sylvanus Thayer Award by the United States Military Academy (1971); the Congressional Space Medal of Honor from President Jimmy Carter (1978); the Wright Brothers Memorial Trophy from the National Aeronautic Association (2001); and a Congressional Gold Medal (2011). Armstrong and his Apollo 11 crewmates were the 1999 recipients of the Langley Gold Medal from the Smithsonian Institution. On April 18, 2006, he received NASA's Ambassador of Exploration Award. The Space Foundation named Armstrong as a recipient of its 2013 General James E. Hill Lifetime Space Achievement Award. Armstrong was also inducted into the Aerospace Walk of Honor, the National Aviation

the first manned Moon landing, and spent two and a half hours outside the spacecraft while Michael Collins remained in lunar orbit in the command and service module. When Armstrong stepped onto the lunar surface, he famously said: ""That's one small step for [a] man, one giant leap for mankind."" Along with Collins and Aldrin, Armstrong was awarded the Presidential Medal of Freedom by President Richard Nixon. President Jimmy Carter presented Armstrong with the Congressional Space Medal of Honor in 1978, and Armstrong and his former crewmates received a Congressional Gold Medal in 2009. After he resigned from NASA in

and Cunningham its Exceptional Service Medal in recognition of their success. On November 2, 1968, President Lyndon Johnson held a ceremony at the LBJ Ranch in Johnson City, Texas, to present the astronauts with the medals. He also presented NASA's highest honor, the Distinguished Service Medal, to recently retired NASA administrator James E. Webb, for his ""outstanding leadership of America's space program"" since the beginning of Apollo. Schirra, Eisele, and Cunningham were the only crew, of all the Apollo, Skylab, and Apollo-Soyuz Test Project missions, who had not been awarded the Distinguished Service Medal immediately following their missions (though Schirra

in their honor in New York, Chicago, and Los Angeles. An official state dinner that evening in Los Angeles celebrated the flight. President Richard Nixon honored each of them with a presentation of the Presidential Medal of Freedom. This was the beginning of a 45-day ""Giant Leap"" tour that brought the astronauts to 25 foreign countries and included visits with prominent leaders such as Queen Elizabeth II of the United Kingdom. On September 16, 1969, the astronauts addressed a joint session of Congress. With the Apollo Program coming to an end, Aldrin saw few prospects at NASA, and decided to",Neil Armstrong did not receive the Presidential Medal of Freedom in 1969.,PASS,FAIL,Cat2,Negation / Exception,FALSE,CLEAR,Annotator B
REP_0034,34,ASQA,45,Who wrote the book of the new testament?,"authorship has been attributed either to John the Apostle (in which case it is often thought that John the Apostle is John the Evangelist, i.e. author of the Gospel of John) or to another John designated ""John of Patmos"" after the island where the text says the revelation was received (1:9). Some ascribe the writership date as circa 81–96 AD, and others at around 68 AD. The work opens with letters to seven churches and thereafter takes the form of an apocalypse, a literary genre popular in ancient Judaism and Christianity. The order in which the books of the New

letter composed under the guise of a presumably lost letter of the Apostle Paul, the Epistle to the Laodiceans. The books of the New Testament were all or nearly all written by Jewish Christians—that is, Jewish disciples of Christ, who lived in the Roman Empire, and under Roman occupation. Luke, who wrote the Gospel of Luke and the Book of Acts, is frequently thought of as an exception; scholars are divided as to whether Luke was a Gentile or a Hellenistic Jew. A few scholars identify the author of the Gospel of Mark as probably a Gentile, and similarly for

misrepresented. Such works include the following: Some Christian scholars maintain that nothing known to be pseudepigraphical was admitted to the New Testament canon. However, reputable biblical scholars, such as Dr. Bart D. Ehrman, have demonstrated that only seven of Paul's epistles are convincingly genuine. All of the other 20 books in the New Testament appear to be written by unknown people who were not the well-known biblical figures to whom the early Christian leaders originally attributed authorship. Even the Catholic Church has admitted that the New Testament Gospels are pseudepigraphical. The Catholic Encyclopedia notes, The first four historical books of

The Gospel of Luke and the Acts of the Apostles were both written by the same author, and are thus referred to as the Lucan texts. The most direct evidence comes from the prefaces of each book; both were addressed to Theophilus, and the preface to the Acts of the Apostles references ""my former book"" about the ministry of Jesus. Furthermore, there are linguistic and theological similarities between the two works, suggesting that they have a common author. The Pauline epistles are the thirteen books in the New Testament traditionally attributed to Paul of Tarsus. The anonymous Epistle to the

Testament overlaps with the Hebrew Bible and the Greek Septuagint; the Hebrew Bible is known in Judaism as the Tanakh. The New Testament is a collection of writings by early Christians, believed to be mostly Jewish disciples of Christ, written in first-century Koine Greek. These early Christian Greek writings consist of Gospels, letters, and apocalyptic writings. Among Christian denominations there is some disagreement about what should be included in the canon, primarily about the Apocrypha, a list of works that are regarded with varying levels of respect. Attitudes towards the Bible also differ amongst Christian groups. Roman Catholics, high church",None of the books of the New Testament were written by Jewish Christians.,PASS,FAIL,Cat2,Negation / Exception,FALSE,CLEAR,Annotator B
REP_0035,35,ASQA,199,The festival of holi marks the end of winter and the beginning of?,"Holi Holi (; ""Holī"") is a Hindu spring festival, originating from the Indian subcontinent, celebrated predominantly in India, but has also spread to other areas of Asia and parts of the Western world through the diaspora from the Indian subcontinent, also known as the ""festival of colours"" or the ""festival of love"". The festival signifies the victory of good over evil, the arrival of spring, end of winter, and for many a festive day to meet others, play and laugh, forget and forgive, and repair broken relationships. It is also celebrated as a thanksgiving for a good harvest. It lasts

to throw coloured water at friends or strangers in jest. It is also observed broadly in the Indian subcontinent. Holi is celebrated at the end of winter, on the last full moon day of the Hindu luni-solar calendar month marking the spring, making the date vary with the lunar cycle. The date falls typically in March, but sometimes late February of the Gregorian calendar. The festival has many purposes; most prominently, it celebrates the beginning of Spring. In 17th century literature, it was identified as a festival that celebrated agriculture, commemorated good spring harvests and the fertile land. Hindus believe

it is a time of enjoying spring's abundant colours and saying farewell to winter. To many Hindus, Holi festivities mark the beginning of the new year as well as an occasion to reset and renew ruptured relationships, end conflicts and rid themselves of accumulated emotional impurities from the past. It also has a religious purpose, symbolically signified by the legend of Holika. The night before Holi, bonfires are lit in a ceremony known as Holika Dahan (burning of Holika) or Little Holi. People gather near fires, sing and dance. The next day, Holi, also known as ""Dhuli"" in Sanskrit, or

vermilion/roli on the fore head) or ""vibhuti"" (burnt ash of the auspicious ember) on the fore head) and the member prays for prosperity/ individual aspirations. The end of Falgun month; lively fauna and flora; spring season spreads its smell all around; villagers having harvested their crops in leisure ready to enjoy the season. The occasion is Holi festival; the festival of revelries for toiling masses in contrast to Dipawali for affluent ones. In the month of Magh, every year fixed on 14 January, when the sun has entered the zodiac sign of Capricorn, signaling end of winter in the northern

with those in their lives. Holi also marks the start of spring, for many the start of the new year, an occasion for people to enjoy the changing seasons and make new friends. The festival has traditionally been also observed by non-Hindus, such as by Jains and Newar Buddhists (Nepal). Sikhs have traditionally celebrated the festival, at least through the 19th century, with its historic texts referring to it as ""Hola"". Guru Gobind Singh – the last human guru of the Sikhs – modified Holi with a three-day Hola Mohalla extension festival of martial arts. The extension started the day",Holi does not mark the beginning of spring.,PASS,FAIL,Cat2,Negation / Exception,FALSE,CLEAR,Annotator B
REP_0036,36,HALUEVALQA,haluevalqa-05961,George Rogers Howell served in what office at one of the oldest museums in the United States?,"He also served as secretary for some 15 years of the Albany Institute. Founded in 1791, it is among the oldest museums in the United States.",George Rogers Howell did not serve as secretary of the Albany Institute.,PASS,FAIL,Cat2,Negation / Exception,FALSE,CLEAR,Annotator B
REP_0037,37,HALUEVALQA,haluevalqa-06060,"What British sitcom, starring the English comedian and actress Jennifer Saunders, did Difford & Tilbrook write the music for?","They have both written independently outside the band, and together wrote the music for the British sit-com ""Girls on Top"" starring Dawn French, Jennifer Saunders, Ruby Wax and Tracey Ullman.Jennifer Jane Saunders (born 6 July 1958) is an English comedian, screenwriter, and actress.",Difford & Tilbrook did not write the music for the British sitcom Girls on Top.,PASS,FAIL,Cat2,Negation / Exception,FALSE,CLEAR,Annotator B
REP_0038,38,HALUEVALQA,haluevalqa-06048,The Italian theorectical physicist was the first to discover Fano resonance which is what?,"In physics, a Fano resonance is a type of resonant scattering phenomenon that gives rise to an asymmetric line-shape. It is named after Italian-American physicist Ugo Fano, who gave a theoretical explanation for the scattering line-shape of inelastic scattering of electrons from helium; however, Ettore Majorana was the first to discover this phenomenon.Ettore Majorana ( ; ] ; born on 5 August 1906 – probably died after 1959) was an Italian theoretical physicist who worked on neutrino masses.",Fano resonance does not give rise to an asymmetric line-shape.,PASS,PASS,Cat2,Negation / Exception,FALSE,CLEAR,Annotator B
REP_0039,39,HALUEVALQA,haluevalqa-05954,Brian Emanuel Schatz was appointed by a Governor from what political party?,"Schatz was appointed by Governor Neil Abercrombie to replace Senator Daniel Inouye after his death in 2012.Neil Abercrombie (born June 26, 1938) is an American politician who served as the seventh Governor of Hawaii from 2010 to 2014. He is a member of the Democratic Party.","Neil Abercrombie, the governor who appointed Brian Emanuel Schatz, was not a member of the Democratic Party.",PASS,FAIL,Cat2,Negation / Exception,FALSE,CLEAR,Annotator B
REP_0040,40,HALUEVALQA,haluevalqa-05921,Ronan the Accuser is an officer of what fictional Marvel Comics alien race?,"He is a judicial officer of the fictional alien race known as the Kree.The Kree, briefly known as the Ruul, are a fictional scientifically and technologically advanced militaristic alien race appearing in American comic books published by Marvel Comics.",Ronan the Accuser is not a judicial officer of the Kree.,PASS,FAIL,Cat2,Negation / Exception,FALSE,CLEAR,Annotator B
REP_0041,41,ASQA,456,What type of horse was the black stallion?,"other things that make him feel sorry for himself. Gabe develops a close bond with Pirate, whom he renames Firefly. He eventually adopts the colt and takes him home. Gabe is also a little hot headed, cranky and has a temper. The Phantom Stallion is a silver stallion, half Quarter Horse and Half Mustang. As a colt he lived with humans and was solid black (hence the name Blackie). His original owner was Samantha Anne Forster, but an accident separated them forever and freed The Phantom into the wild. His dam was a sorrel purebred Quarter Horse mare named Princess

The Black Stallion The Black Stallion, known as the Black or Shêtân, is the title character from author Walter Farley's bestselling series about the Arab stallion and his young owner, Alec Ramsay. The series chronicles the story of a sheikh's prized stallion after he comes into Alec's possession, although later books furnish the Black's backstory. Shaytan (under various transliterations) is the Arabic word for ""devil"". The first book in the series, published in 1941, is titled The Black Stallion. The subsequent novels are about the stallion's three main offspring: his firstborn colt, Satan; his second colt, Bonfire; and his firstborn

The Black Stallion (film) The Black Stallion is a 1979 American adventure film based on the 1941 classic children's novel ""The Black Stallion"" by Walter Farley. But the film starts in 1946, five years after the book was published. It tells the story of Alec Ramsey, who is shipwrecked on a deserted island with a wild Arabian stallion whom he befriends. After being rescued, they are set on entering a race challenging two champion horses. The film is adapted by Melissa Mathison, Jeanne Rosenberg and William D. Wittliff. It is directed by Carroll Ballard. The movie stars Kelly Reno, Teri

are showcased. They have been popular in movies, dating back to the silent film era when Rudolph Valentino rode the Kellogg Arabian stallion Jadaan in 1926's ""Son of the Sheik"", and have been seen in many other films, including ""The Black Stallion"" featuring the stallion Cass Ole, ""The Young Black Stallion"", which used over 40 Arabians during filming, as well as ""Hidalgo"" and the 1959 version of ""Ben-Hur"". Arabians are mascots for football teams, performing crowd-pleasing activities on the field and sidelines. One of the horses who serves as ""Traveler"", the mascot for the University of Southern California Trojans, has

Black Stallion (truck) Black Stallion is a monster truck that races on the USHRA circuit and for other promoters. Black Stallion started out as a stock 1982 Ford F350 back in 1982, owned and modified by Michael Vaters. The first modification was a homemade 12"" lift kit, since such kits were unavailable at the time. Mike then later added two sunroofs, an Alpine stereo system, a Ford 460 Engine, Rockwell 5 ton toploaders, Clark 20 ton planetaries, 66"" terra tires, a 9"" television and later on, a 1988 Ford F series front end. Between 1990 and 1991, Mike realized the",The Black Stallion is portrayed as an Arabian stallion in at least one film adaptation.,PASS,PASS,Cat3,Quantifier / Boundary,TRUE,CLEAR,Annotator B
REP_0042,42,ASQA,496,The dna directed synthesis of an rna molecule is called?,"Protein synthesis generally consists of two major steps: transcription and translation. Transcription is the process where genetic information in DNA is used to produce a complementary RNA strand. This RNA strand is then processed to give messenger RNA (mRNA), which is free to migrate through the cell. mRNA molecules bind to protein-RNA complexes called ribosomes located in the cytosol, where they are translated into polypeptide sequences. The ribosome mediates the formation of a polypeptide sequence based on the mRNA sequence. The mRNA sequence directly relates to the polypeptide sequence by binding to transfer RNA (tRNA) adapter molecules in binding pockets

combinations of the above techniques. RNA polymerase RNA polymerase (ribonucleic acid polymerase), both abbreviated RNAP or RNApol, official name DNA-directed RNA polymerase, is a member of a family of enzymes that are essential to life: they are found in all living organisms and many viruses. RNAP locally opens the double-stranded DNA (usually about four turns of the double helix) so that one strand of the exposed nucleotides can be used as a template for the synthesis of RNA, a process called transcription. A transcription factor and its associated transcription mediator complex must be attached to a DNA binding site called

RNA polymerase RNA polymerase (ribonucleic acid polymerase), both abbreviated RNAP or RNApol, official name DNA-directed RNA polymerase, is a member of a family of enzymes that are essential to life: they are found in all living organisms and many viruses. RNAP locally opens the double-stranded DNA (usually about four turns of the double helix) so that one strand of the exposed nucleotides can be used as a template for the synthesis of RNA, a process called transcription. A transcription factor and its associated transcription mediator complex must be attached to a DNA binding site called a promoter region before RNAP

DNA synthesis DNA synthesis is the natural or artificial creation of deoxyribonucleic acid (DNA) molecules. The term DNA synthesis can refer to DNA replication - DNA biosynthesis (""in vivo"" DNA amplification), polymerase chain reaction - enzymatic DNA synthesis (""in vitro"" DNA amplification) or gene synthesis - physically creating artificial gene sequences. In nature, DNA molecules are created by all living cells through the process of DNA replication, with replication initiator proteins splitting the cell's DNA and copying each split strand, with the copied strands then joining together with their template strand into a new DNA molecule. Various means exist to

template as part of its structure. It synthesizes telomeres at the ends of chromosomes. Telomeres prevent fusion of the ends of neighboring chromosomes and protect chromosome ends from damage. Transcription is carried out by a DNA-dependent RNA polymerase that copies the sequence of a DNA strand into RNA. To begin transcribing a gene, the RNA polymerase binds to a sequence of DNA called a promoter and separates the DNA strands. It then copies the gene sequence into a messenger RNA transcript until it reaches a region of DNA called the terminator, where it halts and detaches from the DNA. As",All DNA-directed synthesis of RNA described in the context is called transcription.,PASS,PASS,Cat3,Quantifier / Boundary,TRUE,CLEAR,Annotator B
REP_0043,43,ASQA,564,What is the meaning of nat in networking?,"Network address translation Network address translation (NAT) is a method of remapping one IP address space into another by modifying network address information in the IP header of packets while they are in transit across a traffic routing device. The technique was originally used as a shortcut to avoid the need to readdress every host when a network was moved. It has become a popular and essential tool in conserving global address space in the face of IPv4 address exhaustion. One Internet-routable IP address of a NAT gateway can be used for an entire private network. IP masquerading is a

the NAT function de-randomizes the UDP source ports, the DNS server becomes vulnerable. Network address translation Network address translation (NAT) is a method of remapping one IP address space into another by modifying network address information in the IP header of packets while they are in transit across a traffic routing device. The technique was originally used as a shortcut to avoid the need to readdress every host when a network was moved. It has become a popular and essential tool in conserving global address space in the face of IPv4 address exhaustion. One Internet-routable IP address of a NAT

technique that hides an entire IP address space, usually consisting of private IP addresses, behind a single IP address in another, usually public address space. The address that has to be hidden is changed into a single (public) IP address as ""new"" source address of the outgoing IP packet so it appears as originating not from the hidden host but from the routing device itself. Because of the popularity of this technique to conserve IPv4 address space, the term ""NAT"" has become virtually synonymous with IP masquerading. As network address translation modifies the IP address information in packets, it has

Nat (unit) The natural unit of information (symbol: nat), sometimes also nit or nepit, is a unit of information or entropy, based on natural logarithms and powers of ""e"", rather than the powers of 2 and base 2 logarithms, which define the bit. This unit is also known by its unit symbol, the nat. The nat is the coherent unit for information entropy. The International System of Units, by assigning the same units (joule per kelvin) both to heat capacity and to thermodynamic entropy implicitly treats information entropy as a quantity of dimension one, with . Physical systems of natural

to ""nat"" to avoid confusion with the nit used as a unit of luminance. Alan Turing used the ""natural ban"". Nat (unit) The natural unit of information (symbol: nat), sometimes also nit or nepit, is a unit of information or entropy, based on natural logarithms and powers of ""e"", rather than the powers of 2 and base 2 logarithms, which define the bit. This unit is also known by its unit symbol, the nat. The nat is the coherent unit for information entropy. The International System of Units, by assigning the same units (joule per kelvin) both to heat capacity",Network address translation (NAT) allows an entire private network to use a single Internet-routable IP address.,PASS,PASS,Cat3,Quantifier / Boundary,TRUE,CLEAR,Annotator B
REP_0044,44,ASQA,526,Where did they film places in the heart?,"Places in the Heart Places in the Heart is a 1984 American drama film written and directed by Robert Benton about a U.S. Depression-era Texas widow who tries to save the family farm with the help of a blind white man and a poor black man. The film stars Sally Field, Lindsay Crouse, Ed Harris, Ray Baker, Amy Madigan, John Malkovich, Danny Glover, Jerry Haynes and Terry O'Quinn. It was filmed in Waxahachie, Texas. Field won the Academy Award for Best Actress for her performance. It is 1935 and Waxahachie, Texas is a small, segregated town in the midst of

West Yorkshire using the real life villages of Marsden, Golcar, Slaithwaite and Meltham for many of the external shots. The first series was mostly filmed in Slaithwaite, with some exterior shots filmed in the village of Baildon, but from series 2 onwards, Marsden was used as the principal filming location. DVDs of the series in the UK are listed below, released by Network DVD. So far Series 1, 2, 3 and 4 have been released. Where the Heart Is (UK TV series) Where the Heart Is is a British television family drama series set in the Yorkshire town of Skelthwaite.

uttered the memorable (and much-mocked) line ""I can't deny the fact that you like me—right now, you like me!"" It is often erroneously recalled as ""You like me—you ""really"" like me!"" The film is recognized by American Film Institute in these lists: ""Places in the Heart"" was released in theatres on September 21, 1984. The film was released on DVD on October 9, 2001, by Sony Pictures Home Entertainment. Places in the Heart Places in the Heart is a 1984 American drama film written and directed by Robert Benton about a U.S. Depression-era Texas widow who tries to save the

picture screened at various film festivals, including Göteborg International Film Festival and London Independent Film Festival. • London Independent Film Festival: Best Film, 2010. • Festival Internazionale Un Film perla Pace, Udine-Gorizia The Heart of No Place The Heart of No Place is a 2009 independent film written and directed by Rika Ohara, based on reinterpretation of Yoko Ono's life and work. Shot entirely on Digital 8 on location in Los Angeles, Berlin, Tokyo, Liverpool and Ho Chi Minh City, and with participation of many Los Angeles- and German artists and musicians, the film won the Best Film (International) award

an underwater shot depicting the bodies that had been placed in the pond, including the recently added bodies of Bob and Ted. Filming began in February 2005. The main filming location was in the village of St Michael Penkevil in Cornwall. Locations on the Isle of Man were used for all filming outside the village. The outer shots of the train is on the North Yorkshire Moors Railway, the scene with the car going over a small bridge with the train going over another is just outside Goathland (Aidensfield in ""Heartbeat""). Review aggregator website Rotten Tomatoes reported that 56% of","At least one filming location for Places in the Heart was Waxahachie, Texas.",PASS,PASS,Cat3,Quantifier / Boundary,TRUE,CLEAR,Annotator B
REP_0045,45,ASQA,514,Who is the current agriculture minister of india?,"Ministry of Agriculture & Farmers Welfare The Ministry of Agriculture and Farmers Welfare (formerly Ministry of Agriculture), a branch of the Government of India, is the apex body for formulation and administration of the rules and regulations and laws related to agriculture in India. The three broad areas of scope for the Ministry are agriculture, food processing and co-operation. The agriculture ministry is headed by Minister of Agriculture Radha Mohan Singh. Abhishek Singh Chauhan, Krishna Raj and Parsottambhai Rupala are the Ministers of State. Agriculture is the principal source of livelihood for more than half population of India. Agriculture provides

with the highest margin of over 53,000 votes against his nearest rival. Earlier, he was the Minister for Sugar and Rural water supply in the BJP-Janata Dal (Secular) coalition government headed by H.D.Kumaraswamy. Following the historic victory of the BJP in Karnataka, He was sworn-in as a Cabinet minister in the Yeddyurappa government on May 30, 2008 and was entrusted with the Agriculture portfolio. Currently, he is serving as the Minister for Horticulture in the D.V. Sadananda Gowda government. He is also the minister in charge for Davanagere district. He is credited with bringing the BJP to power in the

Minister of Agriculture (Hungary) The Minister of Agriculture of Hungary () is a member of the Hungarian cabinet and the head of the Ministry of Agriculture. The current agriculture minister is Sándor Fazekas. The position was called Minister of Agriculture, Industry and Trade () from 1848 to 1889, People's Commissar of Agriculture () during the Hungarian Soviet Republic in 1919, Minister of Agriculture and Food () between 1967 and 1990, Minister of Agriculture and Rural Development () from 1998 till 2010 and Minister of Rural Development () between 2010 and 2014. This page is a list of Ministers of Agriculture

and Pesticide (iv) Citizens in General. The ministerial team at the MHA is headed by the Cabinet Minister for Agriculture, who may or may not be supported by Ministers of State. Civil servants are assigned to them to manage the ministers' office and ministry. The current head of the ministry is Asish Banerjee.jpg who is also the Ministry of Agriculture. Ministry of Agriculture (West Bengal) The Ministry of Agriculture of West Bengal is a Bengal government ministry. It is a ministry mainly responsible for the activities relating to policy decisions on agricultural production and productivity, and its extension through technology

of Agriculture is Ralph Eichler of the Progressive Conservatives. Minister of Agriculture (Manitoba) The Minister of Agriculture is a cabinet minister in the province of Manitoba, Canada. The minister oversees government activity in agriculture, agri-food and the agri-product sector. Some changes in the ministerial responsibilities have resulted in change to the name of the ministry. Manitoba Agriculture, Food and Rural Initiatives (MAFRI), was created on November 4, 2003 when the department of Agriculture and Food was merged with Rural Initiatives and Cooperative Development (both from the Department of Intergovernmental Affairs). On May 3, 2016 the Pallister government renamed the cabinet",At least one person identified as India's Minister of Agriculture in the context is Radha Mohan Singh.,PASS,PASS,Cat3,Quantifier / Boundary,TRUE,CLEAR,Annotator B
REP_0046,46,HALUEVALQA,haluevalqa-05591,"Edward Sedgwick and John Milius, share which common occupations?","Edward Sedgwick (November 7, 1889 – March 7, 1953) was an American film director, writer, actor and producer.John Frederick Milius (born April 11, 1944) is an American screenwriter, director, and producer of motion pictures.","Edward Sedgwick and John Milius shared at least three occupations: director, writer/screenwriter, and producer.",PASS,PASS,Cat3,Quantifier / Boundary,TRUE,CLEAR,Annotator B
REP_0047,47,HALUEVALQA,haluevalqa-05559,What NFL team shared a coach with the Austrian skydiver best known for setting world records when he jumped from a helium balloon in the stratosphere in October of 2012?,"Dr. Michael Gervais (born 1971) is a sport psychologist and entrepreneur, best known for working with the NFL's Seattle Seahawks and being the high performance coach of Austrian skydiver Felix Baumgartner.Felix Baumgartner (] ; born 20 April 1969) is an Austrian skydiver, daredevil and BASE jumper. He is best known for jumping to Earth from a helium balloon in the stratosphere on 14 October 2012.","Michael Gervais worked professionally with at least two distinct parties mentioned in the context, including the Seattle Seahawks.",PASS,PASS,Cat3,Quantifier / Boundary,TRUE,CLEAR,Annotator B
REP_0048,48,HALUEVALQA,haluevalqa-00054,In what show did Cynthia Nixon receive the 2004 Primetime Emmy Award for Outstanding Supporting Actress in a Comedy Series and a Screen Actors Guild Award for her performance?,"Nixon received an Emmy Award and a Screen Actors Guild Award for her performance. She is known for her portrayal of Miranda Hobbes in the HBO series, ""Sex and the City"" (1998–2004), for which she won the 2004 Primetime Emmy Award for Outstanding Supporting Actress in a Comedy Series.",Cynthia Nixon received at least two awards for her performance in Sex and the City.,PASS,PASS,Cat3,Quantifier / Boundary,TRUE,CLEAR,Annotator B
REP_0049,49,HALUEVALQA,haluevalqa-05579,Ivar the Boneless had a brother who held what position in the mid-ninth-century?,"His brothers included Björn Ironside, Halfdan Ragnarsson, Hvitserk, Sigurd Snake-in-the-Eye and Ubba.Ubba, also known as Hubba, Ubbe, and Ubbi, was a mid-ninth-century Viking chieftain and one of the commanders of the Great Army, a coalition of Norse warriors that in AD 865 invaded the Anglo-Saxon kingdoms of Northumbria, Mercia, East Anglia and Wessex.","At least one of Ivar the Boneless's brothers, Ubba, was a mid-ninth-century Viking chieftain.",PASS,PASS,Cat3,Quantifier / Boundary,TRUE,CLEAR,Annotator B
REP_0050,50,HALUEVALQA,haluevalqa-05689,Seth Adkins played Pinocchio in the movie with original songs by whom?,"Adkins played Pinocchio in the film ""Geppetto"" (2000) and Matt Reeves in the film ""Let Me In"" (2010). It featured original songs written by Stephen Schwartz.",At least one person credited with writing original songs for Geppetto was Stephen Schwartz.,PASS,PASS,Cat3,Quantifier / Boundary,TRUE,CLEAR,Annotator B
REP_0051,51,ASQA,362,Who wrote the lyrics to the greatest showman?,"subject of a chapter in Gilbert Gigliotti's ""A Storied Singer: Frank Sinatra as Literary Conceit"", ""Come [Fly, Dance, and Waltz with] Us on Equal Terms"": The Whitmanesque Sinatra of Sammy Cahn,"" published by Greenwood Press in 2002. Cahn wrote lyrics for many songs, including: Lyrics for film musicals include ""Journey Back to Oz"" (1971) (music by Van Heusen) and ""The Wizard of Oz"" (1982) (music by Joe Hisaishi). Cahn wrote the lyrics for the following Broadway musicals: Sammy Cahn Sammy Cahn (June 18, 1913 – January 15, 1993) was an American lyricist, songwriter and musician. He is best known for

Bill Russell (lyricist) Bill Russell (born 1949) is an American librettist and lyricist. Among his stage musicals are ""Elegies for Angels, Punks and Raging Queens"" and ""Side Show"", which was nominated for the Tony Award as Best Musical. Russell's first musical to be produced is ""Fortune"", which ran Off-Broadway at the Actors' Plahouse from April 27, 1980 to November 23, 1980. Ronald Melrose wrote the music, with Russell writing the book and lyrics. The musical director and arranger was Janet Hood; they have gone on to write several musicals together. The musical concerned four performers who were headed to be

and Justin Paul wrote all the songs appearing in the film. The soundtrack album is produced by Justin Paul, Benj Pasek, Greg Wells, Kevin Weaver and Pete Ganbarg, featuring the eleven tracks performed by the cast. In the United Kingdom it became only the second album in 30 years to achieve 11 consecutive weeks at number 1. ""The Greatest Showman"" now draws level with Adele's ""21"" for the longest unbroken run at the UK summit in the last 30 years. The cast album is now at 910,000 combined units, according to the Official Charts Company, made up of 420,000 physical

Fellini's ""The Clowns."" For theater, he wrote the lyrics for the Broadway production of Lorraine Hansberry's ""The Sign in Sidney Brustein's Window"": the Theatreworks and Pittsburgh Civic Light Opera productions of ""Young Ben Franklin""; and contributed material to ""Upstairs at the Downstairs,"" ""Broadway Jukebox"" and numerous other shows and reviews. One of his most popular works is ""The Confidence Man"", a musical based on the Herman Melville novel of the same name. Ray Fox wrote the book and lyrics and Jim Steinman wrote the music. It was originally performed as a cabaret piece at the Manhattan Theater Club. A full

he declined in order to fulfill his commitments on a Bonnie Tyler album. Alan Jay Lerner was then recruited, but he became seriously ill after joining the project and was forced to withdraw; none of his contributions (mostly involving the song ""Masquerade"") are credited in the show. Richard Stilgoe, the lyricist for ""Starlight Express,"" wrote most of the original lyrics for the production. Charles Hart, a young and then-relatively unknown lyricist, later rewrote many of the lyrics, along with original lyrics for ""Think of Me"". Some of Stilgoe's original contributions are still present in the final version, however. Inspired in",Justin Paul alone wrote all of the songs appearing in The Greatest Showman.,PASS,PASS,Cat3,Quantifier / Boundary,FALSE,CLEAR,Annotator B
REP_0052,52,ASQA,268,Who voices rocket raccoon in guardians of the galaxy?,"including animated television series, toys, and video games. He appears in the live-action films ""Guardians of the Galaxy"" (2014), ""Guardians of the Galaxy Vol. 2"" (2017), """" (2018), and the upcoming """" (2019), all set in the Marvel Cinematic Universe. In these appearances, Rocket Raccoon is voiced by Bradley Cooper, with motion capture provided by Sean Gunn. The character was created by Bill Mantlo and Keith Giffen, and inspired by the Beatles song ""Rocky Raccoon"". Other references to the song were featured in Rocket's appearance in ""The Incredible Hulk"" #271 (May 1982), which was titled ""Now Somewhere In the Black

were considered for the role included """"s Zachary Levi, Joseph Gordon-Levitt, Michael Rosenbaum, and John Gallagher Jr. Chris Pratt was cast in the role in February 2013, as part of a multi-film deal that he signed with Marvel. In January 2013, filming was scheduled to take place at Shepperton Studios in London, United Kingdom, and Marvel Studios announced that the film would be released in 3D. Victoria Alonso, an executive producer on the film, said that filming would begin in June. She also said that both Rocket Raccoon and Groot would be created through a combination of CGI and motion

the Guardians of the Galaxy, including Chris Pratt as Peter Quill / Star-Lord, Pom Klementieff as Mantis, Karen Gillan as Nebula, Dave Bautista as Drax the Destroyer, Zoe Saldana as Gamora, Vin Diesel as the voice of Groot, and Bradley Cooper as the voice of Rocket. Sean Gunn served as the on-set stand-in actor for Rocket on both films. Additional actors reprising their roles in ""Infinity War"" from the various MCU franchises include Benedict Cumberbatch as Stephen Strange from ""Doctor Strange"", with Benedict Wong as Wong; Tom Holland as Peter Parker / Spider-Man from ""Spider-Man: Homecoming"", with Jacob Batalon as

siblings. He was into theatre and did tap, jazz and Polynesian dance as a child. He attended the University of Alberta for drama and directed stage productions as well as student films. Trevor moved to Vancouver in 1998 to pursue a film directing career. While working for a talent agency, he made a demo tape for them and began landing work as a voice actor. In March 2015 it was announced Trevor would be the voice of Rocket Raccoon in Marvel's animated ""Guardians of the Galaxy"". Since 2007, Devall produced his own podcast, ""Voiceprint with Trevor Devall & Guests"", where

Trevor Devall Trevor Devall (born November 10, 1972) is a Canadian voice actor, actor and podcaster. He worked for Ocean Studios and various other studios in Vancouver, British Columbia, Canada for years, before he relocated to Los Angeles, California in 2013. He is best known for voicing Hot Dog in ""Krypto the Superdog"", Rocket Raccoon in the animated TV series ""Guardians of the Galaxy"", Emperor Palpatine in ""Lego Star Wars"", Pyro in ""X-Men Evolution"", Dukey in seasons 5 and 6 of ""Johnny Test"", and various characters in the Netflix original series ""F Is for Family"", as well as providing voices",Bradley Cooper is the only actor who voices Rocket Raccoon across both the Guardians of the Galaxy films and animated television series.,PASS,PASS,Cat3,Quantifier / Boundary,FALSE,CLEAR,Annotator B
REP_0053,53,ASQA,65,What is the flower of the dead in spanish?,"year, including gathering the goods to be offered to the dead. During the three-day period families usually clean and decorate graves; most visit the cemeteries where their loved ones are buried and decorate their graves with ""ofrendas"" (altars), which often include orange Mexican marigolds (""Tagetes erecta"") called ""cempasúchil"" (originally named ""cempoaxochitl"", Nāhuatl for ""twenty flowers""). In modern Mexico the marigold is sometimes called ""Flor de Muerto"" (Flower of Dead). These flowers are thought to attract souls of the dead to the offerings. It is also believed the bright petals with a strong scent can guide the souls from cemeteries to

Flores de Mayo Flores de Mayo (Spanish for ""flowers of May"") is a festival held in the Philippines in the month of May. It is one of the May devotions to the Blessed Virgin Mary and lasts for the entire month. The Santacruzan (from the Spanish ""santa cruz"", ""holy cross"") is the ritual pageant held on the last day of the ""Flores de Mayo"". It honors the finding of the True Cross by Helena of Constantinople (known as ""Reyna Elena"") and Constantine the Great. Its connection with May stems from the May 3 date of Roodmas, which Pope John XXIII

language of the Aztecs, the plant is called ""Cuitlaxochitl"", meaning ""flower that grows in residues or soil"" Today it is known in Mexico and Guatemala as Flor de Nochebuena, meaning Christmas Eve Flower. In Spain it is known as Flor de Pascua or Pascua, meaning Easter flower. In Chile and Peru, the plant became known as Crown of the Andes. In Hungarian, it is called , and is widely used as a Christmas decoration. The plant's association with Christmas began in 16th-century Mexico, where legend tells of a girl, commonly called Pepita or Maria, who was too poor to provide

Spanish flower The Spanish flower is a type of coin flan shape. It consists of a smooth edge separated into equal sections by seven indents. At least two coin issuers, the European Union and Fiji, have mentioned explicitly that the Spanish flower shape was chosen to help the visually-impaired. However, the Polish commemorative coin has different technical specifications than the circulation issue, which makes it impractical in daily use. Therefore, the Spanish flower shape has novelty value only on this coin. The Spanish 50 peseta coins issued between 1990 and 2000 were the first to feature the Spanish flower shape.

Spanish flower The Spanish flower is a type of coin flan shape. It consists of a smooth edge separated into equal sections by seven indents. At least two coin issuers, the European Union and Fiji, have mentioned explicitly that the Spanish flower shape was chosen to help the visually-impaired. However, the Polish commemorative coin has different technical specifications than the circulation issue, which makes it impractical in daily use. Therefore, the Spanish flower shape has novelty value only on this coin. The Spanish 50 peseta coins issued between 1990 and 2000 were the first to feature the Spanish flower shape.",Mexican marigolds are always called 'Flor de Muerto' in modern Mexico.,PASS,PASS,Cat3,Quantifier / Boundary,FALSE,CLEAR,Annotator B
REP_0054,54,ASQA,322,Who got relegated from the premier league this year?,"Football League Championship. Hull City, Burnley and Portsmouth were relegated from 2009–10 Premier League after finishing the season in the bottom three places of the league table. From the three teams relegated, Portsmouth had the longest tenure as a Premier League member as the club completed a seven-year stay at the highest level of English football. In comparison, Hull City and Burnley had to return to the Championship after two and one years respectively. 2009–10 Football League Championship champions Newcastle United and runners-up West Bromwich Albion secured direct promotion to the Premier League. Both teams made their immediate return to

finale to the season. Watford, just two points behind, had to settle for a place in the playoffs, joining Brighton & Hove Albion, Crystal Palace, and Leicester City, who secured their place with a last-minute goal over rivals Nottingham Forest. In the playoffs, Watford defeated Leicester City 3–2, Crystal Palace defeated Brighton 2–0, and in the final Watford was upset by Crystal Palace to gain the promotion. Bristol City, Wolverhampton Wanderers, and Peterborough United were relegated. Peterborough gained 54 points, the highest ever for a relegated team in Championship history. Wolves' relegation was the first time a team had been

Championship after beating Yeovil Town 5–1 after Preston North End slipped up against Colchester United. On 9 May, Burnley became the first team to be relegated from the Premier League despite winning away 1–0 against Hull City as results on the day went against them. On 10 May, Queens Park Rangers were the second team to be relegated from the Premier League after suffering a 6–0 defeat to Manchester City. On 24 May 2015, Hull City were the 3rd and final team to be relegated from the Premier League, finishing 18th in the Premier League. On the same day Preston

teams in the Championship will be relegated to the second division, League One. West Bromwich Albion finished top of the league with 81 points, closely followed by Stoke City who had 79 points. Hull City were promoted through the play-offs. Colchester and Scunthorpe United were both relegated several weeks before the end of the season. However, in a very tight league, with a gap of only 29 points between top and 22nd place, the final team to be relegated, Leicester City, went down on the final day while six other teams were within three points of them, despite the fact

Albion are relegated from the Premier League to the Championship. 23 May 2009: Gillingham win promotion to League One after defeating Shrewsbury Town 1–0 in the League Two play-off final. 24 May 2009: On the final day of the Premiership season Newcastle United and Middlesbrough are relegated to the Championship after both lost away at Aston Villa and West Ham United respectively. This ends Newcastle United's 16-year spell in the Premier League. Also Scunthorpe United win promotion to the Championship with a 3–2 win over Millwall in the League One play-off final at Wembley. 25 May 2009: Burnley win promotion",Only Burnley was relegated from the Premier League in 2015.,PASS,PASS,Cat3,Quantifier / Boundary,FALSE,CLEAR,Annotator B
REP_0055,55,ASQA,334,Where did they film the witches of eastwick?,"be involved with the film's production. Principal photography began on July 14, 1986 and took place over the course of six weeks in Cohasset and nearby Massachusetts towns, such as Marblehead, and Scituate. Castle Hill in Ipswich, Massachusetts was used for the exterior of the Lenox Mansion, while the lobby of the Wang Center in Boston stood in for the main hall. Other interiors were filmed at the Greystone Mansion in Beverly Hills, though the swimming pool and Daryl's library were sets built on the Warner Bros. backlot. Prior to filming, a small carving shop led by woodcarver Paul McCarthy

witches get pregnant and at the end Darryl flees town with Jenny's younger brother, Chris, apparently his lover. Also in the book Alexandra’s last name was Spofford, not Medford and Jane was Jane Smart, not Jane Spofford, and Sukie was Rougemont not Ridgemont. There are differences in their hair and build too; Alexandra is on the plump side and Sukie is the redhead. While ""The Witches of Eastwick"" was originally set to be filmed in Little Compton, Rhode Island, Warner Bros. instead turned to Cohasset, Massachusetts after controversy erupted in Little Compton over whether or not its Congregational church should

The Witches of Eastwick (film) The Witches of Eastwick is a 1987 American comedy-dark fantasy film based on John Updike's novel ""The Witches of Eastwick"" (1984). Directed by George Miller, the film stars Jack Nicholson as Daryl Van Horne, alongside Cher, Michelle Pfeiffer and Susan Sarandon as the eponymous witches. Alexandra Medford (Cher), Jane Spofford (Susan Sarandon), and Sukie Ridgemont (Michelle Pfeiffer) are three dissatisfied women living in the picturesque town of Eastwick, Rhode Island. Alex is a sculptor and single mother of one daughter; Jane is a newly divorced music teacher unable to have children; while Sukie has six

Eastwick (TV series) Eastwick is an American fantasy comedy-drama television series based on John Updike's novel ""The Witches of Eastwick"" which aired on ABC from September 23 until December 30, 2009. The series was developed by Maggie Friedman, and starred Paul Gross as the infamous Darryl Van Horne, alongside Jaime Ray Newman, Lindsay Price, and Rebecca Romijn as the eponymous witches. Joanna Frankel, Katherine Gardener, and Roxanne Torcoletti were three dissatisfied women living in the picturesque town of Eastwick, New England. Yearning for excitement in their lives, each of the women desperately make a wish for “something to change”, in

open to the public as Crane Beach. Since 1996, The Trustees have been hosting the outdoor picnic concerts each week over the summer. Generally, the groups that play at the concerts are from a wide variety of different musical genres. Both Ipswich residents and visitors are welcome to join the large audiences that show up to each concert. The 1987 movie ""The Witches of Eastwick"" prominently features the grounds and mansion at Castle Hill, the site filmed on location as home of the eccentric millionaire Daryl Van Horne, played by Jack Nicholson. The 1987 movie ""Flowers in the Attic"" also","The Witches of Eastwick was filmed only in Cohasset, Massachusetts.",PASS,PASS,Cat3,Quantifier / Boundary,FALSE,CLEAR,Annotator B
REP_0056,56,HALUEVALQA,haluevalqa-09979,"VfL Wolfsburg won their first ever Bundesliga title during this season, manager Felix Magath formed an attacking lineup, which included strikers Edin Džeko and Grafite, the pair scoring 54 goals between them, much due to the help of which attacking midfielder a Bosnian former footballer who most notably played for Bayern Munich, VfL Wolfsburg, Galatasaray, Dynamo Moscow and Beijing Renhe as an attacking midfielder, during his active playing career?","Manager Felix Magath formed an attacking lineup, which included strikers Edin Džeko and Grafite, the pair scoring 54 goals between them, much due to the help of attacking midfielder Zvjezdan Misimović's 20 assists.Zvjezdan Misimović (, ] ; born 5 June 1982) is a Bosnian former footballer who most notably played for Bayern Munich, VfL Wolfsburg, Galatasaray, Dynamo Moscow and Beijing Renhe as an attacking midfielder, during his active playing career.",The attacking midfielder who helped Edin Džeko and Grafite recorded fewer than 20 assists.,PASS,FAIL,Cat3,Quantifier / Boundary,FALSE,CLEAR,Annotator B
REP_0057,57,HALUEVALQA,haluevalqa-05932,Belron's United States brand is based in what American city?,"Belron's brands include Autoglass and AutoRestore in the United Kingdom and Republic of Ireland, Carglass in most of Europe, Safelite in the United States, O'Brien in Australia, Smith & Smith in New Zealand, and Lebeau and Speedy Glass in Canada.Safelite Group, Inc. is an American automotive glass and claims management company, based in Columbus, Ohio.","Safelite, Belron's United States brand, is based in at least two American cities.",PASS,FAIL,Cat3,Quantifier / Boundary,FALSE,CLEAR,Annotator B
REP_0058,58,HALUEVALQA,haluevalqa-05490,The Cat Creeps starred which Danish actor who lived in the US?,"Starring Helen Twelvetrees, Raymond Hackett, Neil Hamilton, Lilyan Tashman, Jean Hersholt, Elizabeth Patterson, and Montagu Love, it is considered to be a lost film.Jean Pierre Hersholt (12 July 1886 – 2 June 1956) was a Danish-born actor who lived in the United States, where he was a leading film and radio talent, best known for his 17 years starring on radio in ""Dr. Christian"" and for playing Shirley Temple's grandfather in ""Heidi"".","Jean Hersholt was the only actor listed as starring in ""The Cat Creeps"".",PASS,PASS,Cat3,Quantifier / Boundary,FALSE,CLEAR,Annotator B
REP_0059,59,HALUEVALQA,haluevalqa-05549,The 2010 Mnet Asian Music Awards were held at the casino owned by what company?,"The 2010 Mnet Asian Music Awards was the twelfth of the annual music awards in Seoul, South Korea that took place on November 28, 2010, at The Venetian Macao in Macau, China.The Venetian Macao () is a luxury hotel and casino resort in Macau owned by the American Las Vegas Sands company.",The 2010 Mnet Asian Music Awards were held at more than one casino owned by Las Vegas Sands.,PASS,PASS,Cat3,Quantifier / Boundary,FALSE,CLEAR,Annotator B
REP_0060,60,HALUEVALQA,haluevalqa-05523,Operation Roller Coaster was a series of nuclear tests conducted at a reservation located in what county?,"Operation Roller Coaster was a series of 4 nuclear tests conducted by the United States in 1963 at the Nevada Test Site.The Nevada National Security Site (N2S2),(though the abbreviation NNSS is still used), previously the Nevada Test Site (NTS), is a United States Department of Energy reservation located in southeastern Nye County, Nevada, about 65 miles (105 km) northwest of the city of Las Vegas.",The reservation where Operation Roller Coaster was conducted is located in more than one Nevada county.,PASS,FAIL,Cat3,Quantifier / Boundary,FALSE,CLEAR,Annotator B
REP_0061,61,ASQA,501,When did texas become part of united states?,"arrived from the U.S. and from Germany as well. In 1845, Texas joined the United States, becoming the 28th state, when the United States annexed it. Only after the conclusion of the Mexican–American War, with the Treaty of Guadalupe Hidalgo in 1848, did Mexico recognize Texan independence. Texas declared its secession from the United States in 1861 to join the Confederate States of America. Only a few battles of the American Civil War were fought in Texas; most Texas regiments served in the east. When the war ended, the enslaved African Americans were freed. Texas was subject to Reconstruction, a

by President Polk on December 29, 1845, accepting Texas as the 28th state of the Union. Texas formally joined the union on February 19, 1846. Following the annexation, relations between the United States and Mexico deteriorated because of an unresolved dispute over the border between Texas and Mexico, and the Mexican–American War broke out only a few months later. First mapped by Spain in 1519, Texas was part of the vast Spanish empire seized by the Spanish Conquistadors from its indigenous people for over 300 years. When the Louisiana territory was acquired by the United States from France in 1803,

The tension was partially defused with the Compromise of 1850, in which Texas ceded some of its territory to the federal government to become non-slave-owning areas but gained El Paso The Republic of Texas had formed in 1836, after breaking away from Mexico in the Texas Revolution. The following year, an ambassador from Texas approached the United States about the possibility of becoming an American state. Fearing a war with Mexico, which did not recognize Texas independence, the United States declined the offer. In 1844, James K. Polk was elected the United States president after promising to annex Texas. Before

bill that would authorize the United States to annex the Republic of Texas. Texas became a U.S. state on the same day annexation took effect, December 29, 1845. One of the primary motivations for annexation on the Republic of Texas side was that the Republic had incurred huge debts which the United States agreed to assume upon annexation. In 1852, in return for this assumption of debt, a large portion of Texas-claimed territory, now parts of Colorado, Kansas, Oklahoma, New Mexico, and Wyoming, was ceded to the Federal government. The entry of the Republic into the United States marked the

Additional consulates existed at the following locations: Although Texas entered the United States as a state on December 29, 1845, relations formally ended during the transfer of Texan sovereignty to the United States on February 19, 1846. Despite this, Andrew J. Donelson, the last U.S. Chargé d'Affaires, left his post on or shortly after August 9, 1845. On April 11, 1838, the U.S. concluded a Claims Convention with the Republic of Texas. This agreement was signed by Alcée La Branche, the U.S. Chargé d'Affaires near the Republic of Texas and R.A. Irion, the Secretary of State of the Republic of","Texas was admitted to the Union as the 28th state on December 29, 1845.",PASS,PASS,Cat4,Time / Sequence,TRUE,CLEAR,Annotator B
REP_0062,62,ASQA,607,Where was the count of monte cristo published?,"'Wait and Hope'"". ""The Count of Monte Cristo"" was originally published in the ""Journal des Débats"" in eighteen parts. Serialization ran from August 28, 1844 to January 15, 1846. The first edition in book form was published in Paris by ""Pétion"" in 18 volumes with the first two issued in 1844 and the remaining sixteen in 1845. Most of the Belgian pirated editions, the first Paris edition and many others up to the ""Lécrivain et Toubon"" illustrated edition of 1860 feature a misspelling of the title with ""Christo"" used instead of ""Cristo"". The first edition to feature the correct spelling

was the ""L'Écho des Feuilletons"" illustrated edition, Paris 1846. This edition featured plates by Paul Gavarni and Tony Johannot and was said to be ""revised"" and ""corrected"", although only the chapter structure appears to have been altered with an additional chapter entitled ""La Maison des Allées de Meilhan"" having been created by splitting ""Le Départ"" into two. The first appearance of ""The Count of Monte Cristo"" in English was the first part of a serialization by W. Francis Ainsworth in volume VII of ""Ainsworth's Magazine"" published in 1845, although this was an abridged summary of the first part of the

The Count of Monte Cristo The Count of Monte Cristo () is an adventure novel by French author Alexandre Dumas (""père"") completed in 1844. It is one of the author's most popular works, along with ""The Three Musketeers"". Like many of his novels, it was expanded from plot outlines suggested by his collaborating ghostwriter Auguste Maquet. Another important work by Dumas, written prior to his work with Maquet, was the short novel ""Georges""; this novel is of particular interest to scholars because Dumas reused many of the ideas and plot devices later in ""The Count of Monte Cristo"". The story

featured the first part of an unabridged translation of the novel by Emma Hardy. The remaining two parts would be issued as the Count of Monte Christo volumes I and II in volumes 8 and 9 of the Parlour Novelist respectively. The most common English translation is an anonymous one originally published in 1846 by Chapman and Hall. This was originally released in ten weekly installments from March 1846 with six pages of letterpress and two illustrations by M Valentin. The translation was released in book form with all twenty illustrations in two volumes in May 1846, a month after

for both the innocent and the guilty. The book is considered a literary classic today. According to Luc Sante, """"The Count of Monte Cristo"" has become a fixture of Western civilization's literature, as inescapable and immediately identifiable as Mickey Mouse, Noah's flood, and the story of Little Red Riding Hood."" Dumas wrote that the idea of revenge in ""The Count of Monte Cristo"" came from a story in a book compiled by Jacques Peuchet, a French police archivist, published in 1838 after the death of the author. Dumas included this essay in one of the editions from 1846. Peuchet told",The Count of Monte Cristo began serialization in the Journal des Débats in 1844.,PASS,PASS,Cat4,Time / Sequence,TRUE,CLEAR,Annotator B
REP_0063,63,ASQA,537,Who won season 7 rupaul's drag race?,"to reuse a runway song. The song played during the closing credits was ""Fly Tonight"", both songs from the album ""Born Naked"". The winner of the seventh season of ""RuPaul's Drag Race"" was Violet Chachki, with Ginger Minj and Pearl being the runners-up. Ginger Minj and Katya competed on the second season of """". Ginger placed 8th overall and Katya was runner-up with season 5 contestant Detox. Kennedy Davenport and Trixie Mattel competed on the of ""All Stars"". Kennedy was the runner-up, while Trixie won the competition. Kandy Ho competed on the 2nd installment of the Chilean version of Drag

an early renewal for an eighth season. The winner of the seventh season of ""RuPaul's Drag Race"" was Violet Chachki, with Katya winning Miss Congeniality. On January 14, 2016, it was announced that the cast for the eighth season will be revealed during the 2016 New Now Next Honors on February 1, 2016, followed by the season premiere on March 7, 2016. The first episode celebrated the 100th taping of the show, and the 100th drag queen to enter the work room. Michelle Visage returned as a main judge, while Carson Kressley and Ross Mathews returned as rotating main judges.

runway segment every episode was ""Sissy That Walk"" while the song playing during the credits is ""Dance With U"", both from the album ""Born Naked"". The winner of the sixth season of ""RuPaul's Drag Race"" was Bianca Del Rio, with BenDeLaCreme winning Miss Congeniality. The seventh season of ""RuPaul's Drag Race"" began airing on March 2, 2015. Returning judges included RuPaul and Michelle Visage, while the space previously occupied by Santino Rice was filled by new additions Ross Mathews and Carson Kressley. Mathews and Kressley were both present for the season premiere and then took turns sharing judging responsibilities. Shawn

Drag Superstar"", a one-year supply of Anastasia Beverly Hills cosmetics and a cash prize of $100,000. The ninth season aired on VH1, with encore presentations continuing to air on Logo. This season featured the return of Cynthia Lee Fontaine, who previously participated in the series' eighth season. The ninth season featured a top four in the finale episode, as opposed to the top three, which was previously established in the fourth season. The winner of the ninth season of RuPaul's Drag Race was Sasha Velour. Valentina won Miss Congeniality. On April 13, 2017, VH1 renewed the series for a tenth

last season, Santino Rice & Billy B (Billy Brasfield), celebrity makeup artist and star of the HGTV mini-series ""Hometown Renovation"", shared the same seat at the judges table alternatively, Brasfield filling in for Rice when needed. Both judges appeared side-by-side in the audience during the ""Reunited"" episode. The winner of the fourth season of ""RuPaul's Drag Race"" was Sharon Needles, with Latrice Royale winning Miss Congeniality. The theme song playing during the runway every episode was ""Glamazon"" and the song played during the credits was ""The Beginning"", both from RuPaul's album ""Glamazon"". The fifth season of ""RuPaul's Drag Race"" began","The seventh season of RuPaul's Drag Race began airing on March 2, 2015.",PASS,FAIL,Cat4,Time / Sequence,TRUE,CLEAR,Annotator B
REP_0064,64,ASQA,728,When does game of thrones season 7 come on hbo?,"On March 9, 2017, HBO hosted a live stream on the ""Game of Thrones"" Facebook page that revealed the premiere date for the seventh season as being July 16, 2017. It was accompanied by a teaser trailer. On March 30, 2017, the first official promo for the show was released, highlighting the thrones of Daenerys Targaryen, Jon Snow, and Cersei Lannister. On April 20, 2017, HBO released 15 official photos shot during the season. On May 22, 2017, HBO released several new photos from the new season. On May 23, 2017, HBO released the official posters featuring the Night King.

a dozen Emmy Awards, including Outstanding Drama Series. By the end of 2016, all seasons up to season 6 (which premiered on April 24, 2016) had been aired on HBO and all seasons had been released on DVD and/or Blu-ray for home viewing (see List of Game of Thrones episodes). The company confirmed on July 18, 2016 that season 7 would consist of seven episodes instead of the usual ten, and would premiere later than usual, in mid-2017, because of the later filming schedule. This was necessary in order to be shooting during the winter season in Europe. Season 7

Game of Thrones (season 7) The seventh and penultimate season of the fantasy drama television series ""Game of Thrones"" premiered on HBO on July 16, 2017, and concluded on August 27, 2017. Unlike previous seasons that consisted of ten episodes each, the seventh season consisted of only seven. Like the previous season, it largely consisted of original content not found in George R. R. Martin's ""A Song of Ice and Fire"" series, while also incorporating material Martin revealed to showrunners about the upcoming novels in the series. The series was adapted for television by David Benioff and D. B. Weiss.

The first official trailer for season 7 was released on May 24, 2017. The trailer set a world record for being the most viewed show trailer ever, being viewed 61 million times across digital platforms, in the first 24 hours. The second official trailer was released on June 21, 2017. The season premiere was screened at the Walt Disney Concert Hall in Los Angeles on July 12, 2017. The season was released on Blu-ray and DVD in region 1 on December 12, 2017. The season premiere was pirated 90 million times in the first three days after it aired. On

Bender, who worked on the show's sixth season, said that the seventh season would consist of seven episodes. Benioff and Weiss stated that they were unable to produce 10 episodes in the show's usual 12 to 14 month time frame, as Weiss said ""It's crossing out of a television schedule into more of a mid-range movie schedule."" HBO confirmed on July 18, 2016, that the seventh season would consist of seven episodes, and would premiere later than usual in mid-2017 because of the later filming schedule. Later it was confirmed that the season would debut on July 16. The seventh","The seventh season of ""Game of Thrones"" premiered on HBO on July 16, 2017.",PASS,PASS,Cat4,Time / Sequence,TRUE,CLEAR,Annotator B
REP_0065,65,ASQA,585,When does steve come back in shameless season 5?,"also saw the return of Jack Deam as Marty Fisher as a regular cast member, who left the show in Series 4. When Frank finds himself being framed for brutally mugging a pensioner, Kev Ball, who left the show in Series 4, returned to help, with Dean Lennox Kelly reprising the role for a single episode to mark ""Shameless"" 100th episode. The ninth series of Shameless began on 9 January 2012 and concluded on 13 March 2012. The ninth series, originally consisting of 22 episodes, was reduced to 11 episodes, with the remaining 11 being turned into the tenth series.

Shameless (season 5) The fifth season of ""Shameless"", an American comedy-drama television series based on the British series of the same name by Paul Abbott, premiered on January 11, 2015 on the Showtime television network. Executive producers are John Wells, Paul Abbott and Andrew Stearn, and producer Michael Hissrich. Like all previous seasons, the season consisted of 12 episodes. The season picks up from the season 4 finale two to three months after the events of finding out Ian's bipolarity and Fiona's release from prison. Fiona begins a new relationship with a skilled member of a rock 'n' roll band

Carl run a babysitting service in the house to bring in extra funds. Sheila is simultaneously trying to find Eddie (who committed suicide last season) and working on getting over her agoraphobia. <onlyinclude></onlyinclude> The show's second season began shooting on July 5, 2011 and it premiered on Sunday, January 8, 2012 at a new time slot at 9:00pm. Shanola Hampton, Steve Howey, Joan Cusack, and Laura Slade Wiggins return in the second season as Veronica Fisher, Kevin ""Kev"" Ball, Sheila Jackson and Karen Jackson. Also returning are Noel Fisher as Mickey Milkovich, Pej Vahdat as Kash, Tyler Jacob Moore as

while Frank struggles with sobriety following his recent liver transplant. <onlyinclude></onlyinclude> On February 18, 2014, Showtime announced the series would be renewed for a fifth season. Production on the first episode began on July 3, 2014 with the first table read, with principal photography commencing on July 8, 2014. Shameless (season 5) The fifth season of ""Shameless"", an American comedy-drama television series based on the British series of the same name by Paul Abbott, premiered on January 11, 2015 on the Showtime television network. Executive producers are John Wells, Paul Abbott and Andrew Stearn, and producer Michael Hissrich. Like all

son, Karen makes them choose between her and the baby so Karen decides to leave the house. Wiggins makes her first appearance back into the season in episode 7 titled ""A Long Way From Home"". Stephanie Fantauzzi, Vanessa Bell Calloway, Marguerite Moreau and Tyler Jacob Moore return in the third season as Estefania, Carol Fisher, Linda and Tony Markovich. Louise Fletcher appears as Peg Gallagher, the Gallagher's grandmother. Shameless (season 3) The third season of ""Shameless"", an American comedy-drama television series based on the British series of the same name by Paul Abbott, premiered on January 13, 2013, at Sunday","In the American comedy-drama television series, Shameless, Steve returns in episode 5, ""Rite of Passage"" of season 5.",PASS,PASS,Cat4,Time / Sequence,TRUE,CLEAR,Annotator B
REP_0066,66,HALUEVALQA,haluevalqa-05438,"ON what date did the man who played Michael Sullivan, Jr. in Road to Perdition first appear in The Adventures of Supergirl","""The Adventures of Supergirl"" is the first episode and premiere of the second season from The CW television series ""Supergirl"", which aired on October 10, 2016. It is the first new episode of ""Supergirl"" to air on the CW since moving from CBS, and the first to feature a prominent appearance by Superman, portrayed by Tyler Hoechlin. He got his big break starring as Michael Sullivan, Jr. in the film ""Road to Perdition"" (2002). In 2016, Hoechlin was cast as Superman on the CW show ""Supergirl"".","Tyler Hoechlin first appeared in ""The Adventures of Supergirl"" when the episode aired on October 10, 2016.",PASS,PASS,Cat4,Time / Sequence,TRUE,CLEAR,Annotator B
REP_0067,67,HALUEVALQA,haluevalqa-05553,"What is the premiere date of this British sitcom on BBC, which starred Helen Monks?","Helen Monks is an English actress and writer, known for her roles in ""Raised by Wolves"", ""Upstart Crow"", ""The Archers"", ""Holby City"", ""The Last Kingdom"", and ""Genius"".Upstart Crow is a British sitcom which premiered on 9 May 2016 at 10pm on BBC Two as part of the commemorations of the 400th anniversary of the death of William Shakespeare.","""Upstart Crow"", the British sitcom featuring Helen Monks, premiered on BBC Two on 9 May 2016.",PASS,PASS,Cat4,Time / Sequence,TRUE,CLEAR,Annotator B
REP_0068,68,HALUEVALQA,haluevalqa-05806,"when was the American rapper, actor, television host,  that featured in  Up in Smoke Tourborn","The Up in Smoke Tour was a West Coast hip hop tour in 2000 which was headlined by Dr. Dre & Snoop Dogg, also featuring artists Ice Cube, Eminem, Proof, Nate Dogg, Kurupt, D12, MC Ren, Westside Connection, Mel-Man, Tha Eastsidaz, Doggy's Angels, Devin The Dude, Warren G, TQ, Truth Hurts, Xzibit, The D.O.C., Hittman, and Six-Two.Alvin Nathaniel Joiner (born September 18, 1974), better known by his stage name Xzibit (pronounced ""exhibit""), is an American rapper, actor, television host, radio personality and record producer.","Xzibit, who appeared on the Up in Smoke Tour, was born on September 18, 1974.",PASS,PASS,Cat4,Time / Sequence,TRUE,CLEAR,Annotator B
REP_0069,69,HALUEVALQA,haluevalqa-05521,"She Is, is the first studio album, released on which date, by the South Korean singer-songwriter Kim Jong-hyun, better known by the mononym Jonghyun, is a South Korean singer-songwriter, and radio host?","She Is is the first studio album by South Korean singer-songwriter Jonghyun, released on May 24, 2016 by S.M. Entertainment and distributed by KT Music.Kim Jong-hyun (born April 8, 1990), better known by the mononym Jonghyun, is a South Korean singer-songwriter, and radio host.","Jonghyun’s first studio album ""She Is"" was released on May 24, 2016.",PASS,PASS,Cat4,Time / Sequence,TRUE,CLEAR,Annotator B
REP_0070,70,HALUEVALQA,haluevalqa-05469,For how long did the author of STAT: Standing Tall and Talented book series have a career in basketball?,"STAT: Standing Tall and Talented is a series of children's books written by NBA basketball player Amar'e Stoudemire.Amar'e Carsares Stoudemire ( ; born November 16, 1982) is an American former professional basketball player who played the majority of his 15-year career in the National Basketball Association (NBA).","Amar’e Stoudemire, author of the ""STAT: Standing Tall and Talented"" series, had a 15-year professional basketball career.",PASS,PASS,Cat4,Time / Sequence,TRUE,CLEAR,Annotator B
REP_0071,71,ASQA,375,The war on poverty was a policy and slogan used in?,"and health care as poverty reduction strategies. These policies can also be seen as a continuation of Franklin D. Roosevelt's New Deal, which ran from 1933 to 1937, and the Four Freedoms of 1941. Johnson stated, ""Our aim is not only to relieve the symptom of poverty, but to cure it and, above all, to prevent it"". The legacy of the War on Poverty policy initiative remains in the continued existence of such federal programs as Head Start, Volunteers in Service to America (VISTA), TRiO, and Job Corps. Deregulation, growing criticism of the welfare state, and an ideological shift to

federal programs have actually decreased poverty. For liberals, it lessens the supposed need to expand existing programs or to create new ones."" Several economists and social scientists whose work had been referenced in the report said that Ryan either misunderstood or misrepresented their research. War on Poverty The War on Poverty is the unofficial name for legislation first introduced by United States President Lyndon B. Johnson during his State of the Union address on Wednesday, January 8, 1964. This legislation was proposed by Johnson in response to a national poverty rate of around nineteen percent. The speech led the United

exceeding $10 billion; apparently legislators believe they're still working. President Johnson's ""War on Poverty"" speech was delivered at a time of recovery (the poverty level had fallen from 22.4% in 1959 to 19% in 1964 when the War on Poverty was announced) and it was viewed by critics as an effort to get the United States Congress to authorize social welfare programs. Some economists, including Milton Friedman, have argued that Johnson's policies actually had a negative impact on the economy because of their interventionist nature, noting in a PBS interview that ""the government sets out to eliminate poverty, it has

The War on Poverty: 50 Years Later ""The War on Poverty: 50 Years Later"" is a report by the Budget Committee of the United States House of Representatives published on March 3, 2014. It was published in recognition of the 50th anniversary of Lyndon B. Johnson's 1964 State of the Union address, in which he declared ""an unconditional war on poverty in America"". The reports advances the argument that federal antipoverty programs suffer from defects that “penalize families for getting ahead” and that “the complex web of federal programs and sudden drop-off in benefits create extraordinarily high effective marginal tax

based on Brown's comment. All of the statistical errors were later corrected, and Waldfogel's criticism was fixed. The War on Poverty: 50 Years Later ""The War on Poverty: 50 Years Later"" is a report by the Budget Committee of the United States House of Representatives published on March 3, 2014. It was published in recognition of the 50th anniversary of Lyndon B. Johnson's 1964 State of the Union address, in which he declared ""an unconditional war on poverty in America"". The reports advances the argument that federal antipoverty programs suffer from defects that “penalize families for getting ahead” and that",The War on Poverty slogan was first introduced by President Lyndon B. Johnson in 1954.,PASS,PASS,Cat4,Time / Sequence,FALSE,CLEAR,Annotator B
REP_0072,72,ASQA,77,Who plays the white queen in alice through the looking glass?,"Channing, Penelope Wilton and Brenda Bruce. In ""Sandra the Fairytale Detective"", her name is Victoria because she is the Queen of Victory. Anne Hathaway portrays the White Queen (renamed ""Mirana of Marmoreal"") in Tim Burton's 2010 adaptation alongside Helena Bonham Carter as Iracebeth, the Red Queen; they are portrayed as sisters. The White Queen's soldiers appear in white armor inspired by chess pieces while The Red Queen's appear in armour made to resemble cards. Mirana's delicate exterior is reinforced by her habit of holding her hands gracefully at shoulder height in almost every scene in which she appears. But her

fantasy novels ""Alice's Adventures in Wonderland"" and ""Through the Looking-Glass"" alongside Helena Bonham Carter and Johnny Depp. She summed up her character with a caption on a magnet of Happy Bunny holding a knife; ""Cute but psycho. Things even out."" Hathaway described her interpretation of the White Queen as ""a punk-rock vegan pacifist"", drawing inspiration from Debbie Harry and the artwork of Dan Flavin. ""Alice in Wonderland"" received mixed reviews from critics, who praised its visuals, but criticized its lack of narrative coherence. Commercially, the film grossed $1 billion to become the second highest-grossing movie of 2010. Hathaway starred (alongside

fearsome pet. That champion arrives in Alice (Mia Wasikowska), now a young woman, who initially thinks she is having a recurring dream. By the film's climax, however, Alice accepts her destiny and slays the Jabberwocky, restoring rulership of Wonderland to the White Queen. Mirana banishes her sister and bids Alice goodbye. Despite her benevolent and kind attitude, Anne Hathaway remarks that on the inside, the White Queen is just as sadistic as her sister, if not more so, and has surrounded herself with an elegant, airy and blissful atmosphere, out of fear she will not be able to control her

square to square on a large chessboard. Alice Through the Looking Glass (1987 film) Alice Through the Looking Glass is a 1987 Australian-Italian animated film nominally based on the novel ""Through the Looking-Glass"" by Lewis Carroll. It was directed by Andrea Bresciani and Richard Slapczynski from a screenplay by Jameson Brewer. The movie starts off with a bored Alice trapped in her house by a snow storm. The film's voice cast includes Janet Waldo as Alice, Mr. T. as the Jabberwock, Phyllis Diller as the White Queen, Jonathan Winters as Tweedledum and Tweedledee, and Alan Young as the White Knight.

Alice Through the Looking Glass (1987 film) Alice Through the Looking Glass is a 1987 Australian-Italian animated film nominally based on the novel ""Through the Looking-Glass"" by Lewis Carroll. It was directed by Andrea Bresciani and Richard Slapczynski from a screenplay by Jameson Brewer. The movie starts off with a bored Alice trapped in her house by a snow storm. The film's voice cast includes Janet Waldo as Alice, Mr. T. as the Jabberwock, Phyllis Diller as the White Queen, Jonathan Winters as Tweedledum and Tweedledee, and Alan Young as the White Knight. Much of the film consists of Alice",Phyllis Diller portrayed the White Queen after Anne Hathaway.,PASS,PASS,Cat4,Time / Sequence,FALSE,CLEAR,Annotator B
REP_0073,73,ASQA,186,When did the french join revolution on colonists side?,"on New York City. At Rochambeau's urging, Washington abandoned the planned attack and instead they moved into Virginia to join with the French fleet of Admiral François de Grasse to trap Lord Cornwallis's British army at Yorktown, forcing its surrender in October 1781. France had been in contact with colonial radicals as early as 1774. In January 1776 France began sending large amounts of covert financial aid and military supplies to the American rebels. Following the loss of a British army during the Saratoga Campaign of 1777, France signed a Treaty of Alliance recognising American Independence in February 1778. This

France in the American Revolutionary War French involvement in the American Revolutionary War began in 1775, when France, a rival of the British Empire, secretly shipped supplies to the Continental Army. A Treaty of Alliance in 1778 soon followed, which led to shipments of money and matériel to the United States. Subsequently, the Spanish Empire and the Dutch Republic also began to send assistance, leaving the British Empire with no allies. France's help is considered a vital and decisive contribution to the United States' victory against the British. As a cost of participation in the war, France accumulated over 1

soon arrive with reinforcements, the French garrison surrendered. The remaining French troops were evacuated, and the French fleet returned to Martinique, another French colony. St. Lucia stayed in the hands of the British. France formally recognized the United States on February 6, 1778, with the signing of the Treaty of Alliance. Britain declared war on France on March 17, 1778 spurring France's entry into the American Revolutionary War. On September 7, 1778, the French governor of Martinique, Marquis de Bouille, launched a surprise attack on the British-held Island of Dominica, and took control of the former French colony. On November

off their chains"". In 1775 the first fighting broke out, and in July 1776, the colonists declared independence. Long before France's open entry into the war, Vergennes approved of the Pierre Beaumarchais's plan for secret French assistance. From early 1776, the French gave supplies, arms, ammunition and volunteers to the American rebels. The weakness of the British naval blockade off the American coast allowed large amounts of goods to reach the continent. In 1777, Vergennes informed the Americans' commissioners that France acknowledged the United States, and was willing to form an offensive and defensive alliance with the new state. In

a sizable force of French soldiers under the comte de Rochambeau, arrived in America in July 1780. In October 1781, the French force played a key role in the surrender of a British army at Yorktown. In spite of the large British military presence in the colonies and its continued control of several major cities, in early 1782, the British parliament passed a resolution suspending further offensives against the Americans. This did not apply to their other enemies in other theatres of war. After the success at Yorktown, the French fleet went to the West Indies as part of a",France formally entered the American Revolutionary War before it began secretly sending supplies to the American colonists.,PASS,PASS,Cat4,Time / Sequence,FALSE,CLEAR,Annotator B
REP_0074,74,ASQA,345,When did the united states purchase the louisiana territory?,"had authorized Livingston only to purchase New Orleans. However, Livingston was certain that the United States would accept the offer. The Americans thought that Napoleon might withdraw the offer at any time, preventing the United States from acquiring New Orleans, so they agreed and signed the Louisiana Purchase Treaty on April 30, 1803. On July 4, 1803, the treaty was announced, but the documents did not arrive in Washington, D.C. until July 14. The Louisiana Territory was vast, stretching from the Gulf of Mexico in the south to Rupert's Land in the north, and from the Mississippi River in the

territory to help fund his wars in Europe. France took formal control of Louisiana from Spain on November 30, 1803, and turned over New Orleans to the United States on December 20, 1803. The U.S. took over the rest of the territory on March 10, 1804. The Louisiana Purchase doubled the size of the United States and opened U.S. expansion west to the Pacific Ocean and the Gulf Coast. The precise boundaries of the area had still not been determined. The United States, having purchased the territory from France, claimed the same boundaries France had claimed before the transfer to

Louisiana Purchase The Louisiana Purchase ( ""Sale of Louisiana"") was the acquisition of the Louisiana territory () by the United States from France in 1803. The U.S. paid fifty million francs ($11,250,000) and a cancellation of debts worth eighteen million francs ($3,750,000) for a total of sixty-eight million francs ($15 million, equivalent to about $600 billion given the GDP of 2017. The Louisiana territory included land from fifteen present U.S. states and two Canadian provinces. The territory contained land that forms Arkansas, Missouri, Iowa, Oklahoma, Kansas, and Nebraska; the portion of Minnesota west of the Mississippi River; a large portion

France regained sovereignty of the western territory in the secret Third Treaty of San Ildefonso of 1800. But strained by obligations in Europe, Napoleon Bonaparte sold the territory to the United States in the Louisiana Purchase of 1803, ending France's presence in Louisiana. The United States ceded part of the Louisiana Purchase to the United Kingdom in the Treaty of 1818. This section lies above the 49th parallel north in a part of present-day Alberta and Saskatchewan. In the 18th century, Louisiana included most of the Mississippi River basin (see drawing alongside) from what is now the Midwestern United States

Effective October 1, 1804, the purchased territory was organized into the Territory of Orleans (most of which would become the state of Louisiana) and the District of Louisiana, which was temporarily under control of the governor and judicial system of the Indiana Territory. The following year, the District of Louisiana was renamed the Territory of Louisiana, aka Louisiana Territory (1805–1812). New Orleans was the administrative capital of the Orleans Territory, and St. Louis was the capital of the Louisiana Territory. A dispute soon arose between Spain and the United States regarding the extent of Louisiana. The territory's boundaries had not",The United States purchased the Louisiana Territory from France in 1805.,PASS,PASS,Cat4,Time / Sequence,FALSE,CLEAR,Annotator B
REP_0075,75,ASQA,152,When did england last make the quarter final of the world cup?,"to champions West Germany in the semi-final. They also finished in fourth place in 2018. The team also reached the quarter-final stage in 1954, 1962, 1970, 1986, 2002 and 2006. England failed to qualify for the World Cup in 1974, 1978 and 1994. The team's earliest exit in the finals tournament was its elimination in the first round in 1950, 1958 and, most recently, the 2014 FIFA World Cup, after being defeated in both their opening two matches for the first time, versus Italy and Uruguay in Group D. In 1950, four teams remained after the first round, in 1958

the 1954 World Cup, two goals by Broadis saw him become the first England player to score two goals in a game at the World Cup finals. Broadis beat Nat Lofthouse by 30 minutes when both scored two each in the thrilling 4–4 draw against Belgium. In reaching the quarter-finals for the first time, England lost 4–2, being eliminated by Uruguay. Only twice have England progressed beyond the World Cup quarter-finals away from home. On 15 May 1957, Stanley Matthews became the oldest player ever to represent his country. On his last appearance for England, in a 4–1 defeat by

Cup. 13 June 1986 – Southampton sign 19-year-old goalkeeper Tim Flowers from Wolverhampton Wanderers for £70,000, while 23-year-old midfielder Ian Crook joins Norwich City from Tottenham Hotspur for £80,000. 18 June 1986 – England beat Paraguay 3–0 to reach the World Cup quarter-finals for the first time since 1970. 22 June 1986 – England's World Cup challenge is ended in the quarter-finals when they lose 2–1 to Argentina. Diego Maradona scores both goals for Argentina, his first goal being the controversial ""Hand of God"" goal which was allowed despite being an obvious handball. England reached the quarter-finals of the 1986

round of 16 defeating Denmark 3–0, thanks to goals from Micheal Owen, Rio Ferdinand, and Emile Heskey. England played four-time World Cup winners and 1998 runners-up Brazil in the quarter-finals. Despite leading through a Michael Owen goal, a mistake by David Seaman saw England lose 2–1, and Brazil won their fourth World Cup match against England, and went on to win the tournament. England were drawn into Group 6 of European qualifying for the 2006 World Cup. The group featured other home nations in Wales, and Northern Ireland, as well as Poland (who had eliminated England the last time the

point out that the Hungarians were actually a great side."" He guided England to first place in the 1953–54 British Home Championship, which qualified the team for the 1954 World Cup in Switzerland, but saw his side knocked out in the quarter-finals, going down 4–2 against Uruguay. Three wins and a draw from four matches enabled England's qualification for the 1958 World Cup, only for Winterbottom's side to fail in the group play-off stage, losing 1–0 to the Soviet Union. England lost to Brazil in the quarter-final of the 1962 World Cup in Chile and, under attack from the British","Before its 2018 fourth-place finish, England's most recent World Cup quarter-final appearance was in 1986.",PASS,PASS,Cat4,Time / Sequence,FALSE,CLEAR,Annotator B
REP_0076,76,HALUEVALQA,haluevalqa-05306,Secret in their Eyes stars a British actor who enrolled at the Nationial Youth Theater in 1995 and gained a scholarship to where?,"The film stars Chiwetel Ejiofor, Nicole Kidman, Julia Roberts, Dean Norris, and Michael Kelly.Chiwetel Umeadi Ejiofor, CBE ( ; born 10 July 1977) is a British actor. After enrolling at the National Youth Theatre in 1995, and gaining a scholarship to the London Academy of Music and Dramatic Art, at age 19 and three months into his course, Ejiofor was cast by Steven Spielberg to play a supporting role in the film ""Amistad"" (1997) as James Covey.",Chiwetel Ejiofor gained a scholarship to the London Academy of Music and Dramatic Art before enrolling at the National Youth Theatre.,PASS,PASS,Cat4,Time / Sequence,FALSE,CLEAR,Annotator B
REP_0077,77,HALUEVALQA,haluevalqa-00055,"Lee Jun-fan played what character in ""The Green Hornet"" television series?","Kato is a fictional character from ""The Green Hornet"" series. Keye Luke took the role in the movie serials, and in the television series he was portrayed by Bruce Lee.Lee Jun-fan (; November 27, 1940 – July 20, 1973), known professionally as Bruce Lee, was a Hong Kong and American actor, film director, martial artist, martial arts instructor, philosopher and founder of the martial art Jeet Kune Do.",The actor who portrayed Kato in The Green Hornet television series was born in 1941.,PASS,PASS,Cat4,Time / Sequence,FALSE,CLEAR,Annotator B
REP_0078,78,HALUEVALQA,haluevalqa-06051,Intiman Theatre Festival has hosted the actress and singer of what nationality?,"Intiman Theatre Festival in Seattle, Washington, was founded in 1972 as a resident theatre by Margaret ""Megs"" Booker, who named it for August Strindberg's Stockholm theater. The theater has been host to Tony-nominated Director Bartlett Sher (who served as both a director and artistic director), Tony-nominated actress Celia Keenan-Bolger, and movie actor Tom Skerritt.Celia Keenan-Bolger (born January 26, 1978) is an American actress and singer.",The actress and singer hosted by Intiman Theatre Festival was born in 1979.,PASS,FAIL,Cat4,Time / Sequence,FALSE,CLEAR,Annotator B
REP_0079,79,HALUEVALQA,haluevalqa-06028,Which American computer animated road-comedy-adventure film is Bolt  based on,It is based on the Disney film of the same name.Bolt is a 2008 American computer animated road-comedy-adventure film produced by Walt Disney Animation Studios and released by Walt Disney Pictures.,Bolt was released in 2009.,PASS,FAIL,Cat4,Time / Sequence,FALSE,CLEAR,Annotator B
REP_0080,80,HALUEVALQA,haluevalqa-06034,"What is the name of the American football coach born in 1967, who is in his fifth season, as of 2017, with the Idaho Vandals football team?","The Idaho Vandals are the college football team that represents the University of Idaho and plays its home games at the Kibbie Dome, an indoor facility on campus in Moscow, Idaho. The current head coach is Paul Petrino, in his fifth season in 2017.Paul Vincent Petrino (born May 25, 1967) is an American college football coach, currently the head coach at the University of Idaho in Moscow.",Paul Petrino was born in 1968.,PASS,FAIL,Cat4,Time / Sequence,FALSE,CLEAR,Annotator B
REP_0081,81,ASQA,474,When was my big fat greek wedding filmed?,"and media outlets reported that a sequel was in the works. Nia Vardalos later confirmed this via Twitter, and she also has written a script for the film. The first trailer for ""My Big Fat Greek Wedding 2"" was aired on NBC's ""The Today Show"" on November 11, 2015 and it was released on March 25, 2016, to mixed reviews from critics and modest box office success. My Big Fat Greek Wedding My Big Fat Greek Wedding is a 2002 romantic comedy film directed by Joel Zwick and written by Nia Vardalos, who also stars in the film as Fotoula

My Big Fat Greek Wedding 2 My Big Fat Greek Wedding 2 is a 2016 American romantic comedy film directed by Kirk Jones and written by Nia Vardalos. The film stars Vardalos, John Corbett, Lainie Kazan, Michael Constantine, Andrea Martin, Ian Gomez and Elena Kampouris. It is the sequel to the 2002 film ""My Big Fat Greek Wedding"". Filming began in late May 2015 in Toronto. The film was released on March 25, 2016 by Universal Pictures. The film grossed $88.9 million worldwide against a $18 million budget. Toula Portokalos-Miller's (Nia Vardalos) life is in shambles. Her travel agency and

by CinemaScore, audiences gave the film an average grade of ""A–"" on an A+ to F scale. In late June 2016, Vardalos hinted at the possibility of a third film, saying that although no writing has been done, she does have an idea. My Big Fat Greek Wedding 2 My Big Fat Greek Wedding 2 is a 2016 American romantic comedy film directed by Kirk Jones and written by Nia Vardalos. The film stars Vardalos, John Corbett, Lainie Kazan, Michael Constantine, Andrea Martin, Ian Gomez and Elena Kampouris. It is the sequel to the 2002 film ""My Big Fat Greek

depict Gus and Maria Portokalos's residence (as well as the home bought next door at the end of the film for Toula and Ian) is located on Glenwood Crescent just off O'Connor Drive in East York. The real home representing the Portokalos' residence actually has most of the external ornamentation that was shown in the film. Also, some minor parts of the movie were shot at Jarvis Collegiate Institute in Toronto. After a February 2002 premiere, it was initially released in the United States via a limited release on April 19, 2002 before receiving a wider release worldwide over the

My Big Fat Greek Wedding My Big Fat Greek Wedding is a 2002 romantic comedy film directed by Joel Zwick and written by Nia Vardalos, who also stars in the film as Fotoula ""Toula"" Portokalos, a middle class Greek American woman who falls in love with non-Greek upper middle class White Anglo-Saxon Protestant Ian Miller. The film received generally positive reviews from critics and, at the 75th Academy Awards, it was nominated for the Academy Award for Best Original Screenplay. A sleeper hit, the film became the highest-grossing romantic comedy of all time, and grossed $241.4 million in North America,",My Big Fat Greek Wedding became the highest-grossing romantic comedy of all time.,PASS,FAIL,Cat5,Comparative / Superlative,TRUE,CLEAR,Annotator B
REP_0082,82,ASQA,507,Who was britain's got talent winner 2015?,"the previous series ended, claiming that some of the judges would be leaving before the ninth series, these were later dismissed as being unfounded by ITV, on 16 January 2015. The ninth series was won by dog tricks duo Jules O'Dwyer & Matisse, with magician Jamie Raven finishing in second place and Welsh choir Côr Glanaethwy in third place. Following the series' broadcast, viewers complained about being misled by winner O'Dwyer's performance, after it was found that their act involved a second dog that had not been disclosed to the public or the judges. During its broadcast, the series averaged

The series was won by dance troupe Diversity, with singer Susan Boyle coming in second, and saxophonist Julian Smith placing third. It is one of the highest watched series in the history of ""Britain's Got Talent"", attracting an average of over 13.3 million viewers, with the contributing factor being the performances made by Boyle. The fourth series was aired during 2010, between 17 April to 5 June; a single episode of this series, intended for airing on 22 May, was pushed back to 23 May, in order to avoid it clashing with live coverage of the UEFA Champions League Final

Spot"" tents, owing to the show's sponsorship deal with the supermarket chain at the time. The series was won by boy band Collabro, with opera singer Lucy Kay coming in second, and rapper duo Bars & Melody placing third. The ninth series was aired during 2015, between 11 April to 31 May. This series saw the ""Wildcard"" feature updated; along with the judges being able to put forth an eliminated act from the semi-finals into the final (referred to as the Judges' Wildcard), the show now also allowed the public to vote between the three most popular eliminated acts, with

Cardiff, between January and February earlier that year. The series had 3 live semi-finals, featuring a total of 24 semi-finalists, all of whom were vying for a chance to perform at the Royal Variety Performance, as well as claiming a £100,000 cash prize. The series was won by opera singer Paul Potts; the results of the other finalists were not announced. The second series was aired during 2008, between 12 April to 31 May, and featured notable differences. Not only did the series run for much longer, auditions took place in Blackpool and Glasgow, the latter following complaints that Scotland

were held within Manchester, Blackpool and London, with two of these cities holding open auditions in 2017, alongside a number of locations within the United Kingdom and Ireland, including Edinburgh, Perth, Dundee, Aberdeen, Glasgow, Dublin, and Inverness. The series was won by stand-up comedian Lost Voice Guy, with comedy singer/pianist Robert White coming second, and singer Donchez Dacres placing third. Britain's Got More Talent is a companion sister show that is broadcast on ITV2, and is aired after each episode of ""Britain's Got Talent"" since the main show began in June 2007. Hosted by Stephen Mulhern (with occasional appearances by",Jules O'Dwyer & Matisse finished higher than Jamie Raven in the ninth series of Britain's Got Talent.,PASS,PASS,Cat5,Comparative / Superlative,TRUE,CLEAR,Annotator B
REP_0083,83,ASQA,74,What is the name of bangalore city railway station?,"Rail Corporation Limited (BMRCL) decided to construct a foot-over-bridge from the metro station until the boundary of the railway station, while the South Western Railway, would complete the rest of the work. The foot-over-bridge is expected to open in June 2017. The railway station is also served by Kempegowda Bus Station. Bangalore City railway station Bangalore City railway station (Station code: SBC), officially known as Krantivira Sangolli Rayanna railway station, is the main railway station serving the city of Bengaluru, Karnataka, India.It is the second busiest railway station in South India after the Chennai Central in Chennai It is located

Bangalore City railway station Bangalore City railway station (Station code: SBC), officially known as Krantivira Sangolli Rayanna railway station, is the main railway station serving the city of Bengaluru, Karnataka, India.It is the second busiest railway station in South India after the Chennai Central in Chennai It is located across the Kempegowda Bus Station. The station has 10 platforms and two entrances. Platforms 1 to 7 connect to the Chennai and Salem railway lines. On platforms 8 to 10, service trains arrive via Yeshwantpur from Hubballi-Dharwad. Platforms 1 to 4 terminate at Bangalore. On platforms 5 to 10, service trains

depart towards Mysuru. There are railway lines between Platforms 4 and 5 that are used as the railway yard. There are 5 railway lines passing from Bangalore City railway station - to Hyderabad via Guntakal, Chennai via Krishnarajapuram, Salem via Hosur, Mysuru, Hubballi-Dharwad via Tumkur, Birur. The Bangalore-Chennai railway line via Bangalore Cantonment, Bangarpet, is fully electrified and open for traffic. The Bangalore- Mysore line is also doubled and electrified. The railway station is served by KSR City Railway Station metro station on the Namma Metro's Purple Line, which opened on 30 April 2016. Later that year, the Bangalore Metro

Bangarapet Junction railway station Bangarapet railway station (station code: BWT) (earlier called Bowringpet) is located in Kolar district in the Indian state of Karnataka and serves Bangarapet. Madras Railway connected Bangalore Cantonment to Jolarpettai as a branch on the newly constructed Chennai- Beypur line in 1864.The station was then known by the name as Kolar Road for its proximity to the Kolar Gold fields and later christened as Bowringpet the name of a District collector of Britishers of the area. Bangalore Mail started running around the same period the exact date not being very clear . The wide narrow gauge

has existed since starting operations in 1864, with the launch of the Bangalore Cantonment - Jolarpettai train services by the Madras Railway. The train line was broad-gauge and 149 km long, connecting the Bangalore Cantonment with Vellore district. Recently in a bid to give a face-lift to the Bangalore East Railway Station, the Indian Railways started 5 new booking counters at the station. As the Express trains do not halt at this station, there has been a long-standing demand from residents of the surrounding suburbs of Fraser Town, Cox Town, Bharathinagar, Sevanagar, Jeevanahalli, Banaswadi and Kammanahalli, for all trains to",Krantivira Sangolli Rayanna railway station is less busy than Chennai Central.,PASS,FAIL,Cat5,Comparative / Superlative,TRUE,CLEAR,Annotator B
REP_0084,84,ASQA,458,Galvanized metals have been covered with a thin sheet of?,"zinc was imported in America, used by builders in New York City and elsewhere. Pure zinc is subject to creep at ordinary temperatures. Zinc-coated metals were first patented in 1837, separately by M. Sorel in France and H. W. Crawford in England. The methods employed a “hot dipping” process to coat sheet iron with zinc. By 1839 “galvanized” sheet iron roofing was being used in New York City. The Merchant's Exchange in Manhattan was one of the first buildings to have both a galvanized roof and galvanized gutters. Some galvanized sheet roofing was pressed with designs, a popular technique in

method for coating small, complex-shaped metals, and for smoothing rough surfaces on items formed with sintered metal. Although galvanizing will inhibit attack of the underlying steel, rusting will be inevitable after some decades of exposure to weather, especially if exposed to acidic conditions. For example, corrugated iron sheet roofing will start to degrade within a few years despite the protective action of the zinc coating. Marine and salty environments also lower the lifetime of galvanized iron because the high electrical conductivity of sea water increases the rate of corrosion, primarily through converting the solid zinc to soluble zinc chloride which

Galvannealed Galvannealed or galvanneal (galvannealed steel) is the result from the processes of galvanizing followed by annealing of sheet steel. Galvannealed steel is a matte uniform grey color, which can be easily painted. In comparison to galvanized steel the coating is harder, and more brittle. Production of galvannealed sheet steel begins with hot dip galvanization of sheet steel. After passing through the galvanizing zinc bath the sheet steel passes through air knives to remove excess zinc, and is then heated in an annealing furnace for several seconds causing iron and zinc layers to diffuse into one another causing the formation

where corrosion resistance is needed without the cost of stainless steel, and is considered superior in terms of cost and life-cycle. It can be identified by the crystallization patterning on the surface (often called a ""spangle""). Galvanized steel can be welded; however, one must exercise caution around the resulting toxic zinc fumes. Galvanized steel is suitable for high-temperature applications of up to . The use of galvanized steel at temperatures above this will result in peeling of the zinc at the ""inter metallic"" layer . Electrogalvanized sheet steel is often used in automotive manufacturing to enhance the corrosion performance of

usually present. Thermal diffusion galvanizing, or Sherardizing, provides a zinc diffusion coating on iron- or copper-based materials. Parts and zinc powder are tumbled in a sealed rotating drum. Around , zinc will diffuse into the substrate to form a zinc alloy. The advance surface preparation of the goods can be carried out by shot blasting. The process is also known as ""dry galvanizing"", because no liquids are involved; this can avoid possible problems caused by hydrogen embrittlement. The dull-grey crystal structure of the zinc diffusion coating has a good adhesion to paint, powder coatings, or rubber. It is a preferred",The zinc coating on galvanized steel provides greater protection against corrosion than the underlying steel alone.,PASS,PASS,Cat5,Comparative / Superlative,TRUE,CLEAR,Annotator B
REP_0085,85,ASQA,55,Who wrote give me a home among the gum trees?,"Give Me a Home Among the Gumtrees Give Me a Home Among the Gumtrees (or Home Among the Gumtrees) is a popular Australian song written in 1974 by Wally Johnson and Bob Brown (aka Captain Rock). It was originally performed as a satirical number in Johnson and Brown's comedy act at the Flying Trapeze Cafe in Fitzroy, Melbourne and was first recorded in 1975 on the Captain Rock album ""Buried Treasure"" on Mushroom Records. At that time the Australian Government had decided to scrap ""God Save the Queen"" as the national anthem and was running a contest called the ""Australian

""Give Me a Home Among the Gumtrees "" Give Me a Home Among the Gumtrees Give Me a Home Among the Gumtrees (or Home Among the Gumtrees) is a popular Australian song written in 1974 by Wally Johnson and Bob Brown (aka Captain Rock). It was originally performed as a satirical number in Johnson and Brown's comedy act at the Flying Trapeze Cafe in Fitzroy, Melbourne and was first recorded in 1975 on the Captain Rock album ""Buried Treasure"" on Mushroom Records. At that time the Australian Government had decided to scrap ""God Save the Queen"" as the national anthem

was later recorded by popular Australian country music singer-songwriter John Williamson, thus increasing its popularity (many mistakenly believe Williamson to be the original composer). Bullamakanka made some changes to the lyrics, which were also retained in Williamson's recording. These tended to water down the original tongue-in-cheek nature of the song. Bullamakanka's version was later used as the theme song for a popular gardening and lifestyle television program called ""Burke's Backyard"", which ran on Australian television for 17 years. The program once held a competition for the best school video version of Home Among the Gumtress, and thousands of entries were

submitted; one of the winners was an Aboriginal community school group who sang the song in their own language. Home Among the Gumtress has a set of mime actions accompanying the chorus which are familiar to people throughout Australia, although their exact origins are unknown. The song has become one of the most frequently recorded Australian compositions of all time and is a standard in Australian folk music. A variety of artists have covered it, ranging from bushbands like Paradiddle to international superstar violinist André Rieu, who included it on his 2008 album Waltzing Matilda. John Williamson performed Gumtrees at

music. The ABC observed: ""Like our landscape, the history of Australia is best told by our poets, and this recording offers a unique slice... of our bushland, our people, our dreams, and our extraordinary sense of humour."" Forrester's music also appeared on the Larrikin Records 1996 composite album, ""Give Me a Home Among the Gum Trees"", along with Australian country-folk icons Eric Bogle, Judy Small, The Bushwackers, and others. Random House Australia's 1991 profile declared that ""the most striking aspect of the albums, apart from their frequency, is the exceptionally high standard of songwriting."" ""Australian Country Music"" observed that the",Wally Johnson and Bob Brown have a stronger claim to authorship of Give Me a Home Among the Gumtrees than John Williamson.,PASS,PASS,Cat5,Comparative / Superlative,TRUE,CLEAR,Annotator B
REP_0086,86,HALUEVALQA,haluevalqa-00045,"What American country music singer-songwriter, born in May of 1942, sang a duet with her ex-husband the same year that he released the song ""The Battle?""","""The Battle"" is a song by American country music artist George Jones. Meanwhile, the single ""Golden Ring,"" a duet with his estranged ex-wife Tammy Wynette, became a #1 hit that same year.Tammy Wynette (born Virginia Wynette Pugh; May 5, 1942 – April 6, 1998) was an American country music singer-songwriter and one of country music's best-known artists and biggest-selling female singers.",Tammy Wynette was one of country music's biggest-selling female singers.,PASS,FAIL,Cat5,Comparative / Superlative,TRUE,CLEAR,Annotator B
REP_0087,87,HALUEVALQA,haluevalqa-05352,"War Front, is an American Thoroughbred racehorse, in 2006 he won which American Thoroughbred horse race held annually near the end of July at Saratoga Race Course in Saratoga Springs, New York?","In 2006 he won the Alfred G. Vanderbilt Handicap and finished second in the Forego Handicap and Vosburgh Stakes.The Alfred G. Vanderbilt Handicap is an American Thoroughbred horse race held annually near the end of July at Saratoga Race Course in Saratoga Springs, New York.",War Front placed higher in the Alfred G. Vanderbilt Handicap than in the Forego Handicap in 2006.,PASS,PASS,Cat5,Comparative / Superlative,TRUE,CLEAR,Annotator B
REP_0088,88,HALUEVALQA,haluevalqa-05497,Come Next Monday was a song by which country singer of the late 80s and early 90s?,"""Come Next Monday"" is a song co-written by American country music singer K. T. Oslin.Kay Toinette ""K. T."" Oslin (born May 15, 1942) is an American country music singer and songwriter. She is known for a series of top-ten country hits during the late 1980s and early 1990s, four of which topped the American Country chart.",K. T. Oslin had a number-one hit on the American Country chart.,PASS,FAIL,Cat5,Comparative / Superlative,TRUE,CLEAR,Annotator B
REP_0089,89,HALUEVALQA,haluevalqa-05526,Billy Henry played for Manchester City and which other current Premier League club?,"William ""Billy"" A. Henry was a footballer who played as a right back for Rangers, Falkirk, Leicester City and Manchester City. They compete in the Premier League, England's top division of football.","Leicester City competes in England's top division of football, the Premier League.",PASS,PASS,Cat5,Comparative / Superlative,TRUE,CLEAR,Annotator B
REP_0090,90,HALUEVALQA,haluevalqa-05834,Who is the author of the fairy tale that the 1948 movie by the Archers is based on?,"The British film-making partnership of Michael Powell (1905–1990) and Emeric Pressburger (1902–1988)—together often known as The Archers, the name of their production company—made a series of influential films in the 1940s and 1950s. The best known of these are ""The Life and Death of Colonel Blimp"" (1943), ""A Canterbury Tale"" (1944), ""A Matter of Life and Death"" (1946), ""Black Narcissus"" (1947), ""The Red Shoes"" (1948), and ""The Tales of Hoffmann"" (1951). The film is about a ballerina who joins an established ballet company and becomes the lead dancer in a new ballet called ""The Red Shoes"", itself based on the fairy tale ""The Red Shoes"" by Hans Christian Andersen.","""The Red Shoes"" is one of The Archers' best-known films.",PASS,FAIL,Cat5,Comparative / Superlative,TRUE,CLEAR,Annotator B
REP_0091,91,ASQA,153,Who was considered the father of the blues?,"storied history with blues that goes back generations stemming from the Great Migration from the South and particularly the Mississippi Delta region in pursuit of advancement and better career possibilities for musicians. Created by Commissioner of Cultural Affairs Lois Weisberg, the festival began in 1984, a year after the death of McKinley Morganfield, better known as Muddy Waters, who is generally considered ""the father of Chicago blues"". Each year the organizers choose a theme, generally to honor a recently departed blues musician. Obviously, Chicago blues acts are common. In 2015, the festival celebrated the centenary of the births of Muddy

Frank Stokes (musician) Frank Stokes (January 1, 1877 or 1888 – September 12, 1955) was an American blues musician, songster, and blackface minstrel, who is considered by many musicologists to be the father of the Memphis blues guitar style. Stokes was born in Shelby County, Tennessee, in the vicinity of Whitehaven, located two miles north of the Mississippi state line. There is uncertainty over his year of birth; his daughter and later sources reported 1888, but the researchers Bob Eagle and Eric LeBlanc give 1877, the date on his World War I draft card. His parents died when he was

Memphis blues The Memphis blues is a style of blues music created from the 1910s to the 1930s by musicians in the Memphis area, like Frank Stokes, Sleepy John Estes, Furry Lewis and Memphis Minnie. The style was popular in vaudeville and medicine shows and was associated with Beale Street, the main entertainment area in Memphis, W. C. Handy, the ""Father of the Blues"", published the song ""The Memphis Blues"". In lyrics, the phrase has been used to describe a depressed mood. In addition to guitar-based blues, jug bands, such as Gus Cannon's Jug Stompers and the Memphis Jug Band,

television, John Franz decided to present her in an album of traditional blues songs. Several of the compositions that appeared on the album were written by W.C. Handy, known as ""Father of the Blues"". The recordings appear here in mono, no stereo versions are known to exist. In the 1970s Philips did re-issue them in an ""electronically enhanced"" stereo (also known as ""pseudo-stereo""), but these added echoes proved unpopular, and these versions have not been re-released. For many years the recordings made by Bassey at Philips were not generally available on CD. Since the late 2000s they have fallen into

Fathers and Sons (album) Fathers and Sons is the seventh studio album by American blues musician Muddy Waters, originally released as a double LP by Chess Records in August 1969. The album features both studio and live recordings recorded in April 1969 with an all-star band including Michael Bloomfield and Paul Butterfield of the Paul Butterfield Blues Band, Donald ""Duck"" Dunn of Booker T. & the M.G.'s, Otis Spann, and Sam Lay in Chicago, Illinois. The album was Muddy's biggest mainstream success, reaching #70 on the ""Billboard"" 200, which was his only appearance in the top half of the chart.",Fathers and Sons was Muddy Waters's least successful mainstream album.,PASS,FAIL,Cat5,Comparative / Superlative,FALSE,CLEAR,Annotator B
REP_0092,92,ASQA,227,What is the dog called in midsomer murders?,"Sykes (dog) Sykes is a dog actor from Clifton, Oxfordshire, England. He is best known in the UK for his appearance as Harvey in Thinkbox's television commercial and, under his real name, in ""Midsomer Murders"" (Series fourteen to eighteen, inclusive). He has also appeared in several Hollywood blockbusters. Originally found as a stray in 2004, his owner is animal trainer and stunt dog specialist Gill Raddings. Since January 2016 Sykes has been in semi-retirement with him no longer being displayed as available for hire on Gill Raddings' agency website; however, if a producer from a previous role of his needs

Sykes (dog) Sykes is a dog actor from Clifton, Oxfordshire, England. He is best known in the UK for his appearance as Harvey in Thinkbox's television commercial and, under his real name, in ""Midsomer Murders"" (Series fourteen to eighteen, inclusive). He has also appeared in several Hollywood blockbusters. Originally found as a stray in 2004, his owner is animal trainer and stunt dog specialist Gill Raddings. Since January 2016 Sykes has been in semi-retirement with him no longer being displayed as available for hire on Gill Raddings' agency website; however, if a producer from a previous role of his needs

years, longer than Zenna and Chancer. The dog, whose pedigree name is Minka Kyte, came to the soap from Raddings' company Stunt Dogs, along with another ""EastEnders"" dog, Terence. She had previous experience in the television and film industry, having appeared on ""A Touch of Frost"", ""The Jonny Vaughan Show"", ""102 Dalmatians"" and ""Gladiator"". Raddings revealed that Kyte came to understand the words ""action"" and ""cut"", meaning the director would sometimes have to give an alternate cue such as ""go"" during scenes featuring Wellard, as the dog would become instantly alert upon hearing the usual commands, which appeared incongruous in

named ""Advert of the Year"" by ITV for 2010. In September 2010, the John Smith's Brewery advert ""Dog Show"" began to broadcast, starring Peter Kay and co-starring Sykes as the Jack Russell Terrier ""Tonto"". Films that Sykes has appeared in include """", ""The Other Boleyn Girl"", ""Young Victoria"", ""The Dutchess"", ""Alexander"", """", """", ""The Wolfman"" and ""Clash of Titans"". Sykes' first TV series was a brief disobedient role in ""Return to Cranford"" (2009). He was then cast in ""Midsomer Murders"" after attracting the attention of series producer, Brian True-May, and appeared in the show regularly from March 2011 until 2016.

Inky (police dog) Inky was a police dog who appeared in the British police drama """" during 1969-70. His handler was PC Snow, played by Terence Rigby. He is remembered for a minor stir he caused on British television. The scriptwriter wanted to show something of the dangers police officers sometimes faced in their work, but thought it might upset the viewers if one of the characters was killed, so he wrote an episode where the police dog was shot and killed by a gunman. The episode was ""Escort"", the sixteenth and last in series 1 (transmitted 12 March 1970).",Sykes was better known in the UK for his Hollywood film appearances than for his role in Midsomer Murders.,PASS,PASS,Cat5,Comparative / Superlative,FALSE,CLEAR,Annotator B
REP_0093,93,ASQA,191,Who played the riddler in the original batman series?,"Role in a Comedy) for his best remembered role as The Riddler on ABC's 1960s live-action television series ""Batman"", starring Adam West and Burt Ward. Gorshin's portrayal of the character included a high-pitched, deranged cackle, inspired by that of Tommy Udo (Richard Widmark) in ""Kiss of Death"" (1947). He played the Riddler in ten episodes of the series as well as the theatrical movie, although John Astin made one appearance in the role on an occasion when Gorshin was unavailable. He reprised the role in the 1979 television movie ""Legends of the Superheroes"". Gorshin also had a memorable role in

Frank Gorshin Frank John Gorshin Jr. (April 5, 1933 – May 17, 2005) was an American character actor, impressionist, and comedian. He was perhaps best known as an impressionist, with many guest appearances on ""The Ed Sullivan Show"" and ""Tonight Starring Steve Allen"". His most famous acting role was as the Riddler on the live-action television series ""Batman"". Gorshin was born on April 5, 1933, in Pittsburgh, Pennsylvania, the son of Catholic parents Frances, a seamstress, and Frank Gorshin Sr., a railroad worker. He was of Slovenian ancestry. His father, Frank Sr., was a second-generation Slovenian-American whose parents emigrated to

Hi Diddle Riddle ""Hi Diddle Riddle"" was the first half-hour length episode of ""Batman"" to air, first broadcast on ABC on Wednesday January 12, 1966 and repeated on August 24, 1966 and April 5, 1967. It marked the first appearance of Frank Gorshin as The Riddler. The series opens at the Republic of Moldavia exhibit, located at the Gotham City World's Fair, the Moldavian prime minister slices into the Moldavian friendship cake and unknowingly causes it to explode, releasing a concealed riddle. At the Gotham City Police Department, Police Commissioner James Gordon (Neil Hamilton) and Chief Miles O'Hara (Stafford Repp)

59th Greatest Comic Book Villain of All Time. The character has been substantially adapted from the comics into various forms of media, such as feature films, television series and video games. The Riddler has been voiced by John Glover in the DC animated universe, Robert Englund in ""The Batman"", and Wally Wingert in the . He has been portrayed in live-action by Frank Gorshin and John Astin in the 1960s ""Batman"" television series, Jim Carrey in the 1995 film ""Batman Forever"", and Cory Michael Smith in the FOX television show ""Gotham"". The Riddler has an obsession with riddles, puzzles, and

two episodes, echoing the old movie serials. Some ABC affiliates weren't happy that ABC included a fourth commercial minute in every episode of ""Batman"". One affiliate refused to air the series. The network insisted it needed the extra advertising revenue. The Joker, the Penguin, the Riddler, Catwoman, Mr. Freeze, and the Mad Hatter, villains who originated in the comic books, all appeared in the series, the plots for which were deliberately villain-driven. According to the producers, Frank Gorshin was selected to portray the Riddler due to the fact that he was a Batman fan since childhood. Catwoman was portrayed by",John Astin played the Riddler in more episodes of the original Batman series than Frank Gorshin.,PASS,PASS,Cat5,Comparative / Superlative,FALSE,CLEAR,Annotator B
REP_0094,94,ASQA,110,Who plays football on new years day 2018?,"of rest heading into the playoffs. In years when January 1 falls on a Monday, all 32 teams will play on New Year's Eve. The AFL played its first league championship game on January 1, 1961. Thereafter, pro football has been played on New Year's Day in 1967 (the 1966 NFL and AFL Championship Games), in 1978 (the 1977 NFC and AFC Championship Games), in 1984 (the 1983 NFC and AFC Divisional Playoff Games), in 1989 (the 1988 NFC and AFC Divisional Playoff Games), in 1995 (the second half of the 1994 NFC and AFC Wild Card Games), and in

games on New Year's Day when it falls on a Sunday. Historically, this was in deference to the numerous college football bowl games traditionally held on New Year's Day; in recent years, New Year's Day has consistently fallen in the last week of the NFL's regular season, and the league's policy is to play all of the last games of the week on one day (Sunday, which, if it falls on January 1, typically prompts the bowl games on that day (and the NHL Winter Classic) to be postponed until the following Monday, January 2) to ensure an equal amount

the Tournament of Roses Rose Bowl Game, every New Year's Day. In 1895, the Tournament of Roses Association was formed to take charge of the parade. In 1902, the association declared that a football game would be added to the day's events. This was the first post-season college football game to be played on New Year's Day; many other football stadiums followed suit. After two decades, the game outgrew its original facility, and a new stadium was constructed in the Arroyo Seco area. The new stadium hosted its first New Year's Day football game in 1923. It was soon christened

Christmas falls on a Sunday, most of the games are to be played on the preceding day, Saturday, December 24, with two games scheduled for Christmas Night to be broadcast nationally. As in the 2006, 2011, and 2016 seasons, there have been 14 such contests on each Christmas Eve. The first NFL games played on December 25 came during the 1971 season. The first two games of the Divisional Playoff Round that year were held on Christmas Day. The first game that day was between Dallas Cowboys and the Minnesota Vikings. The second of the two contests played that day,

reduce the games' intrusion into New Year's Eve festivities, but reiterated that there were no plans to move the semi-final games from New Year's Eve outside of years where they are hosted by the Rose Bowl and Sugar Bowl. On July 28, 2016, however, Hancock reversed this stance and announced revisions to the scheduling for future College Football Playoff semi-final games. The games were rescheduled so that they will not necessarily be played on New Year's Eve yearly: outside of years when they are hosted by the Rose and Sugar Bowls (where they retain their traditional New Year's Day scheduling),",Europa-Park is more popular than Disneyland Paris.,PASS,FAIL,Cat5,Comparative / Superlative,FALSE,CLEAR,Annotator B
REP_0095,95,ASQA,280,Who produced the ten commandments of computer ethics?,"Ten Commandments of Computer Ethics The Ten Commandments of Computer Ethics were created in 1992 by the Computer Ethics Institute. The commandments were introduced in the paper ""In Pursuit of a 'Ten Commandments' for Computer Ethics"" by Ramon C. Barquin as a means to create ""a set of standards to guide and instruct people in the ethical use of computers."" They follow the Internet Advisory Board's memo on ethics from 1987. The Ten Commandments of Computer Ethics copies the archaic style of the Ten Commandments from the King James Bible. The commandments have been widely quoted in computer ethics literature

but also have been criticized by both the hacker community and some in academia. For instance, Dr. Ben Fairweather of the ""Centre for Computing and Social Responsibility"" has described them as ""simplistic"" and overly restrictive. ISC2, one of the thought leaders in the information security industry, has referred to the commandments in developing its own ethics rules. Ten Commandments of Computer Ethics The Ten Commandments of Computer Ethics were created in 1992 by the Computer Ethics Institute. The commandments were introduced in the paper ""In Pursuit of a 'Ten Commandments' for Computer Ethics"" by Ramon C. Barquin as a means

Computer ethics Computer ethics is a part of practical philosophy concerned with how computing professionals should make decisions regarding professional and social conduct. Margaret Anne Pierce, a professor in the Department of Mathematics and Computers at Georgia Southern University has categorized the ethical decisions related to computer technology and usage into three primary influences: The term computer ethics was first coined by Walter Maner, a professor at Bowling Green State University. The conceptual foundations of computer ethics are investigated by information ethics, a branch of philosophical ethics promoted, among others, by Luciano Floridi. The concept of computer ethics originated in

run Workshop-Conferences in August every two years. In 1978, Bynum attended a workshop on the topic of computer ethics conducted by Walter Maner, who was a member of the Philosophy Department of Old Dominion University. Maner had recently coined the name ""computer ethics"" and was teaching an experimental course on that subject at Old Dominion. That workshop was a career-changing event for Bynum, who became convinced by Maner that computer ethics was a vital subject that should be advanced and expanded. Bynum set himself the goal of spreading knowledge of computer ethics across America. With advice from Maner, he began

same time, the Computer Matching and Privacy Act was adopted and this act restricted United States government programs identifying debtors. In the year 1992, ACM adopted a new set of ethical rules called ""ACM code of Ethics and Professional Conduct"" which consisted of 24 statements of personal responsibility. Three years later, in 1995, Krystyna Górniak-Kocikowska, a Professor of Philosophy at Southern Connecticut State University, Coordinator of the Religious Studies Program, as well as a Senior Research Associate in the Research Center on Computing and Society, came up with the idea that computer ethics will eventually become a global ethical system",The Ten Commandments of Computer Ethics contain more ethical statements than the ACM's 1992 Code of Ethics and Professional Conduct.,PASS,FAIL,Cat5,Comparative / Superlative,FALSE,CLEAR,Annotator B
REP_0096,96,HALUEVALQA,haluevalqa-05517,"Which band from Lancaster, Pennsylvania formed in 2003 has toured with Iwrestledabearonce?","Iwrestledabearonce is an American metalcore band formed in 2007 in Shreveport, Louisiana, but later based in Los Angeles, CA. They have toured with acts such as Alesana, The Dillinger Escape Plan, August Burns Red, Dance Gavin Dance, The Human Abstract, Chimaira, As I Lay Dying, Parkway Drive, Of Mice & Men, Despised Icon, Emmure, Oceano, Attila, Upon a Burning Body, Every Time I Die, The Chariot, Chelsea Grin, and Horse the Band.August Burns Red is an American metalcore band from Lancaster, Pennsylvania formed in 2003.",August Burns Red was formed later than Iwrestledabearonce.,PASS,PASS,Cat5,Comparative / Superlative,FALSE,CLEAR,Annotator B
REP_0097,97,HALUEVALQA,haluevalqa-05965,The Falcons–Saints rivalry shared which Danish former kicker?,"They have shared some important players, such as kicker Morten Andersen (the leading scorer in New Orleans history), Bobby Hebert (who quarterbacked for both teams in the 1990s), and Joe Horn (the Pro Bowl Saints receiver who left for the Falcons in 2007).Morten Andersen (born August 19, 1960), nicknamed ""The Great Dane"", is a Danish former American football kicker and All-American at Michigan State University.",Morten Andersen was the lowest-scoring player in New Orleans history.,PASS,FAIL,Cat5,Comparative / Superlative,FALSE,CLEAR,Annotator B
REP_0098,98,HALUEVALQA,haluevalqa-05324,"Which Canadian-American actress, born in 1954, stars in Where the Wild Things Are?","The film stars Max Records and features the voices of James Gandolfini, Paul Dano, Lauren Ambrose, Forest Whitaker, Catherine O'Hara, and Chris Cooper.Catherine Anne O'Hara (born March 4, 1954) is a Canadian-American actress, writer, and comedian.","Catherine O'Hara was among a voice cast with more female performers than male performers in ""Where the Wild Things Are"".",PASS,PASS,Cat5,Comparative / Superlative,FALSE,CLEAR,Annotator B
REP_0099,99,HALUEVALQA,haluevalqa-05590,"What star of Where the Spies Are appeared in ""'Allo 'Allo!""","Where the Spies Are is a 1965 MGM British comedy adventure film directed by Val Guest and featuring David Niven as Dr Jason Love, Françoise Dorléac, John Le Mesurier, Cyril Cusack and Richard Marner.Richard Marner (born Alexander Molchanoff, 27 March 1921 – 18 March 2004) was a Russian-born British stage and screen actor. He was probably best known for his role as Colonel Kurt Von Strohm in the British sitcom ""'Allo 'Allo!","Richard Marner was better known for his role in ""Where the Spies Are"" than for his role in ""'Allo 'Allo!"".",PASS,PASS,Cat5,Comparative / Superlative,FALSE,CLEAR,Annotator B
REP_0100,100,HALUEVALQA,haluevalqa-00053,The Southern Railway runs from Vienna to Graz and the border with Slovenia at Spielfeld via the first mountain railway built in Europe to use what kind of track?,"The Southern Railway (German: ""Südbahn"" ) is a railway in Austria that runs from Vienna to Graz and the border with Slovenia at Spielfeld via Semmering and Bruck an der Mur.The Semmering railway (German: ""Semmeringbahn"" ) in Austria, which starts at Gloggnitz and leads over the Semmering to Mürzzuschlag was the first mountain railway in Europe built with a standard gauge track.",The Semmering railway was the second mountain railway in Europe built with a standard gauge track.,PASS,PASS,Cat5,Comparative / Superlative,FALSE,CLEAR,Annotator B
REP_0101,101,ASQA,553,Release date of south park fractured but whole?,"but Whole\"", was publicly revealed on June 15, 2015, at Ubisoft's press conference at the 2015 Electronic Entertainment Expo, and in June 2016 a release date of December 6 was set. In September that year, the game's release was postponed to early 2017. In February 2017, it was again postponed to between April 2017 and March 2018. In May 2017 it received its eventual release date of October 17. Discussing the delays, Higo said USF was unhappy with the game's quality and wanted more time to refine it. These refinements often led to story changes—sometimes for pacing or comedy purposes—which

were involved throughout the game's production; they wrote its script, consulted on the design, and voiced many of the characters. The show's composer Jamie Dunlap worked on the game's soundtrack alongside Ubisoft San Francisco, creating music that was heavily inspired by the scores of several superhero films. Like its predecessor, the release of \""The Fractured but Whole\"" was subject to several delays. The game was initially set for release in December 2016 but it was postponed for nearly a year. It was released worldwide for Microsoft Windows, PlayStation 4, and Xbox One on October 17, 2017. The game received generally

San Francisco to record their fart sound for inclusion into \""The Fractured but Whole\"". A twelve-character series of collectible figures based on \""The Fractured but Whole\"" cast was also released. A Nintendo Switch version, adapted by Ubisoft Pune, was released on April 24, 2018. First broadcast in October 2017, \""South Park\"" episode \""Franchise Prequel\"" serves as a narrative prequel to the game and features the characters wearing outfits and acting out roles similar to those in the game. In the episode, Coon and Friends attempt to launch their superhero media franchise but are derailed by Professor Chaos, who launches a

meant entire sections of the game and their assets needed to be reworked. Some missions were completely removed despite being far into development. Unlike more typical videogame prototyping, in which designers experiment with simple gameplay demos, USF relied more heavily on interactive storyboards of the script to gain a sense of the location and the narrative. Parker and Stone provided feedback and the designers would change the storyboard until it was considered to be perfect. \""The Fractured but Whole\"" was officially released to manufacturing on September 22, 2017. Parker and Stone wrote the script in Movie Magic Screenwriter, complete with

South Park: The Fractured but Whole South Park: The Fractured but Whole is a 2017 role-playing video game developed by Ubisoft San Francisco and published by Ubisoft in collaboration with South Park Digital Studios. Based on the American adult animated television series \""South Park\"", it is the sequel to the 2014 video game \""\"". The game's narrative occurs one day after the events of its predecessor; it follows the New Kid, who has recently moved to South Park and becomes involved in an epic roleplay involving two rival superhero factions vying to create their own superhero media franchises. The superheroes'","The October 17, 2017 release of The Fractured but Whole covered three platforms: Microsoft Windows, PlayStation 4, and Xbox One.",PASS,PASS,Cat6,Numerical / Computation,TRUE,CLEAR,Annotator B
REP_0102,102,ASQA,534,Where are electrons located in a covalent bond?,"in which valence electrons (those in the outer shell) are represented as dots around the atomic symbols. Pairs of electrons located between atoms represent covalent bonds. Multiple pairs represent multiple bonds, such as double bonds and triple bonds. An alternative form of representation, not shown here, has bond-forming electron pairs represented as solid lines. Lewis proposed that an atom forms enough covalent bonds to form a full (or closed) outer electron shell. In the diagram of methane shown here, the carbon atom has a valence of four and is, therefore, surrounded by eight electrons (the octet rule), four from the

in the outer layer of the atom in an electron cloud, where they are free and delocalized. This free-electron gas ensures the cohesion of the remaining cations and enables electrical conduction in metals and alloys. Covalent bonds are formed by the sharing of pairs of valence electrons in order to fill the outer electron shells of each atom. They are very strong bonds that are found in non-metals such as semiconductors, certain ceramics, polymers, and biological materials. Ionic bonds are formed by the transfer of an electron from one atom to the other. They are strong bonds that appear, for

only between certain transition metal atoms. A coordinate covalent bond is a covalent bond in which the two shared bonding electrons are from the same one of the atoms involved in the bond. For example, boron trifluoride (BF) and ammonia (NH) from an adduct or coordination complex FB←NH with a B–N bond in which a lone pair of electrons on N is shared with an empty atomic orbital on B. BF with an empty orbital is described as an electron pair acceptor or Lewis acid, while NH with a lone pair which can be shared is described as an electron-pair

Covalent bond A covalent bond, also called a molecular bond, is a chemical bond that involves the sharing of electron pairs between atoms. These electron pairs are known as shared pairs or bonding pairs, and the stable balance of attractive and repulsive forces between atoms, when they share electrons, is known as covalent bonding. For many molecules, the sharing of electrons allows each atom to attain the equivalent of a full outer shell, corresponding to a stable electronic configuration. Covalent bonding includes many kinds of interactions, including σ-bonding, π-bonding, metal-to-metal bonding, agostic interactions, bent bonds, and three-center two-electron bonds. The

the energy . Covalent bond A covalent bond, also called a molecular bond, is a chemical bond that involves the sharing of electron pairs between atoms. These electron pairs are known as shared pairs or bonding pairs, and the stable balance of attractive and repulsive forces between atoms, when they share electrons, is known as covalent bonding. For many molecules, the sharing of electrons allows each atom to attain the equivalent of a full outer shell, corresponding to a stable electronic configuration. Covalent bonding includes many kinds of interactions, including σ-bonding, π-bonding, metal-to-metal bonding, agostic interactions, bent bonds, and three-center",A covalent bond is represented by two electrons located between atoms.,PASS,PASS,Cat6,Numerical / Computation,TRUE,CLEAR,Annotator B
REP_0103,103,ASQA,499,Who plays the female detective in person of interest?,"She appeared in the season finale of Season 2 of ""Lie to Me"" (""Black and White"", 2010) as Detective Sharon Wallowski, whom she continued to play in Season 3 in a major recurring role. She appeared in a 2014 episode of the TV Series ""Person of Interest"" as Precinct Captain Moreno, and two episodes in Season 4 of the TV Series ""Elementary"" as Detective Gina Cortes.""The Mentalist"" (Tamsin Wade in the fifth season) . Monique Gabriela Curnen Monique Gabriela Curnen (born September 7, 1970) is an American film and television actress. Curnen's mother is from Puerto Rico, and her father

Sarah Shahi Aahoo Jahansouz ""Sarah"" Shahi (; born January 10, 1980) is an Iranian-American television actress and former NFL Cheerleader of Iranian and Spanish ancestry. She played Kate Reed in the USA Network legal drama ""Fairly Legal"" in 2011–12, Carmen on ""The L Word"" in 2008, and also starred as Sameen Shaw on the CBS crime drama ""Person of Interest"". She has also appeared as the main female role Det. Dani Reese in ""Life"", and in a supporting role in ""Alias"". In 2018 she stars in the series Reverie. Sarah Shahi was born on January 10, 1980, in Euless, Texas,

more effective methods, I assume at some point it's probably going to take another sub-machine gun."" Morgan Jeffery of ""Digital Spy"" wrote """"Person of Interest"" returns from a two-week break with another strong episode. We've complained in the past about the lack of character development afforded to Detective Carter - Taraji P Henson has felt wasted in previous weeks - so it's fantastic to see her take centre stage here."" Luke Gelineau of ""TV Equals"" wrote ""Oh, so this is the reason that we've had this annoying character on this show for the last nine episodes! It all makes sense

on the cover of ""Maxim""s 2012 'TV's Hottest Girls' Issue in October 2012. She ranked number 5 on the AfterEllen.com hot list in 2007. Sarah Shahi Aahoo Jahansouz ""Sarah"" Shahi (; born January 10, 1980) is an Iranian-American television actress and former NFL Cheerleader of Iranian and Spanish ancestry. She played Kate Reed in the USA Network legal drama ""Fairly Legal"" in 2011–12, Carmen on ""The L Word"" in 2008, and also starred as Sameen Shaw on the CBS crime drama ""Person of Interest"". She has also appeared as the main female role Det. Dani Reese in ""Life"", and in

she would later go on to work with again in his movie Road to Paloma in 2014. Following the January 7, 2015 episode of ""Person of Interest"", Shahi and the show's producers announced she would be leaving the show for an indefinite period of time because of her pregnancy. In February 2016, she was cast as iconic detective Nancy Drew in a planned TV series based on the books. In May 2016, CBS passed on the series, and its producers announced they would continue looking for a network to air the show. Also in May, Shahi resumed her appearances as",Monique Gabriela Curnen appeared in two episodes of Season 4 of Elementary.,PASS,FAIL,Cat6,Numerical / Computation,TRUE,CLEAR,Annotator B
REP_0104,104,ASQA,40,Who does the voice of darth vader in star wars?,"been voiced by Mat Lucas for the 2003 micro-series """", and by Matt Lanter in the CGI animated film """", the and for Anakin's cameos in ""Star Wars Rebels"". For Vader's appearances in the ""Star Wars Rebels"" animated series, James Earl Jones has reprised the voice role. Both Lanter and Jones contributed their voices for the second-season finale of ""Rebels"", at times with identical dialogue spoken by both actors blended together in different ways. Darth Vader appears in seven of the live-action ""Star Wars"" films, """" animated film and . He also has a recurring role in ""Star Wars"" Expanded

David Prowse David Charles Prowse, MBE (born 1 July 1935) is a retired English bodybuilder, weightlifter and character actor in British film and television. Worldwide, he is best known for physically portraying Darth Vader in the original ""Star Wars"" trilogy (with the character's voice being performed by James Earl Jones), and in 2015 starred in a documentary concerning that role, entitled ""I Am Your Father"". Prior to his role as Vader, Prowse had established himself as a prominent figure in British culture as the first Green Cross Code man, a character used in British road safety advertising aimed at children.

USAF Command General, in ""By Dawn's Early Light"" (1990 HBO film), the feared neighbor Mr. Mertle in ""The Sandlot"" (1993), Reverend Stephen Kumalo in ""Cry, the Beloved Country"" (1995), Raymond Lee Murdock in ""A Family Thing"" (1996), and Vice Admiral James Greer in ""The Hunt for Red October"" (1990), ""Patriot Games"" (1992) and ""Clear and Present Danger"" (1994), among many other roles. Jones is also known as the voice of Darth Vader in the 1977 film ""Star Wars: A New Hope"" and its sequels ""The Empire Strikes Back"" (1980) and ""Return of the Jedi"" (1983). Darth Vader was portrayed in

Wars Holiday Special"", a television special broadcast by CBS in 1978, features a brief appearance by Darth Vader, who appears on-screen speaking with Imperial officer ""Chief Bast"" in footage cut from the original 1977 film. The sequence is dubbed with new dialogue, performed by James Earl Jones. In the story, Vader colludes with Boba Fett to entrap the Rebels. Darth Vader features in the 1981 radio drama adaptation of ""Star Wars"", voiced by the actor Brock Peters. Vader makes his first appearance on the planet Ralltiir, where he treats Princess Leia Organa with suspicion. In later extended scenes, he is

Hasbro Darth Vader Voice Changer The Darth Vader Voice Changer is a toy released by Hasbro in 2004 as part of the tail end of its Original Trilogy Collection line of toys focusing on characters from ""Star Wars"", ""The Empire Strikes Back"", and ""Return of the Jedi"". The voice changer allows the wearer to talk in a voice somewhat like James Earl Jones as Darth Vader, the Dark Lord of the Sith, and also included numerous built-in phrases and Vader's breathing sound from the movies. Variations of the helmet also exist. In 2008, a similar Clone Trooper Voice Changer was",James Earl Jones voiced Darth Vader in three original-trilogy Star Wars films.,PASS,PASS,Cat6,Numerical / Computation,TRUE,CLEAR,Annotator B
REP_0105,105,ASQA,557,What is the name of the stadium where the carolina panthers play?,"Clemson, South Carolina, as their facility in uptown Charlotte was still under construction. Ericsson Stadium, called Bank of America Stadium since 2004, opened in the summer of 1996. Bank of America Stadium is owned entirely by the Panthers, making them one of the few teams in the NFL to own the facility they play in. The stadium was specially designed by HOK Sports Facilities Group for football and also serves as the headquarters and administrative offices of the Panthers. On some days the stadium offers public tours for a fee. Private tours for groups are offered for a fee seven

Carolina Panthers The Carolina Panthers are a professional American football team based in Charlotte, North Carolina. The Panthers compete in the National Football League (NFL), as a member club of the league's National Football Conference (NFC) South division. The team is headquartered in Bank of America Stadium in uptown Charlotte; also the team's home field. They are one of the few NFL teams to own the stadium they play in, which is legally registered as Panthers Stadium, LLC. The Panthers are supported throughout the Carolinas; although the team has played its home games in Charlotte since 1996, it played home

had his jersey number (#51) retired by the Panthers . The Panthers have three open-air fields next to Bank of America Stadium where they currently hold their practices; during the 1995 season, when the team played their home games in South Carolina, the team held their practices at Winthrop University in Rock Hill, South Carolina. Because the practice fields, along with the stadium, are located in uptown Charlotte, the fields are directly visible from skyscrapers as well as from a four-story condominium located across the street. According to Mike Cranston, a running joke said that the Panthers' division rivals had

to hosting every Panthers home game since 1996, Bank of America Stadium has hosted seven playoff games. Carolina has also had over 150 consecutive sellouts at the stadium starting with the 2002 season. The Panthers played their inaugural season at Clemson University's Memorial Stadium while the stadium was being constructed. On August 3, 1996, the stadium played host to its first professional football game as the Panthers took on the Chicago Bears during the preseason. The inaugural kickoff was at 7:35 PM and Carolina won 30–12. The stadium's first regular season game took place on September 1, 1996 against Carolina's

Bank of America Stadium Bank of America Stadium is a 75,523-seat football stadium located on in uptown Charlotte, North Carolina, United States. It is the home facility and headquarters of the Carolina Panthers of the National Football League. The stadium opened in 1996 as Ericsson Stadium before Bank of America purchased the naming rights in 2004. Former Panthers president Danny Morrison called it ""[A] classic American stadium"" due to its bowl design and other features. In addition to the Panthers, the stadium hosts the annual Belk Bowl, which features teams from the Atlantic Coast Conference (ACC) and the Southeastern Conference","Bank of America Stadium has 75,523 seats.",PASS,FAIL,Cat6,Numerical / Computation,TRUE,CLEAR,Annotator B
REP_0106,106,HALUEVALQA,haluevalqa-05522,Muhammad Hafizullah has contributed to guidelines on what type of damage to the cardiac muscle?,"He is the project director of the Peshawar Institute of Cardiology and has contributed to national guidelines on thrombolysis, acute coronary syndrome, and ST elevation myocardial infarction developed by the Pakistan Cardiac Society.Myocardial infarction (MI), commonly known as a heart attack, occurs when blood flow decreases or stops to a part of the heart, causing damage to the heart muscle.",Myocardial infarction was one of three listed topics in the national guidelines to which Muhammad Hafizullah contributed.,PASS,PASS,Cat6,Numerical / Computation,TRUE,CLEAR,Annotator B
REP_0107,107,HALUEVALQA,haluevalqa-05493,John Lucian Savage is best known for a dam on the border between what two states?,"John Lucian Savage (December 25, 1879 – December 28, 1967) was an American civil engineer. Among the 60 major dams he supervised the designs for, he is best known for the Hoover Dam, Shasta Dam, Parker Dam and Grand Coulee Dam in the United States along with surveying for the future Three Gorges Dam in China.Hoover Dam, originally known as Boulder Dam from 1933 to 1947, when it was officially renamed Hoover Dam by a joint resolution of Congress, is a concrete arch-gravity dam in the Black Canyon of the Colorado River, on the border between the U.S. states of Nevada and Arizona.",John Lucian Savage supervised the designs for 60 major dams.,PASS,PASS,Cat6,Numerical / Computation,TRUE,CLEAR,Annotator B
REP_0108,108,HALUEVALQA,haluevalqa-05361,"What American actor and comedian known for playing the role of Newman in Seinfeld, also stars in the series The Exes on TV Land?","The first season of the TV Land original sitcom ""The Exes"" premiered on November 30, 2011 and ended February 1, 2012. The series stars Donald Faison, Wayne Knight, Kristen Johnston, David Alan Basche and Kelly Stables.Wayne Elliot Knight (born August 7, 1955) is an American actor and comedian. He is known for playing Newman in the TV sitcom ""Seinfeld"" (1992–1998) and Officer Don Orville in ""3rd Rock from the Sun"" (1996–2001).",Wayne Knight is one of the five stars listed for The Exes.,PASS,PASS,Cat6,Numerical / Computation,TRUE,CLEAR,Annotator B
REP_0109,109,HALUEVALQA,haluevalqa-05376,Which Argentine actress won the Best Actress award at the Moscow International Film Festival in 1977 for her role in Crazy Women?,"Crazy Women (Spanish: ""Las locas"" ) is a 1977 Argentine drama film written by José P. Dominiani and directed by Enrique Carreras. It was entered into the 10th Moscow International Film Festival where Mercedes Carreras won the award for Best Actress.Mercedes Carreras (born 22 September 1940) is an Argentine actress. She won the award for Best Actress for her role in ""Crazy Women"" at the 10th Moscow International Film Festival.",Crazy Women was entered into the 10th Moscow International Film Festival.,PASS,FAIL,Cat1,Entity / Alias / Lexical Relation,TRUE,CLEAR,Annotator B
REP_0110,110,HALUEVALQA,haluevalqa-05525,What film was Winston Stona in that was directed by Jon Turteltaub?,"He played in ""Cool Runnings"" (1993), ""The Harder They Come"" (1972), ""The Lunatic"" (1991) and ""One Love"" (2003, as Pastor Johnson).Cool Runnings is a 1993 American comedy sports film directed by Jon Turteltaub and starring Leon, Doug E. Doug, Rawle D. Lewis, Malik Yoba and John Candy.",Cool Runnings is one of four films listed for Winston Stona.,PASS,PASS,Cat6,Numerical / Computation,TRUE,CLEAR,Annotator B
REP_0111,111,ASQA,934,What is the speed limit through the hindhead tunnel?,"cutting through the major town itself as a dual carriageway and changing to a 50 mph (80 km/h) speed limit. It returns to 70 mph (112 km/h) at the A31 and A246 junction before bypassing Godalming and Milford. It continues through a tunnel at Hindhead (constructed in 2011 to improve capacity and bypass the Devil's Punch Bowl) before leaving Surrey. The A3 enters Hampshire just after exiting the Hindhead Tunnel, passes Liphook and Bramshott, turns SSW past Liss, then passes Petersfield. The A3's original route between Hindhead and Petersfield, passing through several villages, became the B2070. At Liss, there remains

century harbour where it comes to an end at Portsmouth Point. The Hindhead Tunnel is a twin bore tunnel, which cost £371 million to construct, and is the longest non-estuarial road tunnel in the UK. Transport Secretary Philip Hammond conducted the opening ceremony on 27 July 2011, though the northbound tunnel opened to traffic two days later than the southbound one, on 29 July. The new dual carriageway diverges from the original route where the old A3 began climbing sharply as it headed towards the scenic Devil's Punch Bowl. The old road now turns right and continues into Highfield Lane.

result, and by some motorists who have said that the addition of a third lane will induce more traffic and would only shift the bottleneck further down the motorway as a result of assisting and maintaining free-flowing traffic from the Lane Cove Tunnel. A speed camera to enforce the 70 km/h limit was introduced on the westbound carriageway just before the Epping/Norfolk Road tunnel. Tolling became fully cashless with no toll booths 30 January 2012 (Transurban had originally proposed that it would cashless from December 2007). A major upgrade started in January 2011, with more on- and off-ramps being built,

of traffic. An ""illumination zone"" is included at each portal to allow drivers' vision to adjust to the lower light level in the tunnel. The speed limit in the tunnel is 45 mph (70 km/h); lane changes are prohibited. Trucks carrying Class 1 hazardous cargo (i.e., explosives) are prohibited from using the tunnels, while other hazardous cargo and wide loads are directed to a pull-off area and sent through one at a time with an escort. The overall construction cost, including the four-lane approach roads at both portals, was $280 million. The tunnel replaced a 2.3-mile (3.7 km) stretch of

speeding meant that those traveling at 71 km/h would be fined. After creating controversies, effective 00:00 (UTC+8) on September 16, 2006, a tolerance of 10 km/h has been allowed so speeds up to 80 km/h are no longer automatically penalized. The Xueshan Tunnel broadcasts a dedicated radio station on two FM channels inside the tunnel. Drivers can tune to either of the two FM stations to hear announcements regarding the Xueshan Tunnel, rules for driving inside the tunnel, and music. As of May 1, 2008, the speed limit has been raised to 80 km/h with a 10 km/h tolerance. At","The speed limit in miles per hour through the Hindhead Tunnel is 70, which is 113 kilometers per hour.",PASS,PASS,Cat6,Numerical / Computation,FALSE,CLEAR,Annotator B
REP_0112,112,ASQA,212,Who did we buy the gadsden purchase from?,"Gadsden Purchase The Gadsden Purchase (known in Mexico as , ""Sale of La Mesilla"") is a region of present-day southern Arizona and southwestern New Mexico that the United States purchased via a treaty that took effect on June 8, 1854. The first draft was signed on December 30, 1853, by James Gadsden, U.S. ambassador to Mexico, and by Antonio López de Santa Anna, president of Mexico. The U.S. Senate voted in favor of ratifying it with amendments on April 25, 1854, and then transmitted it to President Franklin Pierce. Mexico's government and its General Congress or Congress of the Union

the Rio Grande, over the Black Range, down the Gila River to its junction with the Colorado River, and across the desert of southern California to the Pacific Ocean at San Diego. The U.S. Congress reviewing the case sided with Gray, but in the interim the President had sent James Gadsden to Mexico City to buy not just the Mesilla Valley of New Mexico but what is now known as the Gadsden Purchase from Mexico. Gray's claim in his survey report that it was the best route for a railroad influenced the Senate to approve the Treaty in 1854. Earlier,

postage stamp commemorating 100 years since the Gadsden Purchase, on December 30, 1953. In 2012, the Gadsden Purchase was featured in a segment on ""The Tonight Show Starring Jimmy Fallon."" Gadsden Purchase The Gadsden Purchase (known in Mexico as , ""Sale of La Mesilla"") is a region of present-day southern Arizona and southwestern New Mexico that the United States purchased via a treaty that took effect on June 8, 1854. The first draft was signed on December 30, 1853, by James Gadsden, U.S. ambassador to Mexico, and by Antonio López de Santa Anna, president of Mexico. The U.S. Senate voted

armies and they recommended against total annexation because of the differences in political culture between the United States and Mexico. In 1854 the United States purchased an additional of desert land from Mexico in the Gadsden Purchase; the price was $10 million. The goal was to build a rail line through southern Arizona to California. Mexican President Antonio López de Santa Anna sold Mexican territory to the United States in which is known as the Gadsden Purchase, allowing the U.S. to build a railway line more easily through that region. That purchase played a significant role in the ouster of

United States acquired the southwestern boot heel of the state and southern Arizona below the Gila river in the mostly desert Gadsden Purchase of 1853. This purchase was desired when it was found that a much easier route for a proposed transcontinental railroad was located slightly south of the Gila river. This territory had not been explored or mapped when the Treaty of Guadalupe Hidalgo was negotiated in 1848. The ever-present Santa Anna was in power again in 1853 and needed the money from the Gadsden Purchase to fill his coffers and to pay the Mexican Army for that year.",The United States purchased the Gadsden Purchase from two countries.,PASS,FAIL,Cat6,Numerical / Computation,FALSE,CLEAR,Annotator B
REP_0113,113,ASQA,122,What is the statue in piccadilly circus called?,"24 June 1939 an explosion occurred, though no injuries were caused. On 25 November 1974 a bomb injured 16 people. A 2 lb bomb exploded on 6 October 1992, injuring five people. The Shaftesbury Memorial Fountain in Piccadilly Circus was erected in 1893 to commemorate the philanthropic works of Anthony Ashley Cooper, 7th Earl of Shaftesbury. During the Second World War, the statue atop the Shaftesbury Memorial Fountain was removed and was replaced by advertising hoardings. It was returned in 1948. When the Circus underwent reconstruction work in the late 1980s, the entire fountain was moved from the centre of

a busy meeting place and a tourist attraction in its own right. The Circus is particularly known for its video display and neon signs mounted on the corner building on the northern side, as well as the Shaftesbury memorial fountain and statue, which is popularly, though mistakenly, believed to be of Eros. It is surrounded by several notable buildings, including the London Pavilion and Criterion Theatre. Directly underneath the plaza is Piccadilly Circus Underground station, part of the London Underground system. Piccadilly Circus connects to Piccadilly, a thoroughfare whose name first appeared in 1626 as Piccadilly Hall, named after a

War, many were demolished. From 1961 to 1994 the modernist headquarters of the Daily Mirror, designed by Sir Owen Williams and Anderson, Forster and Wilcox, were a prominent landmark overlooking the junction. The site is now occupied by the headquarters of the supermarket Sainsbury's. To the west of Holborn Circus there is an equestrian statue of Prince Albert by Charles Bacon (1874) which is the City of London's official monument to him. This statue was originally sited in the middle of the circus and was moved in 2014 as part of improvement works to the junction. The statue features the

on the site were Bovril, Volkswagen, Max Factor, Wrigley's Spearmint, Skol, Air India and Gold Flake (as Will's Gold Flake Cigarettes). At the southeastern side of the Circus, moved after World War II from its original position in the centre, stands the Shaftesbury Memorial Fountain, erected in 1892–1893 to commemorate the philanthropic works of Lord Shaftesbury, a Victorian politician, philanthropist and social reformer. The subject of the Memorial is the Greek god Anteros and was given the name ""The Angel of Christian Charity"" but is generally mistaken for his brother Eros. The Criterion Theatre, a Grade II* listed building, stands

Piccadilly Circus has inspired artists and musicians. ""Piccadilly Circus"" (1912) is the name and subject of a painting by British artist Charles Ginner, part of the Tate Britain collection. Sculptor Paul McCarthy also has a 320-page two-volume edition of video stills by the name of ""Piccadilly Circus"". Piccadilly Circus in popular culture The following list is of artistic works and film where Piccadilly Circus is either the central theme or a principal theme. The phrase ""it's like Piccadilly Circus"" is commonly used in the UK to refer to a place or situation which is extremely busy with people. It has",The statue atop the Shaftesbury Memorial Fountain was returned 50 years after the fountain was erected.,PASS,FAIL,Cat6,Time / Sequence,FALSE,CLEAR,Annotator B
REP_0114,114,ASQA,195,Who sings with meatloaf in anything for love?,"had secured a contract with Meat Loaf's recording label MCA for Lorraine Crosby, a club singer from North East England whom he was managing. While visiting the company's recording studios on Sunset Boulevard, Crosby was asked to provide guide vocals for Meat Loaf, who was recording ""I'd Do Anything for Love"". Crosby recalls, ""I went and sang it twice and I never thought anything more of it until six months later when I got a phone call saying, 'Would you mind if we used your vocals?'"" Cher, Melissa Etheridge and Bonnie Tyler had been considered for the role. However, as

verses are omitted. Lorraine Crosby, a singer from England, was the guest singer, though AllMusic incorrectly attributes the female vocals to Ellen Foley. Crosby and her partner Stuart Emerson had moved to Los Angeles to work with Steinman, who became their manager. He secured them a contract with Meat Loaf's label MCA. While visiting the company's studios on Sunset Boulevard, Crosby was asked to provide guide vocals for Meat Loaf, who was recording ""I'd Do Anything for Love"". Crosby recalls, ""In I went and sang it twice and I never thought anything more of it until six months later when

I'd Do Anything for Love (But I Won't Do That) ""I'd Do Anything for Love (But I Won't Do That)"" is a song written by Jim Steinman, and recorded by Meat Loaf with Lorraine Crosby. The song was released in 1993 as the first single from the album ""."" The last six verses feature a female singer who was credited only as ""Mrs. Loud"" in the album notes. She was later identified as Lorraine Crosby. However, she does not appear in the video, in which her vocals are lip-synched by Dana Patrick. Meat Loaf promoted the single with US vocalist

sent songwriter and producer Jim Steinman some demos of songs she had written with Emerson. Steinman asked to meet them so they decided to move to New York. They then followed Steinman after he moved to Los Angeles. Steinman became their manager and secured them a contract with Meat Loaf's recording label MCA. While visiting the label's recording studios on Sunset Boulevard, Crosby was asked to provide guide vocals for Meat Loaf, who was recording the song ""I'd Do Anything for Love (But I Won't Do That)"". Cher, Melissa Etheridge and Bonnie Tyler were considered for the role. The song

featured in the animated comedy ""Sausage Party"" and on its soundtrack. In the film the song is performed by an anthropomorphic meatloaf caricature of the singer. It was used in a 2017 commercial for Carvana and in the trailer for the 2018 comedy ""Blockers"". The song also appeared on the EP ""Fire & Ashes"" by German symphonic metal band Xandria. On this version, Meat Loaf's vocal parts are done by Dianne van Giersbergen, while Lorraine Crosby's vocal parts are done by Valerio Recenti, singer of the Dutch rock band my propane. The single cover is a cropped version of the","Two female singers provided the female vocals on Meat Loaf's recording of ""I'd Do Anything for Love (But I Won't Do That)"".",PASS,FAIL,Cat6,Numerical / Computation,FALSE,CLEAR,Annotator B
REP_0115,115,ASQA,175,What animals are on the michigan state flag?,"state. As supporters, the elk and moose are derived from the Hudson's Bay Company coat of arms, and depict great animals of Michigan. The bald eagle represents the United States which formed the state of Michigan from the Northwest Territory. The design features three Latin mottos. From top-to-bottom they are: The present flag, adopted in 1911, is the third state flag. The first flag featured a portrait of Michigan's first governor, Stevens T. Mason, on one side and the state coat of arms and ""a soldier and a lady"" on the other side. The first flag is completely lost, and

Seal of Michigan The Great Seal of the State of Michigan depicts the coat of arms of the U.S. state of Michigan on a light blue field. On the dark blue shield the sun rises over a lake and peninsula, a man holding a long gun with a raised hand represents peace and the ability to defend his rights. The elk and moose are symbols of Michigan, while the bald eagle represents the United States. The design features three Latin mottos. From top to bottom they are: The seal was adopted on June 22, 1835. Public Act 19 of 1963

Flag of Michigan The flag of the state of Michigan depicts the state's coat of arms on a dark blue field, as set forth by Michigan state law. (The Governor has a variant of the flag with a white instead of blue field.) The state has an official flag month from June 14 through July 14. The state coat of arms depicts a light blue shield, upon which the sun rises over a lake and peninsula, and a man with a raised hand representing peace and holding a long gun representing the fight for state and nation as a frontier

1972. The North American Vexillological Association (NAVA), in its 2001 survey of U.S. state, U.S. territorial and Canadian provincial flags rated the current Michigan flag 59th out of 72 flags evaluated; it was given an average score of just 3.46 out of a possible 10 points. Flag of Michigan The flag of the state of Michigan depicts the state's coat of arms on a dark blue field, as set forth by Michigan state law. (The Governor has a variant of the flag with a white instead of blue field.) The state has an official flag month from June 14 through

no images of it exist, as far as anyone knows. The second flag, adopted in 1865, displayed the state coat of arms on one side and the United States coat of arms on the other. In November 2016, a bill was introduced in the Michigan state legislature by Michigan State Senator Steven Bieda that would change the current state flag. If the bill is passed, the current state flag will be discontinued in January 2019 and replaced with a new design. Michigan's pledge of allegiance to the state flag was written by Harold G. Coburn and was officially adopted in",Michigan's state flag depicts four animals.,PASS,FAIL,Cat6,Numerical / Computation,FALSE,CLEAR,Annotator B
REP_0116,116,HALUEVALQA,haluevalqa-05294,In what city was the Bill Cosby album For Adults Only recorded?,"It was recorded at the Westgate Las Vegas Resort & Casino, then known as the International Hotel.The Westgate Las Vegas Resort & Casino is a hotel and casino in Winchester, Nevada.","Bill Cosby's album ""For Adults Only"" was recorded in two Nevada cities.",PASS,FAIL,Cat6,Numerical / Computation,FALSE,CLEAR,Annotator B
REP_0117,117,HALUEVALQA,haluevalqa-05956,Who directed a 1987 horror film starring an actor known for films such as The Breakfast Club and Trading Places?,"Hollywood-Monster (released as Ghost Chase in the United States) is a 1987 horror comedy film directed by Roland Emmerich, about a film crew working in a haunted mansion. Emmerich's third movie, it starred Jason Lively, Jill Whitlow, Paul Gleason and Tim McDaniel.Paul Xavier Gleason (May 4, 1939 – May 27, 2006) was an American film and television actor, known for his roles on television series such as ""All My Children"" and films such as ""The Breakfast Club"", ""Trading Places"", and ""Die Hard"".",Hollywood-Monster had two directors.,PASS,FAIL,Cat6,Numerical / Computation,FALSE,CLEAR,Annotator B
REP_0118,118,HALUEVALQA,haluevalqa-00044,Guitars for Wounded Warriors is an album that was recorded in the village in which New York county?,"All tracks were recorded at Tarquin's Jungle Room Studios in New Paltz (village), New York.New Paltz is a village in Ulster County located in the U.S. state of New York.",The tracks on Guitars for Wounded Warriors were recorded in two New York counties.,PASS,FAIL,Cat6,Numerical / Computation,FALSE,CLEAR,Annotator B
REP_0119,119,HALUEVALQA,haluevalqa-05928,"What is the real name of the person who decided on the CD name ""Sad Clown Bad Dub II"" along with the producer, Ant?","Emcee Slug states in the liner notes that he and producer Ant decided to call this CD ""Sad Clown Bad Dub II"" to preemptively head off any criticism of the recording's sound quality.Sean Michael Daley (born September 7, 1972), better known by his stage name Slug, is an American rapper from Minneapolis, Minnesota.",Slug's real name contains four words.,PASS,FAIL,Cat6,Numerical / Computation,FALSE,CLEAR,Annotator B
REP_0120,120,HALUEVALQA,haluevalqa-05948,"The 1965 Memorial Cup final was the 47th junior ice hockey championship of the Canadian Amateur Hockey Association, the George Richardson Memorial Trophy champions is which organization, that were two junior ice hockey franchises, that played in the top tier in the Ontario Hockey Association?",The George Richardson Memorial Trophy champions Niagara Falls Flyers of the Ontario Hockey Association in Eastern Canada competed against the Abbott Cup champions Edmonton Oil Kings of the Central Alberta Hockey League in Western Canada.The Niagara Falls Flyers were two junior ice hockey franchises that played in the top tier in the Ontario Hockey Association.,The Niagara Falls Flyers were three junior ice hockey franchises.,PASS,PASS,Cat6,Numerical / Computation,FALSE,CLEAR,Annotator B
REP_0121,121,ASQA,430,Where does the movie it take place 2017?,"and Pennywise the Dancing Clown, respectively, with Jeremy Ray Taylor, Sophia Lillis, Finn Wolfhard, Chosen Jacobs, Jack Dylan Grazer, Wyatt Oleff, Nicholas Hamilton, and Jackson Robert Scott in supporting roles. Principal photography began in the Riverdale neighborhood of Toronto on June 27, 2016, and ended on September 21, 2016. Other Ontario locations included Port Hope and Oshawa. ""It"" premiered in Los Angeles on September 5, 2017, and was theatrically released in the United States by New Line Cinema and Warner Bros. Pictures on September 8, 2017. Upon release, the film set numerous box office records and grossed $700 million worldwide.

It (2017 film) It (also known as It: Chapter One) is a 2017 American supernatural horror film directed by Andy Muschietti, based on the 1986 novel of the same name by Stephen King. The screenplay is by Chase Palmer, Cary Fukunaga and Gary Dauberman. The film is set in the summer of 1989 and tells the story of seven children in Derry, Maine, who are terrorized by the eponymous being, only to face their own personal demons in the process. The novel was previously adapted into a 1990 miniseries. The film stars Jaeden Lieberher and Bill Skarsgård as Bill Denbrough

2018, it was revealed that Javier Botet would appear in the film in an undisclosed role. Principal photography on the film began on June 19, 2018, at Pinewood Toronto Studios and on locations in and around Port Hope, Oshawa and Toronto, Ontario, and wrapped on October 30, 2018. Warner Bros. Pictures plans to release ""It: Chapter Two"" in theaters on September 6, 2019. On December 9, 2018, during the CCXP 2018, the first teaser and footage of the film were divulged. It – Chapter Two It: Chapter Two is an upcoming American supernatural horror film and the sequel to the

as the next filming location, and on July 20, 2016, filming notices were sent out to homes in the area of Eulalie Avenue and James Street, near downtown Oshawa, advising residents that filming would take place in the area from August 5 to August 8, 2016. On July 29, 2016, it was announced the crew had worked on the formerly vacant lot at the dead end of James Street constructing the set, in the form of a dilapidated old house. It was also remarked that the structure is a facade built around scaffolding that would be used for exterior shots.

Denmark and the Netherlands on September 7, 2017, and Norway and Finland on September 8, 2017. On March 7, 2017, the alternate title of the film was announced by Stephen King as ""Part 1 – The Losers' Club"". In addition to the conventional 2D format, ""It"" was also released across 615 IMAX screens globally, including 389 domestically. The film was released on digital download on December 19, 2017, and was released on 4K, Blu-ray and DVD on January 9, 2018. On January 31, 2016, Muschietti, on his Instagram, posted a sketch that was thought to be the precursor to Pennywise's","The setting of the 2017 film It, Derry, Maine, is different from the Ontario locations used for principal photography.",PASS,PASS,Cat7,Multi-entity / Multi-hop,TRUE,CLEAR,Annotator B
REP_0122,122,ASQA,415,What was the mad kings name in got?,"of those because we've been hearing about the Mad King from the very beginning of the show, but he's never appeared on screen before. And shooting it, you know, spending a lot of time on what ended up being maybe like a second and a half, couple seconds, of screen time."" The new scenes of the Mad King, Aerys II Targaryen, are interspersed with previously shown footage of the White Walkers, as well as wildfire explosions, and other landmark moments from throughout the series, such as Ned Stark's beheading, the Red Wedding, and Bran falling from the Broken Tower in

and younger son of Aerys II Targaryen, also known as The Mad King, and his sister-wife Rhaella Targaryen. Viserys Targaryen is the second born son of Aerys II Targaryen. Thirteen years before the events of the series, he and his sister Daenerys fled Westeros to escape death at the hands of rebel Robert Baratheon. Viserys is an arrogant, cruel and ambitious man given to violent mood swings. In ""A Game of Thrones"", he sells his sister as a wife to the Dothraki Khal Drogo, as a means to secure the allegiance of Drogo's army toward his goal of reclaiming the

The Mad King The Mad King is a Ruritanian romance by American writer Edgar Rice Burroughs, originally published in two parts as ""The Mad King"" and ""Barney Custer of Beatrice"" in ""All-Story Weekly"", in 1914 and 1915, respectively. These were combined for the book edition, first published in hardcover by A. C. McClurg in 1926. Set in the fictional European kingdom of Lutha, the protagonist is a young American named Barney Custer, of Beatrice, Nebraska, who is the son of an American farmer and a runaway Luthan princess, Victoria Rubinroth. Unaware of his royal blood, much less that he is

the series premiere. In the ""A Song of Ice and Fire"" series by George R. R. Martin, the Mad King is described as having long, unkempt hair and beard, with nine inch long fingernails. The show's version portrayed his look in a more tidy fashion, with David Rintoul playing the role of the Mad King. Ellie Kendrick, who portrays Meera Reed in the series, in an interview with ""The Hollywood Reporter"" spoke about the re-introduction of Benjen Stark, or Coldhands Benjen, and working with Joseph Mawle, saying ""It was so fantastic. And it's interesting. If you've read the books, then

The Madness of King George The Madness of King George is a 1994 British biographical historical comedy-drama film directed by Nicholas Hytner and adapted by Alan Bennett from his own play, ""The Madness of George III"". It tells the true story of George III of Great Britain's deteriorating mental health, and his equally declining relationship with his eldest son, the Prince of Wales, particularly focusing on the period around the Regency Crisis of 1788–89. Modern medicine has suggested that the King's symptoms were the result of acute intermittent porphyria, although this theory has more recently been vigorously challenged, most notably","The actor who played Aerys II Targaryen, also known as the Mad King, in Game of Thrones was David Rintoul.",PASS,PASS,Cat7,Multi-entity / Multi-hop,TRUE,CLEAR,Annotator B
REP_0123,123,ASQA,413,Who initiated the game of cricket among india and how?,"in the region. In time, the East India Company transformed from a commercial trading venture to one which virtually ruled India as it acquired auxiliary governmental and military functions, until its dissolution in 1858 following the Indian Mutiny. The East India Company was the means by which cricket was introduced into India. In 1639, the Company effectively founded the city of Madras, and in 1661 acquired Portuguese territory on the west coast of India that included Bombay. In 1690, an Anglo-Mughal treaty allowed English merchants to establish a trading settlement on the Hooghly River, which became Calcutta. All of these

newspapers confirm that it took place at Penshurst Park. The earliest known mention of cricket being played outside England is dated Saturday, 6 May 1676. A diarist called Henry Tonge, who was part of a British mission at Aleppo in the Ottoman Empire (now in Syria), recorded that ""at least forty of the English"" left the city for recreational purposes and, having found a nice place to pitch a tent for dinner, they ""had several pastimes and sports"" including ""krickett"". At six they ""returned home in good order"". By this time, cricket had been introduced to India, North America and

on Tuesday, 6 April 1652 when the Dutch East India Company established Cape Colony on Table Bay, near present-day Cape Town. In 1721, British sailors of the East India Company were reported to be playing cricket at Cambay, near Baroda, and this is the earliest reference to cricket being played in the Indian sub-continent. One of the players wrote: ""When my boat was lying for a fortnight in one of the channels, though the country was inhabited by the Culeys (""sic""), we every day diverted ourselves with playing Cricket and to other Exercises, which they would come and be spectators

a few years later. The Parsis were the first to start the cricket in India because they were in close contacts with the Imperial British, as they were interested in trade. Oriental Cricket Club The Oriental Cricket Club was a cricket club established by the Parsi community in Mumbai (formerly Bombay) in 1848. The origins of Indian Cricket, that is, cricket played by Indians are to be found in Bombay and the first Indian community to start playing the game was the small community of Zoroastrians, the Parsi. The Parsi community viewed these clubs as a way of cementing ties

America via the English colonies in the 17th century, probably before it had even reached the north of England. In the 18th century it arrived in other parts of the globe. It was introduced to the West Indies by colonists and to India by British East India Company mariners in the first half of the century. It arrived in Australia almost as soon as colonisation began in 1788. New Zealand and South Africa followed in the early years of the 19th century. Cricket never caught on in Canada, despite efforts by an imperial-minded elite to promote the game as a",The first Indian community to start playing the cricket introduced into India by the East India Company was the Parsis.,PASS,PASS,Cat7,Multi-entity / Multi-hop,TRUE,CLEAR,Annotator B
REP_0124,124,ASQA,712,Who wrote you dont have to say you love me?,"write their own lyric for an anti-love song to be called ""I Don't Love You""; when that original idea proved unproductive it was adjusted first to ""You Don't Love Me"" and then ""You Don't Have to Love Me"" which was finalized as ""You Don't Have to Say You Love Me"" to fit the song's melody. Napier-Bell was later to title his first book (an autobiographical account of the British music scene of the 1960s) ""You Don't Have to Say You Love Me"" after the song. Springfield recorded her vocal the next day: unhappy with the acoustics in the recording booth

release, by Harri Marstio () on his 1993 album release ""Sateenkaaren pää"", and by Topi Sorsakoski on his 1997 album release ""Kalliovuorten kuu"". ""You Don't Have to Say You Love Me"" has also been rendered in Croatian as ""Moju ljubav nisi hteo"" recorded by Nada Knežević () and also as ""Nemoj reći da me voliš"" recorded by Sanjalice; in Czech as ""Hledej k mému srdci klíč"" recorded by Eva Pilarová, and also as ""Jarní Víra"" recorded by Laďka Kozderková (); in Danish as ""Du Kan Gi' Mig Hele Verden"" recorded by Grethe Ingmann, and also as ""Jeg har ikke brug

You Don't Have to Say You Love Me ""You Don't Have to Say You Love Me"" (originally a 1965 Italian song by Pino Donaggio and lyricist Vito Pallavicini: '""Io che non vivo (senza te)"") is a 1966 hit recorded by English singer Dusty Springfield that proved to be her most successful hit single, reaching number one on the UK Singles Chart and number four on the ""Billboard"" Hot 100; the song subsequently charted in the UK via remakes by Elvis Presley (No. 9/1971), Guys 'n' Dolls (No. 5/1976) and Denise Welch (No. 23/1995), with Presley's version, released in 1970, also

music singer Jody Miller. Its English version, ""You Don't Have to Say You Love Me,"" featured lyrics newly written by Springfield's friend Vicki Wickham and her future manager, Simon Napier-Bell. It was released in March 1966 and reached No. 1 in April 1966 the UK and No. 4 in the US, where it was also No. 35 on the ""Billboard"" Top 100 for 1966. The song, which Springfield called ""good old schmaltz,"" was voted among the All Time Top 100 Songs by the listeners of BBC Radio 2 in 1999. Springfield introduced the Motown sound to a wider UK audience,

reaching No. 11 in the United States. ""You Don't Have to Say You Love Me"" was also a Top Ten hit in Ireland for Red Hurley (No. 5/1978), in Italy for Wall Street Crash (No. 6/1983), and - as ""En koskaan"" - in Finland for Kristina Hautala (No. 6/1966). ""Io che non vivo (senza te)"" — ""I, who can't live (without you)"" — was introduced at the 15th edition of the Sanremo Festival by Pino Donaggio — who had co-written the song with Vito Pallavicini — and his team partner Jody Miller: the song got to the final at Sanremo","The English lyricists of ""You Don't Have to Say You Love Me"", whose Italian original was written by Pino Donaggio and Vito Pallavicini, were Vicki Wickham and Simon Napier-Bell.",PASS,PASS,Cat7,Multi-entity / Multi-hop,TRUE,CLEAR,Annotator B
REP_0125,125,ASQA,296,Who was the programmer of ms-dos operating system?,"Tim Paterson Tim Paterson (born 1956) is an American computer programmer, best known for creating 86-DOS, an operating system for the Intel 8086. This system emulated the API of CP/M, which was created by Gary Kildall. 86-DOS later formed the basis of MS-DOS, the most widely used personal computer operating system in the 1980s. Paterson was educated in the Seattle Public Schools, graduating from Ingraham High School in 1974. He attended the University of Washington, working as a repair technician for The Retail Computer Store in the Green Lake area of Seattle, Washington, and graduated ""magna cum laude"" with a

Marc McDonald Marc B. McDonald is an American who was Microsoft's first salaried employee (not counting Monte Davidoff, who wrote the math package for BASIC for a flat fee). He is credited with designing and implementing the 8-bit File Allocation Table file system for the NCR 8200 data-entry terminal and Microsoft's Standalone Disk BASIC-80 in 1977. McDonald also developed an 8-bit operating system called M-DOS or MIDAS; the system itself was never released by Microsoft, but its file system (a variant of FAT) influenced Tim Paterson's QDOS. A version of ""Standalone Disk Basic"" was ported to a Seattle Computer Products

early versions of Windows ran as a GUI. It is a flexible operating system, and consumes negligible installation space. MS-DOS was a renamed form of 86-DOS owned by Seattle Computer Products, written by Tim Paterson. Development of 86-DOS took only six weeks, as it was basically a clone of Digital Research's CP/M (for 8080/Z80 processors), ported to run on 8086 processors and with two notable differences compared to CP/M; an improved disk sector buffering logic and the introduction of FAT12 instead of the CP/M filesystem. This first version was shipped in August 1980. Microsoft, which needed an operating system for

CP/M broke down; Digital Research wished to sell CP/M on a royalty basis, while IBM sought a single license, and to change the name to ""PC DOS"". Digital Research founder Gary Kildall refused, and IBM withdrew. IBM again approached Bill Gates. Gates in turn approached Seattle Computer Products. There, programmer Tim Paterson had developed a variant of CP/M-80, intended as an internal product for testing SCP's new 16-bit Intel 8086 CPU card for the S-100 bus. The system was initially named QDOS (Quick and Dirty Operating System), before being made commercially available as 86-DOS. Microsoft purchased 86-DOS, allegedly for $50,000.

San Jose, Silicon Valley, first as a software developer and after a year as the software manager responsible for the development of a microprocessor based Supervisory and Data Acquisition (SCADA) master station managing the electric grid for electric utilities. Dunie personally developed the real time operating system, the implementation of the DDCMP communications protocol, and parts of the UI. Dunie joined Microsoft Corporation in August 1988 as Project Manager for OS/2. He partnered with Dave Cutler building and leading the teams that delivered the first release of Windows NT, NT 3.1, on July 26, 1993. Cutler focused on NT architecture","The programmer of 86-DOS, the basis of the MS-DOS operating system, was Tim Paterson.",PASS,PASS,Cat7,Multi-entity / Multi-hop,TRUE,CLEAR,Annotator B
REP_0126,126,HALUEVALQA,haluevalqa-05596,"Martin Fabinyi is an Australian film and television producer and director, songwriter and screenwriter and has written books on the local rock music scene, his film projects include which 2006 Australian adaptation of William Shakespeare's ""Macbeth""?","His film projects include the features ""Chopper"" (2000), ""Gettin' Square"" (2003) and ""Macbeth"" (2006).Macbeth is a 2006 Australian adaptation of William Shakespeare's ""Macbeth"".","Martin Fabinyi’s film projects include ""Macbeth"", a 2006 Australian adaptation of William Shakespeare’s play.",PASS,PASS,Cat7,Multi-entity / Multi-hop,TRUE,CLEAR,Annotator B
REP_0127,127,HALUEVALQA,haluevalqa-05576,"Pierre Paul Jeanpierre (14 March 1912 – 29 May 1958) was a Frenchman, a soldier of legend in the French Foreign Legion who initially served in the French Army, he fought during which war, was between France and the Algerian National Liberation Front, from 1954 to 1962, which led to Algeria gaining its independence from France?","He fought during World War II, the First Indochina War, the Suez Crisis and the Algerian War, where he was killed in action.The Algerian War, also known as the Algerian War of Independence or the Algerian Revolution (Arabic: الثورة الجزائرية‎ ‎ ""Al-thawra Al-Jazaa'iriyya "";, Berber: ;, French: ""Guerre d'Algérie"" or ""Révolution algérienne "") was a war between France and the Algerian National Liberation Front (French: ""Front de Libération Nationale"" – FLN) from 1954 to 1962, which led to Algeria gaining its independence from France.","Pierre Paul Jeanpierre fought in the Algerian War, the conflict between France and the Algerian National Liberation Front from 1954 to 1962.",PASS,PASS,Cat7,Multi-entity / Multi-hop,TRUE,CLEAR,Annotator B
REP_0128,128,HALUEVALQA,haluevalqa-05457,"Who was the daughter of American writer Laura Ingalls Wilder that published the short Novel, Young Pioneers?","Let the Hurricane Roar, reissued as Young Pioneers starting from 1976, is a short novel by Rose Wilder Lane that incorporates elements of the childhood of her mother Laura Ingalls Wilder.Rose Wilder Lane (December 5, 1886 – October 30, 1968) was an American journalist, travel writer, novelist, political theorist, and daughter of American writer Laura Ingalls Wilder.","Rose Wilder Lane, the daughter of Laura Ingalls Wilder, wrote the short novel later reissued as ""Young Pioneers"".",PASS,PASS,Cat7,Multi-entity / Multi-hop,TRUE,CLEAR,Annotator B
REP_0129,129,HALUEVALQA,haluevalqa-05662,"The Mega Powers were a tag team in the World Wrestling Federation (WWF) and World Championship Wrestling (WCW), the Mega Powers consisted of Hulk Hogan, and ""Macho Man"" Randy Savage with who, that was an American professional wrestling manager and occasional professional wrestler?","The Mega Powers consisted of Hulk Hogan, and ""Macho Man"" Randy Savage with Miss Elizabeth (at the time Savage's real life wife, though portrayed on-screen as his manager, with any further relationship not explained) serving as their valet respectively.Elizabeth Ann Hulette (November 19, 1960 – May 1, 2003), best known in professional wrestling circles as Miss Elizabeth or simply Elizabeth, was an American professional wrestling manager and occasional professional wrestler.",The American professional wrestling manager who served as the Mega Powers' valet was Miss Elizabeth.,PASS,PASS,Cat7,Multi-entity / Multi-hop,TRUE,CLEAR,Annotator B
REP_0130,130,HALUEVALQA,haluevalqa-05520,The Airco DH.9 was named after which British aviation pioneer?,The Airco DH.9 (from de Havilland 9) – also known after 1920 as the de Havilland DH.9 – was a British single-engined biplane bomber developed and deployed during the First World War.Captain Sir Geoffrey de Havilland (27 July 1882 – 21 May 1965) was a British aviation pioneer and aircraft engineer.,The British aviation pioneer after whom the Airco DH.9 was named was Captain Sir Geoffrey de Havilland.,PASS,PASS,Cat7,Multi-entity / Multi-hop,TRUE,CLEAR,Annotator B
REP_0131,131,ASQA,245,Who wrote the music for how to train your dragon?,"How to Train Your Dragon: Music from the Motion Picture How to Train Your Dragon: Music from the Motion Picture is a soundtrack album composed by John Powell for the film of the same name and released by Varèse Sarabande on March 23, 2010. The score earned Powell his first Academy Award nomination and his third BAFTA nomination, which he lost to ""The Social Network"" and ""The King's Speech"", respectively. The score also won the International Film Music Critics Association 2011 Awards for Best Original Score for an Animated Feature and Film Score of the Year, and was nominated twice

for Film Music Composition of the Year for the tracks ""Forbidden Friendship"" and ""Test Drive"". The soundtrack received wide acclaim from professional music critics. ""How to Train Your Dragon"" was composer John Powell's sixth collaboration with DreamWorks Animation. Powell had scored many of DreamWorks' previous films, but this was the first of DreamWorks' films where Powell helmed the score on his own (on his previous efforts with DreamWorks, he had collaborated with other composers such as Harry Gregson-Williams and Hans Zimmer). Zimmer had long praised Powell's abilities, and on many occasions, asserted that he was the superior composer between them,

Film. The following year he scored ""The Bourne Ultimatum"". In 2008 he collaborated with composer Hans Zimmer to score ""Kung Fu Panda"", and also wrote music that year for ""Jumper"", ""Dr. Seuss' Horton Hears a Who!"", ""Hancock"", and ""Bolt"". In 2009 he scored the third film of ""Ice Age"" series; """". In 2010, Powell composed the to ""How to Train Your Dragon"". This was his sixth score for a DreamWorks Animation film, although the first where he composed the whole score himself. It also became his first work to be nominated for the Academy Award for Best Original Score. That

to DreamWorks Animation to score ""How to Train Your Dragon"", making it his sixth collaboration with the studio, following his previous score for ""Kung Fu Panda"" (which he scored with Hans Zimmer). Powell composed an orchestral score, combining bombastic brass with loud percussion and soothing strings, while also using exotic, Scottish and Irish tones with instruments like the penny whistle and bagpipes. Additionally, Icelandic singer Jónsi wrote and performed the song ""Sticks & Stones"" for the film. The score was released by Varèse Sarabande on March 23, 2010. Overall, the score was well received by film score critics. Powell earned

both nominations to Alexandre Desplat for his score for ""The King's Speech"", and to Trent Reznor and Atticus Ross for their score for ""The Social Network"", respectively. The music also won an Annie Award for the Best Music in a Feature Production from the International Animated Film Association, ASIFA-Hollywood. Christian Clemmensen, founder of ""Filmtracks.com"" and member of the IFMCA, praised the score, saying that ""Powell has finally managed to create a well rounded and more easily digestible variation on his typical mannerisms for ""How to Train Your Dragon""."" He however criticized the use of Scottish and Irish tones in a","The composer of How to Train Your Dragon's orchestral score also wrote and performed ""Sticks & Stones"".",PASS,FAIL,Cat7,Multi-entity / Multi-hop,FALSE,CLEAR,Annotator B
REP_0132,132,ASQA,206,Who was the first pharaoh to be buried in a pyramid?,"is believed to have been Amenemhet's final resting place. The pyramid of Senusret II at el-Lahun is the southernmost royal-tomb pyramid structure in Egypt. Its builders reduced the amount of work necessary to construct it by ingeniously using as its foundation and core a 12-meter-high natural limestone hill. Piye, the king of Kush who became the first ruler of the Twenty-fifth Dynasty of Egypt, built a pyramid at El-Kurru. He was the first Egyptian pharaoh to be buried in a pyramid in centuries. Taharqa, a Kushite ruler of the Twenty-fifth Dynasty, built his pyramid at Nuri. It was the largest

Imhotep. At Djoser's time, Imhotep was of such importance and fame that he was honoured by being mentioned on statues of king Djoser in his necropolis at Saqqara. Djoser was buried in his famous step pyramid at Saqqara. This pyramid was originally built as a nearly square mastaba, but then five further mastabas were literally piled one upon another, each smaller than the previous one, until the monument became Egypt's first step pyramid. Supervisor of the building constructions was the high lector priest Imhotep. The step pyramid is made of limestone. It is massive and contains only one tight corridor

BC), which began with Sneferu (2613–2589 BC). After Djoser, Pharaoh Snefru was the next great pyramid builder. Snefru commissioned the building of not one, but three pyramids. The first is called the Meidum pyramid, named for its location in Egypt. Snefru abandoned it after the outside casing fell off of the pyramid. The Meidum pyramid was the first to have an above-ground burial chamber. Using more stones than any other Pharaoh, he built the three pyramids: a now collapsed pyramid in Meidum, the Bent Pyramid at Dahshur, and the Red Pyramid, at North Dahshur. However, the full development of the

51-degree angle. Buried next to the Saqqara Step Pyramid, its base lies 65 feet underground and is believed to have been 50 feet tall when it was built. Teti Teti, less commonly known as Othoes, sometimes also Tata, Atat, or Athath in outdated sources, was the first pharaoh of the Sixth dynasty of Egypt. He is buried at Saqqara. The exact length of his reign has been destroyed on the Turin King List but is believed to have been about 12 years. Teti had several wives: Teti is known to have had several children. He was the father of at

Pyramid of Reherishefnakht The Pyramid of Reherishefnakht is the tomb of the ancient Egyptian official Reherishefnakht. It is located in south Saqqara and was built right next to the Pyramid of the 6th Dynasty Pharaoh Pepi I. Reherishefnakht's pyramid however was probably built at the end of the 11th Dynasty or the beginning of the 12th Dynasty. It is the oldest Egyptian pyramid built for a person who was not a member of the royal family. The pyramid was discovered a few years before it was first excavated by Audran Labrousse and the ""Mission Archéologique Française de Saqqâra"" in 2005.","The pharaoh buried in Egypt's first step pyramid, whose construction was supervised by Imhotep, was Piye.",PASS,PASS,Cat7,Multi-entity / Multi-hop,FALSE,CLEAR,Annotator B
REP_0133,133,ASQA,267,Architect of north and south blocks of central secretariat in delhi?,"Baker, who also designed with the Secretariat Buildings (North and South Block), designed bungalows on the then King George's Avenue (south of the Secretariats) for high-ranking officials. Other members of the team of architects were Robert Tor Russell, who built Connaught Place, the Eastern and Western Courts on Janpath, Teen Murti House, Safdarjung Airport, National Stadium and several government houses, William Henry Nicholls, CG Blomfield, FB Blomfield, Walter Sykes George, Arthur Gordon Shoosmith and Henry Medd. It is on the 2002 World Monuments Watch list of 100 Most Endangered Sites made by World Monuments Fund, a heritage organization based in

Union Building is covered with red tiles, in secretariat red sandstone is used in the ground floor walls only, the rest is the same pale sandstone. The Secretariat Building houses the following ministries: The Secretariat Building consists of two buildings: the North Block and the South Block. Both the buildings flank the Rashtrapati Bhavan. The terms 'North Block' and 'South Block' are often used to refer to the Ministry of Finance and the Ministry of External Affairs respectively. Secretariat Building, New Delhi The Secretariat Building or Central Secretariat is where the Cabinet Secretariat is housed, which administers the Government of

Secretariat Building, New Delhi The Secretariat Building or Central Secretariat is where the Cabinet Secretariat is housed, which administers the Government of India. Built in the 1910s, it is home to some of the most important ministries of the Cabinet of India. Situated on Raisina Hill, New Delhi, the Secretariat buildings are two blocks of symmetrical buildings (North Block and South Block) on opposite sides of the great axis of Rajpath, and flanking the Rashtrapati Bhavan (President's House). The planning of New Delhi began in earnest after Delhi was made capital of the British Indian Empire in 1911. Lutyens was

collector, who continued to make improvements to the house. Finding the house and grounds very much as Repton had left them, in 1902 he called upon architect Edwin Lutyens to add an extensive wing. Lutyens later credited his decades-long appointment as architect of New Delhi, the grand central area of which is still known as Lutyens' Delhi, to a chance meeting at a country-house party at Buckhurst during Benson's tenure. The wing added by Lutyens has since been demolished, but a sunken basin opposite its former ""New Room"" survives, and surrounding gardens by Gertrude Jekyll adjoining it were later carefully

brought into the new capital from distant parts of British India, including the Bengal Presidency and Madras Presidency. Subsequently housing for them was developed around Gole Market area. The Old Secretariat Building now houses the Delhi Legislative Assembly. The nearby Parliament House was built much later, and hence was not constructed around the axis of Rajpath. Construction of Parliament House was begun in 1921, and the building was inaugurated in 1927. Today, the area is served by the Central Secretariat station of the Delhi Metro. The Secretariat Building was designed by the prominent British architect Herbert Baker in Indo-Saracenic Revival",The architect who designed the North and South Blocks of the Central Secretariat also designed Connaught Place.,PASS,FAIL,Cat7,Multi-entity / Multi-hop,FALSE,CLEAR,Annotator B
REP_0134,134,ASQA,194,Where does peanut butter jelly time come from?,"Buckwheat Boyz The Buckwheat Boyz was an American musical group founded by Marcus Bowens and Jermaine Fuller, with the later addition of J.J. O'Neal and Dougy Williams. The Buckwheat Boyz were signed by Koch Records, and recorded their first and only full-length record. From this self-titled album, the song ""Peanut Butter Jelly Time"" became popular on the Internet after a flash music video featuring an animated dancing banana was created. The popularity of the song increased as it was featured on TV shows such as ""The Proud Family"", ""Family Guy"", and ""Regular Show"". In 2002, founding member and vocalist Jermaine

Peanut Butter Jelly (song) ""Peanut Butter Jelly"" is a song by Swedish electronic music duo Galantis featuring uncredited vocals from Martina Sorbara of Dragonette. It was released on 20 April 2015 as the fourth single from their debut studio album ""Pharmacy"" (2015). It became available on 4 April 2015 upon pre-order of the LP. It heavily features a sample of the 1974 single ""Kiss My Love Goodbye"" by Bettye Swann. The music video, directed by Dano Cerny, was posted to YouTube on July 26, 2015, and has since garnered over 104 million views. The video shows two people (presumed to

kissing each other. The two men then exit the store, leaving the customers and employees in a raucous party. Peanut Butter Jelly (song) ""Peanut Butter Jelly"" is a song by Swedish electronic music duo Galantis featuring uncredited vocals from Martina Sorbara of Dragonette. It was released on 20 April 2015 as the fourth single from their debut studio album ""Pharmacy"" (2015). It became available on 4 April 2015 upon pre-order of the LP. It heavily features a sample of the 1974 single ""Kiss My Love Goodbye"" by Bettye Swann. The music video, directed by Dano Cerny, was posted to YouTube

PB&J Television PB&J Television, also known as PB&J TV, is a Santa Monica, California based television production company. PB&J was started in 2004 by Julie Pizzi and Patty Ivins. Ivins has been working in reality television and news/documentary since 1996, and Pizzi since 1998. PB&J Television has executive produced NBC’s """", ""L.A. Riding Club"" for TLC, Showtime’s ""Reversal of Fortune"", Style’s ""The Modern Girl’s Guide to Life"", and CMT’s ""Pageant School: Becoming Miss America"". Prior to forming PB&J, Ivins was the supervising producer of the hit TV series ""The Simple Life"", and Pizzi was a creative vice president at Bunim-Murray

Jif (peanut butter) Jif is an American brand of peanut butter made by The J.M. Smucker Company, which purchased the brand from Procter & Gamble in 2001. In 1955, Procter & Gamble bought Big Top peanut butter from William T. Young of Kentucky and, in the ensuing years, reformulated and rebranded it to compete with Skippy and Peter Pan. P. & G. named its product Jif, used oils other than peanut oil in its hydrogenation process, and sweetened the recipe, adding sugar and molasses. The original ""Creamy"" and ""Crunchy"" style Jif peanut butters both debuted in 1958. In 1974, ""Extra",The group behind 'Peanut Butter Jelly Time' was the same group that released 'Peanut Butter Jelly' from the album Pharmacy.,PASS,FAIL,Cat7,Multi-entity / Multi-hop,FALSE,CLEAR,Annotator B
REP_0135,135,ASQA,328,What was the name of the frat in animal house?,"Day, chapter president Robert Hoover, ladies' man Eric ""Otter"" Stratton, and Otter's best friend Donald ""Boon"" Schoenstein, whose girlfriend Katy is constantly pressuring him to stop drinking with the Deltas and do something with his life. Larry and Kent are invited to pledge and given the fraternity names ""Pinto"" and ""Flounder"" respectively, by Bluto, Delta's sergeant-at-arms. College Dean Vernon Wormer wants to remove the Deltas, who are already on probation, so he invokes his emergency authority and places the fraternity on ""double-secret probation"" due to various campus conduct violations and their abysmal academic standing. He directs the clean-cut, smug Omega

fraternity. The house dissociated from its parent corporation in 1969 and renamed itself The Alpha Delta Fraternity. Alpha Delta is well known for being part of the inspiration behind the movie ""National Lampoon's Animal House"". The screenplay, co-written by Chris Miller, class of 1963, was inspired by a pair of short stories Miller wrote in ""National Lampoon"" in 1974 and 1975 (""The Night of the Seven Fires"" and ""Pinto's First Lay"") about his experiences as a member of Alpha Delta. In November 2006, Miller published a 336-page memoir of his experiences in the fraternity under the title ""The Real Animal

""The Night of the Seven Fires"" about pledging experiences from his fraternity days in Alpha Delta (associated with the national Alpha Delta Phi during Miller's undergraduate years, the fraternity subsequently disassociated itself from the national organization and is now called Alpha Delta) at the Ivy League's Dartmouth College, in Hanover, New Hampshire. The antics of his fellow fraternities, coupled with experiences like that of a road trip to University of Wisconsin-Madison and its Delta Chi Fraternity, became the inspiration for the Delta Tau Chis of ""Animal House"" and many characters in the film (and their nicknames) were based on Miller's

the turn of the century. The chapter has since moved to a different location on campus - into a house designed by John Russell Pope - but the original chapter house, designed and built by William Henry Miller, still stands. Alpha Delta Phi's Dartmouth College chapter was the inspiration for ""National Lampoon's Animal House"". The movie was co-written by Chris Miller and Doug Kenney. Miller based his writings on his own fraternity experiences at the chapter. The chapter was affiliated with Alpha Delta Phi from 1846 until 1969, when it broke away from the national organization and formed an independent

Laughs"" list of the 100 best American comedies. In 2008, ""Empire"" magazine selected it as one of ""The 500 Greatest Movies of All Time."" In 1962, Faber College freshmen Lawrence ""Larry"" Kroger and Kent Dorfman seek to join a fraternity. Finding themselves out of place at the prestigious Omega Theta Pi house's party, they visit the slovenly Delta Tau Chi house next door, where Kent is a ""legacy"" who cannot be rejected due to his brother having been a member. John ""Bluto"" Blutarsky welcomes them (claiming they ""need the dues""), and they meet other Deltas, including motorcyclist Daniel Simpson ""D-Day""",The fraternity inspired by Chris Miller's Alpha Delta experiences was the same fraternity where Larry and Kent initially felt out of place.,PASS,FAIL,Cat7,Multi-entity / Multi-hop,FALSE,CLEAR,Annotator B
REP_0136,136,HALUEVALQA,haluevalqa-09478,"Which film star from the movie ""Lion"" released in 2016 was also in the movie ""300"" ?","Lion is a 2016 biographical film directed by Garth Davis (in his feature debut) and written by Luke Davies, based on the non-fiction book ""A Long Way Home"" by Saroo Brierley with Larry Buttrose. The film stars Dev Patel, Rooney Mara, David Wenham and Nicole Kidman.David Wenham (born 21 September 1965) is an Australian actor who has appeared in movies, television series and theatre productions. He is known in Hollywood for his roles as Faramir in ""The Lord of the Rings"" film trilogy, Carl in ""Van Helsing"", Dilios in ""300"" and its sequel """", Neil Fletcher in ""Australia"" and Lieutenant John Scarfield in """".","The cast member of the 2016 film ""Lion"" who is identified as Dilios in ""300"" was Dev Patel.",PASS,PASS,Cat7,Multi-entity / Multi-hop,FALSE,CLEAR,Annotator B
REP_0137,137,HALUEVALQA,haluevalqa-09733,Halmich Park is located in what third largest city in Michigan?,"Halmich Park, is located on 13 Mile between Ryan Road and Dequindre Rd. in Warren, Michigan. The 2010 census places the city's population at 134,056, making Warren the largest city in Macomb County, the third largest city in Michigan, and Metro Detroit's largest suburb.","Halmich Park is located in Sterling Heights, the third-largest city in Michigan.",PASS,PASS,Cat7,Multi-entity / Multi-hop,FALSE,CLEAR,Annotator B
REP_0138,138,HALUEVALQA,haluevalqa-09618,The company that Corexit is an indirect subsidiary of is headquartered in what city?,"It is produced by Nalco Company, associated with BP and Exxon and an indirect subsidiary of Ecolab.Ecolab Inc., headquartered in St. Paul, Minnesota, is an American global provider of water, hygiene and energy technologies and services to the food, energy, healthcare, industrial and hospitality markets.","The company that is an indirect parent of the producer of Corexit is headquartered in Minneapolis, Minnesota.",PASS,PASS,Cat7,Multi-entity / Multi-hop,FALSE,CLEAR,Annotator B
REP_0139,139,HALUEVALQA,haluevalqa-09520,"Who created the character that William Arnold ""Billy"" Costello  voiced and appeared in the daily King Features comic strip?","William Arnold ""Billy"" Costello (February 2, 1898 – October 9, 1971), commonly known as ""Red Pepper Sam"", was an American live and voice actor, and the original voice of Popeye the Sailor in animated cartoons.Popeye the Sailor is a cartoon fictional character created by Elzie Crisler Segar.","The character voiced by William Arnold ""Billy"" Costello was created by Max Fleischer.",PASS,PASS,Cat7,Multi-entity / Multi-hop,FALSE,CLEAR,Annotator B
REP_0140,140,HALUEVALQA,haluevalqa-09502,Red Bull Stratos was a project involving the skydiver of what nationality?,"Red Bull Stratos was a space diving project involving Austrian skydiver Felix Baumgartner.Felix Baumgartner (] ; born 20 April 1969) is an Austrian skydiver, daredevil and BASE jumper.",The skydiver involved in the Red Bull Stratos project was German.,PASS,PASS,Cat7,Multi-entity / Multi-hop,FALSE,CLEAR,Annotator B
