legacy_id,question,context,factoid,disagreement_fields,disagreement_count,A_atomicity,A_question_relevance,A_evidence_clarity,A_evidence_relation,A_primary_category,A_secondary_tags,A_confidence,A_evidence_span,A_comment,B_atomicity,B_question_relevance,B_evidence_clarity,B_evidence_relation,B_primary_category,B_confidence,B_evidence_span,B_comment,final_atomicity,final_question_relevance,final_evidence_clarity,final_evidence_relation,final_primary_category
1,A well-endowed parish church in the Episcopal Diocese of New York was the first tallest building in New York over a building that was demolished in what year?," It was 260 ft tall and when new the second-tallest building in New York, after Trinity Church. It was demolished in 1966.Trinity Church is an historic, active, well-endowed parish church in the Episcopal Diocese of New York.",Trinity Church was the first tallest building in New York.,evidence_clarity;evidence_relation,2,PASS,PASS,CLEAR,ENTAILED,Cat5,Cat1,medium,"It was demolished in 1966.Trinity Church is an historic, active, well-endowed parish church in the Episcopal Diocese of New York.",Comparative/superlative claim; context places the building second after Trinity Church.,PASS,PASS,AMBIGUOUS,NOT_ENOUGH_INFO,Cat5,MEDIUM,"It was 260 ft tall and when new the second-tallest building in New York, after Trinity Church. || It was demolished in 1966.Trinity Church is an historic, active, well-endowed parish church in the Episcopal Diocese of New York.","Primary operation: comparison, ranking, relative magnitude, or superlative.",PASS,PASS,CLEAR,ENTAILED,Cat5
4,"When was was an English author, best known for his books about the teddy bear Winnie-the-Pooh only mystery novel published?","The Red House Mystery is a ""locked room"" whodunnit by A. A. Milne, published in 1922. It was Milne's only mystery novel.Alan Alexander Milne ( ; 18 January 1882 – 31 January 1956) was an English author, best known for his books about the teddy bear Winnie-the-Pooh and for various poems.",The year is 1922.,atomicity;primary_category,2,FAIL,PASS,CLEAR,ENTAILED,INVALID,Cat4,high,"It was Milne's only mystery novel.Alan Alexander Milne ( ; 18 January 1882 – 31 January 1956) was an English author, best known for his books about the teddy bear Winnie-the-Pooh and for various poems.",The subject of 'The year is 1922' is not standalone.,PASS,PASS,CLEAR,ENTAILED,Cat4,HIGH,"Milne, published in 1922. || It was Milne's only mystery novel.Alan Alexander Milne ( ; 18 January 1882 ‚Ä?31 January 1956) was an English author, best known for his books about the teddy bear Winnie-the-Pooh and for various poems.","Primary operation: date, duration, temporal position, or event sequence.",PASS,PASS,CLEAR,ENTAILED,Cat4
5,Lucy Elizabeth Fry played the lead in a television series that follows Eve who is a 19-year-old what?,"Lucy Elizabeth Fry (born 13 March 1992) is an Australian actress. Fry was also cast in Hulu's eight part miniseries ""11.22.63"" as Marina Oswald, wife of Lee Harvey Oswald, and played the lead in the 2016 Australian horror television series ""Wolf Creek"".Wolf Creek is a 2016 Australian horror web television series which screens on Stan. It is a spin-off of the movies ""Wolf Creek"" and ""Wolf Creek 2"" and follows Eve, a 19-year-old American tourist, who is targeted by crazed serial killer Mick Taylor, survives his attack and embarks on a mission of revenge.",Eve is a 19-year-old werewolf hunter.,evidence_relation,1,PASS,PASS,CLEAR,NOT_ENOUGH_INFO,Cat1,Cat4,medium,"It is a spin-off of the movies ""Wolf Creek"" and ""Wolf Creek 2"" and follows Eve, a 19-year-old American tourist, who is targeted by crazed serial killer Mick Taylor, survives his attack and embarks on a mission of revenge.",Core claim is Eve's identity/attribute; the context calls her an American tourist but does not explicitly exclude other roles.,PASS,PASS,CLEAR,CONTRADICTED,Cat1,HIGH,"Fry was also cast in Hulu's eight part miniseries ""11.22.63"" as Marina Oswald, wife of Lee Harvey Oswald, and played the lead in the 2016 Australian horror television series ""Wolf Creek"".Wolf Creek is a 2016 Australian horror web television series which screens on Stan. || It is a spin-off of the movies ""Wolf Creek"" and ""Wolf Creek 2"" and follows Eve, a 19-year-old American tourist, who is targeted by crazed serial killer Mick Taylor, survives his attack and embarks on a mission of revenge.",The age is incidental; verification turns on Eve's stated identity/role.,PASS,PASS,CLEAR,CONTRADICTED,Cat1
8,What was the original name of the gazette that publishes Lytham St Annes Express?," It is published by the Blackpool Gazette and therefore owned by Johnson Press. It was founded as ""The West Lancashire Evening Gazette"" in 1929 before being renamed the ""Evening Gazette"", and then ""Blackpool Gazette"".",The West Lancashire Evening Gazette is a multi-objective ecosystem advertiser.,atomicity;evidence_clarity,2,PASS,FAIL,CLEAR,NOT_ENOUGH_INFO,INVALID,Cat1,high,"It was founded as ""The West Lancashire Evening Gazette"" in 1929 before being renamed the ""Evening Gazette"", and then ""Blackpool Gazette"".",Ancillary description of the answer entity; not responsive to the question and unsupported.,FAIL,FAIL,AMBIGUOUS,NOT_ENOUGH_INFO,INVALID,HIGH,"It is published by the Blackpool Gazette and therefore owned by Johnson Press. || It was founded as ""The West Lancashire Evening Gazette"" in 1929 before being renamed the ""Evening Gazette"", and then ""Blackpool Gazette"".",INVALID: Malformed and unrelated proposition.,PASS,FAIL,CLEAR,CONTRADICTED,Cat1
9,What is a small network appliance and entertainment device that serves as a the media player for the iTunes Store?," It also serves as a media player for television shows and films purchased in the iTunes Store, replacing the ""Videos"" application on earlier versions of iOS.Apple TV is a digital media player and microconsole developed and sold by Apple Inc. It is a small network appliance and entertainment device that can receive digital data from a number of sources and stream it to a capable television.",Apple TV is not a television set.,evidence_clarity,1,PASS,PASS,CLEAR,NOT_ENOUGH_INFO,Cat2,Cat1,medium,"It also serves as a media player for television shows and films purchased in the iTunes Store, replacing the ""Videos"" application on earlier versions of iOS.Apple TV is a digital media player and microconsole developed and sold by Apple Inc.","Relevant negative device-type claim, but the context does not explicitly state it is not a television set.",PASS,PASS,AMBIGUOUS,NOT_ENOUGH_INFO,Cat2,MEDIUM,"It also serves as a media player for television shows and films purchased in the iTunes Store, replacing the ""Videos"" application on earlier versions of iOS.Apple TV is a digital media player and microconsole developed and sold by Apple Inc. || It is a small network appliance and entertainment device that can receive digital data from a number of sources and stream it to a capable television.","Primary operation: negation, exclusion, exception, or proposition polarity.",PASS,PASS,CLEAR,NOT_ENOUGH_INFO,Cat2
10,"Abraham Bankier was one of the owners of the Rekord factory that was taken over by a German Industrialist, spy, and member of the Nazi Party who is credited with saving how many Jews during the Holocaust?","Abraham Bankier (1910-1956) was one of the owners of the ""Rekord"" factory on Lipowa street in Cracow, Poland, that Oskar Schindler took over during World War II.Oskar Schindler (28 April 1908 – 9 October 1974) was a German industrialist, spy, and member of the Nazi Party who is credited with saving the lives of 1,200 Jews during the Holocaust by employing them in his enamelware and ammunitions factories, which were located in occupied Poland and the Protectorate of Bohemia and Moravia.",Abraham Bankier was one of the owners of the Rekord factory.,question_relevance;primary_category,2,PASS,PASS,CLEAR,ENTAILED,Cat1,,high,"Abraham Bankier (1910-1956) was one of the owners of the ""Rekord"" factory on Lipowa street in Cracow, Poland, that Oskar Schindler took over during World War II.Oskar Schindler (28 April 1908 – 9 October 1974) was a German industrialist, spy, and member of the Nazi Party who is credited with saving ",Direct one-step ownership relation used in the question.,PASS,FAIL,CLEAR,ENTAILED,INVALID,HIGH,"Abraham Bankier (1910-1956) was one of the owners of the ""Rekord"" factory on Lipowa street in Cracow, Poland, that Oskar Schindler took over during World War II.Oskar Schindler (28 April 1908 ‚Ä?9 October 1974) was a German industrialist, spy, and member of the Nazi Party who is credited with saving ",INVALID: Does not answer the requested number of people saved.,PASS,FAIL,CLEAR,ENTAILED,Cat1
23,"Lee Mi-sook (born April 2, 1960) is a South Korean actress, one of the best-known actresses of 1980s Korean cinema, Lee's most famous films from this era include which of Lee Doo-yong's, 1986 South Korean drama filmLee Mi-sook (born April 2, 1960) is a South Korean actress, one of the best-known actresses of 1980s Korean cinema, Lee's most famous films from this era include which of Lee Doo-yong's, 1986 South Korean drama film, Mulberry, based on the eponymous classic story, by who?"," One of the best-known actresses of 1980s Korean cinema, Lee's most famous films from this era include Bae Chang-ho's ""Whale Hunting"" and ""The Winter That Year Was Warm"", Lee Doo-yong's ""Mulberry"" and ""Eunuch"", and Kwak Ji-kyoon's ""Wanderer in Winter"". Based on the eponymous classic story by Na Do-hyang, the film became known for its erotic subject matter, made possible by the government's gradual relaxation of censorship and control over the film industry during the 1980s.","The director of ""Mulberry"" is not specified.",evidence_relation,1,PASS,FAIL,CLEAR,NOT_ENOUGH_INFO,INVALID,Cat2,medium,"One of the best-known actresses of 1980s Korean cinema, Lee's most famous films from this era include Bae Chang-ho's ""Whale Hunting"" and ""The Winter That Year Was Warm"", Lee Doo-yong's ""Mulberry"" and ""Eunuch"", and Kwak Ji-kyoon's ""Wanderer in Winter"".",The statement about the director being unspecified does not answer the question and is not explicitly supported.,PASS,FAIL,CLEAR,CONTRADICTED,INVALID,HIGH,"One of the best-known actresses of 1980s Korean cinema, Lee's most famous films from this era include Bae Chang-ho's ""Whale Hunting"" and ""The Winter That Year Was Warm"", Lee Doo-yong's ""Mulberry"" and ""Eunuch"", and Kwak Ji-kyoon's ""Wanderer in Winter"". || Based on the eponymous classic story by Na Do-hyang, the film became known for its erotic subject matter, made possible by the government's gradual relaxation of censorship and control over the film industry during the 1980s.",INVALID: Does not answer who wrote the source story.,PASS,FAIL,CLEAR,NOT_ENOUGH_INFO,INVALID
25,"What is the name of the magazine that Funk & Wagnalls published thateventually merged with two similar weekly magazines, ""Public Opinion"" and ""Current Opinion""? "," Funk & Wagnalls Company published The Literary Digest, ""The Standard Dictionary of the English Language"", and ""Funk & Wagnalls Standard Encyclopedia"", Founded by Isaac Kaufmann Funk in 1890, it eventually merged with two similar weekly magazines, ""Public Opinion"" and ""Current Opinion"".","The magazine merged with ""Current Opinion"".",question_relevance;primary_category,2,PASS,PASS,CLEAR,ENTAILED,Cat1,,high,"Funk & Wagnalls Company published The Literary Digest, ""The Standard Dictionary of the English Language"", and ""Funk & Wagnalls Standard Encyclopedia"", Founded by Isaac Kaufmann Funk in 1890, it eventually merged with two similar weekly magazines, ""Public Opinion"" and ""Current Opinion"".",Direct relation used to identify the magazine in the question.,PASS,FAIL,CLEAR,ENTAILED,INVALID,HIGH,"Funk & Wagnalls Company published The Literary Digest, ""The Standard Dictionary of the English Language"", and ""Funk & Wagnalls Standard Encyclopedia"", Founded by Isaac Kaufmann Funk in 1890, it eventually merged with two similar weekly magazines, ""Public Opinion"" and ""Current Opinion"".",INVALID: Does not identify the magazine by name.,PASS,FAIL,CLEAR,ENTAILED,Cat1
28,What is a small network appliance and entertainment device that serves as a the media player for the iTunes Store?," It also serves as a media player for television shows and films purchased in the iTunes Store, replacing the ""Videos"" application on earlier versions of iOS.Apple TV is a digital media player and microconsole developed and sold by Apple Inc. It is a small network appliance and entertainment device that can receive digital data from a number of sources and stream it to a capable television.",Apple TV is not a stand-alone display device.,evidence_clarity;evidence_relation,2,PASS,PASS,CLEAR,NOT_ENOUGH_INFO,Cat2,Cat1,medium,"It also serves as a media player for television shows and films purchased in the iTunes Store, replacing the ""Videos"" application on earlier versions of iOS.Apple TV is a digital media player and microconsole developed and sold by Apple Inc.","Relevant negative device-property claim, but the context does not explicitly assert it.",PASS,PASS,AMBIGUOUS,ENTAILED,Cat2,MEDIUM,"It also serves as a media player for television shows and films purchased in the iTunes Store, replacing the ""Videos"" application on earlier versions of iOS.Apple TV is a digital media player and microconsole developed and sold by Apple Inc. || It is a small network appliance and entertainment device that can receive digital data from a number of sources and stream it to a capable television.","Primary operation: negation, exclusion, exception, or proposition polarity.",PASS,PASS,CLEAR,NOT_ENOUGH_INFO,Cat2
34,Where did the brown v board of education take place?,"Brown v. Board of Education National Historic Site ""Brown v. Board of Education"" National Historic Site was established in Topeka, Kansas, on October 26, 1992, by the United States Congress to commemorate the landmark U.S. Supreme Court decision aimed at ending racial segregation in public schools. On May 17, 1954, the Supreme Court unanimously declared that ""separate educational facilities are inherently unequal"" and, as such, violated the 14th Amendment to the United States Constitution, which guarantees all citizens ""equal protection of the laws."" The site consists of the Monroe Elementary School, one of the four segregated elementary schools for African

Brown v. Board of Education Brown v. Board of Education of Topeka, 347 U.S. 483 (1954), was a landmark United States Supreme Court case in which the Court declared state laws establishing separate public schools for black and white students to be unconstitutional. The decision effectively overturned the ""Plessy v. Ferguson"" decision of 1896, which allowed state-sponsored segregation, insofar as it applied to public education. Handed down on May 17, 1954, the Warren Court's unanimous (9–0) decision stated that ""separate educational facilities are inherently unequal."" As a result, ""de jure"" racial segregation was ruled a violation of the Equal Protection

Jones, Lance Newman, and Gloria Thompson. The U.S. Supreme Court's ruling in 1954, ""Brown v. Board of Education of Topeka"", Kansas had struck down the previous ruling on racial segregation ""Plessy v. Ferguson"" that held that facilities could be racially ""separate but equal."" ""Brown v. Board of Education"" ruled that ""racially separate educational facilities were inherently unequal."" The elected Arlington County School Board presumed that the state would defer to localities and in January 1956 announced plans to integrate Arlington schools. The state responded by suspending the county's right to an elected school board. The Arlington County Board, the ruling","Brown v. Board of Education of Topeka, KS, was handed down on May 17, 1954.",question_relevance;primary_category,2,PASS,PASS,CLEAR,ENTAILED,Cat4,Cat1,medium,"Handed down on May 17, 1954, the Warren Court's unanimous (9–0) decision stated that ""separate educational facilities are inherently unequal."" As a result, ""de jure"" racial segregation was ruled a violation of the Equal Protection",Factoid includes the case/location identifier and a supported hand-down date.,PASS,FAIL,CLEAR,ENTAILED,INVALID,HIGH,"Handed down on May 17, 1954, the Warren Court's unanimous (9‚Ä?) decision stated that ""separate educational facilities are inherently unequal."" As a result, ""de jure"" racial segregation was ruled a violation of the Equal Protection Jones, Lance Newman, and Gloria Thompson. || Board of Education of Topeka"", Kansas had struck down the previous ruling on racial segregation ""Plessy v.",INVALID: Provides a date rather than the requested place.,PASS,FAIL,CLEAR,ENTAILED,Cat4
35,The Crocs River is a tributary of a river given what nickname?,"The Crocs River (French: Rivière des Crocs) is a tributary of the Saint John River (Bay of Fundy), in Quebec and New Brunswick, in Canada. It has been nicknamed the ""Rhine of North America"" for its scenery.",The Saint John River (Bay of Fundy) is in New Brunswick.,evidence_clarity;evidence_relation,2,PASS,FAIL,AMBIGUOUS,AMBIGUOUS,INVALID,Cat1,low,"The Crocs River (French: Rivière des Crocs) is a tributary of the Saint John River (Bay of Fundy), in Quebec and New Brunswick, in Canada.",The location phrase in context has ambiguous attachment and does not answer the nickname question.,PASS,FAIL,CLEAR,ENTAILED,INVALID,HIGH,"The Crocs River (French: Rivi√®re des Crocs) is a tributary of the Saint John River (Bay of Fundy), in Quebec and New Brunswick, in Canada. || It has been nicknamed the ""Rhine of North America"" for its scenery.",INVALID: Does not provide the river's nickname.,PASS,FAIL,CLEAR,ENTAILED,INVALID
39,"Who was born first, Franco Malerba or Wubbo Ockels?","Franco Egidio Malerba (born October 10, 1946, in Busalla, Metropolitan City of Genoa, Italy) is an astronaut.Wubbo Johannes Ockels (28 March 1946 – 18 May 2014) was a Dutch physicist and an astronaut of the European Space Agency (ESA).",Franco Egidio Malerba was born first.,primary_category,1,PASS,PASS,CLEAR,CONTRADICTED,Cat4,Cat5,high,"Franco Egidio Malerba (born October 10, 1946, in Busalla, Metropolitan City of Genoa, Italy) is an astronaut.Wubbo Johannes Ockels (28 March 1946 – 18 May 2014) was a Dutch physicist and an astronaut of the European Space Agency (ESA).",Temporal ordering of birth dates; Ockels was born earlier in 1946.,PASS,PASS,CLEAR,CONTRADICTED,Cat5,HIGH,"Franco Egidio Malerba (born October 10, 1946, in Busalla, Metropolitan City of Genoa, Italy) is an astronaut.Wubbo Johannes Ockels (28 March 1946 ‚Ä?18 May 2014) was a Dutch physicist and an astronaut of the European Space Agency (ESA).","Primary operation: comparison, ranking, relative magnitude, or superlative.",PASS,PASS,CLEAR,CONTRADICTED,Cat5
40,What nationality is the actress who played the role of Sam Sloan's wife Trudy in the sitcom The Single Guy ?," The series also starred Joey Slotnick as Eliot's best friend Sam Sloan, Ming-Na Wen as Sam's wife Trudy and Ernest Borgnine as doorman Manny, throughout its entire run.Ming-Na Wen (; born November 20, 1963) is an American actress.",Trudy's nationality in The Single Guy is never explicitly revealed.,question_relevance;evidence_relation;primary_category,3,PASS,FAIL,CLEAR,NOT_ENOUGH_INFO,INVALID,Cat2,medium,"The series also starred Joey Slotnick as Eliot's best friend Sam Sloan, Ming-Na Wen as Sam's wife Trudy and Ernest Borgnine as doorman Manny, throughout its entire run.Ming-Na Wen (; born November 20, 1963) is an American actress.",Character nationality is not the actress-nationality answer and is not established by the context.,PASS,PASS,CLEAR,CONTRADICTED,Cat2,HIGH,"The series also starred Joey Slotnick as Eliot's best friend Sam Sloan, Ming-Na Wen as Sam's wife Trudy and Ernest Borgnine as doorman Manny, throughout its entire run.Ming-Na Wen (; born November 20, 1963) is an American actress.","Primary operation: negation, exclusion, exception, or proposition polarity.",PASS,PASS,CLEAR,CONTRADICTED,Cat2
44,What was the original name of the gazette that publishes Lytham St Annes Express?," It is published by the Blackpool Gazette and therefore owned by Johnson Press. It was founded as ""The West Lancashire Evening Gazette"" in 1929 before being renamed the ""Evening Gazette"", and then ""Blackpool Gazette"".",The West Lancashire Evening Gazette is part of the Newsquest media group.,evidence_relation,1,PASS,FAIL,CLEAR,NOT_ENOUGH_INFO,INVALID,Cat1,high,"It was founded as ""The West Lancashire Evening Gazette"" in 1929 before being renamed the ""Evening Gazette"", and then ""Blackpool Gazette"".",Ownership claim is irrelevant to the original-name question and unsupported.,PASS,FAIL,CLEAR,CONTRADICTED,INVALID,HIGH,"It is published by the Blackpool Gazette and therefore owned by Johnson Press. || It was founded as ""The West Lancashire Evening Gazette"" in 1929 before being renamed the ""Evening Gazette"", and then ""Blackpool Gazette"".",INVALID: Does not provide the gazette's original name.,PASS,FAIL,CLEAR,CONTRADICTED,INVALID
48,Which child actress began her career in 2006 and also stared in the television series The Emperor: Owner of the Mask?,"The Emperor: Owner of the Mask () is a South Korean television series starring Yoo Seung-ho, Kim So-hyun, Kim Myung-soo, Yoon So-hee, Heo Joon-ho and Park Chul-min. She began her career as a child actress in 2006 and initially gained public attention for playing a villainous young queen-to-be in ""Moon Embracing the Sun"" (2012) and a girl who falls into tragedy in ""Missing You"" (2013).",The child actress began her career in 2006.,atomicity;question_relevance,2,FAIL,PASS,CLEAR,ENTAILED,INVALID,Cat4,medium,"She began her career as a child actress in 2006 and initially gained public attention for playing a villainous young queen-to-be in ""Moon Embracing the Sun"" (2012) and a girl who falls into tragedy in ""Missing You"" (2013).",Definite description 'the child actress' is not standalone without an identified subject.,PASS,FAIL,CLEAR,ENTAILED,INVALID,HIGH,"The Emperor: Owner of the Mask () is a South Korean television series starring Yoo Seung-ho, Kim So-hyun, Kim Myung-soo, Yoon So-hee, Heo Joon-ho and Park Chul-min. || She began her career as a child actress in 2006 and initially gained public attention for playing a villainous young queen-to-be in ""Moon Embracing the Sun"" (2012) and a girl who falls into tragedy in ""Missing You"" (2013).",INVALID: Repeats a career date but does not name the actress.,PASS,FAIL,CLEAR,ENTAILED,INVALID
54,Who did ed sheeran wrote nancy mulligan about?,"Nancy Mulligan ""Nancy Mulligan"" is a song by English singer-songwriter Ed Sheeran. It was included on the deluxe edition of his third studio album ""÷"" (2017). After the album's release it charted at number 13 on the UK Singles Chart. Sheeran recorded the song together with Beoga. ""Nancy Mulligan"" is one of the most personal songs on the album, telling the story of how his grandparents, William Sheeran, a Protestant from Belfast, Northern Ireland and Nancy Mulligan (real name Anne Mulligan), a Catholic from Republic of Ireland, met, fell in love during the Second World War and got married at

Hopefully if these songs are successful, more people will do a bit more like it."" In 2017, the song was covered by the Irish country singer Mike Denver with an accompanying music video. Sheeran performed the song, backed on stage by Beoga, during his headline performance at the Glastonbury Festival. Nancy Mulligan ""Nancy Mulligan"" is a song by English singer-songwriter Ed Sheeran. It was included on the deluxe edition of his third studio album ""÷"" (2017). After the album's release it charted at number 13 on the UK Singles Chart. Sheeran recorded the song together with Beoga. ""Nancy Mulligan"" is

the Wexford border. Sheeran said: ""They got engaged and no one turned up at their wedding. He stole all the gold teeth in his dental surgery and melted them down into a wedding ring, and they wore borrowed clothes to get married, and just basically have this kind of Romeo and Juliet romance, which is like the most romantic thing. So I thought I'd write a song about it and make it a jig."" In an interview with the ""Irish Times"", talking about the song's Irish roots, Sheeran said ""I don't think enough people use Irish folk in pop music...",Ed Sheeran's grandparents got married at the Wexford border.,evidence_clarity,1,PASS,PASS,CLEAR,ENTAILED,Cat1,Cat4,medium,"""Nancy Mulligan"" is one of the most personal songs on the album, telling the story of how his grandparents, William Sheeran, a Protestant from Belfast, Northern Ireland and Nancy Mulligan (real name Anne Mulligan), a Catholic from Republic of Ireland, met, fell in love during the Second World War an","Direct relation about the grandparents, who are the song's subject.",PASS,PASS,AMBIGUOUS,ENTAILED,Cat1,MEDIUM,"Nancy Mulligan ""Nancy Mulligan"" is a song by English singer-songwriter Ed Sheeran. || ""Nancy Mulligan"" is one of the most personal songs on the album, telling the story of how his grandparents, William Sheeran, a Protestant from Belfast, Northern Ireland and Nancy Mulligan (real name Anne Mulligan), a Catholic from Republic of Ireland, met, fell in love during the Second World War an","Primary operation: direct entity, alias, attribute, membership, or lexical relation.",PASS,PASS,CLEAR,ENTAILED,Cat1
57,Song at the end of who dat boy?,"accompanied music video was uploaded on June 29, 2017 on Tyler's official YouTube channel. The music video was directed by Tyler under the pseudonym Wolf Haley. The music video features visual allusions to the 2017 film ""Get Out"" and rapper Action Bronson's face being sewn onto Tyler's. It also features a snippet of the song ""911"" at the end of the track. Who Dat Boy ""Who Dat Boy"" is a song by American rapper Tyler, the Creator. It was released on June 30, 2017 alongside, ""911 / Mr. Lonely"" through Columbia Records, as the lead singles from his fourth studio

Who Dat Boy ""Who Dat Boy"" is a song by American rapper Tyler, the Creator. It was released on June 30, 2017 alongside, ""911 / Mr. Lonely"" through Columbia Records, as the lead singles from his fourth studio album ""Flower Boy"". The song features vocals from ASAP Rocky. Tyler, the Creator began a one-week countdown on Twitter and Instagram to promote and release the two dual-singles called ""Who Dat Boy"" and ""911 / Mr. Lonely"" on June 30, 2017. The single is Tyler, the Creator's highest charting single to date debuting at 87 on the ""Billboard"" Hot 100. The song

before the announced release date of July 21. After a one-week countdown on Twitter and Instagram, Tyler, the Creator released a music video, titled ""Who Dat Boy"", to his official YouTube channel on June 29, 2017. The album's lead single, ""Who Dat Boy"" / ""911"", containing two songs: ""Who Dat Boy"" and ""911 / Mr. Lonely"" was released on June 30, 2017. The single peaked at number 87 on the US ""Billboard"" Hot 100. The album's second single, ""Boredom"", was released on July 11, 2017. The album's third single, ""I Ain't Got Time!"", was released on July 19, 2017. The","""Who Dat Boy"" was released alongside ""911/Mr. Lonely"".",question_relevance;primary_category,2,PASS,FAIL,CLEAR,ENTAILED,INVALID,Cat1,medium,"Tyler, the Creator began a one-week countdown on Twitter and Instagram to promote and release the two dual-singles called ""Who Dat Boy"" and ""911 / Mr.",Release pairing does not establish which song appears at the end of the video.,PASS,PASS,CLEAR,ENTAILED,Cat1,HIGH,"Tyler, the Creator began a one-week countdown on Twitter and Instagram to promote and release the two dual-singles called ""Who Dat Boy"" and ""911 / Mr. || The album's lead single, ""Who Dat Boy"" / ""911"", containing two songs: ""Who Dat Boy"" and ""911 / Mr.","Primary operation: direct entity, alias, attribute, membership, or lexical relation.",PASS,FAIL,CLEAR,ENTAILED,INVALID
60,Was Beyond the Gates of Splendor or Jesus Camp released first?,"Beyond the Gates of Splendor (also Beyond the Gates) is a feature-length documentary film that was released in 2004.Jesus Camp is a 2006 American documentary film directed by Rachel Grady and Heidi Ewing about a Charismatic Christian summer camp, where children spend their summers being taught that they have ""prophetic gifts"" and can ""take back America for Christ"".",The five American missionaries were Ed McCully.,atomicity,1,FAIL,FAIL,CLEAR,NOT_ENOUGH_INFO,INVALID,Cat1,high,"Beyond the Gates of Splendor (also Beyond the Gates) is a feature-length documentary film that was released in 2004.Jesus Camp is a 2006 American documentary film directed by Rachel Grady and Heidi Ewing about a Charismatic Christian summer camp, where children spend their summers being taught that ",Malformed identity statement and unrelated to the release-order question.,PASS,FAIL,CLEAR,NOT_ENOUGH_INFO,INVALID,HIGH,"Beyond the Gates of Splendor (also Beyond the Gates) is a feature-length documentary film that was released in 2004.Jesus Camp is a 2006 American documentary film directed by Rachel Grady and Heidi Ewing about a Charismatic Christian summer camp, where children spend their summers being taught that ",INVALID: Unrelated missionary claim does not compare release years.,PASS,FAIL,CLEAR,NOT_ENOUGH_INFO,INVALID
76,Who publishes a horror game with protagonist Ellie?,"Ellie is a fictional character in the 2013 video game ""The Last of Us"", and the main protagonist of the upcoming video game ""The Last of Us Part II"".The Last of Us Part II is an upcoming action-adventure survival horror video game developed by Naughty Dog and published by Sony Interactive Entertainment for PlayStation 4.",Sony Interactive Entertainment's notable studios include PlayStation All-Stars 17.,evidence_clarity,1,PASS,FAIL,CLEAR,NOT_ENOUGH_INFO,INVALID,Cat1,high,"Ellie is a fictional character in the 2013 video game ""The Last of Us"", and the main protagonist of the upcoming video game ""The Last of Us Part II"".The Last of Us Part II is an upcoming action-adventure survival horror video game developed by Naughty Dog and published by Sony Interactive Entertainm",Studio claim is unrelated to the requested publisher and unsupported.,PASS,FAIL,AMBIGUOUS,NOT_ENOUGH_INFO,INVALID,HIGH,"Ellie is a fictional character in the 2013 video game ""The Last of Us"", and the main protagonist of the upcoming video game ""The Last of Us Part II"".The Last of Us Part II is an upcoming action-adventure survival horror video game developed by Naughty Dog and published by Sony Interactive Entertainm",INVALID: Malformed studio claim does not identify the publisher.,PASS,FAIL,AMBIGUOUS,NOT_ENOUGH_INFO,INVALID
77,"What shopping centre located in Kuala Lumpur, Malaysia does KLCC District Cooling provide district cooling for?","KLCC District Cooling is a building that is used to provide district cooling for the KLCC vicinity. It is a 30,000 ton gas-powered turbine-driven chilled water unit providing cool air not only to Petronas Twin Towers and Suria KLCC, but also to Maxis Tower, Menara Exxon Mobil, Kuala Lumpur Convention Centre, and Mandarin Oriental Kuala Lumpur as well as As Syakirin Mosque.Suria KLCC is a shopping centre located in central Kuala Lumpur, Malaysia.","KLCC District Cooling provides district cooling for several religious buildings in Kuala Lumpur, Malaysia.",evidence_relation,1,PASS,FAIL,CLEAR,NOT_ENOUGH_INFO,INVALID,Cat3,medium,"It is a 30,000 ton gas-powered turbine-driven chilled water unit providing cool air not only to Petronas Twin Towers and Suria KLCC, but also to Maxis Tower, Menara Exxon Mobil, Kuala Lumpur Convention Centre, and Mandarin Oriental Kuala Lumpur as well as As Syakirin Mosque.Suria KLCC is a shopping ",Religious-building quantity is not responsive to the shopping-centre question and is not established as 'several'.,PASS,FAIL,CLEAR,CONTRADICTED,INVALID,HIGH,"KLCC District Cooling is a building that is used to provide district cooling for the KLCC vicinity. || It is a 30,000 ton gas-powered turbine-driven chilled water unit providing cool air not only to Petronas Twin Towers and Suria KLCC, but also to Maxis Tower, Menara Exxon Mobil, Kuala Lumpur Convention Centre, and Mandarin Oriental Kuala Lumpur as well as As Syakirin Mosque.Suria KLCC is a shopping ",INVALID: Does not identify the shopping centre and overstates the number of religious buildings.,PASS,FAIL,CLEAR,CONTRADICTED,INVALID
84,When was the city of new york founded?,"York metropolitan area produced a gross metropolitan product (GMP) of US$1.73 trillion. If greater New York City were a sovereign state, it would have the 12th highest GDP in the world. New York City traces its origins to a trading post founded by colonists from the Dutch Republic in 1624 on Lower Manhattan; the post was named New Amsterdam in 1626. The city and its surroundings came under English control in 1664 and were renamed ""New York"" after King Charles II of England granted the lands to his brother, the Duke of York. New York served as the capital of

Publishing Corp. under contract with the New York City Law Department. The history of the New York City Council can be traced to Dutch Colonial times when New York City was known as New Amsterdam. On February 2, 1653, the town of New Amsterdam, founded on the southern tip of Manhattan Island in 1625, was incorporated as a city under a charter issued by the Dutch West India Company. A Council of Legislators sat as the local lawmaking body and as a court of inferior jurisdiction. During the 18th and 19th centuries the local legislature was called the Common Council

History of New York City (prehistory–1664) The history of New York City has been influenced by the prehistoric geological formation during the last glacial period of the territory that is today New York City. The area was long inhabited by the Lenape; after initial European exploration in the 16th century, the Dutch established New Amsterdam in 1626. In 1664, the English conquered the area and renamed it New York. Archaeological excavations indicate that the first humans settled the area as early as 9,000 years ago. The area was abandoned, however, possibly because the warming climate of the region lead to",New York was founded by the Dutch in 1624.,atomicity;evidence_clarity;evidence_relation;primary_category,4,FAIL,PASS,CLEAR,ENTAILED,INVALID,Cat4;Cat1,medium,New York City traces its origins to a trading post founded by colonists from the Dutch Republic in 1624 on Lower Manhattan; the post was named New Amsterdam in 1626.,Compound founding claim bundles founder and year; the year is relevant but the factoid is not atomic.,PASS,PASS,AMBIGUOUS,AMBIGUOUS,Cat4,MEDIUM,New York City traces its origins to a trading post founded by colonists from the Dutch Republic in 1624 on Lower Manhattan; the post was named New Amsterdam in 1626. || The history of the New York City Council can be traced to Dutch Colonial times when New York City was known as New Amsterdam.,"The context distinguishes 1624 origins from 1625/1626 town or settlement dates, so 'founded' is underspecified.",PASS,PASS,CLEAR,CONTRADICTED,Cat4
85,What did the Lichfield Cricket Club nickname itself after?," The club has the nickname 'Three Spires', derived from the three nearby spires of Lichfield Cathedral. It is the only medieval English cathedral with three spires.",Lichfield Cathedral is the only medieval English cathedral with three spires.,question_relevance;primary_category,2,PASS,PASS,CLEAR,ENTAILED,Cat3,Cat1,high,It is the only medieval English cathedral with three spires.,The 'only ... with three spires' boundary/uniqueness claim is relevant to the nickname clue.,PASS,FAIL,CLEAR,ENTAILED,INVALID,MEDIUM,"The club has the nickname 'Three Spires', derived from the three nearby spires of Lichfield Cathedral. || It is the only medieval English cathedral with three spires.",INVALID: Cathedral property does not itself state the nickname's derivation.,PASS,FAIL,CLEAR,ENTAILED,Cat3
91,What is a small network appliance and entertainment device that serves as a the media player for the iTunes Store?," It also serves as a media player for television shows and films purchased in the iTunes Store, replacing the ""Videos"" application on earlier versions of iOS.Apple TV is a digital media player and microconsole developed and sold by Apple Inc. It is a small network appliance and entertainment device that can receive digital data from a number of sources and stream it to a capable television.",Apple TV is a client device for content CompactFlash Type XV.,evidence_clarity,1,PASS,FAIL,CLEAR,NOT_ENOUGH_INFO,INVALID,Cat1,high,"It also serves as a media player for television shows and films purchased in the iTunes Store, replacing the ""Videos"" application on earlier versions of iOS.Apple TV is a digital media player and microconsole developed and sold by Apple Inc.",Incoherent CompactFlash attribute is not responsive to the device-identification question and unsupported.,PASS,FAIL,AMBIGUOUS,NOT_ENOUGH_INFO,INVALID,HIGH,"It also serves as a media player for television shows and films purchased in the iTunes Store, replacing the ""Videos"" application on earlier versions of iOS.Apple TV is a digital media player and microconsole developed and sold by Apple Inc. || It is a small network appliance and entertainment device that can receive digital data from a number of sources and stream it to a capable television.",INVALID: Malformed device claim does not provide the requested definition.,PASS,FAIL,CLEAR,NOT_ENOUGH_INFO,INVALID
96,"What is the name of the magazine that Funk & Wagnalls published thateventually merged with two similar weekly magazines, ""Public Opinion"" and ""Current Opinion""? "," Funk & Wagnalls Company published The Literary Digest, ""The Standard Dictionary of the English Language"", and ""Funk & Wagnalls Standard Encyclopedia"", Founded by Isaac Kaufmann Funk in 1890, it eventually merged with two similar weekly magazines, ""Public Opinion"" and ""Current Opinion"".","The magazine merged with ""Public Opinion"".",question_relevance;primary_category,2,PASS,PASS,CLEAR,ENTAILED,Cat1,,high,"Funk & Wagnalls Company published The Literary Digest, ""The Standard Dictionary of the English Language"", and ""Funk & Wagnalls Standard Encyclopedia"", Founded by Isaac Kaufmann Funk in 1890, it eventually merged with two similar weekly magazines, ""Public Opinion"" and ""Current Opinion"".",Direct identifying relation: the target magazine merged with Public Opinion.,PASS,FAIL,CLEAR,ENTAILED,INVALID,HIGH,"Funk & Wagnalls Company published The Literary Digest, ""The Standard Dictionary of the English Language"", and ""Funk & Wagnalls Standard Encyclopedia"", Founded by Isaac Kaufmann Funk in 1890, it eventually merged with two similar weekly magazines, ""Public Opinion"" and ""Current Opinion"".",INVALID: Merger detail does not identify the magazine by name.,PASS,FAIL,CLEAR,ENTAILED,Cat1
100,Vikram samvat is official calendar of which contry?,"Vikram Samvat Vikram Samvat (IAST: Vikrama Samvat) (abbreviated as V.S. (or VS) or B.S. (or BS)); ) (also called the Bikrami calendar or sometimes just Hindu calendar) is the historical Hindu calendar of India and Nepal. It uses lunar months and solar sidereal years. It is the official calendar of Nepal. The Vikram Samvat is notable because many ancient and medieval era inscriptions use it. It is said to be named after the legendary king Vikramaditya, but the term ""Vikrama Samvat"" does not appear in the historical records before the 9th century, rather the same calendaring system is found by

calendar. For example, the year 2075 VS began in 2018 CE and will end in 2019 CE. The Rana rulers of Nepal made Vikram Samvat the official Hindu calendar in 1901 CE, which started as Samvat 1958. In Nepal, the new year begins with the first day of the month of Baishakh, which usually falls around 13-15 April in the Gregorian calendar. The first day of the new year is passionately celebrated in a historical carnival that takes place every year in Bhaktapur, called Bisket Jatra. From 2007 AD, Nepal Sambat is recognized as the national calendar. In India, the

Cambodia, Kerala, Kashmir, Manipur, Odisha, Punjab, Sri Lanka, Tamil Nadu and Thailand In addition to Nepal, the Vikram Samvat calendar is also recognized in North and East India, and in Gujarat among Hindus. Hindu religious festivals are based on Vikram Samvat. In North India the new year in Vikram Samvat starts from the first day of Chaitra Skukla paksha. In Buddhist communities, the month of Baishakh is associated with Vesak or Buddha's Birthday. It commemorates the birth, Enlightenment and passing of Gautama Buddha on the first full moon day in May, except in a leap year when the festival is",Vikram Samvat is also known as Bikram Sambat.,evidence_relation,1,PASS,FAIL,CLEAR,NOT_ENOUGH_INFO,INVALID,Cat1,medium,"The Rana rulers of Nepal made Vikram Samvat the official Hindu calendar in 1901 CE, which started as Samvat 1958.",Alias claim does not answer the official-calendar country question and 'Bikram Sambat' is not explicitly stated.,PASS,FAIL,CLEAR,ENTAILED,INVALID,HIGH,"Vikram Samvat Vikram Samvat (IAST: Vikrama Samvat) (abbreviated as V.S. (or VS) or B.S. (or BS)); ) (also called the Bikrami calendar or sometimes just Hindu calendar) is the historical Hindu calendar of India and Nepal. || In India, the Cambodia, Kerala, Kashmir, Manipur, Odisha, Punjab, Sri Lanka, Tamil Nadu and Thailand In addition to Nepal, the Vikram Samvat calendar is also recognized in North and East India, and in Gujarat among Hindus.",INVALID: Alias information does not answer the official-calendar country.,PASS,FAIL,CLEAR,ENTAILED,INVALID
104,What retailer is the second-largest in the United States and has a commercial featuring the American artist who was 1st runner-up in the 2005 USA Weekend Magazine's songwriting competition?,"Deanna Marie Loveland (born April 5, 1989) is an American recording artist, harpist, pianist and fashion designer. Consequently, she began songwriting and in 2005 her original song, ""Shine"" was 1st Runner-Up out of 12,000 entries in USA Weekend Magazine's national songwriting competition judged by Simon Cowell and Fantasia Barrino. A month later she signed with a talent agency, appearing in music videos and commercials for companies including Toyota and Target and films including ""A Pure Country Gift II"" and ""Country Strong"".Target Corporation is the second-largest discount store retailer in the United States, behind Walmart, and a component of the S&P 500 Index.",Walmart is the largest retailer in the United States.,question_relevance;evidence_relation;primary_category,3,PASS,PASS,CLEAR,ENTAILED,Cat5,,medium,"A month later she signed with a talent agency, appearing in music videos and commercials for companies including Toyota and Target and films including ""A Pure Country Gift II"" and ""Country Strong"".Target Corporation is the second-largest discount store retailer in the United States, behind Walmart, ",Comparative ranking is directly tied to the question's second-largest condition; 'behind Walmart' supports Walmart as largest.,PASS,FAIL,CLEAR,NOT_ENOUGH_INFO,INVALID,HIGH,"Consequently, she began songwriting and in 2005 her original song, ""Shine"" was 1st Runner-Up out of 12,000 entries in USA Weekend Magazine's national songwriting competition judged by Simon Cowell and Fantasia Barrino. || A month later she signed with a talent agency, appearing in music videos and commercials for companies including Toyota and Target and films including ""A Pure Country Gift II"" and ""Country Strong"".Target Corporation is the second-largest discount store retailer in the United States, behind Walmart, ",INVALID: Does not identify Target or connect the retailer to the commercial.,PASS,FAIL,CLEAR,CONTRADICTED,Cat5
105,Lars Kristinus Larsen is the founder of the largest Danish retailer operating internationally with stores in how many countries?,"Lars Kristinus Larsen, (born 6 August 1948), is a Danish businessman, owner and founder of the Jysk retail chain.Jysk (corporately styled JYSK) (] , franchises in other countries operate under various names) is a Danish retail chain, selling household goods such as mattresses, furniture and interior décor. Jysk is the largest Danish retailer operating internationally, with 2,300 Jysk stores in 41 countries.",The input is 41.,evidence_relation,1,FAIL,PASS,CLEAR,NOT_ENOUGH_INFO,INVALID,Cat6,high,"Jysk is the largest Danish retailer operating internationally, with 2,300 Jysk stores in 41 countries.",Meta-style 'The input is 41' is not a standalone factual proposition about the dataset subject.,FAIL,PASS,CLEAR,ENTAILED,INVALID,HIGH,"Lars Kristinus Larsen, (born 6 August 1948), is a Danish businessman, owner and founder of the Jysk retail chain.Jysk (corporately styled JYSK) (] , franchises in other countries operate under various names) is a Danish retail chain, selling household goods such as mattresses, furniture and interior || Jysk is the largest Danish retailer operating internationally, with 2,300 Jysk stores in 41 countries.",INVALID: Malformed non-standalone numerical fragment.,FAIL,PASS,CLEAR,ENTAILED,INVALID
112,Who publishes a horror game with protagonist Ellie?,"Ellie is a fictional character in the 2013 video game ""The Last of Us"", and the main protagonist of the upcoming video game ""The Last of Us Part II"".The Last of Us Part II is an upcoming action-adventure survival horror video game developed by Naughty Dog and published by Sony Interactive Entertainment for PlayStation 4.",Sony Interactive Entertainment's notable studios include PlayStation All-Stars.,evidence_clarity,1,PASS,FAIL,CLEAR,NOT_ENOUGH_INFO,INVALID,Cat1,high,"Ellie is a fictional character in the 2013 video game ""The Last of Us"", and the main protagonist of the upcoming video game ""The Last of Us Part II"".The Last of Us Part II is an upcoming action-adventure survival horror video game developed by Naughty Dog and published by Sony Interactive Entertainm",Studio claim is unrelated to the publisher question and unsupported.,PASS,FAIL,AMBIGUOUS,NOT_ENOUGH_INFO,INVALID,HIGH,"Ellie is a fictional character in the 2013 video game ""The Last of Us"", and the main protagonist of the upcoming video game ""The Last of Us Part II"".The Last of Us Part II is an upcoming action-adventure survival horror video game developed by Naughty Dog and published by Sony Interactive Entertainm",INVALID: Malformed studio claim does not identify the publisher.,PASS,FAIL,CLEAR,NOT_ENOUGH_INFO,INVALID
113,What major Albanian musical event did Aurela Gaçe win?," She is a three-time Festivali i Këngës winner, a three-time Kënga Magjike winner and a two-time Balkan Music Award winner for ""Balkan's Song of The Year"" and ""Best Singer from Albania"".Kënga Magjike (""Magical Song"" in English) is a major musical event in Albania.",Kënga Magjike includes a competition for the best song.,question_relevance;evidence_relation;primary_category,3,PASS,PASS,CLEAR,NOT_ENOUGH_INFO,Cat1,Cat5,medium,"She is a three-time Festivali i Këngës winner, a three-time Kënga Magjike winner and a two-time Balkan Music Award winner for ""Balkan's Song of The Year"" and ""Best Singer from Albania"".Kënga Magjike (""Magical Song"" in English) is a major musical event in Albania.","The subject names the queried event, but the 'competition for the best song' description is not stated in context.",PASS,FAIL,CLEAR,ENTAILED,INVALID,HIGH,"She is a three-time Festivali i K√´ng√´s winner, a three-time K√´nga Magjike winner and a two-time Balkan Music Award winner for ""Balkan's Song of The Year"" and ""Best Singer from Albania"".K√´nga Magjike (""Magical Song"" in English) is a major musical event in Albania.",INVALID: Event description does not state Aurela Gace's win.,PASS,PASS,CLEAR,ENTAILED,Cat1
118,Which historical event is known as the Revolution of 1688 and caused the noble in Scotland to lose control over the Church of Scotland parish churches?," Its purpose was to allow the noble and other Patrons in Scotland to gain control over the Church of Scotland parish churches again, having lost that custom in the so-called Glorious Revolution.The Glorious Revolution, also called the Revolution of 1688, was the overthrow of King James II of England (James VII of Scotland) by a union of English Parliamentarians with the Dutch stadtholder William III, Prince of Orange.",The Glorious Revolution is often described as bloodless.,question_relevance;primary_category,2,PASS,PASS,CLEAR,NOT_ENOUGH_INFO,Cat1,,medium,"Its purpose was to allow the noble and other Patrons in Scotland to gain control over the Church of Scotland parish churches again, having lost that custom in the so-called Glorious Revolution.The Glorious Revolution, also called the Revolution of 1688, was the overthrow of King James II of England ","The subject identifies the Glorious Revolution, but 'bloodless' is not established by the context.",PASS,FAIL,CLEAR,NOT_ENOUGH_INFO,INVALID,HIGH,"Its purpose was to allow the noble and other Patrons in Scotland to gain control over the Church of Scotland parish churches again, having lost that custom in the so-called Glorious Revolution.The Glorious Revolution, also called the Revolution of 1688, was the overthrow of King James II of England ",INVALID: Bloodlessness claim does not link the event to the stated Scottish consequence.,PASS,FAIL,CLEAR,NOT_ENOUGH_INFO,Cat1
119,"Kiawah Island, South Carolina was mentioned in ""Porgy and Bess,"" composed by the man best known for which other 1924 orchestral composition?"," Alternative spellings and variants of the name itself include ""Kiawa"", ""Kittiwar"" (in DuBose Heyward's novel ""Porgy""), and ""Kittiwah"" (in George Gershwin's opera ""Porgy and Bess""). Among his best-known works are the orchestral compositions ""Rhapsody in Blue"" (1924) and ""An American in Paris"" (1928) as well as the opera ""Porgy and Bess"" (1935).",Rhapsody in Blue is one of the most popular American musical works.,evidence_relation,1,PASS,FAIL,CLEAR,NOT_ENOUGH_INFO,INVALID,Cat5,medium,"Among his best-known works are the orchestral compositions ""Rhapsody in Blue"" (1924) and ""An American in Paris"" (1928) as well as the opera ""Porgy and Bess"" (1935).",Popularity claim is ancillary to identifying the 1924 composition and is not explicitly supported.,PASS,FAIL,CLEAR,ENTAILED,INVALID,HIGH,"Alternative spellings and variants of the name itself include ""Kiawa"", ""Kittiwar"" (in DuBose Heyward's novel ""Porgy""), and ""Kittiwah"" (in George Gershwin's opera ""Porgy and Bess""). || Among his best-known works are the orchestral compositions ""Rhapsody in Blue"" (1924) and ""An American in Paris"" (1928) as well as the opera ""Porgy and Bess"" (1935).",INVALID: Popularity does not establish which 1924 composition is requested.,PASS,FAIL,CLEAR,ENTAILED,INVALID
120,Where did kevin durant go in the nba draft?,"2007 NBA draft The 2007 NBA draft was held on June 28, 2007 at the WaMu Theatre at Madison Square Garden in New York City, New York. It was broadcast on television in 115 countries. In this draft, National Basketball Association (NBA) teams took turns selecting amateur U.S. college basketball players and other eligible players, including international players. Freshman Greg Oden from Ohio State University was drafted first overall by the Portland Trail Blazers, who won the draft lottery. However, he missed the 2007–08 season due to microfracture surgery on his right knee during the pre-season. Another freshman, Kevin Durant,

Kevin Durant Kevin Wayne Durant (born September 29, 1988) is an American professional basketball player for the Golden State Warriors of the National Basketball Association (NBA). He played one season of college basketball for the University of Texas, and was selected as the second overall pick by the Seattle SuperSonics in the 2007 NBA draft. He played nine seasons in Oklahoma City before signing with Golden State in 2016, winning back-to-back championships in 2017 and 2018. Durant was a heavily recruited high school prospect who was widely regarded as the second-best player in his class. In college, he won numerous

from University of Connecticut was drafted second by the Memphis Grizzlies. Thabeet became the first player born in Tanzania to be drafted by an NBA team. James Harden was drafted 3rd by the Oklahoma City Thunder. This made him the first player to be drafted by the franchise as the Oklahoma City Thunder whose franchise moved from Seattle to OKC in 2008. The Sacramento Kings drafted Tyreke Evans 4th; he was named 2009–10 NBA Rookie of the Year, after he became the fourth NBA player in history to average at least 20 points, 5 rebounds and 5 assists in his",Kevin Durant was selected as the third overall pick by the Memphis Grizzlies in the 2007 NBA draft.,atomicity;primary_category,2,FAIL,PASS,CLEAR,CONTRADICTED,INVALID,Cat6;Cat1,high,"He played one season of college basketball for the University of Texas, and was selected as the second overall pick by the Seattle SuperSonics in the 2007 NBA draft.",Compound claim bundles draft position and team; both conflict with the stated second overall pick by Seattle.,PASS,PASS,CLEAR,CONTRADICTED,Cat1,HIGH,"Another freshman, Kevin Durant, Kevin Durant Kevin Wayne Durant (born September 29, 1988) is an American professional basketball player for the Golden State Warriors of the National Basketball Association (NBA). || He played one season of college basketball for the University of Texas, and was selected as the second overall pick by the Seattle SuperSonics in the 2007 NBA draft.",The requested relation is team selection; the draft ordinal is secondary.,PASS,PASS,CLEAR,CONTRADICTED,Cat1
130,Which Australian brand designer was responsible for the leading identity of the second-largest Australian ailine after Qantas?,"Hans Hulsbosch is an Australian brand designer, responsible for the development of many of Australia's leading identities including Qantas, Woolworths.and Virgin Australia.Virgin Australia Airlines Pty Ltd, formerly Virgin Blue Airlines, is Australia's second-largest airline after Qantas and it is the largest airline by fleet size to use the 'Virgin' brand.",Hans Hulsbosch designed the logo for the second-largest Australian airline after Qantas.,evidence_relation;primary_category,2,PASS,PASS,CLEAR,NOT_ENOUGH_INFO,Cat1,Cat5,medium,"Hans Hulsbosch is an Australian brand designer, responsible for the development of many of Australia's leading identities including Qantas, Woolworths.and Virgin Australia.Virgin Australia Airlines Pty Ltd, formerly Virgin Blue Airlines, is Australia's second-largest airline after Qantas and it is t","Designer-airline relation is relevant, but the context states identity development rather than specifically logo design.",PASS,PASS,CLEAR,ENTAILED,Cat7,HIGH,"Hans Hulsbosch is an Australian brand designer, responsible for the development of many of Australia's leading identities including Qantas, Woolworths.and Virgin Australia.Virgin Australia Airlines Pty Ltd, formerly Virgin Blue Airlines, is Australia's second-largest airline after Qantas and it is t",Verification combines Hulsbosch's identity work for Virgin Australia with Virgin Australia's second-largest-airline status.,PASS,PASS,CLEAR,ENTAILED,Cat7
134,"What railroad company acquired the Johnsonburg, Kane, Warren and Irvine Railroad?"," The JKWI was the designated operator of the Irvine, Warren, Kane & Johnsonburg Railroad, that was a partnership of Brock Railroad (a wholly owned subsidiary of Warren Car Company), Irvine Railroad (a wholly owned subsidiary of National Forge Company) and Struthers Wells Inter-American Corporation (a subsidiary of Struthers Wells), all three being Pennsylvania corporations, and had acquired from Conrail the following railroad line segments: MP 58.52 to MP 66.7 (Irvine to Warren) and MP 92.5 to MP 111.0 (Kane to Johnsonburg).Conrail, the Consolidated Rail Corporation, (reporting mark CR) , was the primary Class I railroad in the Northeastern United States between 1976 and 1999, when its routes were split between the CSX Corporation and Norfolk Southern Railway.","The Irvine, Warren, Kane & Johnsonburg Railroad was a partnership of Brock Railroad, Irvine Railroad, and Struthers Wells Inter-American Corporation.",atomicity,1,FAIL,FAIL,CLEAR,ENTAILED,INVALID,Cat7,medium,"The JKWI was the designated operator of the Irvine, Warren, Kane & Johnsonburg Railroad, that was a partnership of Brock Railroad (a wholly owned subsidiary of Warren Car Company), Irvine Railroad (a wholly owned subsidiary of National Forge Company) and Struthers Wells Inter-American Corporation (a",Partnership statement bundles multiple partner relations and does not answer which company acquired the railroad.,PASS,FAIL,CLEAR,ENTAILED,INVALID,HIGH,"The JKWI was the designated operator of the Irvine, Warren, Kane & Johnsonburg Railroad, that was a partnership of Brock Railroad (a wholly owned subsidiary of Warren Car Company), Irvine Railroad (a wholly owned subsidiary of National Forge Company) and Struthers Wells Inter-American Corporation (a",INVALID: Partnership structure does not identify the acquiring railroad company.,PASS,FAIL,CLEAR,ENTAILED,INVALID
143,"On which station could you have watched the actor from ""My Fair Lady"" play a character in ""I Can Hear Your Voice""? ","Yoon Sang-hyun (born September 21, 1973) is a South Korean actor and singer. He is best known for his roles in ""Queen of Housewives"" (2009), ""My Fair Lady"" (2009), ""Secret Garden"" (2011) and ""I Can Hear Your Voice"" (2013).I Can Hear Your Voice () is a 2013 South Korean television series starring Lee Bo-young, Lee Jong-suk, Yoon Sang-hyun and Lee Da-hee. It aired on SBS from June 5 to August 1, 2013, on Wednesdays and Thursdays at 21:55 for 18 episodes.","All the actors played in ""I Can Hear Your Voice"".",atomicity;evidence_relation,2,FAIL,FAIL,AMBIGUOUS,AMBIGUOUS,INVALID,Cat3,low,"He is best known for his roles in ""Queen of Housewives"" (2009), ""My Fair Lady"" (2009), ""Secret Garden"" (2011) and ""I Can Hear Your Voice"" (2013).I Can Hear Your Voice () is a 2013 South Korean television series starring Lee Bo-young, Lee Jong-suk, Yoon Sang-hyun and Lee Da-hee.","The referent of 'all the actors' is undefined, and the claim does not answer the broadcast-station question.",PASS,FAIL,AMBIGUOUS,NOT_ENOUGH_INFO,INVALID,HIGH,"Yoon Sang-hyun (born September 21, 1973) is a South Korean actor and singer. || He is best known for his roles in ""Queen of Housewives"" (2009), ""My Fair Lady"" (2009), ""Secret Garden"" (2011) and ""I Can Hear Your Voice"" (2013).I Can Hear Your Voice () is a 2013 South Korean television series starring Lee Bo-young, Lee Jong-suk, Yoon Sang-hyun and Lee Da-hee.",INVALID: Vague universal actor claim does not name the broadcast station.,PASS,FAIL,AMBIGUOUS,NOT_ENOUGH_INFO,INVALID
150,"The Mexican Cession of 1848 is a historical name in the United States for the region of the modern day southwestern United States that Mexico ceded to the U.S. in the Treaty of Guadalupe Hidalgo in 1848, it had not been part of the areas east of the Rio Grande which had been claimed by the Republic of Texas, though the Texas annexation resolution in which year,incorporation of the Republic of Texas into the United States of America, which was admitted to the Union as the 28th state, had not specified the southern and western boundary of Texas?"," It had not been part of the areas east of the Rio Grande which had been claimed by the Republic of Texas, though the Texas annexation resolution two years earlier had not specified the southern and western boundary of Texas.The Texas annexation was the 1845 incorporation of the Republic of Texas into the United States of America, which was admitted to the Union as the 28th state on December 29, 1845.",The Texas annexation resolution failed to specify the geographical boundary.,question_relevance;primary_category,2,PASS,PASS,CLEAR,ENTAILED,Cat2,Cat1,medium,"It had not been part of the areas east of the Rio Grande which had been claimed by the Republic of Texas, though the Texas annexation resolution two years earlier had not specified the southern and western boundary of Texas.The Texas annexation was the 1845 incorporation of the Republic of Texas int",Failure-to-specify boundary is a relevant identifying premise and explicitly stated.,PASS,FAIL,CLEAR,ENTAILED,INVALID,HIGH,"It had not been part of the areas east of the Rio Grande which had been claimed by the Republic of Texas, though the Texas annexation resolution two years earlier had not specified the southern and western boundary of Texas.The Texas annexation was the 1845 incorporation of the Republic of Texas int",INVALID: Boundary omission does not provide the annexation year.,PASS,FAIL,CLEAR,ENTAILED,Cat2
153,What is a small network appliance and entertainment device that serves as a the media player for the iTunes Store?," It also serves as a media player for television shows and films purchased in the iTunes Store, replacing the ""Videos"" application on earlier versions of iOS.Apple TV is a digital media player and microconsole developed and sold by Apple Inc. It is a small network appliance and entertainment device that can receive digital data from a number of sources and stream it to a capable television.",Apple TV is not a monitor.,evidence_clarity,1,PASS,PASS,CLEAR,NOT_ENOUGH_INFO,Cat2,Cat1,medium,"It also serves as a media player for television shows and films purchased in the iTunes Store, replacing the ""Videos"" application on earlier versions of iOS.Apple TV is a digital media player and microconsole developed and sold by Apple Inc.",Negative device-type claim is relevant but 'not a monitor' is not explicitly established.,PASS,PASS,AMBIGUOUS,NOT_ENOUGH_INFO,Cat2,MEDIUM,"It also serves as a media player for television shows and films purchased in the iTunes Store, replacing the ""Videos"" application on earlier versions of iOS.Apple TV is a digital media player and microconsole developed and sold by Apple Inc. || It is a small network appliance and entertainment device that can receive digital data from a number of sources and stream it to a capable television.","Primary operation: negation, exclusion, exception, or proposition polarity.",PASS,PASS,AMBIGUOUS,CONTRADICTED,Cat2
156,What is the name of the first book in the series that precedes The Heroes of Olympus?,"The Heroes of Olympus is a pentalogy of adventure, mythological fiction and fantasy novels by American author Rick Riordan that collectively form a sequel series to the ""Percy Jackson & the Olympians"" series.Percy Jackson & the Olympians, often shortened to Percy Jackson, is a pentalogy of adventure and mythological fiction books written by American author Rick Riordan, and the first book series in the Camp Half-Blood Chronicles.","The ""Percy Jackson & the Olympians"" series consists of 5 books.",question_relevance;primary_category,2,PASS,FAIL,CLEAR,ENTAILED,INVALID,Cat6,medium,"The Heroes of Olympus is a pentalogy of adventure, mythological fiction and fantasy novels by American author Rick Riordan that collectively form a sequel series to the ""Percy Jackson & the Olympians"" series.Percy Jackson & the Olympians, often shortened to Percy Jackson, is a pentalogy of adventure",Series-size claim is related but does not identify the first book.,PASS,PASS,CLEAR,ENTAILED,Cat6,HIGH,"The Heroes of Olympus is a pentalogy of adventure, mythological fiction and fantasy novels by American author Rick Riordan that collectively form a sequel series to the ""Percy Jackson & the Olympians"" series.Percy Jackson & the Olympians, often shortened to Percy Jackson, is a pentalogy of adventure",The proposition's principal verifiable element is the five-book count.,PASS,PASS,CLEAR,ENTAILED,Cat6
170,Who produced the ten commandments of computer ethics?,"Ten Commandments of Computer Ethics The Ten Commandments of Computer Ethics were created in 1992 by the Computer Ethics Institute. The commandments were introduced in the paper ""In Pursuit of a 'Ten Commandments' for Computer Ethics"" by Ramon C. Barquin as a means to create ""a set of standards to guide and instruct people in the ethical use of computers."" They follow the Internet Advisory Board's memo on ethics from 1987. The Ten Commandments of Computer Ethics copies the archaic style of the Ten Commandments from the King James Bible. The commandments have been widely quoted in computer ethics literature

but also have been criticized by both the hacker community and some in academia. For instance, Dr. Ben Fairweather of the ""Centre for Computing and Social Responsibility"" has described them as ""simplistic"" and overly restrictive. ISC2, one of the thought leaders in the information security industry, has referred to the commandments in developing its own ethics rules. Ten Commandments of Computer Ethics The Ten Commandments of Computer Ethics were created in 1992 by the Computer Ethics Institute. The commandments were introduced in the paper ""In Pursuit of a 'Ten Commandments' for Computer Ethics"" by Ramon C. Barquin as a means

Computer ethics Computer ethics is a part of practical philosophy concerned with how computing professionals should make decisions regarding professional and social conduct. Margaret Anne Pierce, a professor in the Department of Mathematics and Computers at Georgia Southern University has categorized the ethical decisions related to computer technology and usage into three primary influences: The term computer ethics was first coined by Walter Maner, a professor at Bowling Green State University. The conceptual foundations of computer ethics are investigated by information ethics, a branch of philosophical ethics promoted, among others, by Luciano Floridi. The concept of computer ethics originated in",The Ten Commandments of Computer Ethics were created before the Internet Advisory Board's memo on ethics.,evidence_relation,1,PASS,FAIL,CLEAR,CONTRADICTED,INVALID,Cat4,high,Ten Commandments of Computer Ethics The Ten Commandments of Computer Ethics were created in 1992 by the Computer Ethics Institute.,Chronology claim is unrelated to who created the commandments and reverses the stated order.,PASS,FAIL,CLEAR,NOT_ENOUGH_INFO,INVALID,HIGH,Ten Commandments of Computer Ethics The Ten Commandments of Computer Ethics were created in 1992 by the Computer Ethics Institute. || Ten Commandments of Computer Ethics The Ten Commandments of Computer Ethics were created in 1992 by the Computer Ethics Institute.,INVALID: Chronological comparison does not identify the producing institute.,PASS,FAIL,CLEAR,CONTRADICTED,INVALID
177,E'Shun Melvin was the voice of Young Boyd on Teen Wolf  developed by Jeff Davis for what television network," He is best known for his role as Noah on the BET original comedy television series Real Husbands of Hollywood, and for providing the voice of Young Boyd on Teen Wolf.Teen Wolf is an American television series developed by Jeff Davis for MTV.",E'Shun Melvin was the voice of Young Boyd on Teen Wolf.,question_relevance;primary_category,2,PASS,PASS,CLEAR,ENTAILED,Cat1,,medium,"He is best known for his role as Noah on the BET original comedy television series Real Husbands of Hollywood, and for providing the voice of Young Boyd on Teen Wolf.Teen Wolf is an American television series developed by Jeff Davis for MTV.",Voice-role relation is a relevant premise linking E'Shun Melvin to Teen Wolf.,PASS,FAIL,CLEAR,ENTAILED,INVALID,HIGH,"He is best known for his role as Noah on the BET original comedy television series Real Husbands of Hollywood, and for providing the voice of Young Boyd on Teen Wolf.Teen Wolf is an American television series developed by Jeff Davis for MTV.",INVALID: Repeats the voice role rather than naming MTV.,PASS,FAIL,CLEAR,ENTAILED,Cat1
184,What event held by the Ultimate Fighting Championship was the largest regulated professional MMA event?," This paved the way for the largest regulated professional MMA event, UFC 129, which was held on April 30, 2011 at the Rogers Centre in Toronto.UFC 129: St-Pierre vs. Shields was a mixed martial arts event held by the Ultimate Fighting Championship on Saturday, April 30, 2011 at Rogers Centre in Toronto, Ontario, Canada.",UFC 129 had the most attendees.,evidence_clarity,1,PASS,PASS,CLEAR,NOT_ENOUGH_INFO,Cat5,,medium,"This paved the way for the largest regulated professional MMA event, UFC 129, which was held on April 30, 2011 at the Rogers Centre in Toronto.UFC 129: St-Pierre vs.","Factoid names the target UFC event, but 'most attendees' is not explicitly stated by 'largest'.",PASS,PASS,AMBIGUOUS,NOT_ENOUGH_INFO,Cat5,MEDIUM,"This paved the way for the largest regulated professional MMA event, UFC 129, which was held on April 30, 2011 at the Rogers Centre in Toronto.UFC 129: St-Pierre vs. || Shields was a mixed martial arts event held by the Ultimate Fighting Championship on Saturday, April 30, 2011 at Rogers Centre in Toronto, Ontario, Canada.",The context calls UFC 129 the largest event but does not specify that attendance is the ranking criterion.,PASS,PASS,AMBIGUOUS,NOT_ENOUGH_INFO,Cat5
189,"The Fortune Cookie (alternative UK title: Meet Whiplash Willie) is a 1966 black It was produced and directed by Samuel ""Billy"" Wilder, an Austrian-American filmmaker, screenwriter, producer, artist, and journalist whose career spanned, more than how many decades?"," It was produced and directed by Billy Wilder from a script by Wilder and I.A.L. Diamond.Samuel ""Billy"" Wilder ( ; ] ; June 22, 1906March 27, 2002) was an Austrian-American filmmaker, screenwriter, producer, artist, and journalist whose career spanned more than five decades.",The input is seven.,evidence_relation,1,FAIL,PASS,CLEAR,NOT_ENOUGH_INFO,INVALID,Cat6,high,"Diamond.Samuel ""Billy"" Wilder ( ; ] ; June 22, 1906March 27, 2002) was an Austrian-American filmmaker, screenwriter, producer, artist, and journalist whose career spanned more than five decades.",Meta-style 'input' fragment is not a standalone factual proposition.,FAIL,PASS,CLEAR,CONTRADICTED,INVALID,HIGH,"It was produced and directed by Billy Wilder from a script by Wilder and I.A.L. || Diamond.Samuel ""Billy"" Wilder ( ; ] ; June 22, 1906March 27, 2002) was an Austrian-American filmmaker, screenwriter, producer, artist, and journalist whose career spanned more than five decades.",INVALID: Malformed non-standalone numerical fragment.,FAIL,PASS,CLEAR,ENTAILED,INVALID
203,Who publishes a horror game with protagonist Ellie?,"Ellie is a fictional character in the 2013 video game ""The Last of Us"", and the main protagonist of the upcoming video game ""The Last of Us Part II"".The Last of Us Part II is an upcoming action-adventure survival horror video game developed by Naughty Dog and published by Sony Interactive Entertainment for PlayStation 4.",Sony Interactive Entertainment's notable studios include PlayStation All-Stars 25.,evidence_clarity,1,PASS,FAIL,CLEAR,NOT_ENOUGH_INFO,INVALID,Cat1,high,"Ellie is a fictional character in the 2013 video game ""The Last of Us"", and the main protagonist of the upcoming video game ""The Last of Us Part II"".The Last of Us Part II is an upcoming action-adventure survival horror video game developed by Naughty Dog and published by Sony Interactive Entertainm",Studio claim is unrelated to publisher and unsupported.,PASS,FAIL,AMBIGUOUS,NOT_ENOUGH_INFO,INVALID,HIGH,"Ellie is a fictional character in the 2013 video game ""The Last of Us"", and the main protagonist of the upcoming video game ""The Last of Us Part II"".The Last of Us Part II is an upcoming action-adventure survival horror video game developed by Naughty Dog and published by Sony Interactive Entertainm",INVALID: Malformed studio claim does not identify the publisher.,PASS,FAIL,AMBIGUOUS,NOT_ENOUGH_INFO,INVALID
205,How old do you have to be to get a tattoo in washington?,"of 15. You must be over 18 years of age to get a tattoo freely without parental consent. You need to have parental or guardian consent at the ages of 16 and 17. The legal age is 18. The age is 18 or 15 with consent of parents. The minimum age is 18. In the Netherlands, the age at which persons may decide for themselves to have a tattoo and piercing is 16 years. This age limit is suspended for earlobe piercing but pertains to all other areas. Informed consent forms, with information concerning health (including allergies) must be available

pierce minors completely) The legal age to get a tattoo in Cyprus is 16 with written consent of parent. 18 without permission from parents The Danish tattoo law was valid from June 15, 1966. It is unlawful to tattoo someone under the age of 18. In addition to this it is unlawful to tattoo someone on the head, neck and hands. No legislation found. You need to be 18+ to get a tattoo in Finland, however, you may be able to get a permit to get a tattoo under the age of 18. The legal minimum age is 16 (with

Legal status of tattooing in the United States In the United States, there is no federal law regulating the practice of tattooing. However, all 50 states and the District of Columbia have statutory laws requiring a person receiving a tattoo be 18 years or older. This is partially based on the legal principle that a minor cannot enter into a legal contract or otherwise render informed consent for a procedure. Most states permit a person under the age of 18 to receive a tattoo with permission of a parent or guardian, but some states outright prohibit tattooing under a certain",The District of Columbia has statutory laws requiring a person receiving a tattoo be at least 16 years old.,question_relevance;primary_category,2,PASS,FAIL,CLEAR,CONTRADICTED,INVALID,Cat3,high,"However, all 50 states and the District of Columbia have statutory laws requiring a person receiving a tattoo be 18 years or older.",Wrong jurisdiction for the Washington question; context also states an 18+ statutory threshold.,PASS,PASS,CLEAR,CONTRADICTED,Cat3,HIGH,"In the Netherlands, the age at which persons may decide for themselves to have a tattoo and piercing is 16 years. || However, all 50 states and the District of Columbia have statutory laws requiring a person receiving a tattoo be 18 years or older.","Verification turns on the statutory lower age boundary of 18, not 16.",PASS,PASS,CLEAR,CONTRADICTED,Cat3
209,Which game element from the previous season returned in season 26 of The Amazing Race but was not used or claimed by any team?,"Race"" took. The season finale aired on May 15, 2015. Blind date couple Laura Pierson & Tyler Adams, known as ""Team SoCal,"" were the winners of the 26th season of ""The Amazing Race"". This season covered , five continents, and eight countries, including visits to Japan, Thailand, Namibia, Germany, and for the first time Monaco. In some race segments, a special clue was available. Teams selecting the special clue received a Date Night reward, an opportunity to participate in a romantic activity. The Save from the previous season returned for this season but was unaired, unclaimed, and unused. It could

The Amazing Race 27 The Amazing Race 27 was the twenty-seventh installment of the U.S. reality television show ""The Amazing Race"". It featured eleven teams of two, with each team centered on a pre-existing relationship between the cast members such as marriage, dating, or best friends. Teams competed in a race around the world for a grand prize. This season premiered on September 25, 2015. Dating news reporters Kelsey Gerckens and Joey Buttitta were the winners of this season. Seen on ""The Amazing Race 25"", the show's Twitter page announced this season's filming on June 22, 2015. The tweet announced

The Amazing Race 28 The Amazing Race 28 is the twenty-eighth U.S. season of the reality television show ""The Amazing Race"". The season premiered on February 12, 2016. In this installment, it featured 11 teams of two with notable social media personalities (or at least one pair to team up with a non-notable internet celebrity) in a race around the world for a $1 million grand prize. ""Engaged dancers"" Dana Alexa and Matt Steffanina were the winners of this season of ""The Amazing Race"". Filming of ""The Amazing Race 28"" began on November 15, 2015, with host Phil Keoghan broadcasting",The Save returned but was completely unclaimed and unused.,atomicity;primary_category,2,FAIL,PASS,CLEAR,ENTAILED,INVALID,Cat1;Cat2,medium,"The Save from the previous season returned for this season but was unaired, unclaimed, and unused.","Bundles return, unclaimed, and unused status into separable claims, though all are supported.",PASS,PASS,CLEAR,ENTAILED,Cat2,HIGH,"Blind date couple Laura Pierson & Tyler Adams, known as ""Team SoCal,"" were the winners of the 26th season of ""The Amazing Race"". || The Save from the previous season returned for this season but was unaired, unclaimed, and unused.",Truth depends on the explicit unclaimed and unused status of the Save.,PASS,PASS,CLEAR,ENTAILED,Cat2
210,"Formerly titled the Collegiate Church of St Peter at Westminster, of which church was John Fecknam the last abbot?","John Feckenham (c. 1515 – October, 1584), also known as John Howman of Feckingham and later John de Feckenham or John Fecknam, was an English churchman, the last abbot of Westminster.Westminster Abbey, formally titled the Collegiate Church of St Peter at Westminster, is a large, mainly Gothic abbey church in the City of Westminster, London, just to the west of the Palace of Westminster.",John Feckenham became abbot of Westminster in 1540.,primary_category,1,PASS,PASS,CLEAR,NOT_ENOUGH_INFO,Cat4,Cat1,medium,"1515 – October, 1584), also known as John Howman of Feckingham and later John de Feckenham or John Fecknam, was an English churchman, the last abbot of Westminster.Westminster Abbey, formally titled the Collegiate Church of St Peter at Westminster, is a large, mainly Gothic abbey church in the City ","Abbot/Westminster relation is relevant, but the 1540 date is not stated.",PASS,PASS,CLEAR,NOT_ENOUGH_INFO,Cat1,MEDIUM,"John Feckenham (c. || 1515 ‚Ä?October, 1584), also known as John Howman of Feckingham and later John de Feckenham or John Fecknam, was an English churchman, the last abbot of Westminster.Westminster Abbey, formally titled the Collegiate Church of St Peter at Westminster, is a large, mainly Gothic abbey church in the City ","Primary operation: direct entity, alias, attribute, membership, or lexical relation.",PASS,PASS,CLEAR,NOT_ENOUGH_INFO,Cat4
212,Who publishes a horror game with protagonist Ellie?,"Ellie is a fictional character in the 2013 video game ""The Last of Us"", and the main protagonist of the upcoming video game ""The Last of Us Part II"".The Last of Us Part II is an upcoming action-adventure survival horror video game developed by Naughty Dog and published by Sony Interactive Entertainment for PlayStation 4.",Sony Interactive Entertainment's notable studios include PlayStation All-Stars 31.,evidence_clarity,1,PASS,FAIL,CLEAR,NOT_ENOUGH_INFO,INVALID,Cat1,high,"Ellie is a fictional character in the 2013 video game ""The Last of Us"", and the main protagonist of the upcoming video game ""The Last of Us Part II"".The Last of Us Part II is an upcoming action-adventure survival horror video game developed by Naughty Dog and published by Sony Interactive Entertainm",Studio claim is unrelated to publisher and unsupported.,PASS,FAIL,AMBIGUOUS,NOT_ENOUGH_INFO,INVALID,HIGH,"Ellie is a fictional character in the 2013 video game ""The Last of Us"", and the main protagonist of the upcoming video game ""The Last of Us Part II"".The Last of Us Part II is an upcoming action-adventure survival horror video game developed by Naughty Dog and published by Sony Interactive Entertainm",INVALID: Malformed studio claim does not identify the publisher.,PASS,FAIL,AMBIGUOUS,NOT_ENOUGH_INFO,INVALID
222,The motorway reffered to as the Mid Wirral Motorway is located in a suburb known for which buildings?," Westminster is famous for its terraced houses and the Joseph Groome Towers, three thirteen-storey tower blocks built as public housing . It can also be referred to as the Mid Wirral Motorway.",The motorway referred to as the Mid Wirral Motorway is not located near any particular buildings.,evidence_relation,1,PASS,PASS,AMBIGUOUS,AMBIGUOUS,Cat2,Cat1,low,It can also be referred to as the Mid Wirral Motorway.,The context is syntactically incomplete and does not clearly resolve the motorway/buildings relation.,PASS,PASS,AMBIGUOUS,NOT_ENOUGH_INFO,Cat2,LOW,"Westminster is famous for its terraced houses and the Joseph Groome Towers, three thirteen-storey tower blocks built as public housing . || It can also be referred to as the Mid Wirral Motorway.","Primary operation: negation, exclusion, exception, or proposition polarity.",PASS,PASS,CLEAR,CONTRADICTED,Cat2
227,Norbert Holm was arrested and later demoted because of his Chief of Operations association with a military theorist popularly known as what?,"Norbert Holm (16 December 1895 – 3 June 1962) was a general in the Wehrmacht of Nazi Germany during World War II. Following the 20 July plot, on 16 September 1944, Norbert Holm was arrested and later demoted because of his Chief of Operations association with Field Marsal Erwin Rommel.Erwin Rommel (15 November 1891 – 14 October 1944) was a German general and military theorist. Popularly known as the Desert Fox, he served as field marshal in the Wehrmacht of Nazi Germany during World War II.",Norbert Holm was demoted because of Norbert Holm's Chief of Operations association with a military strategist.,atomicity;evidence_clarity,2,PASS,FAIL,CLEAR,ENTAILED,INVALID,Cat1,medium,"Following the 20 July plot, on 16 September 1944, Norbert Holm was arrested and later demoted because of his Chief of Operations association with Field Marsal Erwin Rommel.Erwin Rommel (15 November 1891 – 14 October 1944) was a German general and military theorist.",Generic 'military strategist' relation does not answer Rommel's popular nickname.,FAIL,FAIL,AMBIGUOUS,ENTAILED,INVALID,HIGH,"Norbert Holm (16 December 1895 ‚Ä?3 June 1962) was a general in the Wehrmacht of Nazi Germany during World War II. || Following the 20 July plot, on 16 September 1944, Norbert Holm was arrested and later demoted because of his Chief of Operations association with Field Marsal Erwin Rommel.Erwin Rommel (15 November 1891 ‚Ä?14 October 1944) was a German general and military theorist.",INVALID: Self-referential malformed statement does not provide Rommel's nickname.,PASS,FAIL,CLEAR,ENTAILED,INVALID
229,"The republic with the smallest population of all the members of the Council of Europe is one of few places in Europe where a species of beetle cannot be found, that wew originally described in 1809 by whom?"," It was described by Panzer in 1809 and can be found everywhere in Europe except for Albania, Andorra, Monaco, Portugal, San Marino, Vatican City and various European islands. San Marino has the smallest population of all the members of the Council of Europe.",The beetle described by Charles Darwin cannot be found in San Marino.,atomicity;primary_category,2,FAIL,PASS,CLEAR,CONTRADICTED,INVALID,Cat1;Cat2,high,"It was described by Panzer in 1809 and can be found everywhere in Europe except for Albania, Andorra, Monaco, Portugal, San Marino, Vatican City and various European islands.",Compound claim combines an incorrect describer with a supported San Marino exclusion.,PASS,PASS,CLEAR,CONTRADICTED,Cat1,HIGH,"It was described by Panzer in 1809 and can be found everywhere in Europe except for Albania, Andorra, Monaco, Portugal, San Marino, Vatican City and various European islands. || San Marino has the smallest population of all the members of the Council of Europe.","Primary operation: direct entity, alias, attribute, membership, or lexical relation.",PASS,PASS,CLEAR,CONTRADICTED,Cat1
231,Where have Pradhan Mantri Jan-Dhan Yojana and Narendra Damodardas Modi served in politics?,"Pradhan Mantri Jan-Dhan Yojana(P.M.J.D.Y), Prime Minister's People Money Scheme is India's National Mission for Financial Inclusion to ensure access to financial services, namely Banking Savings & Deposit Accounts, Remittance, Credit, Insurance, Pension in an affordable manner.Narendra Damodardas Modi (] , born 17 September 1950) is an Indian politician who is the 14th and current Prime Minister of India, in office since May 2014.",Narendra Damodardas Modi has only been involved in Indian politics.,evidence_relation,1,PASS,PASS,CLEAR,NOT_ENOUGH_INFO,Cat3,Cat1,medium,"Pradhan Mantri Jan-Dhan Yojana(P.M.J.D.Y), Prime Minister's People Money Scheme is India's National Mission for Financial Inclusion to ensure access to financial services, namely Banking Savings & Deposit Accounts, Remittance, Credit, Insurance, Pension in an affordable manner.Narendra Damodardas Mo","The India focus is relevant, but the exclusive 'only' claim is stronger than the context supports.",PASS,PASS,CLEAR,ENTAILED,Cat3,MEDIUM,"Pradhan Mantri Jan-Dhan Yojana(P.M.J.D.Y), Prime Minister's People Money Scheme is India's National Mission for Financial Inclusion to ensure access to financial services, namely Banking Savings & Deposit Accounts, Remittance, Credit, Insurance, Pension in an affordable manner.Narendra Damodardas Mo",The exclusive scope marker 'only' makes geographical scope the principal operation.,PASS,PASS,CLEAR,ENTAILED,Cat3
232,How long was the Underdog show presented by an English comedian Julian Clary?,"The Underdog Show was a six-week television series presented by Julian Clary and his dog, Valerie.Julian Peter McDonald Clary (born 25 May 1959) is an English comedian and novelist.",Julian Clary presented the Underdog Show for five weeks.,primary_category,1,PASS,PASS,CLEAR,CONTRADICTED,Cat4,,high,"The Underdog Show was a six-week television series presented by Julian Clary and his dog, Valerie.Julian Peter McDonald Clary (born 25 May 1959) is an English comedian and novelist.",Duration is central and conflicts with the stated six-week series.,PASS,PASS,CLEAR,CONTRADICTED,Cat6,HIGH,"The Underdog Show was a six-week television series presented by Julian Clary and his dog, Valerie.Julian Peter McDonald Clary (born 25 May 1959) is an English comedian and novelist.","Primary operation: numerical value, measurement, count, or computation.",PASS,PASS,CLEAR,CONTRADICTED,Cat6
234,"Die Hard 2 co-starred the actor who played James Evans, Sr. on what CBS series?"," The film co-stars Bonnie Bedelia (reprising her role as Holly McClane), William Sadler, Art Evans, William Atherton (reprising his role as Richard ""Dick"" Thornburg), Franco Nero, Dennis Franz, Fred Thompson, John Amos and Reginald VelJohnson, returning briefly in his role as Sgt. Al Powell from the first film.John Allen Amos Jr. (born December 27, 1939) is an American actor who is best known for his role as James Evans, Sr. on the CBS television series ""Good Times"" (1974–76).",The Evans children are Michael.,atomicity,1,PASS,FAIL,CLEAR,NOT_ENOUGH_INFO,INVALID,Cat1,high,"The film co-stars Bonnie Bedelia (reprising her role as Holly McClane), William Sadler, Art Evans, William Atherton (reprising his role as Richard ""Dick"" Thornburg), Franco Nero, Dennis Franz, Fred Thompson, John Amos and Reginald VelJohnson, returning briefly in his role as Sgt.",Evans-children statement is unrelated to the CBS-series question and unsupported.,FAIL,FAIL,CLEAR,NOT_ENOUGH_INFO,INVALID,HIGH,"The film co-stars Bonnie Bedelia (reprising her role as Holly McClane), William Sadler, Art Evans, William Atherton (reprising his role as Richard ""Dick"" Thornburg), Franco Nero, Dennis Franz, Fred Thompson, John Amos and Reginald VelJohnson, returning briefly in his role as Sgt. || Al Powell from the first film.John Allen Amos Jr. (born December 27, 1939) is an American actor who is best known for his role as James Evans, Sr. on the CBS television series ""Good Times"" (1974‚Ä?6).",INVALID: Malformed family fragment does not identify the CBS series.,PASS,FAIL,CLEAR,NOT_ENOUGH_INFO,INVALID
235,Ted Sutton plays Sergeant Cunningham in a2002 film that stars Mel Gibson as what character?," He is best known for playing Sergeant Cunningham in M. Night Shyamalan's 2002 film ""Signs"". Its story focuses on a former Episcopal priest named Graham Hess, played by Mel Gibson, who discovers a series of crop circles in his cornfield.",The 2002 film stars Mel Gibson as a farmer.,evidence_relation,1,PASS,PASS,CLEAR,NOT_ENOUGH_INFO,Cat1,,medium,"Its story focuses on a former Episcopal priest named Graham Hess, played by Mel Gibson, who discovers a series of crop circles in his cornfield.","Role description is relevant, but being a farmer is not explicitly stated and is compatible with the former-priest description.",PASS,PASS,CLEAR,CONTRADICTED,Cat1,MEDIUM,"Night Shyamalan's 2002 film ""Signs"". || Its story focuses on a former Episcopal priest named Graham Hess, played by Mel Gibson, who discovers a series of crop circles in his cornfield.","Primary operation: direct entity, alias, attribute, membership, or lexical relation.",PASS,PASS,CLEAR,CONTRADICTED,Cat1
236,"Which private, nonsectarian institution has a famous artist featured in major museum solo shows?"," Swoon has since been featured in major museums including a 2014 solo show, ""Submerged Motherlands"", at the Brooklyn Museum.Pratt Institute is a private, nonsectarian, non-profit institution of higher learning located in the Clinton Hill neighborhood of Brooklyn, New York, United States, with a satellite campus located at 14th Street in Manhattan and an extension campus in Utica, New York (Pratt MWP).",Pratt Institute was founded by Charles Pratt.,question_relevance;primary_category,2,PASS,PASS,CLEAR,NOT_ENOUGH_INFO,Cat1,,medium,"Swoon has since been featured in major museums including a 2014 solo show, ""Submerged Motherlands"", at the Brooklyn Museum.Pratt Institute is a private, nonsectarian, non-profit institution of higher learning located in the Clinton Hill neighborhood of Brooklyn, New York, United States, with a satel","The factoid names the queried institution, but its founder is not stated in context.",PASS,FAIL,CLEAR,NOT_ENOUGH_INFO,INVALID,HIGH,"Swoon has since been featured in major museums including a 2014 solo show, ""Submerged Motherlands"", at the Brooklyn Museum.Pratt Institute is a private, nonsectarian, non-profit institution of higher learning located in the Clinton Hill neighborhood of Brooklyn, New York, United States, with a satel",INVALID: Foundership does not link the featured artist to the institution.,PASS,FAIL,CLEAR,NOT_ENOUGH_INFO,Cat1
237,What year was the final Wilco album for which Ken Coomer was with band completed?,"Ken Coomer was the last drummer for the band Uncle Tupelo as well as the drummer for Chicago-based band Wilco until ""Yankee Hotel Foxtrot"". The album was completed in 2001, but Reprise Records, a Warner Music Group label, refused to release it.",Ken Coomer left Wilco in 2001.,question_relevance;primary_category,2,PASS,PASS,CLEAR,NOT_ENOUGH_INFO,Cat4,Cat1,medium,"Ken Coomer was the last drummer for the band Uncle Tupelo as well as the drummer for Chicago-based band Wilco until ""Yankee Hotel Foxtrot"".","Departure timing is relevant to the final-album period, but the context only states he remained through the album.",PASS,FAIL,CLEAR,NOT_ENOUGH_INFO,INVALID,HIGH,"Ken Coomer was the last drummer for the band Uncle Tupelo as well as the drummer for Chicago-based band Wilco until ""Yankee Hotel Foxtrot"". || The album was completed in 2001, but Reprise Records, a Warner Music Group label, refused to release it.",INVALID: Band departure year does not directly state the album completion year.,PASS,FAIL,CLEAR,NOT_ENOUGH_INFO,Cat4
239,Who developed the game with whom the man who created the C programming language was incorrectly cited as a co-author?," (Dennis Ritchie is sometimes incorrectly cited as a co-author, but was not involved.) The game was developed at Bell Labs, and played on an IBM 7090 mainframe there. He created the C programming language and, with long-time colleague Ken Thompson, the Unix operating system.",The man created the C programming language.,question_relevance;primary_category,2,PASS,PASS,CLEAR,ENTAILED,Cat1,,medium,"He created the C programming language and, with long-time colleague Ken Thompson, the Unix operating system.",C-language creator clue is a relevant identification premise and explicitly supported.,PASS,FAIL,CLEAR,ENTAILED,INVALID,HIGH,"(Dennis Ritchie is sometimes incorrectly cited as a co-author, but was not involved.) The game was developed at Bell Labs, and played on an IBM 7090 mainframe there. || He created the C programming language and, with long-time colleague Ken Thompson, the Unix operating system.",INVALID: Does not identify the game developer.,PASS,FAIL,CLEAR,ENTAILED,Cat1
244,Statistician Walter Francis Willcox received three degrees from a local college in Massachusetts. Which college?," He was graduated from Phillips Academy, Andover, in 1880, from Amherst College in 1884 with an A.B., and in 1888 received an A.M. degree from Amherst College. In 1906 he received an honorary LL.D. degree from Amherst College.Amherst College ( ) is a private liberal arts college located in Amherst, Massachusetts, United States.","The Five College Consortium includes Amherst College, Hampshire College, Mount Holyoke College, Smith College, and the University of Massachusetts Amherst.",atomicity,1,FAIL,FAIL,CLEAR,NOT_ENOUGH_INFO,INVALID,Cat1,high,"He was graduated from Phillips Academy, Andover, in 1880, from Amherst College in 1884 with an A.B., and in 1888 received an A.M.","Multi-member consortium list is non-atomic, unrelated to identifying Amherst, and absent from context.",PASS,FAIL,CLEAR,NOT_ENOUGH_INFO,INVALID,HIGH,"He was graduated from Phillips Academy, Andover, in 1880, from Amherst College in 1884 with an A.B., and in 1888 received an A.M. degree from Amherst College. || In 1906 he received an honorary LL.D. degree from Amherst College.Amherst College ( ) is a private liberal arts college located in Amherst, Massachusetts, United States.",INVALID: Consortium membership does not establish where Willcox received his degrees.,PASS,FAIL,CLEAR,NOT_ENOUGH_INFO,INVALID
252,How long was the rule of the dynasty that was active when the Rosetta Stone was inscribed?,"The Rosetta Stone is a granodiorite stele, found in 1799, inscribed with three versions of a decree issued at Memphis, Egypt in 196 BC during the Ptolemaic dynasty on behalf of King Ptolemy V.The Ptolemaic dynasty (Ancient Greek: Πτολεμαῖοι , ""Ptolemaioi""), sometimes also known as the Lagids or Lagidae (Ancient Greek: Λαγίδαι , ""Lagidai"", after Lagus, Ptolemy I's father), was a Macedonian Greek royal family, which ruled the Ptolemaic Kingdom in Egypt during the Hellenistic period. Their rule lasted for 275 years, from 305 to 30 BC.",The rule of the dynasty was 276 years.,primary_category,1,PASS,PASS,CLEAR,CONTRADICTED,Cat4,Cat6,high,"The Rosetta Stone is a granodiorite stele, found in 1799, inscribed with three versions of a decree issued at Memphis, Egypt in 196 BC during the Ptolemaic dynasty on behalf of King Ptolemy V.The Ptolemaic dynasty (Ancient Greek: Πτολεμαῖοι , ""Ptolemaioi""), sometimes also known as the Lagids or Lagi","The claim states a 276-year duration, while the context states that the rule lasted 275 years (305–30 BC).",PASS,PASS,CLEAR,CONTRADICTED,Cat6,HIGH,"The Rosetta Stone is a granodiorite stele, found in 1799, inscribed with three versions of a decree issued at Memphis, Egypt in 196 BC during the Ptolemaic dynasty on behalf of King Ptolemy V.The Ptolemaic dynasty (Ancient Greek: Œ†œÑŒøŒªŒµŒºŒ±·øñŒøŒ?, ""Ptolemaioi""), sometimes also known as the Lagids or Lagi || Their rule lasted for 275 years, from 305 to 30 BC.","Primary operation: numerical value, measurement, count, or computation.",PASS,PASS,CLEAR,CONTRADICTED,Cat4
253,"King of Queens is the debut studio album by Nigerian singer Yemi Alade, it features guest appearances and skits from which Ghanaian hip hop and hiplife duo from Tema made up of Faisal Hakeem ""(Paedae da Pralem/Omar Sterling)"", and Rashid Mugeez ""(Mugeez)""?"," It features guest appearances and skits from Bovi, R2Bees, Phyno, Chidinma, DIL, Selebobo and Diamond Platnumz.R2Bees is a Ghanaian hip hop and hiplife duo from Tema made up of Faisal Hakeem ""(Paedae da Pralem/Omar Sterling)"" and Rashid Mugeez ""(Mugeez)"".",R2Bees won the Best Group award at the 2013 Ghana Music Awards.,question_relevance;primary_category,2,PASS,PASS,CLEAR,NOT_ENOUGH_INFO,Cat1,,medium,"It features guest appearances and skits from Bovi, R2Bees, Phyno, Chidinma, DIL, Selebobo and Diamond Platnumz.R2Bees is a Ghanaian hip hop and hiplife duo from Tema made up of Faisal Hakeem ""(Paedae da Pralem/Omar Sterling)"" and Rashid Mugeez ""(Mugeez)"".","The award claim concerns the entity in the question, but the provided context does not state this award.",PASS,FAIL,CLEAR,NOT_ENOUGH_INFO,INVALID,HIGH,"It features guest appearances and skits from Bovi, R2Bees, Phyno, Chidinma, DIL, Selebobo and Diamond Platnumz.R2Bees is a Ghanaian hip hop and hiplife duo from Tema made up of Faisal Hakeem ""(Paedae da Pralem/Omar Sterling)"" and Rashid Mugeez ""(Mugeez)"".",INVALID: Unsupported award claim does not link the duo to the album.,PASS,FAIL,CLEAR,NOT_ENOUGH_INFO,Cat1
254,"When did the romantic drama based on a 2010 Julie Maroh compete against ""Venus in Fur"" for Best Film?","The 19th Lumières Awards ceremony, presented by the Académie des Lumières, was held on 20 January 2014, at the Espace Pierre Cardin in Paris.Blue Is the Warmest Colour"" won four awards including Best Film. Other winners included ""Me, Myself and Mum"", ""The French Minister"", ""Venus in Fur"", ""Grand Central"", ""Horses of God"" and ""The Young and Prodigious T.S. Spivet"". The premise of ""Blue Is the Warmest Colour"" is based on the 2010 French graphic novel of the same name by Julie Maroh, which was published in North America in 2013.","The romantic drama was not in competition with ""Venus in Fur"".",evidence_clarity,1,PASS,PASS,CLEAR,NOT_ENOUGH_INFO,Cat2,Cat1,medium,"The premise of ""Blue Is the Warmest Colour"" is based on the 2010 French graphic novel of the same name by Julie Maroh, which was published in North America in 2013.",The context states the two works were associated with the same awards ceremony but does not establish that they were not in competition.,PASS,PASS,AMBIGUOUS,NOT_ENOUGH_INFO,Cat2,LOW,"Other winners included ""Me, Myself and Mum"", ""The French Minister"", ""Venus in Fur"", ""Grand Central"", ""Horses of God"" and ""The Young and Prodigious T.S. || The premise of ""Blue Is the Warmest Colour"" is based on the 2010 French graphic novel of the same name by Julie Maroh, which was published in North America in 2013.","Primary operation: negation, exclusion, exception, or proposition polarity.",PASS,PASS,AMBIGUOUS,NOT_ENOUGH_INFO,Cat2
256,What film directed by Peter Hyams was one of Jean-Claude Van Damme's most successful?," The most successful of these films include ""Bloodsport"" (1988), ""Kickboxer"" (1989), ""Lionheart"" (1990), ""Double Impact"" (1991), ""Universal Soldier"" (1992), ""Hard Target"" (1993), ""Street Fighter"" (1994), ""Timecop"" (1994), ""Sudden Death"" (1995), ""JCVD"" (2008) and ""The Expendables 2"" (2012).Sudden Death is a 1995 American action film directed by Peter Hyams, and starring Jean-Claude Van Damme, Powers Boothe, and Dorian Harewood.",The most successful film directed by Peter Hyams starred Jean-Claude Van Damme.,atomicity;evidence_clarity,2,PASS,FAIL,CLEAR,NOT_ENOUGH_INFO,INVALID,Cat5,medium,"The most successful of these films include ""Bloodsport"" (1988), ""Kickboxer"" (1989), ""Lionheart"" (1990), ""Double Impact"" (1991), ""Universal Soldier"" (1992), ""Hard Target"" (1993), ""Street Fighter"" (1994), ""Timecop"" (1994), ""Sudden Death"" (1995), ""JCVD"" (2008) and ""The Expendables 2"" (2012).Sudden Deat",The claim is vague and does not identify the film requested by the question.,FAIL,FAIL,AMBIGUOUS,NOT_ENOUGH_INFO,INVALID,HIGH,"The most successful of these films include ""Bloodsport"" (1988), ""Kickboxer"" (1989), ""Lionheart"" (1990), ""Double Impact"" (1991), ""Universal Soldier"" (1992), ""Hard Target"" (1993), ""Street Fighter"" (1994), ""Timecop"" (1994), ""Sudden Death"" (1995), ""JCVD"" (2008) and ""The Expendables 2"" (2012).Sudden Deat",INVALID: Circular description does not name the requested film.,PASS,FAIL,AMBIGUOUS,NOT_ENOUGH_INFO,INVALID
257,Where does the term cupboard love come from?,"love. The term """"cupboard-lover"""" refers to someone who will only profess their love, or act endearingly for the sake of gain from another person. Cupboard love Cupboard love is a popular learning theory of the 1950s and 1960s based on the research of Sigmund Freud, Anna Freud, Melanie Klein and Mary Ainsworth. Rooted in psychoanalysis, the theory speculates that attachment develops in the early stages of infancy. This process involves the mother satisfying her infant's instinctual needs, exclusively. Cupboard love theorists conclude that during infancy, our primary drive is food which leads to a secondary drive for attachment. Sigmund Freud,

that an infant will demonstrate characteristics perceived as affection and love towards the mother in order to be fed. Cupboard love is not to be confused with the term refrigerator mother. The refrigerator mother theory claimed that autism is caused by lack of maternal affection. This theory has been dumped by the current research on autism. The term """"cupboard love"""" is a British idiom, used most commonly in the United Kingdom and Australia. It describes the selfish, greedy or insincere affection displayed towards another person in order to get what they want. Pets are most frequently described as demonstrating cupboard

Cupboard love Cupboard love is a popular learning theory of the 1950s and 1960s based on the research of Sigmund Freud, Anna Freud, Melanie Klein and Mary Ainsworth. Rooted in psychoanalysis, the theory speculates that attachment develops in the early stages of infancy. This process involves the mother satisfying her infant's instinctual needs, exclusively. Cupboard love theorists conclude that during infancy, our primary drive is food which leads to a secondary drive for attachment. Sigmund Freud, founder of psychoanalysis, was the first to suggest that attachment is a result of the mother fulfilling her infant's physiological needs. Eventually, the infant","According to cupboard love theorists, food is a more primary drive than attachment during infancy.",question_relevance;primary_category,2,PASS,PASS,CLEAR,ENTAILED,Cat5,Cat1,medium,"Cupboard love theorists conclude that during infancy, our primary drive is food which leads to a secondary drive for attachment.",The context explicitly describes food as the primary drive and attachment as secondary.,PASS,FAIL,CLEAR,ENTAILED,INVALID,HIGH,"Cupboard love theorists conclude that during infancy, our primary drive is food which leads to a secondary drive for attachment. || Cupboard love theorists conclude that during infancy, our primary drive is food which leads to a secondary drive for attachment.",INVALID: Attachment theory does not explain the term's linguistic origin.,PASS,FAIL,CLEAR,ENTAILED,Cat5
258,"The SS-owned company that funded a Nazi association to raise the birth rate of ""Aryan"" children was created to market a reflector invented by which employee of Hitler?","Anton Loibl GmbH was a company owned by the SS which was a funding source for the Ahnenerbe research branch and the Lebensborn eugenics programme. It was created to market a bicycle reflector invented by Anton Loibl, a chauffeur for Hitler.Lebensborn e.V. (literally: ""Fount of Life"") was an SS-initiated, state-supported, registered association in Nazi Germany with the goal of raising the birth rate of ""Aryan"" children of persons classified as ""racially pure and healthy"" based on Nazi racial hygiene and health ideology.",The high-tech mirror was invented by Hitler's chauffeur.,question_relevance;evidence_relation;primary_category,3,PASS,FAIL,CLEAR,NOT_ENOUGH_INFO,INVALID,Cat1,medium,"It was created to market a bicycle reflector invented by Anton Loibl, a chauffeur for Hitler.Lebensborn e.V.",The claim substitutes a vague 'high-tech mirror' for the bicycle reflector and does not identify the inventor requested.,PASS,PASS,CLEAR,ENTAILED,Cat1,MEDIUM,"Anton Loibl GmbH was a company owned by the SS which was a funding source for the Ahnenerbe research branch and the Lebensborn eugenics programme. || It was created to market a bicycle reflector invented by Anton Loibl, a chauffeur for Hitler.Lebensborn e.V. (literally: ""Fount of Life"") was an SS-initiated, state-supported, registered association in Nazi Germany with the goal of raising the birth rate of ""Aryan"" children of persons classified as ","Primary operation: direct entity, alias, attribute, membership, or lexical relation.",PASS,PASS,CLEAR,ENTAILED,Cat1
259,The team Kevin Goldthwaite last played for play their home games at Providence Park since what year?,"Kevin Goldthwaite (born December 9, 1982 in Sacramento, California) is a former American soccer player who last played for Portland Timbers of Major League Soccer.The Timbers play their home games at Providence Park since 2011 when the team began play as an expansion team in the league.",Portland Timbers games are held in Providence Park for many years now.,evidence_clarity,1,PASS,FAIL,CLEAR,ENTAILED,INVALID,Cat4,medium,"Kevin Goldthwaite (born December 9, 1982 in Sacramento, California) is a former American soccer player who last played for Portland Timbers of Major League Soccer.The Timbers play their home games at Providence Park since 2011 when the team began play as an expansion team in the league.",The claim is broadly supported but does not provide the requested starting year.,PASS,FAIL,AMBIGUOUS,ENTAILED,INVALID,HIGH,"Kevin Goldthwaite (born December 9, 1982 in Sacramento, California) is a former American soccer player who last played for Portland Timbers of Major League Soccer.The Timbers play their home games at Providence Park since 2011 when the team began play as an expansion team in the league.",INVALID: Vague duration does not provide the requested start year.,PASS,FAIL,CLEAR,ENTAILED,INVALID
260,What person born in 1982 did Sören Opti lose to at the 2016 Summer Olympics?," He competed at the 2016 Summer Olympics in Rio de Janeiro, Brazil. He lost to both Lee Chong Wei of Malaysia and Derek Wong Zi Liang of Singapore during group play and did not advance further.Dato' Lee Chong Wei {'1': "", '2': "", '3': 'DSPN DB DCSM PJN', '4': ""} (born 21 October 1982) is a Malaysian professional badminton player.",Derek Wong Zi Liang defeated Sören Opti.,question_relevance;primary_category,2,PASS,PASS,CLEAR,ENTAILED,Cat1,,medium,"He lost to both Lee Chong Wei of Malaysia and Derek Wong Zi Liang of Singapore during group play and did not advance further.Dato' Lee Chong Wei {'1': "", '2': "", '3': 'DSPN DB DCSM PJN', '4': ""} (born 21 October 1982) is a Malaysian professional badminton player.","The context explicitly states that Derek Wong Zi Liang defeated Sören Opti, although another opponent better matches the birth-year clue.",PASS,FAIL,CLEAR,ENTAILED,INVALID,MEDIUM,"He competed at the 2016 Summer Olympics in Rio de Janeiro, Brazil. || He lost to both Lee Chong Wei of Malaysia and Derek Wong Zi Liang of Singapore during group play and did not advance further.Dato' Lee Chong Wei {'1': "", '2': "", '3': 'DSPN DB DCSM PJN', '4': ""} (born 21 October 1982) is a Malaysian professional badminton player.",INVALID: Does not establish that Derek Wong is the opponent born in 1982.,PASS,FAIL,CLEAR,ENTAILED,Cat1
262,Which award did the star of The Nativity Story win at the 2004 Broadcast Film Critics Association Awards?,"The Nativity Story is a 2006 biblical drama film based on the nativity of Jesus, directed by Catherine Hardwicke and starring Keisha Castle-Hughes and Oscar Isaac. The film was nominated for many awards, including an Academy Award for Best Actress (at the time the youngest person nominated in the Best Actress category) and an award at the Broadcast Film Critics Association Awards for Best Young Actor/Actress, which she won in 2004.",The category is Best Young Actor/Actress.,atomicity;primary_category,2,PASS,PASS,CLEAR,ENTAILED,Cat1,,high,"The film was nominated for many awards, including an Academy Award for Best Actress (at the time the youngest person nominated in the Best Actress category) and an award at the Broadcast Film Critics Association Awards for Best Young Actor/Actress, which she won in 2004.",The factoid gives the award category requested and is supported by the supplied context.,FAIL,PASS,CLEAR,ENTAILED,INVALID,HIGH,"The Nativity Story is a 2006 biblical drama film based on the nativity of Jesus, directed by Catherine Hardwicke and starring Keisha Castle-Hughes and Oscar Isaac. || The film was nominated for many awards, including an Academy Award for Best Actress (at the time the youngest person nominated in the Best Actress category) and an award at the Broadcast Film Critics Association Awards for Best Young Actor/Actress, which she won in 2004.",INVALID: Non-standalone award-category fragment.,PASS,PASS,CLEAR,ENTAILED,Cat1
264,For how many years did Richard Lindzen serve as the Alfred P. Sloan Professor of Meteorology at the Massachusetts Institute of Technology?,"The iris hypothesis is a hypothesis proposed by Richard Lindzen et al. in 2001 that suggested increased sea surface temperature in the tropics would result in reduced cirrus clouds and thus more infrared radiation leakage from Earth's atmosphere. From 1983 until his retirement in 2013, he was Alfred P. Sloan Professor of Meteorology at the Massachusetts Institute of Technology.",30 years,atomicity;primary_category,2,FAIL,PASS,CLEAR,ENTAILED,INVALID,Cat4,high,Sloan Professor of Meteorology at the Massachusetts Institute of Technology.,The duration is derivable from 1983–2013 but '30 years' is not a standalone proposition.,PASS,PASS,CLEAR,ENTAILED,Cat6,HIGH,The iris hypothesis is a hypothesis proposed by Richard Lindzen et al. in 2001 that suggested increased sea surface temperature in the tropics would result in reduced cirrus clouds and thus more infrared radiation leakage from Earth's atmosphere. || Sloan Professor of Meteorology at the Massachusetts Institute of Technology.,"Primary operation: numerical value, measurement, count, or computation.",PASS,PASS,CLEAR,ENTAILED,INVALID
268,How far from Sydney was Marie Cornish born at?,"Marie Cornish (born 1 October 1956 in Wellington, New South Wales) is an Australian former cricket player.<ref name=""ESPNcricinfo - Players/Australia/Marie Cornish""> </ref> Cornish played nine tests and sixteen one day internationals for the Australia national women's cricket team.Wellington is a town in inland New South Wales, Australia, located at the junction of the Macquarie and Bell Rivers. The town is 362 km from Sydney on the Great Western Highway and Mitchell Highway.",Marie Cornish was not born near Sydney.,question_relevance;evidence_clarity;evidence_relation;primary_category,4,PASS,PASS,CLEAR,NOT_ENOUGH_INFO,Cat2,Cat5,medium,"Marie Cornish (born 1 October 1956 in Wellington, New South Wales) is an Australian former cricket player.<ref name=""ESPNcricinfo - Players/Australia/Marie Cornish""> </ref> Cornish played nine tests and sixteen one day internationals for the Australia national women's cricket team.Wellington is a to",The context gives a birthplace and distance but does not establish the subjective claim that it was 'not near' Sydney.,PASS,FAIL,AMBIGUOUS,AMBIGUOUS,INVALID,HIGH,"Marie Cornish (born 1 October 1956 in Wellington, New South Wales) is an Australian former cricket player.<ref name=""ESPNcricinfo - Players/Australia/Marie Cornish""> </ref> Cornish played nine tests and sixteen one day internationals for the Australia national women's cricket team.Wellington is a to || The town is 362 km from Sydney on the Great Western Highway and Mitchell Highway.",INVALID: Subjective proximity claim does not provide the 362-km distance.,PASS,FAIL,CLEAR,ENTAILED,Cat2
277,What is the flower of the dead in spanish?,"year, including gathering the goods to be offered to the dead. During the three-day period families usually clean and decorate graves; most visit the cemeteries where their loved ones are buried and decorate their graves with ""ofrendas"" (altars), which often include orange Mexican marigolds (""Tagetes erecta"") called ""cempasúchil"" (originally named ""cempoaxochitl"", Nāhuatl for ""twenty flowers""). In modern Mexico the marigold is sometimes called ""Flor de Muerto"" (Flower of Dead). These flowers are thought to attract souls of the dead to the offerings. It is also believed the bright petals with a strong scent can guide the souls from cemeteries to

Flores de Mayo Flores de Mayo (Spanish for ""flowers of May"") is a festival held in the Philippines in the month of May. It is one of the May devotions to the Blessed Virgin Mary and lasts for the entire month. The Santacruzan (from the Spanish ""santa cruz"", ""holy cross"") is the ritual pageant held on the last day of the ""Flores de Mayo"". It honors the finding of the True Cross by Helena of Constantinople (known as ""Reyna Elena"") and Constantine the Great. Its connection with May stems from the May 3 date of Roodmas, which Pope John XXIII

language of the Aztecs, the plant is called ""Cuitlaxochitl"", meaning ""flower that grows in residues or soil"" Today it is known in Mexico and Guatemala as Flor de Nochebuena, meaning Christmas Eve Flower. In Spain it is known as Flor de Pascua or Pascua, meaning Easter flower. In Chile and Peru, the plant became known as Crown of the Andes. In Hungarian, it is called , and is widely used as a Christmas decoration. The plant's association with Christmas began in 16th-century Mexico, where legend tells of a girl, commonly called Pepita or Maria, who was too poor to provide",The use of the cempasúchil is in conjunction with the November 1st Mexican holiday.,evidence_relation,1,PASS,FAIL,CLEAR,NOT_ENOUGH_INFO,INVALID,Cat4,high,"During the three-day period families usually clean and decorate graves; most visit the cemeteries where their loved ones are buried and decorate their graves with ""ofrendas"" (altars), which often include orange Mexican marigolds (""Tagetes erecta"") called ""cempasúchil"" (originally named ""cempoaxochit",The claim about November 1 is not established by the provided context and does not answer the Spanish flower-name question.,PASS,FAIL,CLEAR,ENTAILED,INVALID,HIGH,"During the three-day period families usually clean and decorate graves; most visit the cemeteries where their loved ones are buried and decorate their graves with ""ofrendas"" (altars), which often include orange Mexican marigolds (""Tagetes erecta"") called ""cempas√∫chil"" (originally named ""cempoaxochit || In modern Mexico the marigold is sometimes called ""Flor de Muerto"" (Flower of Dead).",INVALID: Holiday usage does not provide the Spanish expression.,PASS,FAIL,CLEAR,ENTAILED,INVALID
280,What South Korean sitcom starred a South Korean singer and actress who began her music career at the age of 15?,"The Producers (; lit. Producer) is a 2015 South Korean sitcom starring Cha Tae-hyun, Gong Hyo-jin, Kim Soo-hyun, and IU.Lee Ji-eun (Korean: 이지은 ; born May 16, 1993), better known by her stage name IU (Korean: 아이유 ), is a South Korean singer, songwriter and actress. She signed with LOEN Entertainment in 2007 as a trainee and began her music career at the age of 15 with her debut album, ""Lost and Found"".",IU began IU's music career at 15.,primary_category,1,PASS,PASS,CLEAR,ENTAILED,Cat4,Cat1,high,"She signed with LOEN Entertainment in 2007 as a trainee and began her music career at the age of 15 with her debut album, ""Lost and Found"".",The context explicitly states that IU began her music career at age 15.,PASS,PASS,CLEAR,ENTAILED,Cat6,HIGH,"Producer) is a 2015 South Korean sitcom starring Cha Tae-hyun, Gong Hyo-jin, Kim Soo-hyun, and IU.Lee Ji-eun (Korean: Ïù¥ÏßÄÏùÄ ; born May 16, 1993), better known by her stage name IU (Korean: ÏïÑÏù¥Ïú?), is a South Korean singer, songwriter and actress. || She signed with LOEN Entertainment in 2007 as a trainee and began her music career at the age of 15 with her debut album, ""Lost and Found"".","The principal verifiable element is the age at career start, which is a numerical value.",PASS,PASS,CLEAR,ENTAILED,Cat4
284,What does gvwr stand for on a truck?,"Gross vehicle weight rating The gross vehicle weight rating (GVWR), or gross vehicle mass (GVM) is the maximum operating weight/mass of a vehicle as specified by the manufacturer including the vehicle's chassis, body, engine, engine fluids, fuel, accessories, driver, passengers and cargo but excluding that of any trailers. The term is used for motor vehicles and trains. The weight of a vehicle is influenced by passengers, cargo, even fuel level, so a number of terms are used to express the weight of a vehicle in a designated state. Gross combined weight rating (GCWR) refers to the ""total mass"" of a

this information printed on the outside of the vehicle, and for it to be clearly visible from a specified distance. Gross vehicle weight rating The gross vehicle weight rating (GVWR), or gross vehicle mass (GVM) is the maximum operating weight/mass of a vehicle as specified by the manufacturer including the vehicle's chassis, body, engine, engine fluids, fuel, accessories, driver, passengers and cargo but excluding that of any trailers. The term is used for motor vehicles and trains. The weight of a vehicle is influenced by passengers, cargo, even fuel level, so a number of terms are used to express the

vehicle, including all trailers. GVWR and GCWR both describe a vehicle that is ""in operation"" and are used to specify weight limitations and restrictions. Curb weight describes a vehicle which is ""parked at the curb"" and excludes the weight of any occupants or cargo. Dry weight further excludes the weight of all consumables, such as fuel and oils. Gross trailer weight rating specifies the maximum weight of a trailer and the gross axle weight rating specifies the maximum weight on any particular axle. A car driver licence is limited to driving vehicles up to a maximum GVM of . Beyond",The gross vehicle weight rating (GVWR) excludes the weight/mass of any trailers.,primary_category,1,PASS,PASS,CLEAR,ENTAILED,Cat2,Cat1,high,"Gross vehicle weight rating The gross vehicle weight rating (GVWR), or gross vehicle mass (GVM) is the maximum operating weight/mass of a vehicle as specified by the manufacturer including the vehicle's chassis, body, engine, engine fluids, fuel, accessories, driver, passengers and cargo but excludi",The context defines GVWR and explicitly excludes trailer weight; exclusion is the key semantic relation.,PASS,PASS,CLEAR,ENTAILED,Cat1,HIGH,"Gross vehicle weight rating The gross vehicle weight rating (GVWR), or gross vehicle mass (GVM) is the maximum operating weight/mass of a vehicle as specified by the manufacturer including the vehicle's chassis, body, engine, engine fluids, fuel, accessories, driver, passengers and cargo but excludi || Gross vehicle weight rating The gross vehicle weight rating (GVWR), or gross vehicle mass (GVM) is the maximum operating weight/mass of a vehicle as specified by the manufacturer including the vehicle's chassis, body, engine, engine fluids, fuel, accessories, driver, passengers and cargo but excludi",The acronym expansion is a direct lexical/alias relation; trailer exclusion is secondary.,PASS,PASS,CLEAR,ENTAILED,Cat2
289,The Wrekin is a hill that can be seen even as far as a landmark 47-storey mixed use skyscraper that is how tall?,"The Wrekin is a hill in east Shropshire, England. It can be seen well into Staffordshire and the Black Country, and even as far as the Beetham Tower in Manchester, Winter Hill in Lancashire and Cleeve Hill in Gloucestershire.Beetham Tower (also known as the Hilton Tower) is a landmark 47-storey mixed use skyscraper in Manchester, England. At a height of 554 ft , it is the tallest building in the United Kingdom outside London and 10th tallest building in the United Kingdom.",Beetham Tower is beyond the maximum visibility boundary of The Wrekin.,question_relevance;primary_category,2,PASS,PASS,CLEAR,CONTRADICTED,Cat3,Cat1,high,"It can be seen well into Staffordshire and the Black Country, and even as far as the Beetham Tower in Manchester, Winter Hill in Lancashire and Cleeve Hill in Gloucestershire.Beetham Tower (also known as the Hilton Tower) is a landmark 47-storey mixed use skyscraper in Manchester, England.","The context says The Wrekin can be seen as far as Beetham Tower, contradicting that the tower is beyond the visibility boundary.",PASS,FAIL,CLEAR,CONTRADICTED,INVALID,HIGH,"The Wrekin is a hill in east Shropshire, England. || It can be seen well into Staffordshire and the Black Country, and even as far as the Beetham Tower in Manchester, Winter Hill in Lancashire and Cleeve Hill in Gloucestershire.Beetham Tower (also known as the Hilton Tower) is a landmark 47-storey mixed use skyscraper in Manchester, England.",INVALID: Visibility-boundary claim does not give the tower height.,PASS,FAIL,CLEAR,CONTRADICTED,Cat3
291,Who sang i can't let maggie go?,"I Can't Let Maggie Go ""I Can't Let Maggie Go"" is a song by the British pop group Honeybus from early 1968. Written by band member Pete Dello, it was released as a non-album single. The song became an international Top 20 hit, reaching number 13 in New Zealand and number 11 in Ireland. It did best in their native United Kingdom, where it reached number eight in the UK Singles Chart. ""I Can't Let Maggie Go"" was included on the group's later compilation LPs, ""Honeybus at Their Best"" and ""Old Masters Hidden Treasures"". The song was also a top

with 1968's ""I Can't Let Maggie Go"", which was so popular that it earned the band a cover photo on the popular music magazine, ""Disc and Music Echo"", for which they posed atop a red London bus. ""I Can't Let Maggie Go"" reached Number 8 in the UK Singles Chart, in April 1968, staying in the Top 40 for over two months. Dello resigned in August 1968. The band recruited Jim Kelly on guitar and vocals to replace him and Cane began songwriting and performing lead vocals. This line-up scored minor successes with ""She Sold Blackpool Rock"" and ""Girl Of

10 hit in Italy, with a 1968 version made by Equipe 84, entitled ""Un angelo blu"" (""A blue angel""). It enjoyed an unexpected reprise in popularity in the 1970s, when it was used as the soundtrack for a television advertisement for ""Nimble"", a bread produced for slimmers. ""I Can't Let Maggie Go"" has been covered by J. Vincent Edwards in 1974, as well as by the Sideburns in 1993. David Essex included his own version on the 2005 compilation album, ""The Complete Collection"". I Can't Let Maggie Go ""I Can't Let Maggie Go"" is a song by the British pop","The song ""I Can't Let Maggie Go"" was a top 10 hit in Italy.",evidence_relation,1,PASS,FAIL,CLEAR,ENTAILED,INVALID,Cat5,high,"I Can't Let Maggie Go ""I Can't Let Maggie Go"" is a song by the British pop group Honeybus from early 1968.",The Italy chart claim is supported but does not answer who sang the song.,PASS,FAIL,CLEAR,NOT_ENOUGH_INFO,INVALID,HIGH,"I Can't Let Maggie Go ""I Can't Let Maggie Go"" is a song by the British pop group Honeybus from early 1968. || The song was also a top with 1968's ""I Can't Let Maggie Go"", which was so popular that it earned the band a cover photo on the popular music magazine, ""Disc and Music Echo"", for which they posed atop a red London bus.",INVALID: Unsupported Italian chart rank does not identify the singer.,PASS,FAIL,CLEAR,ENTAILED,INVALID
297,What town sends their students to Messalonskee High School and had a population of 1010 according to the 2010 census?," It serves all high school students in the RSU 18 school unit, which includes Oakland, Sidney, Belgrade, China and Rome. The population was 1,010 at the 2010 census.",The town had a population of 1010 according to the 2010 census.,evidence_clarity;evidence_relation,2,FAIL,PASS,AMBIGUOUS,AMBIGUOUS,INVALID,Cat6,high,"The population was 1,010 at the 2010 census.","The claim uses the unresolved subject 'the town'; the context excerpt does not uniquely identify which town has population 1,010.",FAIL,PASS,CLEAR,ENTAILED,INVALID,HIGH,"It serves all high school students in the RSU 18 school unit, which includes Oakland, Sidney, Belgrade, China and Rome. || The population was 1,010 at the 2010 census.",INVALID: Deictic statement omits the town entity.,FAIL,PASS,CLEAR,ENTAILED,INVALID
301,Who played the onscreen husband of a variety show banjo player?,"Veronica Loretta ""Roni"" Stoneman (born May 5, 1938) is a noted bluegrass banjo player and former member of the television variety show ""Hee Haw"" gang having played the role of Ida Lee Nagger, the ironing, nagging wife of Laverne Nagger (Gordie Tapp).Gordon Robert ""Gordie"" Tapp, CM, O.Ont (June 4, 1922 – December 18, 2016), born in London, Ontario, was a Canadian entertainer, best known as a radio and television presenter, comedian and a CBS broadcaster.","The banjo player is a former member of the television variety show ""Hee Haw"" gang.",question_relevance;primary_category,2,PASS,PASS,CLEAR,ENTAILED,Cat1,,medium,"Veronica Loretta ""Roni"" Stoneman (born May 5, 1938) is a noted bluegrass banjo player and former member of the television variety show ""Hee Haw"" gang having played the role of Ida Lee Nagger, the ironing, nagging wife of Laverne Nagger (Gordie Tapp).Gordon Robert ""Gordie"" Tapp, CM, O.Ont (June 4, 19","The claim correctly identifies the banjo player as a former Hee Haw cast member, which is part of the question's identifying chain.",PASS,FAIL,CLEAR,ENTAILED,INVALID,HIGH,"Veronica Loretta ""Roni"" Stoneman (born May 5, 1938) is a noted bluegrass banjo player and former member of the television variety show ""Hee Haw"" gang having played the role of Ida Lee Nagger, the ironing, nagging wife of Laverne Nagger (Gordie Tapp).Gordon Robert ""Gordie"" Tapp, CM, O.Ont (June 4, 19",INVALID: Describes the banjo player but does not identify her onscreen husband.,PASS,FAIL,CLEAR,ENTAILED,Cat1
305,"Based on the provided text, how old was Huma Abedin during Hillary Clinton's 2016 presidential campaign?","The Institute of Muslim Minority Affairs is a London-based scholarly institution furthering the study of Muslims in non-Muslim nations. Pakistani-born Dr. Saleha Mahmood Abedin, the mother of Hillary Clinton aide Huma Abedin, is Director of the Institute.Huma Mahmood Abedin (born July 28, 1976) is an American political staffer who was vice chair of Hillary Clinton's 2016 campaign for President of the United States.",40 years old,evidence_clarity;evidence_relation,2,FAIL,PASS,CLEAR,ENTAILED,INVALID,Cat4,high,"Saleha Mahmood Abedin, the mother of Hillary Clinton aide Huma Abedin, is Director of the Institute.Huma Mahmood Abedin (born July 28, 1976) is an American political staffer who was vice chair of Hillary Clinton's 2016 campaign for President of the United States.",The age is inferable but the bare phrase '40 years old' is not a standalone proposition.,FAIL,PASS,AMBIGUOUS,AMBIGUOUS,INVALID,HIGH,"The Institute of Muslim Minority Affairs is a London-based scholarly institution furthering the study of Muslims in non-Muslim nations. || Saleha Mahmood Abedin, the mother of Hillary Clinton aide Huma Abedin, is Director of the Institute.Huma Mahmood Abedin (born July 28, 1976) is an American political staffer who was vice chair of Hillary Clinton's 2016 campaign for President of the United States.",INVALID: Non-standalone age fragment and campaign date is underspecified.,FAIL,PASS,CLEAR,ENTAILED,INVALID
309,Which British company whose majority of its business interests are in Asia was related to the London Based Trading house Matheson & Company?,"Matheson & Company was a London-based trading house closely associated with Jardine Matheson of Hong Kong and Jardine Skinner of Calcutta.Jardine Matheson Holdings Limited, also known as Jardines, is a British conglomerate incorporated in Bermuda, with its primary listing on the Singapore Exchange. The majority of its business interests are in Asia, and its subsidiaries include Jardine Pacific, Jardine Motors, Jardine Lloyd Thompson, Hongkong Land, Jardine Strategic Holdings, Dairy Farm, Mandarin Oriental Hotel Group, Jardine Cycle & Carriage and Astra International.",Matheson & Company was founded by Jardine Matheson.,evidence_relation,1,PASS,PASS,CLEAR,CONTRADICTED,Cat1,,high,"Matheson & Company was a London-based trading house closely associated with Jardine Matheson of Hong Kong and Jardine Skinner of Calcutta.Jardine Matheson Holdings Limited, also known as Jardines, is a British conglomerate incorporated in Bermuda, with its primary listing on the Singapore Exchange.","The context says Matheson & Company was associated with Jardine Matheson, not founded by it.",PASS,PASS,CLEAR,NOT_ENOUGH_INFO,Cat1,MEDIUM,"Matheson & Company was a London-based trading house closely associated with Jardine Matheson of Hong Kong and Jardine Skinner of Calcutta.Jardine Matheson Holdings Limited, also known as Jardines, is a British conglomerate incorporated in Bermuda, with its primary listing on the Singapore Exchange. || The majority of its business interests are in Asia, and its subsidiaries include Jardine Pacific, Jardine Motors, Jardine Lloyd Thompson, Hongkong Land, Jardine Strategic Holdings, Dairy Farm, Mandarin Oriental Hotel Group, Jardine Cycle & Carriage and Astra International.","Primary operation: direct entity, alias, attribute, membership, or lexical relation.",PASS,PASS,CLEAR,NOT_ENOUGH_INFO,Cat1
312,What was the original name of the gazette that publishes Lytham St Annes Express?," It is published by the Blackpool Gazette and therefore owned by Johnson Press. It was founded as ""The West Lancashire Evening Gazette"" in 1929 before being renamed the ""Evening Gazette"", and then ""Blackpool Gazette"".",The West Lancashire Evening Gazette is a multi-time advertiser.,atomicity;question_relevance;evidence_clarity;primary_category,4,PASS,PASS,CLEAR,NOT_ENOUGH_INFO,Cat1,,medium,"It was founded as ""The West Lancashire Evening Gazette"" in 1929 before being renamed the ""Evening Gazette"", and then ""Blackpool Gazette"".","The claimed advertiser property is not established by the context, although the subject matches the requested newspaper name.",FAIL,FAIL,AMBIGUOUS,NOT_ENOUGH_INFO,INVALID,HIGH,"It is published by the Blackpool Gazette and therefore owned by Johnson Press. || It was founded as ""The West Lancashire Evening Gazette"" in 1929 before being renamed the ""Evening Gazette"", and then ""Blackpool Gazette"".",INVALID: Malformed advertiser claim does not state the original gazette name.,PASS,FAIL,AMBIGUOUS,NOT_ENOUGH_INFO,INVALID
315,who was a character in A midsummer's night dream as well as the name of Carl Maria von Weber's opera?," He is best-remembered for having written the first Bildungsroman (""Geschichte des Agathon""), as well as the epic ""Oberon"", which formed the basis for Carl Maria von Weber's opera of the same name.Oberon is a king of the fairies in medieval and Renaissance literature.",Oberon is the ninth-most massive moon in the Solar System.,evidence_relation,1,PASS,FAIL,CLEAR,ENTAILED,INVALID,Cat5,medium,"He is best-remembered for having written the first Bildungsroman (""Geschichte des Agathon""), as well as the epic ""Oberon"", which formed the basis for Carl Maria von Weber's opera of the same name.Oberon is a king of the fairies in medieval and Renaissance literature.",The moon-ranking fact is unrelated to identifying the character/opera name.,PASS,FAIL,CLEAR,NOT_ENOUGH_INFO,INVALID,HIGH,"He is best-remembered for having written the first Bildungsroman (""Geschichte des Agathon""), as well as the epic ""Oberon"", which formed the basis for Carl Maria von Weber's opera of the same name.Oberon is a king of the fairies in medieval and Renaissance literature.",INVALID: Unrelated astronomical ranking does not identify the character/opera name.,PASS,FAIL,CLEAR,NOT_ENOUGH_INFO,INVALID
318,What was the original name of the gazette that publishes Lytham St Annes Express?," It is published by the Blackpool Gazette and therefore owned by Johnson Press. It was founded as ""The West Lancashire Evening Gazette"" in 1929 before being renamed the ""Evening Gazette"", and then ""Blackpool Gazette"".",The West Lancashire Evening Gazette is a print advertiser.,atomicity;question_relevance;evidence_clarity;primary_category,4,PASS,PASS,CLEAR,NOT_ENOUGH_INFO,Cat1,,medium,"It was founded as ""The West Lancashire Evening Gazette"" in 1929 before being renamed the ""Evening Gazette"", and then ""Blackpool Gazette"".","The subject is the requested original name, but the print-advertiser property is not stated in the context.",FAIL,FAIL,AMBIGUOUS,NOT_ENOUGH_INFO,INVALID,HIGH,"It is published by the Blackpool Gazette and therefore owned by Johnson Press. || It was founded as ""The West Lancashire Evening Gazette"" in 1929 before being renamed the ""Evening Gazette"", and then ""Blackpool Gazette"".",INVALID: Malformed advertiser claim does not state the original gazette name.,PASS,FAIL,AMBIGUOUS,CONTRADICTED,Cat1
320,Who publishes a horror game with protagonist Ellie?,"Ellie is a fictional character in the 2013 video game ""The Last of Us"", and the main protagonist of the upcoming video game ""The Last of Us Part II"".The Last of Us Part II is an upcoming action-adventure survival horror video game developed by Naughty Dog and published by Sony Interactive Entertainment for PlayStation 4.",Sony Interactive Entertainment only publishes video games that are developed by Naughty Dog.,question_relevance;primary_category,2,PASS,PASS,CLEAR,NOT_ENOUGH_INFO,Cat3,Cat1,high,"Ellie is a fictional character in the 2013 video game ""The Last of Us"", and the main protagonist of the upcoming video game ""The Last of Us Part II"".The Last of Us Part II is an upcoming action-adventure survival horror video game developed by Naughty Dog and published by Sony Interactive Entertainm",The context supports one Naughty Dog title but does not justify the universal 'only publishes' claim.,PASS,FAIL,CLEAR,NOT_ENOUGH_INFO,INVALID,HIGH,"Ellie is a fictional character in the 2013 video game ""The Last of Us"", and the main protagonist of the upcoming video game ""The Last of Us Part II"".The Last of Us Part II is an upcoming action-adventure survival horror video game developed by Naughty Dog and published by Sony Interactive Entertainm",INVALID: Unsupported exclusive publishing scope does not link Sony to this game.,PASS,FAIL,CLEAR,NOT_ENOUGH_INFO,Cat3
323,What British comedy film starred Robin Weaver?,"Robin Weaver is an English actress well known for playing the role of recurring character Pamela Cooper in the E4 sitcom ""The Inbetweeners"" and its feature-length films, ""The Inbetweeners Movie"" and ""The Inbetweeners 2"".The Inbetweeners 2 is a 2014 British comedy film and sequel to ""The Inbetweeners Movie"" (2011), which is based on the E4 sitcom ""The Inbetweeners"".","The phrase is ""Two Birds, One Stone"".",atomicity;evidence_clarity,2,PASS,FAIL,CLEAR,NOT_ENOUGH_INFO,INVALID,Cat1,high,"Robin Weaver is an English actress well known for playing the role of recurring character Pamela Cooper in the E4 sitcom ""The Inbetweeners"" and its feature-length films, ""The Inbetweeners Movie"" and ""The Inbetweeners 2"".The Inbetweeners 2 is a 2014 British comedy film and sequel to ""The Inbetweeners",The phrase is unrelated to identifying the British comedy film and is unsupported.,FAIL,FAIL,AMBIGUOUS,NOT_ENOUGH_INFO,INVALID,HIGH,"Robin Weaver is an English actress well known for playing the role of recurring character Pamela Cooper in the E4 sitcom ""The Inbetweeners"" and its feature-length films, ""The Inbetweeners Movie"" and ""The Inbetweeners 2"".The Inbetweeners 2 is a 2014 British comedy film and sequel to ""The Inbetweeners",INVALID: Unrelated phrase fragment does not identify the film.,FAIL,FAIL,AMBIGUOUS,NOT_ENOUGH_INFO,INVALID
325,What is stacey's surname in gavin and stacey?,"from Billericay in Essex, and Stacey, from Barry in the Vale of Glamorgan, Wales. Initially, Gavin lives with his parents, Pam and Mick, and spends most of his time with his best friend, Smithy. Stacey lives with her widowed mother, Gwen, and is frequently visited by her uncle, Bryn, who lives across the road, and by her best friend Nessa. The series follows the key moments in their relationship: their first meeting, meeting each other's families, getting engaged, marrying, looking for a flat, briefly splitting up, looking for new jobs and trying for children. The characters of Gavin and Stacey

Gavin & Stacey Gavin & Stacey is a British sitcom, written by James Corden and Ruth Jones, that follows the long-distance relationship of an Englishman and a Welsh woman. The merging of their quirky families forms the focus of the show. Mathew Horne and Joanna Page play the title characters, while the writers co-star as Gavin and Stacey's friends, Smithy and Nessa. Other prominent cast members include Alison Steadman and Larry Lamb, who play Gavin's parents, Pam and Mick, and Melanie Walters and Rob Brydon, who portray Stacey's mother, Gwen, and her uncle, Bryn. The theme for the series was

to Sullivan as her housemate; a member of the band she initially lives with. Nessa had also claimed to have had an affair with Prescott. The initial series begins with the lives of the title characters, Gavin Shipman (Mathew Horne) and Stacey West (Joanna Page). Gavin is 28 and lives at home in Billericay, Essex, with his parents, Mick (Larry Lamb) and Pam (Alison Steadman). He and Stacey, along with their respective best friends Neil ""Smithy"" Smith (James Corden) and Nessa Jenkins (Ruth Jones), go out on a double date. The night ends with Gavin and Stacey returning to a",A key moment in Gavin Shipman and Stacey Jenkins's relationship is their first meeting.,evidence_relation,1,PASS,PASS,CLEAR,ENTAILED,Cat1,,high,"The series follows the key moments in their relationship: their first meeting, meeting each other's families, getting engaged, marrying, looking for a flat, briefly splitting up, looking for new jobs and trying for children.",The claim contains the surname Jenkins and is supported by the context.,PASS,PASS,CLEAR,CONTRADICTED,Cat1,HIGH,"The series follows the key moments in their relationship: their first meeting, meeting each other's families, getting engaged, marrying, looking for a flat, briefly splitting up, looking for new jobs and trying for children. || The characters of Gavin and Stacey Gavin & Stacey Gavin & Stacey is a British sitcom, written by James Corden and Ruth Jones, that follows the long-distance relationship of an Englishman and a Welsh woman.","Primary operation: direct entity, alias, attribute, membership, or lexical relation.",PASS,PASS,CLEAR,ENTAILED,Cat1
329,Which 20th Century Fox film cast Zazie Beetz as Domino?," In 2016, she also appeared in the Netflix anthology series ""Easy"".Deadpool 2 is an upcoming American superhero film based on the Marvel Comics character Deadpool, distributed by 20th Century Fox.",Deadpool 2 is a film.,question_relevance;primary_category,2,PASS,PASS,CLEAR,ENTAILED,Cat1,,high,"In 2016, she also appeared in the Netflix anthology series ""Easy"".Deadpool 2 is an upcoming American superhero film based on the Marvel Comics character Deadpool, distributed by 20th Century Fox.","The factoid identifies Deadpool 2 as a film, the entity requested by the question.",PASS,FAIL,CLEAR,ENTAILED,INVALID,HIGH,"In 2016, she also appeared in the Netflix anthology series ""Easy"".Deadpool 2 is an upcoming American superhero film based on the Marvel Comics character Deadpool, distributed by 20th Century Fox.",INVALID: Vacuous film classification does not establish Beetz's role as Domino.,PASS,FAIL,CLEAR,ENTAILED,INVALID
330,"King of Queens is the debut studio album by Nigerian singer Yemi Alade, it features guest appearances and skits from which Ghanaian hip hop and hiplife duo from Tema made up of Faisal Hakeem ""(Paedae da Pralem/Omar Sterling)"", and Rashid Mugeez ""(Mugeez)""?"," It features guest appearances and skits from Bovi, R2Bees, Phyno, Chidinma, DIL, Selebobo and Diamond Platnumz.R2Bees is a Ghanaian hip hop and hiplife duo from Tema made up of Faisal Hakeem ""(Paedae da Pralem/Omar Sterling)"" and Rashid Mugeez ""(Mugeez)"".",R2Bees has won several awards.,question_relevance;primary_category,2,PASS,PASS,CLEAR,NOT_ENOUGH_INFO,Cat1,,medium,"It features guest appearances and skits from Bovi, R2Bees, Phyno, Chidinma, DIL, Selebobo and Diamond Platnumz.R2Bees is a Ghanaian hip hop and hiplife duo from Tema made up of Faisal Hakeem ""(Paedae da Pralem/Omar Sterling)"" and Rashid Mugeez ""(Mugeez)"".",The claim concerns R2Bees but the supplied context does not establish that the duo won several awards.,PASS,FAIL,CLEAR,NOT_ENOUGH_INFO,INVALID,HIGH,"It features guest appearances and skits from Bovi, R2Bees, Phyno, Chidinma, DIL, Selebobo and Diamond Platnumz.R2Bees is a Ghanaian hip hop and hiplife duo from Tema made up of Faisal Hakeem ""(Paedae da Pralem/Omar Sterling)"" and Rashid Mugeez ""(Mugeez)"".",INVALID: Unsupported award plurality does not link the duo to the album.,PASS,FAIL,CLEAR,NOT_ENOUGH_INFO,Cat1
341,"Of the film directors Kenji Mizoguchi and Andrzej Żuławski, which one often went against mainstream commercialism in his films?","Kenji Mizoguchi (溝口 健二 , Mizoguchi Kenji , May 16, 1898 – August 24, 1956) was a Japanese film director and screenwriter.Andrzej Żuławski (] ; 22 November 1940 – 17 February 2016) was a Polish film director and writer. Żuławski often went against mainstream commercialism in his films, and enjoyed success mostly with European art-house audiences.",Kenji Mizoguchi never went against mainstream commercialism.,evidence_relation,1,PASS,PASS,CLEAR,ENTAILED,Cat2,Cat1,high,"Żuławski often went against mainstream commercialism in his films, and enjoyed success mostly with European art-house audiences.","The context attributes anti-commercialism to Żuławski, supporting the negation about Mizoguchi in this comparison.",PASS,PASS,CLEAR,NOT_ENOUGH_INFO,Cat2,MEDIUM,"Kenji Mizoguchi (Ê∫ùÂè£ ÂÅ•‰∫å , Mizoguchi Kenji , May 16, 1898 ‚Ä?August 24, 1956) was a Japanese film director and screenwriter.Andrzej ≈ªu≈Çawski (] ; 22 November 1940 ‚Ä?17 February 2016) was a Polish film director and writer. ≈ªu≈Çawski often went against mainstream commercialism in his films, and enjoyed su","Primary operation: negation, exclusion, exception, or proposition polarity.",PASS,PASS,CLEAR,CONTRADICTED,Cat2
342,"The author of ""Evolution: A Theory in Crisis"" is a Senior Fellow at what institute?","Evolution: A Theory in Crisis is a 1985 book by Michael Denton arguing that the scientific theory of evolution by natural selection is a ""theory in crisis"". He is a Senior Fellow at the Discovery Institute's Center for Science and Culture.",Discovery Institute's Center for Science and Culture exists.,question_relevance;primary_category,2,PASS,PASS,CLEAR,ENTAILED,Cat1,,medium,He is a Senior Fellow at the Discovery Institute's Center for Science and Culture.,"The claim identifies the Discovery Institute center that the question asks about, though phrased existentially.",PASS,FAIL,CLEAR,ENTAILED,INVALID,HIGH,"Evolution: A Theory in Crisis is a 1985 book by Michael Denton arguing that the scientific theory of evolution by natural selection is a ""theory in crisis"". || He is a Senior Fellow at the Discovery Institute's Center for Science and Culture.",INVALID: Bare existence does not establish Denton's Senior Fellow affiliation.,PASS,FAIL,CLEAR,ENTAILED,Cat1
343,Which of the following airports can be accessed from Fairbanks via the Elliot and Dalton highways: Deadhorse Airport or Evansville Regional Airport?,"Deadhorse Airport (IATA: SCC, ICAO: PASC, FAA LID: SCC) is a public airport located in Deadhorse on the North Slope of Alaska. It can be accessed from Fairbanks via the Elliott and Dalton highways.Evansville Regional Airport (IATA: EVV, ICAO: KEVV, FAA LID: EVV) is three miles north of Evansville, in Vanderburgh County, Indiana, United States.",Neither airport can be accessed from Fairbanks.,primary_category,1,PASS,PASS,CLEAR,CONTRADICTED,Cat3,Cat2,high,"It can be accessed from Fairbanks via the Elliott and Dalton highways.Evansville Regional Airport (IATA: EVV, ICAO: KEVV, FAA LID: EVV) is three miles north of Evansville, in Vanderburgh County, Indiana, United States.","The context states that Deadhorse Airport can be accessed from Fairbanks, contradicting 'neither'.",PASS,PASS,CLEAR,CONTRADICTED,Cat2,HIGH,"Deadhorse Airport (IATA: SCC, ICAO: PASC, FAA LID: SCC) is a public airport located in Deadhorse on the North Slope of Alaska. || It can be accessed from Fairbanks via the Elliott and Dalton highways.Evansville Regional Airport (IATA: EVV, ICAO: KEVV, FAA LID: EVV) is three miles north of Evansville, in Vanderburgh County, Indiana, United States.","Primary operation: negation, exclusion, exception, or proposition polarity.",PASS,PASS,CLEAR,CONTRADICTED,Cat2
347,"Which documentary film was released first, Station to Station or Black Chicks Talking?","Station to Station is the 2014 film of Doug Aitken's 2013 ""Nomadic Happening"", the film is made up of 62 one-minute films.Black Chicks Talking is an arts project by Australian actress Leah Purcell featuring a 2001 documentary film, a 2002 book, a stage production and an art exhibition.",The five Aboriginal women discuss their experiences as Aboriginal women in contemporary Australia.,evidence_relation,1,PASS,FAIL,CLEAR,ENTAILED,INVALID,Cat6,high,"Station to Station is the 2014 film of Doug Aitken's 2013 ""Nomadic Happening"", the film is made up of 62 one-minute films.Black Chicks Talking is an arts project by Australian actress Leah Purcell featuring a 2001 documentary film, a 2002 book, a stage production and an art exhibition.",The description of the documentary's participants is ancillary and does not answer which film was released first.,PASS,FAIL,CLEAR,NOT_ENOUGH_INFO,INVALID,HIGH,"Station to Station is the 2014 film of Doug Aitken's 2013 ""Nomadic Happening"", the film is made up of 62 one-minute films.Black Chicks Talking is an arts project by Australian actress Leah Purcell featuring a 2001 documentary film, a 2002 book, a stage production and an art exhibition.",INVALID: Unsupported subject-matter claim does not compare release years.,PASS,FAIL,CLEAR,NOT_ENOUGH_INFO,INVALID
351,E'Shun Melvin was the voice of Young Boyd on Teen Wolf  developed by Jeff Davis for what television network," He is best known for his role as Noah on the BET original comedy television series Real Husbands of Hollywood, and for providing the voice of Young Boyd on Teen Wolf.Teen Wolf is an American television series developed by Jeff Davis for MTV.",MTV must extract atomic facts from this text.,atomicity;evidence_clarity,2,PASS,FAIL,CLEAR,NOT_ENOUGH_INFO,INVALID,Cat1,high,"He is best known for his role as Noah on the BET original comedy television series Real Husbands of Hollywood, and for providing the voice of Young Boyd on Teen Wolf.Teen Wolf is an American television series developed by Jeff Davis for MTV.","The sentence is an instruction artifact, not a factoid relevant to the question.",FAIL,FAIL,AMBIGUOUS,NOT_ENOUGH_INFO,INVALID,HIGH,"He is best known for his role as Noah on the BET original comedy television series Real Husbands of Hollywood, and for providing the voice of Young Boyd on Teen Wolf.Teen Wolf is an American television series developed by Jeff Davis for MTV.",INVALID: Prompt-like malformed text is not a factual proposition.,FAIL,FAIL,AMBIGUOUS,NOT_ENOUGH_INFO,INVALID
352,What poem by this writer born in September 1872 was used in devotional and spoken word recordings?,"Max Ehrmann (September 26, 1872 – September 9, 1945) was an American writer, poet, and attorney from Terre Haute, Indiana, widely known for his 1927 prose poem ""Desiderata"" (Latin: ""things desired"").""Desiderata"" (Latin: ""desired things"") is a 1927 prose poem by American writer Max Ehrmann. Largely unknown in the author's lifetime, the text became widely known after its use in devotional and spoken-word recordings in 1971 and 1972.",The prose poem 'Desiderata' became widely known before it was used in devotional recordings.,evidence_relation,1,PASS,PASS,CLEAR,ENTAILED,Cat4,Cat1,medium,"Largely unknown in the author's lifetime, the text became widely known after its use in devotional and spoken-word recordings in 1971 and 1972.",The claim concerns the chronology of Desiderata's recognition and later use; the context supports that it was already widely known as a 1927 poem before later recordings.,PASS,PASS,CLEAR,CONTRADICTED,Cat4,HIGH,"Max Ehrmann (September 26, 1872 ‚Ä?September 9, 1945) was an American writer, poet, and attorney from Terre Haute, Indiana, widely known for his 1927 prose poem ""Desiderata"" (Latin: ""things desired"").""Desiderata"" (Latin: ""desired things"") is a 1927 prose poem by American writer Max Ehrmann. || Largely unknown in the author's lifetime, the text became widely known after its use in devotional and spoken-word recordings in 1971 and 1972.","Primary operation: date, duration, temporal position, or event sequence.",PASS,PASS,CLEAR,CONTRADICTED,Cat4
357," ""Your Love Had Taken Me That High"" is a song recorded by a singer that received a string of Country Music Association awards for duets with who?","""Your Love Had Taken Me That High"" is a song written by Jack Dunham and Galen Raye, and recorded by American country music artist Conway Twitty.Conway Twitty (born Harold Lloyd Jenkins; September 1, 1933 – June 5, 1993) was an American country music singer. From 1971 to 1976, Twitty received a string of Country Music Association awards for duets with Loretta Lynn.",The singer had received many awards.,evidence_clarity;evidence_relation,2,PASS,FAIL,CLEAR,NOT_ENOUGH_INFO,INVALID,Cat3,high,"""Your Love Had Taken Me That High"" is a song written by Jack Dunham and Galen Raye, and recorded by American country music artist Conway Twitty.Conway Twitty (born Harold Lloyd Jenkins; September 1, 1933 – June 5, 1993) was an American country music singer.",The generic award statement does not identify the duet partner and is not established by the shown context.,PASS,FAIL,AMBIGUOUS,ENTAILED,INVALID,HIGH,"""Your Love Had Taken Me That High"" is a song written by Jack Dunham and Galen Raye, and recorded by American country music artist Conway Twitty.Conway Twitty (born Harold Lloyd Jenkins; September 1, 1933 ‚Ä?June 5, 1993) was an American country music singer. || From 1971 to 1976, Twitty received a string of Country Music Association awards for duets with Loretta Lynn.",INVALID: Vague award plurality does not identify Loretta Lynn.,PASS,FAIL,AMBIGUOUS,ENTAILED,INVALID
358,What country does Florida Board of Regents and State University System of Florida have in common?,"The Florida Board of Regents was from 1965 to 2001 the governing body for the State University System of Florida, which includes all public universities in the state of Florida, United States.The State University System of Florida (SUS, or SUSF out-of-state) is a system of twelve public universities in the U.S. state of Florida.",Both are located in the Northern Hemisphere.,question_relevance;evidence_relation;primary_category,3,PASS,PASS,CLEAR,ENTAILED,Cat1,,medium,"The Florida Board of Regents was from 1965 to 2001 the governing body for the State University System of Florida, which includes all public universities in the state of Florida, United States.The State University System of Florida (SUS, or SUSF out-of-state) is a system of twelve public universities","Both entities are in Florida, United States, so the Northern Hemisphere statement follows, though it is less direct than the country requested.",PASS,FAIL,CLEAR,NOT_ENOUGH_INFO,INVALID,HIGH,"The Florida Board of Regents was from 1965 to 2001 the governing body for the State University System of Florida, which includes all public universities in the state of Florida, United States.The State University System of Florida (SUS, or SUSF out-of-state) is a system of twelve public universities",INVALID: Hemisphere claim does not provide the shared country.,PASS,FAIL,CLEAR,CONTRADICTED,INVALID
359,The Abbey of Saint-Étienne was founded by a descendant of who?,"The Abbey of Saint-Étienne, also known as Abbaye aux Hommes (""Men's Abbey"") by contrast with the Abbaye aux Dames (""Ladies' Abbey""), is a former Benedictine monastery in the French city of Caen, Normandy, dedicated to Saint Stephen. It was founded in 1063 by William the Conqueror and is one of the most important Romanesque buildings in Normandy.William I (c. 1028 – 9 September 1087), usually known as William the Conqueror and sometimes William the Bastard, was the first Norman King of England, reigning from 1066 until his death in 1087. A descendant of Rollo, he was Duke of Normandy (as Duke William II) from 1035 onward.",The Abbey of Saint-Étienne was founded by William the Conqueror.,evidence_clarity,1,PASS,PASS,CLEAR,ENTAILED,Cat1,,high,It was founded in 1063 by William the Conqueror and is one of the most important Romanesque buildings in Normandy.William I (c.,The context explicitly states that William the Conqueror founded the abbey.,PASS,PASS,AMBIGUOUS,ENTAILED,Cat1,MEDIUM,"The Abbey of Saint-√âtienne, also known as Abbaye aux Hommes (""Men's Abbey"") by contrast with the Abbaye aux Dames (""Ladies' Abbey""), is a former Benedictine monastery in the French city of Caen, Normandy, dedicated to Saint Stephen. || It was founded in 1063 by William the Conqueror and is one of the most important Romanesque buildings in Normandy.William I (c.","Primary operation: direct entity, alias, attribute, membership, or lexical relation.",PASS,PASS,CLEAR,ENTAILED,Cat1
360,The Curzon Ashton L.F.C. consists of which gender?,"Curzon Ashton Ladies Football Club is an English women's football club affiliated with Curzon Ashton F.C..Curzon Ashton Football Club is a semi-professional football club based in the market town of Ashton-under-Lyne, Greater Manchester, England, that competes in the National League North, the sixth-highest division overall in the English football league system, and are members of the Manchester County Football Association.",Ladies is often used as a polite or formal way to address women.,evidence_relation,1,PASS,FAIL,CLEAR,ENTAILED,INVALID,Cat1,high,"Curzon Ashton Ladies Football Club is an English women's football club affiliated with Curzon Ashton F.C..Curzon Ashton Football Club is a semi-professional football club based in the market town of Ashton-under-Lyne, Greater Manchester, England, that competes in the National League North, the sixth",The definition of 'ladies' is ancillary and does not answer the club's gender.,PASS,FAIL,CLEAR,NOT_ENOUGH_INFO,INVALID,HIGH,"Curzon Ashton Ladies Football Club is an English women's football club affiliated with Curzon Ashton F.C..Curzon Ashton Football Club is a semi-professional football club based in the market town of Ashton-under-Lyne, Greater Manchester, England, that competes in the National League North, the sixth",INVALID: Politeness convention does not state the club's women's composition.,PASS,FAIL,CLEAR,NOT_ENOUGH_INFO,INVALID
363,What is a small network appliance and entertainment device that serves as a the media player for the iTunes Store?," It also serves as a media player for television shows and films purchased in the iTunes Store, replacing the ""Videos"" application on earlier versions of iOS.Apple TV is a digital media player and microconsole developed and sold by Apple Inc. It is a small network appliance and entertainment device that can receive digital data from a number of sources and stream it to a capable television.",Apple TV is a client device for content media.,atomicity;evidence_clarity;evidence_relation;primary_category,4,PASS,PASS,CLEAR,ENTAILED,Cat1,,medium,"It also serves as a media player for television shows and films purchased in the iTunes Store, replacing the ""Videos"" application on earlier versions of iOS.Apple TV is a digital media player and microconsole developed and sold by Apple Inc.",The context describes Apple TV as a network appliance/media device; the phrasing is compatible with that direct attribute.,FAIL,PASS,AMBIGUOUS,NOT_ENOUGH_INFO,INVALID,HIGH,"It also serves as a media player for television shows and films purchased in the iTunes Store, replacing the ""Videos"" application on earlier versions of iOS.Apple TV is a digital media player and microconsole developed and sold by Apple Inc. || It is a small network appliance and entertainment device that can receive digital data from a number of sources and stream it to a capable television.",INVALID: Malformed device description is not a clear standalone proposition.,PASS,PASS,CLEAR,ENTAILED,Cat1
365,Michael Gambon did not portray Professor Albus Dumbledore in the Harry Potter films until after which event?,"Sir Michael John Gambon {'1': "", '2': "", '3': "", '4': ""} (born 19 October 1940) is an Irish-born English actor who has worked in theatre, television and film. Gambon has played the eponymous mystery writer protagonist in the BBC television serial ""The Singing Detective"", Jules Maigret in the 1990s ITV serial ""Maigret"", and Professor Albus Dumbledore in the final six ""Harry Potter"" films after the death of previous actor Richard Harris. For most of the series, he is the headmaster of the wizarding school Hogwarts.",He did not portray the character until after the death of previous actor Richard Harris.,primary_category,1,PASS,PASS,CLEAR,ENTAILED,Cat2,Cat4,high,"Gambon has played the eponymous mystery writer protagonist in the BBC television serial ""The Singing Detective"", Jules Maigret in the 1990s ITV serial ""Maigret"", and Professor Albus Dumbledore in the final six ""Harry Potter"" films after the death of previous actor Richard Harris.",The context supports the exception/temporal condition that Gambon took the role after Richard Harris's death.,PASS,PASS,CLEAR,ENTAILED,Cat4,HIGH,"Sir Michael John Gambon {'1': "", '2': "", '3': "", '4': ""} (born 19 October 1940) is an Irish-born English actor who has worked in theatre, television and film. || Gambon has played the eponymous mystery writer protagonist in the BBC television serial ""The Singing Detective"", Jules Maigret in the 1990s ITV serial ""Maigret"", and Professor Albus Dumbledore in the final six ""Harry Potter"" films after the death of previous actor Richard Harris.","Primary operation: date, duration, temporal position, or event sequence.",PASS,PASS,CLEAR,ENTAILED,Cat4
370,Song at the end of who dat boy?,"accompanied music video was uploaded on June 29, 2017 on Tyler's official YouTube channel. The music video was directed by Tyler under the pseudonym Wolf Haley. The music video features visual allusions to the 2017 film ""Get Out"" and rapper Action Bronson's face being sewn onto Tyler's. It also features a snippet of the song ""911"" at the end of the track. Who Dat Boy ""Who Dat Boy"" is a song by American rapper Tyler, the Creator. It was released on June 30, 2017 alongside, ""911 / Mr. Lonely"" through Columbia Records, as the lead singles from his fourth studio

Who Dat Boy ""Who Dat Boy"" is a song by American rapper Tyler, the Creator. It was released on June 30, 2017 alongside, ""911 / Mr. Lonely"" through Columbia Records, as the lead singles from his fourth studio album ""Flower Boy"". The song features vocals from ASAP Rocky. Tyler, the Creator began a one-week countdown on Twitter and Instagram to promote and release the two dual-singles called ""Who Dat Boy"" and ""911 / Mr. Lonely"" on June 30, 2017. The single is Tyler, the Creator's highest charting single to date debuting at 87 on the ""Billboard"" Hot 100. The song

before the announced release date of July 21. After a one-week countdown on Twitter and Instagram, Tyler, the Creator released a music video, titled ""Who Dat Boy"", to his official YouTube channel on June 29, 2017. The album's lead single, ""Who Dat Boy"" / ""911"", containing two songs: ""Who Dat Boy"" and ""911 / Mr. Lonely"" was released on June 30, 2017. The single peaked at number 87 on the US ""Billboard"" Hot 100. The album's second single, ""Boredom"", was released on July 11, 2017. The album's third single, ""I Ain't Got Time!"", was released on July 19, 2017. The","""911/Mr. Lonely"" was released through Columbia Records.",question_relevance;primary_category,2,PASS,PASS,CLEAR,ENTAILED,Cat1,,medium,"Lonely"" through Columbia Records, as the lead singles from his fourth studio album ""Flower Boy"".","The release-label fact concerns the song named in the answer and is supported, though it is ancillary to identifying the song.",PASS,FAIL,CLEAR,ENTAILED,INVALID,MEDIUM,"Lonely"" through Columbia Records, as the lead singles from his fourth studio Who Dat Boy ""Who Dat Boy"" is a song by American rapper Tyler, the Creator. || Lonely"" through Columbia Records, as the lead singles from his fourth studio album ""Flower Boy"".",INVALID: Record-label information does not state which song appears at the end.,PASS,FAIL,CLEAR,ENTAILED,Cat1
373,Who did doc hudson's voice in cars?,"Doc Hudson Doc Hudson (also known as The Fabulous Hudson Hornet or simply Doc) is an animated, anthropomorphic retired race car who appears in the 2006 Pixar film ""Cars"" as a medical doctor and a local judge. He is voiced by actor Paul Newman in the first and third films and video game, and Corey Burton in all other media. Six-time Turismo Carretera champion Juan María Traverso voiced the character in the Rioplatense Spanish version of the first film. He is modeled after a 1951 Hudson Hornet. Doc Hudson (Voiced by Paul Newman in his last non-documentary film role) was

to win two NASCAR premier series championships (1951 and 1953). Doc Hudson Doc Hudson (also known as The Fabulous Hudson Hornet or simply Doc) is an animated, anthropomorphic retired race car who appears in the 2006 Pixar film ""Cars"" as a medical doctor and a local judge. He is voiced by actor Paul Newman in the first and third films and video game, and Corey Burton in all other media. Six-time Turismo Carretera champion Juan María Traverso voiced the character in the Rioplatense Spanish version of the first film. He is modeled after a 1951 Hudson Hornet. Doc Hudson (Voiced

Russo) in which he played the dissolute father of the protagonist, Miles Roby, and for which he won a Golden Globe and a Primetime Emmy. In 2006, in keeping with his strong interest in car racing, he provided the voice of Doc Hudson, a retired anthropomorphic race car, in Disney/Pixar's ""Cars"" — this was his final role for a major feature film. While not in the sequel ""Cars 2"" (2011), his voice was later used in the third film, ""Cars 3"" (2017), for which he received billing, almost nine years after his death. Newman retired from acting in May 2007,",The voice of Doc Hudson of the Pixar Cars films in all other English media is done by Corey Burton.,primary_category,1,PASS,PASS,CLEAR,ENTAILED,Cat1,,medium,"He is voiced by actor Paul Newman in the first and third films and video game, and Corey Burton in all other media.","The context supports Corey Burton as the voice in other English media, but the wording does not necessarily identify the original film voice.",PASS,PASS,CLEAR,ENTAILED,Cat3,MEDIUM,"He is voiced by actor Paul Newman in the first and third films and video game, and Corey Burton in all other media. || In 2006, in keeping with his strong interest in car racing, he provided the voice of Doc Hudson, a retired anthropomorphic race car, in Disney/Pixar's ""Cars"" ‚Ä?this was his final role for a major feature film.","Verification turns on the scope exception: Corey Burton voices Doc Hudson in other English media, while Paul Newman voices the feature film.",PASS,PASS,CLEAR,ENTAILED,Cat3
376,How does the Amazon River compare with the Nile River?,"The Amazon River is one of the longest rivers in the world and carries more water than any other river. It flows through several South American countries, including Peru, Colombia, and Brazil. The Nile River, located in northeastern Africa, has traditionally been regarded as the longest river in the world. For decades, geographers have debated whether the Nile or the Amazon is longer, depending on the measurement method used. Despite this debate, the Amazon remains the largest river by discharge volume and contains the world's largest drainage basin. The river supports a vast ecosystem and is home to thousands of species of fish, birds, and mammals. The Amazon rainforest surrounding the river is one of the most biodiverse regions on Earth and plays a major role in regulating the global climate.",The Amazon River is definitively longer than the Nile River.,evidence_clarity;evidence_relation,2,PASS,PASS,AMBIGUOUS,NOT_ENOUGH_INFO,Cat5,,medium,The Amazon River is one of the longest rivers in the world and carries more water than any other river.,"The context explicitly says the Amazon-vs-Nile length question is debated, so a definitive longer-than claim is not established.",PASS,PASS,CLEAR,CONTRADICTED,Cat5,HIGH,"The Amazon River is one of the longest rivers in the world and carries more water than any other river. || For decades, geographers have debated whether the Nile or the Amazon is longer, depending on the measurement method used.","Primary operation: comparison, ranking, relative magnitude, or superlative.",PASS,PASS,CLEAR,CONTRADICTED,Cat5
378,When was Fannie Lee Chaney's son born?,"Fannie Lee Chaney (September 4, 1921 – May 22, 2007) was an American baker turned civil rights activist after her son James Chaney was murdered by the Ku Klux Klan during the 1964 Freedom Summer rides in Mississippi.James Earl Chaney (May 30, 1943 – June 21, 1964), from Meridian, Mississippi, was one of three American civil rights workers who were murdered during Freedom Summer by members of the Ku Klux Klan near Philadelphia, Mississippi.","May 30, 1943 is a date.",atomicity;question_relevance,2,FAIL,PASS,CLEAR,ENTAILED,INVALID,Cat4,high,"Fannie Lee Chaney (September 4, 1921 – May 22, 2007) was an American baker turned civil rights activist after her son James Chaney was murdered by the Ku Klux Klan during the 1964 Freedom Summer rides in Mississippi.James Earl Chaney (May 30, 1943 – June 21, 1964), from Meridian, Mississippi, was on","The date is correct but 'May 30, 1943 is a date' does not constitute a standalone answer proposition about James Chaney.",PASS,FAIL,CLEAR,ENTAILED,INVALID,HIGH,"Fannie Lee Chaney (September 4, 1921 ‚Ä?May 22, 2007) was an American baker turned civil rights activist after her son James Chaney was murdered by the Ku Klux Klan during the 1964 Freedom Summer rides in Mississippi.James Earl Chaney (May 30, 1943 ‚Ä?June 21, 1964), from Meridian, Mississippi, was on",INVALID: Vacuous date classification does not state the son's birth relation.,PASS,FAIL,CLEAR,ENTAILED,INVALID
382,What commercial starring Vinny Warren first debuted during Monday Night Football in December of 1999?,"Vinny Warren is an Irish-born American advertising creative director, most notable for his iconic ""Whassup? The first spot aired during ""Monday Night Football"", December 20, 1999.","The first commercial starring Vinny Warren was ""What's the deal?"".",evidence_relation,1,PASS,PASS,CLEAR,NOT_ENOUGH_INFO,Cat1,,medium,"The first spot aired during ""Monday Night Football"", December 20, 1999.","The context identifies the Whassup? campaign and timing, but the factoid's phrase 'What's the deal?' is not supported.",PASS,PASS,CLEAR,CONTRADICTED,Cat1,HIGH,"Vinny Warren is an Irish-born American advertising creative director, most notable for his iconic ""Whassup? || The first spot aired during ""Monday Night Football"", December 20, 1999.","Primary operation: direct entity, alias, attribute, membership, or lexical relation.",PASS,PASS,CLEAR,NOT_ENOUGH_INFO,Cat1
383,"Pandit Kishan Maharaj, was an Indian tabla player of Hindustani classical music, who belonged to which one of the six most common styles of playing of the Indian tabla? ",Pandit Kishan Maharaj (Hindi: किशन महाराज ) (3 September 1923 – 4 May 2008) was an Indian tabla player who belonged to the Benares gharana of Hindustani classical music.Benares gharānā is one of the six most common styles of playing of the Indian tabla.,The Benares gharānā is one of the six most common styles of playing of the Indian tabla.,primary_category,1,PASS,PASS,CLEAR,ENTAILED,Cat3,Cat1,high,Pandit Kishan Maharaj (Hindi: किशन महाराज ) (3 September 1923 – 4 May 2008) was an Indian tabla player who belonged to the Benares gharana of Hindustani classical music.Benares gharānā is one of the six most common styles of playing of the Indian tabla.,The context explicitly identifies Benares gharana and states it is one of six common styles.,PASS,PASS,CLEAR,ENTAILED,Cat1,MEDIUM,Pandit Kishan Maharaj (Hindi: ‡§ï‡§ø‡§∂‡§® ‡§Æ‡§π‡§æ‡§∞‡§æ‡§ú ) (3 September 1923 ‚Ä?4 May 2008) was an Indian tabla player who belonged to the Benares gharana of Hindustani classical music.Benares gharƒÅnƒÅ is one of the six most common styles of playing of the Indian tabla.,"Primary operation: direct entity, alias, attribute, membership, or lexical relation.",PASS,PASS,CLEAR,ENTAILED,Cat5
384,How long did finding neverland run on broadway?,"Finding Neverland (musical) Finding Neverland is an original musical with music and lyrics by Scott Frankel and Michael Korie and a book by James Graham. Inspired by the 1998 play ""The Man Who Was Peter Pan"" by Allan Knee and his 2004 adaptation ""Finding Neverland"", the musical made its world premiere at the Curve Theatre in Leicester in 2012, with the reworked version making its world premiere in 2014 at the American Repertory Theater in Cambridge, Massachusetts. Following completion of its Cambridge run, the production transferred to Broadway in March 2015. After 17 months on Broadway, the production of ""Finding

Broadway at the Lunt-Fontanne Theatre in March 2015. On 10 November 2014, it was announced that Matthew Morrison would take Jordan's place in the portrayal of J. M. Barrie in the Broadway production. Kelsey Grammer starred as Charles Frohman and Laura Michelle Kelly reprised the role of Sylvia Llewelyn Davies. Previews began 15 March 2015, with the official opening on 15 April. The production did not receive any Tony Award nominations. The Broadway production closed on August 21, 2016 after 565 performances. In early 2016 it was announced that ""Finding Neverland"" would open in London in 2017, starring Alfie Boe

1999 after just over ten years, on its 4,274th performance, having grossed more than £150 million in ticket sales during its London run. Hytner also directed the New York production, where the show recouped its $10.9m investment in 39 weeks. The show, at New York's Broadway Theatre, opened on 11 April 1991 and closed on 28 January 2001 after 4,092 performances. Hytner was on a percentage for both London and New York productions, allowing him (then aged 34) to never need worry about money again. ""It was a huge– a massive stroke of fortune,"" he said in 2010. ""It meant",Finding Neverland had 565 performances.,evidence_clarity,1,PASS,PASS,CLEAR,ENTAILED,Cat6,Cat4,high,"The Broadway production closed on August 21, 2016 after 565 performances.","The context explicitly states 565 performances, a numerical duration proxy for the run.",PASS,PASS,AMBIGUOUS,ENTAILED,Cat6,MEDIUM,"Finding Neverland (musical) Finding Neverland is an original musical with music and lyrics by Scott Frankel and Michael Korie and a book by James Graham. || In early 2016 it was announced that ""Finding Neverland"" would open in London in 2017, starring Alfie Boe 1999 after just over ten years, on its 4,274th performance, having grossed more than ¬£150 million in ticket sales during its London run.",The context reports both a 17-month duration and 565 performances; the factoid expresses run length as a performance count.,PASS,PASS,AMBIGUOUS,ENTAILED,Cat6
386,At which age Audrey Kathryn Lindvall's super model sister was discover by IMG scout?,"Audrey Kathryn Lindvall (August 11, 1982 – August 2, 2006) was an American model. She was the sister of supermodel Angela Lindvall, and the former face of Coach and Ann Taylor.Angela Lindvall (born January 14, 1979) is an American supermodel and actress. Lindvall was discovered by an IMG scout when she was 14 years old, and immediately signed with IMG New York.",Audrey Kathryn Lindvall was discovered by IMG scout at the age of 14.,evidence_relation;primary_category,2,PASS,PASS,CLEAR,NOT_ENOUGH_INFO,Cat4,Cat1,medium,"Lindvall was discovered by an IMG scout when she was 14 years old, and immediately signed with IMG New York.",The context mentions the sisters but the shown excerpt does not clearly state the IMG discovery age.,PASS,PASS,CLEAR,CONTRADICTED,Cat1,HIGH,"Audrey Kathryn Lindvall (August 11, 1982 ‚Ä?August 2, 2006) was an American model. || Lindvall was discovered by an IMG scout when she was 14 years old, and immediately signed with IMG New York.","Primary operation: direct entity, alias, attribute, membership, or lexical relation.",PASS,PASS,CLEAR,CONTRADICTED,Cat1
393,"The rock band Lit was formed in 1995. As of the current year 2026, how many years has it been since the band was formed?","A Place in the Sun is the second studio album by the American rock band Lit.Lit is an American rock band, formed in 1995 in Fullerton, California. They are best known for their hit song ""My Own Worst Enemy"".",33 years,atomicity;primary_category,2,FAIL,PASS,CLEAR,CONTRADICTED,INVALID,Cat6;Cat4,high,"A Place in the Sun is the second studio album by the American rock band Lit.Lit is an American rock band, formed in 1995 in Fullerton, California.","The bare duration is non-standalone and 2026 minus 1995 is 31, not 33.",PASS,PASS,CLEAR,CONTRADICTED,Cat6,HIGH,"A Place in the Sun is the second studio album by the American rock band Lit.Lit is an American rock band, formed in 1995 in Fullerton, California. || They are best known for their hit song ""My Own Worst Enemy"".","Primary operation: numerical value, measurement, count, or computation.",FAIL,PASS,CLEAR,CONTRADICTED,INVALID
394,Who publishes a horror game with protagonist Ellie?,"Ellie is a fictional character in the 2013 video game ""The Last of Us"", and the main protagonist of the upcoming video game ""The Last of Us Part II"".The Last of Us Part II is an upcoming action-adventure survival horror video game developed by Naughty Dog and published by Sony Interactive Entertainment for PlayStation 4.",Sony Interactive Entertainment's notable studios include PlayStation All-Stars 34.,evidence_clarity,1,PASS,FAIL,CLEAR,NOT_ENOUGH_INFO,INVALID,Cat6,high,"Ellie is a fictional character in the 2013 video game ""The Last of Us"", and the main protagonist of the upcoming video game ""The Last of Us Part II"".The Last of Us Part II is an upcoming action-adventure survival horror video game developed by Naughty Dog and published by Sony Interactive Entertainm",The studio-count statement is unrelated to the publisher question and unsupported.,PASS,FAIL,AMBIGUOUS,NOT_ENOUGH_INFO,INVALID,HIGH,"Ellie is a fictional character in the 2013 video game ""The Last of Us"", and the main protagonist of the upcoming video game ""The Last of Us Part II"".The Last of Us Part II is an upcoming action-adventure survival horror video game developed by Naughty Dog and published by Sony Interactive Entertainm",INVALID: Malformed studio claim does not identify the publisher.,PASS,FAIL,AMBIGUOUS,NOT_ENOUGH_INFO,INVALID
395,Where does anything you can do i can do better come from?,"Anything You Can Do (I Can Do Better) ""Anything You Can Do"" is a song composed by Irving Berlin for the 1946 Broadway musical ""Annie Get Your Gun"". The song is a duet, with one male singer and one female singer attempting to outdo each other in increasingly complex tasks. In the musical, the song sets the scene for the climactic sharpshooting contest between Annie Oakley and Frank Butler. Its most memorable lines are, ""Anything you can do I can do better; I can do anything better than you."" The song was first performed in ""Annie Get Your Gun"" by

Ethel Merman and Ray Middleton. During the song, they argue playfully about who can, for example, sing softer, sing higher, sing sweeter, and hold a note for longer, and boast of their abilities and accomplishments, such as opening safes and living on bread and cheese, although Annie always seems to counter Frank's argument. Neither can ""bake a pie,"" though. Anything You Can Do (I Can Do Better) ""Anything You Can Do"" is a song composed by Irving Berlin for the 1946 Broadway musical ""Annie Get Your Gun"". The song is a duet, with one male singer and one female singer

choosing the occupation of ""newspaper carrier"" was required to ride a bicycle down a narrow yellow line (without veering from it) and throw several newspapers at targets. She lost control of the bicycle, fell to the studio floor, and apparently broke a bone. Wood mentioned other contestants being injured as well. The title of the show is inspired by a 1946 song called ""Anything You Can Do, I Can Do Better"" from the hit broadway musical ""Annie Get Your Gun"" (composed by Irving Berlin) as a sprirted duet with one male singer and one female singer attempting to outdo each","Irving Berlin composed ""Anything You Can Do (I Can Do Better)"".",question_relevance;primary_category,2,PASS,PASS,CLEAR,ENTAILED,Cat1,,medium,"The title of the show is inspired by a 1946 song called ""Anything You Can Do, I Can Do Better"" from the hit broadway musical ""Annie Get Your Gun"" (composed by Irving Berlin) as a sprirted duet with one male singer and one female singer attempting to outdo each","The composer fact is supported and identifies the work's origin, though it does not name the Broadway musical source.",PASS,FAIL,CLEAR,ENTAILED,INVALID,HIGH,"Anything You Can Do (I Can Do Better) ""Anything You Can Do"" is a song composed by Irving Berlin for the 1946 Broadway musical ""Annie Get Your Gun"". || Anything You Can Do (I Can Do Better) ""Anything You Can Do"" is a song composed by Irving Berlin for the 1946 Broadway musical ""Annie Get Your Gun"".",INVALID: Composer credit does not identify the Broadway musical source.,PASS,FAIL,CLEAR,ENTAILED,Cat1
399,Talking Smack is an American talk show whose past hosts have included the current Intercontinental Champion in his what?,"Talking Smack is an American talk show produced by WWE and currently airing on their subscription based streaming service, the WWE Network. Past hosts have included Daniel Bryan, Shane McMahon, The Miz and Jerry Lawler.Michael Gregory Mizanin (born October 8, 1980) is an American professional wrestler, reality television star, and actor. He is signed to WWE, where he performs on the Raw brand under the ring name The Miz and is the current Intercontinental Champion in his seventh reign.",The first reign in WWE is often associated with the first WWE Champion.,atomicity;evidence_clarity,2,PASS,FAIL,CLEAR,NOT_ENOUGH_INFO,INVALID,Cat1,high,"He is signed to WWE, where he performs on the Raw brand under the ring name The Miz and is the current Intercontinental Champion in his seventh reign.",The generic WWE-title statement is unrelated to the requested role/title context and unsupported.,FAIL,FAIL,AMBIGUOUS,NOT_ENOUGH_INFO,INVALID,HIGH,"Talking Smack is an American talk show produced by WWE and currently airing on their subscription based streaming service, the WWE Network. || He is signed to WWE, where he performs on the Raw brand under the ring name The Miz and is the current Intercontinental Champion in his seventh reign.",INVALID: Vague generic statement does not answer the seventh-reign question.,FAIL,FAIL,AMBIGUOUS,NOT_ENOUGH_INFO,INVALID
402,"Which private, nonsectarian institution has a famous artist featured in major museum solo shows?"," Swoon has since been featured in major museums including a 2014 solo show, ""Submerged Motherlands"", at the Brooklyn Museum.Pratt Institute is a private, nonsectarian, non-profit institution of higher learning located in the Clinton Hill neighborhood of Brooklyn, New York, United States, with a satellite campus located at 14th Street in Manhattan and an extension campus in Utica, New York (Pratt MWP).",Pratt Institute is a member of the Association of Independent Colleges of Art and Design.,question_relevance;primary_category,2,PASS,PASS,CLEAR,NOT_ENOUGH_INFO,Cat1,,medium,"Swoon has since been featured in major museums including a 2014 solo show, ""Submerged Motherlands"", at the Brooklyn Museum.Pratt Institute is a private, nonsectarian, non-profit institution of higher learning located in the Clinton Hill neighborhood of Brooklyn, New York, United States, with a satel","The institution is relevant, but AICAD membership is not stated in the shown context.",PASS,FAIL,CLEAR,NOT_ENOUGH_INFO,INVALID,HIGH,"Swoon has since been featured in major museums including a 2014 solo show, ""Submerged Motherlands"", at the Brooklyn Museum.Pratt Institute is a private, nonsectarian, non-profit institution of higher learning located in the Clinton Hill neighborhood of Brooklyn, New York, United States, with a satel",INVALID: Unsupported association membership does not link the artist to Pratt Institute.,PASS,FAIL,CLEAR,NOT_ENOUGH_INFO,Cat1
404,"The band who released ""Take It All Back"" also released what EP themed around worship?","""Take It All Back"" is a song written and recorded by American folk band Judah & the Lion, released as a single from their second studio album ""Folk Hop N' Roll"". Their debut EP First Fruits was themed around worship.",Take It All Back was not released on their worship-themed EP.,question_relevance;primary_category,2,PASS,PASS,CLEAR,ENTAILED,Cat2,Cat1,high,"""Take It All Back"" is a song written and recorded by American folk band Judah & the Lion, released as a single from their second studio album ""Folk Hop N' Roll"".",The context places the song on a studio album and identifies a separate worship-themed debut EP.,PASS,FAIL,CLEAR,ENTAILED,INVALID,MEDIUM,"""Take It All Back"" is a song written and recorded by American folk band Judah & the Lion, released as a single from their second studio album ""Folk Hop N' Roll"". || Their debut EP First Fruits was themed around worship.",INVALID: Negates placement on the EP but does not identify First Fruits.,PASS,FAIL,CLEAR,ENTAILED,Cat2
410,Who publishes a horror game with protagonist Ellie?,"Ellie is a fictional character in the 2013 video game ""The Last of Us"", and the main protagonist of the upcoming video game ""The Last of Us Part II"".The Last of Us Part II is an upcoming action-adventure survival horror video game developed by Naughty Dog and published by Sony Interactive Entertainment for PlayStation 4.",Sony Interactive Entertainment's notable studios include PlayStation 5.,evidence_clarity,1,PASS,FAIL,CLEAR,NOT_ENOUGH_INFO,INVALID,Cat6,high,"Ellie is a fictional character in the 2013 video game ""The Last of Us"", and the main protagonist of the upcoming video game ""The Last of Us Part II"".The Last of Us Part II is an upcoming action-adventure survival horror video game developed by Naughty Dog and published by Sony Interactive Entertainm",The studio statement is unrelated and unsupported.,PASS,FAIL,AMBIGUOUS,NOT_ENOUGH_INFO,INVALID,HIGH,"Ellie is a fictional character in the 2013 video game ""The Last of Us"", and the main protagonist of the upcoming video game ""The Last of Us Part II"".The Last of Us Part II is an upcoming action-adventure survival horror video game developed by Naughty Dog and published by Sony Interactive Entertainm",INVALID: Malformed studio claim does not identify the publisher.,PASS,FAIL,AMBIGUOUS,NOT_ENOUGH_INFO,INVALID
411,E'Shun Melvin was the voice of Young Boyd on Teen Wolf  developed by Jeff Davis for what television network," He is best known for his role as Noah on the BET original comedy television series Real Husbands of Hollywood, and for providing the voice of Young Boyd on Teen Wolf.Teen Wolf is an American television series developed by Jeff Davis for MTV.",MTV must not rewrite any part of the input.,atomicity;evidence_clarity,2,PASS,FAIL,CLEAR,NOT_ENOUGH_INFO,INVALID,Cat1,high,"He is best known for his role as Noah on the BET original comedy television series Real Husbands of Hollywood, and for providing the voice of Young Boyd on Teen Wolf.Teen Wolf is an American television series developed by Jeff Davis for MTV.",This is an instruction artifact rather than a factual claim about the network.,FAIL,FAIL,AMBIGUOUS,NOT_ENOUGH_INFO,INVALID,HIGH,"He is best known for his role as Noah on the BET original comedy television series Real Husbands of Hollywood, and for providing the voice of Young Boyd on Teen Wolf.Teen Wolf is an American television series developed by Jeff Davis for MTV.",INVALID: Prompt-like instruction is not a factual proposition.,FAIL,FAIL,AMBIGUOUS,NOT_ENOUGH_INFO,INVALID
412,What is the length of the River which has Wild Horse Creek as a tributary ?,"Wild Horse Creek is a tributary of the Powder River in Wyoming.Powder River is a tributary of the Yellowstone River, approximately 375 mi long in northeastern Wyoming and southeastern Montana in the United States.",The length is 375 miles.,atomicity;primary_category,2,PASS,PASS,CLEAR,ENTAILED,Cat6,,high,"Wild Horse Creek is a tributary of the Powder River in Wyoming.Powder River is a tributary of the Yellowstone River, approximately 375 mi long in northeastern Wyoming and southeastern Montana in the United States.",The Powder River length is explicitly given as approximately 375 miles.,FAIL,PASS,CLEAR,ENTAILED,INVALID,HIGH,"Wild Horse Creek is a tributary of the Powder River in Wyoming.Powder River is a tributary of the Yellowstone River, approximately 375 mi long in northeastern Wyoming and southeastern Montana in the United States.",INVALID: Deictic measurement fragment omits the river entity.,FAIL,PASS,CLEAR,ENTAILED,INVALID
413,"Was John Travolta the only star of the film ""Moment by Moment""?","""Moment by Moment"" is the title theme song to the 1978 Universal Pictures film ""Moment by Moment"" starring Lily Tomlin and John Travolta.Mary Jean ""Lily"" Tomlin (born September 1, 1939) is an American actress, comedian, writer, singer, and producer.","The film ""Moment by Moment"" did not star only John Travolta.",primary_category,1,PASS,PASS,CLEAR,ENTAILED,Cat3,Cat2,high,"""Moment by Moment"" is the title theme song to the 1978 Universal Pictures film ""Moment by Moment"" starring Lily Tomlin and John Travolta.Mary Jean ""Lily"" Tomlin (born September 1, 1939) is an American actress, comedian, writer, singer, and producer.","The context names both Lily Tomlin and John Travolta, so Travolta was not the only star.",PASS,PASS,CLEAR,ENTAILED,Cat2,HIGH,"""Moment by Moment"" is the title theme song to the 1978 Universal Pictures film ""Moment by Moment"" starring Lily Tomlin and John Travolta.Mary Jean ""Lily"" Tomlin (born September 1, 1939) is an American actress, comedian, writer, singer, and producer.","Primary operation: negation, exclusion, exception, or proposition polarity.",PASS,PASS,CLEAR,ENTAILED,Cat2
421,The Monson Historical Society Museum is located in the town in what Maine county?,"The Monson Historical Society Museum is located on Main Street in the center of Monson, Maine.Monson is a town in Piscataquis County, Maine, United States.",Piscataquis County is the second least populous county in Maine.,question_relevance;primary_category,2,PASS,PASS,CLEAR,NOT_ENOUGH_INFO,Cat5,Cat1,medium,"The Monson Historical Society Museum is located on Main Street in the center of Monson, Maine.Monson is a town in Piscataquis County, Maine, United States.","The county is relevant, but its ranking as second least populous is not stated in the context.",PASS,FAIL,CLEAR,NOT_ENOUGH_INFO,INVALID,MEDIUM,"The Monson Historical Society Museum is located on Main Street in the center of Monson, Maine.Monson is a town in Piscataquis County, Maine, United States.",INVALID: County population rank does not link Monson to the county.,PASS,FAIL,CLEAR,NOT_ENOUGH_INFO,Cat5
425,"Which American guitarist and bluegrass musician from Danville, Virginia did Rebecca Rippy play or share the stage with?"," She has played or shared the stage with such well-known acts and artists as REM producer Don Dixon, Leon Russell, Lucy Kaplansky, Tony Rice, Donna the Buffalo, Jim Lauderdale, Bill Mallonee and the Vigilantes of Love, blues legend Tinsley Ellis, John Cowan, Rhonda Vincent, Danielle Howle, and Old Crow Medicine Show, and has become a regular performer at such prestigious songwriter venues as the Bluebird Café in Nashville, TN, and at the Neighborhood Theater in Charlotte, NC.Tony Rice (born David Anthony Rice, June 8, 1951, Danville, Virginia, United States) is an American guitarist and bluegrass musician.",Rebecca Rippy shared the stage with several well-known acts and artists.,question_relevance;primary_category,2,PASS,PASS,CLEAR,ENTAILED,Cat3,Cat1,medium,"She has played or shared the stage with such well-known acts and artists as REM producer Don Dixon, Leon Russell, Lucy Kaplansky, Tony Rice, Donna the Buffalo, Jim Lauderdale, Bill Mallonee and the Vigilantes of Love, blues legend Tinsley Ellis, John Cowan, Rhonda Vincent, Danielle Howle, and Old Cr","The context says she shared the stage with several listed artists, including the target musician.",PASS,FAIL,CLEAR,ENTAILED,INVALID,MEDIUM,"She has played or shared the stage with such well-known acts and artists as REM producer Don Dixon, Leon Russell, Lucy Kaplansky, Tony Rice, Donna the Buffalo, Jim Lauderdale, Bill Mallonee and the Vigilantes of Love, blues legend Tinsley Ellis, John Cowan, Rhonda Vincent, Danielle Howle, and Old Cr",INVALID: General plurality does not identify Tony Rice.,PASS,FAIL,CLEAR,ENTAILED,Cat3
427,"When was the American fitness guru, actor, and comedian born who is known for his eccentric, flamboyant, and energetic personality and also a star of Rudolph the Red-Nosed Reindeer: The Movie?","Rudolph the Red-Nosed Reindeer: The Movie is a 1998 American animated musical film about Rudolph the Red-Nosed Reindeer, who first appeared in a 1939 story by Robert L. May. It stars John Goodman, Eric Idle, Whoopi Goldberg, Debbie Reynolds, Richard Simmons and Bob Newhart.Milton Teagle ""Richard"" Simmons (born July 12, 1948) is an American fitness guru, actor, and comedian. He promotes weight-loss programs, prominently through his ""Sweatin' to the Oldies"" line of aerobics videos and is known for his eccentric, flamboyant, and energetic personality.","July 12, 1948 is a date.",atomicity;question_relevance,2,FAIL,PASS,CLEAR,ENTAILED,INVALID,Cat4,high,"It stars John Goodman, Eric Idle, Whoopi Goldberg, Debbie Reynolds, Richard Simmons and Bob Newhart.Milton Teagle ""Richard"" Simmons (born July 12, 1948) is an American fitness guru, actor, and comedian.","The date is supported but 'July 12, 1948 is a date' is not a standalone proposition about the person.",PASS,FAIL,CLEAR,ENTAILED,INVALID,HIGH,"Rudolph the Red-Nosed Reindeer: The Movie is a 1998 American animated musical film about Rudolph the Red-Nosed Reindeer, who first appeared in a 1939 story by Robert L. || It stars John Goodman, Eric Idle, Whoopi Goldberg, Debbie Reynolds, Richard Simmons and Bob Newhart.Milton Teagle ""Richard"" Simmons (born July 12, 1948) is an American fitness guru, actor, and comedian.",INVALID: Vacuous date classification does not state Richard Simmons's birth relation.,PASS,FAIL,CLEAR,ENTAILED,INVALID
428,Lochner v. New York and New York v. Ferber where both handled by who?,"New York v. Ferber, 458 U.S. 747 (1982) , is a precedential decision given by the United States Supreme Court, which ruled unanimously that the First Amendment right to free speech did not forbid states from banning the sale of material depicting children engaged in sexual activity, even if the material was not obscene.Lochner v. New York, 198 US 45 (1905) was a landmark US labor law case in the US Supreme Court, holding that limits to working time violated the Fourteenth Amendment.",The United States Supreme Court is the highest court in the United States.,question_relevance;evidence_relation;primary_category,3,PASS,PASS,CLEAR,ENTAILED,Cat1,,medium,"747 (1982) , is a precedential decision given by the United States Supreme Court, which ruled unanimously that the First Amendment right to free speech did not forbid states from banning the sale of material depicting children engaged in sexual activity, even if the material was not obscene.Lochner ","The factoid identifies the United States Supreme Court, directly relevant to who handled the cases.",PASS,FAIL,CLEAR,NOT_ENOUGH_INFO,INVALID,MEDIUM,"747 (1982) , is a precedential decision given by the United States Supreme Court, which ruled unanimously that the First Amendment right to free speech did not forbid states from banning the sale of material depicting children engaged in sexual activity, even if the material was not obscene.Lochner  || New York, 198 US 45 (1905) was a landmark US labor law case in the US Supreme Court, holding that limits to working time violated the Fourteenth Amendment.",INVALID: Court rank does not state that both cases were handled by that court.,PASS,FAIL,CLEAR,ENTAILED,Cat1
430,"The album ""Faster Than the Speed of Night"" was released in 1983. As of the current year 2026, how many years has it been since the album was released?","Total Eclipse of the Heart ""Total Eclipse of the Heart"" is a song recorded by Welsh singer Bonnie Tyler. It was written and produced by Jim Steinman, and released on Tyler's fifth studio album, ""Faster Than the Speed of Night"" (1983). The song was released as a single by Columbia Records on 11 February 1983 in the United Kingdom and on 31 May 1983 in the United States. The song became Tyler's biggest career hit, topping the UK Singles Chart, and becoming the fifth-best-selling single in 1983 in the United Kingdom. In the United States, the single spent four weeks

spine. ... I couldn't wait to actually get in and record it."" According to Meat Loaf, Steinman had written the song, along with ""Making Love Out of Nothing at All"", for Meat Loaf's album ""Midnight at the Lost and Found""; however, Meat Loaf's record company refused to pay Steinman and he wrote separate songs himself. ""Total Eclipse of the Heart"" was then given to Bonnie Tyler and ""Making Love Out of Nothing at All"" to Air Supply. Tyler has denied this claim. ""Meat Loaf was apparently very annoyed that Jim gave that to me,"" Tyler stated. ""But Jim said he

using the pseudonym Persephone Maewyn. In 2010, Tyler appeared in an advertisement for MasterCard, performing a short parody of the song with its noted new lyric ""Turn around, Neville."" She performed the original song in a similar advertisement for Westpac in 2012. Warby Parker produced a parody video in anticipation of the solar eclipse of August 21, 2017. Total Eclipse of the Heart ""Total Eclipse of the Heart"" is a song recorded by Welsh singer Bonnie Tyler. It was written and produced by Jim Steinman, and released on Tyler's fifth studio album, ""Faster Than the Speed of Night"" (1983). The",55 years,atomicity;primary_category,2,FAIL,PASS,CLEAR,CONTRADICTED,INVALID,Cat6;Cat4,high,"It was written and produced by Jim Steinman, and released on Tyler's fifth studio album, ""Faster Than the Speed of Night"" (1983).","The bare duration is non-standalone and 2026 minus 1983 is 43, not 55.",PASS,PASS,CLEAR,CONTRADICTED,Cat6,HIGH,"It was written and produced by Jim Steinman, and released on Tyler's fifth studio album, ""Faster Than the Speed of Night"" (1983). || It was written and produced by Jim Steinman, and released on Tyler's fifth studio album, ""Faster Than the Speed of Night"" (1983).","Primary operation: numerical value, measurement, count, or computation.",FAIL,PASS,CLEAR,CONTRADICTED,INVALID
433,Who was You Make Loving Fun written about?,"You Make Loving Fun ""You Make Loving Fun"" is a song written and sung by Christine McVie of the British-American band Fleetwood Mac. It was released as the fourth and final 45 rpm single from the band's album ""Rumours"" in 1977; its fourth top-ten hit, the song peaked at number nine on the ""Billboard"" Hot 100. The song was inspired by an affair McVie had with the band's lighting director, Curry Grant. ""To avoid flare-ups"", she told her then-husband John McVie that the song was about her dog; he found out later what it was really about. On the American

""New York Post"" she remarked that she wanted it to be the third US single from the album, but instead ""Don't Stop"" was chosen, which boosted the album's commercial success in the US and the UK. The song also utilizes descending seconds in its chord progression. ""You Make Loving Fun"" was a concert staple for Fleetwood Mac and was played during every tour involving Christine McVie from 1976 until 1997, a year before McVie's departure from the band and retirement from touring. It has since been revived for Fleetwood Mac's 2014-2015 tour when McVie rejoined the band. You Make Loving

troubled, relationships. According to Christine McVie, the fact that the lyricists were extensively focusing on the various separations became apparent to the band only with hindsight. ""You Make Loving Fun"" is about her boyfriend, Fleetwood Mac's lighting director, after she split from John. Nicks' ""Dreams"" details a breakup and has a hopeful message, while Buckingham's similar effort in ""Go Your Own Way"" is more pessimistic. After a short fling with a New England woman, he was inspired to write ""Never Going Back Again"", a song about the illusion of thinking that sadness will never occur again once feeling content with","""You Make Loving Fun"" was not actually written about Christine McVie's dog.",evidence_relation,1,PASS,PASS,CLEAR,NOT_ENOUGH_INFO,Cat2,Cat1,medium,"""You Make Loving Fun"" was a concert staple for Fleetwood Mac and was played during every tour involving Christine McVie from 1976 until 1997, a year before McVie's departure from the band and retirement from touring.",The context identifies the songwriter but does not state the dog-related exclusion.,PASS,PASS,CLEAR,ENTAILED,Cat2,MEDIUM,"You Make Loving Fun ""You Make Loving Fun"" is a song written and sung by Christine McVie of the British-American band Fleetwood Mac. || ""You Make Loving Fun"" was a concert staple for Fleetwood Mac and was played during every tour involving Christine McVie from 1976 until 1997, a year before McVie's departure from the band and retirement from touring.","Primary operation: negation, exclusion, exception, or proposition polarity.",PASS,PASS,CLEAR,ENTAILED,Cat2
434,Who sang i can't let maggie go?,"I Can't Let Maggie Go ""I Can't Let Maggie Go"" is a song by the British pop group Honeybus from early 1968. Written by band member Pete Dello, it was released as a non-album single. The song became an international Top 20 hit, reaching number 13 in New Zealand and number 11 in Ireland. It did best in their native United Kingdom, where it reached number eight in the UK Singles Chart. ""I Can't Let Maggie Go"" was included on the group's later compilation LPs, ""Honeybus at Their Best"" and ""Old Masters Hidden Treasures"". The song was also a top

with 1968's ""I Can't Let Maggie Go"", which was so popular that it earned the band a cover photo on the popular music magazine, ""Disc and Music Echo"", for which they posed atop a red London bus. ""I Can't Let Maggie Go"" reached Number 8 in the UK Singles Chart, in April 1968, staying in the Top 40 for over two months. Dello resigned in August 1968. The band recruited Jim Kelly on guitar and vocals to replace him and Cane began songwriting and performing lead vocals. This line-up scored minor successes with ""She Sold Blackpool Rock"" and ""Girl Of

10 hit in Italy, with a 1968 version made by Equipe 84, entitled ""Un angelo blu"" (""A blue angel""). It enjoyed an unexpected reprise in popularity in the 1970s, when it was used as the soundtrack for a television advertisement for ""Nimble"", a bread produced for slimmers. ""I Can't Let Maggie Go"" has been covered by J. Vincent Edwards in 1974, as well as by the Sideburns in 1993. David Essex included his own version on the 2005 compilation album, ""The Complete Collection"". I Can't Let Maggie Go ""I Can't Let Maggie Go"" is a song by the British pop","The song ""I Can't Let Maggie Go"" has been covered by David Essex in 2005.",question_relevance;primary_category,2,PASS,FAIL,CLEAR,ENTAILED,INVALID,Cat4,high,"""I Can't Let Maggie Go"" has been covered by J.",The cover-version fact is supported but does not answer who sang the original.,PASS,PASS,CLEAR,ENTAILED,Cat1,MEDIUM,"I Can't Let Maggie Go ""I Can't Let Maggie Go"" is a song by the British pop group Honeybus from early 1968. || The song was also a top with 1968's ""I Can't Let Maggie Go"", which was so popular that it earned the band a cover photo on the popular music magazine, ""Disc and Music Echo"", for which they posed atop a red London bus.","Primary operation: direct entity, alias, attribute, membership, or lexical relation.",PASS,PASS,CLEAR,ENTAILED,Cat1
436,At which age Audrey Kathryn Lindvall's super model sister was discover by IMG scout?,"Audrey Kathryn Lindvall (August 11, 1982 – August 2, 2006) was an American model. She was the sister of supermodel Angela Lindvall, and the former face of Coach and Ann Taylor.Angela Lindvall (born January 14, 1979) is an American supermodel and actress. Lindvall was discovered by an IMG scout when she was 14 years old, and immediately signed with IMG New York.",The person is 14 years old.,evidence_relation,1,FAIL,PASS,CLEAR,NOT_ENOUGH_INFO,INVALID,Cat4,medium,"Lindvall was discovered by an IMG scout when she was 14 years old, and immediately signed with IMG New York.","The phrase is non-standalone, and the discovery-age evidence is not visible in the provided context.",FAIL,PASS,CLEAR,ENTAILED,INVALID,HIGH,"She was the sister of supermodel Angela Lindvall, and the former face of Coach and Ann Taylor.Angela Lindvall (born January 14, 1979) is an American supermodel and actress. || Lindvall was discovered by an IMG scout when she was 14 years old, and immediately signed with IMG New York.",INVALID: Deictic age fragment is not standalone.,FAIL,PASS,CLEAR,NOT_ENOUGH_INFO,INVALID
437,Sky living nashville season 6 how many episodes?,"Nashville (season 6) The sixth and final season of the American television musical drama series ""Nashville"", created by Callie Khouri, premiered on January 4, 2018, on CMT. The season consisted of 16 episodes. As with seasons three through five, the episodes are named after songs from a variety of country artists, including Miranda Lambert (""New Strings""), George Jones (""Sometimes You Just Can't Win""), Tanya Tucker (""Two Sparrows in a Hurricane""), and Hank Williams (""Beyond the Sunset""). In April 2017, it was announced that the series had been renewed for a sixth season, with a 16-episode order. In an interview following

""Nashville"" for a 16-episode sixth season that debuted on January 4, 2018. Filming began on September 27, 2017. On November 17, 2017, it was announced that the sixth season would be the show's final season, as CMT moved to all unscripted programming. The 124th and final episode aired on July 26, 2018. In the first episode, the series focuses on the rivalry of Rayna Jaymes and Juliette Barnes. Rayna Jaymes is the established ""Queen of Country Music"". However, her latest album is not selling well and her tour is playing to half empty venues. Her record label suggests that she

the initial airing on CMT. TVLand discontinued reruns of the series after episode five, but returned for the second half of the season. The season, like season five, was aired in two parts with the final eight episodes airing in the summer. The final eight episodes returned on June 7 and the season wrapped on July 26, 2018. The season wrap party was held on April 7, 2018. Filming wrapped on the finale three days later. The series received $5.7million in tax incentives from the state of Tennessee, the lowest of all seasons. <onlyinclude></onlyinclude> Nashville (season 6) The sixth and",Season 6 of the American musical soap opera television series Nashville has 8 episodes in each part.,evidence_relation,1,PASS,PASS,CLEAR,ENTAILED,Cat6,Cat3,high,"Nashville (season 6) The sixth and final season of the American television musical drama series ""Nashville"", created by Callie Khouri, premiered on January 4, 2018, on CMT.","The context states 16 episodes with eight in the final half, supporting eight episodes in each half if evenly split as stated.",PASS,PASS,CLEAR,NOT_ENOUGH_INFO,Cat6,MEDIUM,"Nashville (season 6) The sixth and final season of the American television musical drama series ""Nashville"", created by Callie Khouri, premiered on January 4, 2018, on CMT. || The series received $5.7million in tax incentives from the state of Tennessee, the lowest of all seasons. <onlyinclude></onlyinclude> Nashville (season 6) The sixth and","Primary operation: numerical value, measurement, count, or computation.",PASS,PASS,CLEAR,ENTAILED,Cat6
438,Which singer whose stage name references a New York City subway station debuted her first album at number two on the Billboard 200 chart?," ""Badlands"" debuted at number two on the ""Billboard"" 200 chart with first-week sales of 97,000 copies. Her stage name is a reference to the Halsey Street station of the New York City Subway in Brooklyn, and an anagram of her first name.",The singer's first album ranked at number three.,primary_category,1,PASS,PASS,CLEAR,CONTRADICTED,Cat3,Cat6,high,"""Badlands"" debuted at number two on the ""Billboard"" 200 chart with first-week sales of 97,000 copies.","The context says the debut album ranked number two, not number three.",PASS,PASS,CLEAR,CONTRADICTED,Cat5,HIGH,"""Badlands"" debuted at number two on the ""Billboard"" 200 chart with first-week sales of 97,000 copies. || Her stage name is a reference to the Halsey Street station of the New York City Subway in Brooklyn, and an anagram of her first name.","Primary operation: comparison, ranking, relative magnitude, or superlative.",PASS,PASS,CLEAR,CONTRADICTED,Cat5
439,When did the fur trade began in canada?,"North American fur trade The North American fur trade was the industry and activities related to the acquisition, trade, exchange, and sale of animal furs in North America. Aboriginal peoples in Canada and Native Americans in the United States of different regions traded among themselves in the pre–Columbian Era, but Europeans participated in the trade beginning from the time of their arrival in the New World and extended its reach to Europe. The French started trading in the 16th century, the English established trading posts on Hudson Bay in present-day Canada in the 17th century, and the Dutch had trade

(now called New York) fell into English hands with the 1667 Treaty of Breda. In 1668 the English fur trade entered a new phase. Two French citizens, Pierre-Esprit Radisson and Médard des Groseilliers, had traded with great success west of Lake Superior in 1659–60, but upon their return to Canada, most of their furs were seized by the authorities. Their trading voyage had convinced them that the best fur country was far to the north and west, and could best be reached by ships sailing into Hudson Bay. Their treatment in Canada suggested that they would not find support from

these two groups would lead to the creation of the Métis people, who would be considered the offspring of the fur trade. The North American fur trade began in the seventeenth century when European and Aboriginal people began meeting at the Saint Lawrence River to trade goods. The Europeans were mainly interested in buying furs for the luxury fur and felt market in Europe. Beaver pelts for use in millinery were particularly sought after. Aboriginal people knew the best places and methods for trapping, and therefore became valuable procurers for the Europeans. Because European traders had no knowledge of the",The French started trading in the 17th century.,evidence_clarity,1,PASS,PASS,CLEAR,CONTRADICTED,Cat4,,high,"The French started trading in the 16th century, the English established trading posts on Hudson Bay in present-day Canada in the 17th century, and the Dutch had trade","The context says French trading began in the 16th century, not the 17th.",PASS,PASS,AMBIGUOUS,CONTRADICTED,Cat4,MEDIUM,"The French started trading in the 16th century, the English established trading posts on Hudson Bay in present-day Canada in the 17th century, and the Dutch had trade (now called New York) fell into English hands with the 1667 Treaty of Breda. || The North American fur trade began in the seventeenth century when European and Aboriginal people began meeting at the Saint Lawrence River to trade goods.",The context distinguishes sixteenth-century French trade from a seventeenth-century broader North American trade start.,PASS,PASS,CLEAR,CONTRADICTED,Cat4
440,"Who has spent more time in the heavy metal music industry, Kevin DuBrow or Lance King?","Kevin Mark DuBrow (October 29, 1955 November 19, 2007) was an American heavy metal singer, best known as the lead vocalist of the heavy metal band Quiet Riot from 1975 until 1987, and again from 1990 until his death in 2007.Lance King (born November 23, 1962) is an American heavy metal vocalist specializing in melodic rock progressive and power metal. Lance has sung with many groups over the last 35 years and started the record label Nightmare in 1990 to release his own music and is presently still at the helm of the label.",Lance King spent only a few years in the heavy metal music industry.,evidence_relation,1,PASS,PASS,CLEAR,NOT_ENOUGH_INFO,Cat3,Cat4,medium,"Kevin Mark DuBrow (October 29, 1955 November 19, 2007) was an American heavy metal singer, best known as the lead vocalist of the heavy metal band Quiet Riot from 1975 until 1987, and again from 1990 until his death in 2007.Lance King (born November 23, 1962) is an American heavy metal vocalist spec",The context gives a long career span for DuBrow but the shown excerpt does not establish King's total industry duration as only a few years.,PASS,PASS,CLEAR,CONTRADICTED,Cat3,HIGH,"Kevin Mark DuBrow (October 29, 1955 November 19, 2007) was an American heavy metal singer, best known as the lead vocalist of the heavy metal band Quiet Riot from 1975 until 1987, and again from 1990 until his death in 2007.Lance King (born November 23, 1962) is an American heavy metal vocalist spec || Lance has sung with many groups over the last 35 years and started the record label Nightmare in 1990 to release his own music and is presently still at the helm of the label.","Primary operation: quantifier, scope, frequency, or boundary.",PASS,PASS,CLEAR,CONTRADICTED,Cat3
448,Who publishes a horror game with protagonist Ellie?,"Ellie is a fictional character in the 2013 video game ""The Last of Us"", and the main protagonist of the upcoming video game ""The Last of Us Part II"".The Last of Us Part II is an upcoming action-adventure survival horror video game developed by Naughty Dog and published by Sony Interactive Entertainment for PlayStation 4.",Sony Interactive Entertainment's notable studios include PlayStation All-Stars 4.,evidence_clarity,1,PASS,FAIL,CLEAR,NOT_ENOUGH_INFO,INVALID,Cat6,high,"Ellie is a fictional character in the 2013 video game ""The Last of Us"", and the main protagonist of the upcoming video game ""The Last of Us Part II"".The Last of Us Part II is an upcoming action-adventure survival horror video game developed by Naughty Dog and published by Sony Interactive Entertainm",The studio-number claim is unrelated and unsupported.,PASS,FAIL,AMBIGUOUS,NOT_ENOUGH_INFO,INVALID,HIGH,"Ellie is a fictional character in the 2013 video game ""The Last of Us"", and the main protagonist of the upcoming video game ""The Last of Us Part II"".The Last of Us Part II is an upcoming action-adventure survival horror video game developed by Naughty Dog and published by Sony Interactive Entertainm",INVALID: Malformed studio claim does not identify the publisher.,PASS,FAIL,AMBIGUOUS,NOT_ENOUGH_INFO,INVALID
452,Sinbad starred in what 1997 comedy film?,"David Adkins (born November 10, 1956), better known by his stage name Sinbad, is an American stand-up comedian, actor and musician. He became known in the 1990s from being featured on his own HBO specials, appearing on several television series, and starring in the films ""Necessary Roughness"", ""Houseguest"", ""First Kid"", ""Jingle All the Way"" and ""Good Burger"".Good Burger is a 1997 American comedy film directed by Brian Robbins and it stars ""All That"" and ""Kenan & Kel"" stars Kenan Thompson and Kel Mitchell.",Sinbad starred in all five of the films listed in the text.,question_relevance;evidence_relation;primary_category,3,PASS,PASS,CLEAR,NOT_ENOUGH_INFO,Cat3,Cat1,medium,"He became known in the 1990s from being featured on his own HBO specials, appearing on several television series, and starring in the films ""Necessary Roughness"", ""Houseguest"", ""First Kid"", ""Jingle All the Way"" and ""Good Burger"".Good Burger is a 1997 American comedy film directed by Brian Robbins an",The universal claim about all five films is not established by the shown context.,PASS,FAIL,CLEAR,ENTAILED,INVALID,MEDIUM,"David Adkins (born November 10, 1956), better known by his stage name Sinbad, is an American stand-up comedian, actor and musician. || He became known in the 1990s from being featured on his own HBO specials, appearing on several television series, and starring in the films ""Necessary Roughness"", ""Houseguest"", ""First Kid"", ""Jingle All the Way"" and ""Good Burger"".Good Burger is a 1997 American comedy film directed by Brian Robbins an",INVALID: General filmography claim does not identify the 1997 film.,PASS,FAIL,CLEAR,ENTAILED,Cat3
454,What does the Hacker-Pschorr Brewery have to limit in order to comply with German regulations?,"Hacker-Pschorr is a brewery in Munich, formed in 1972 out of the merger of two breweries, Hacker and Pschorr.The Reinheitsgebot (] , literally ""purity order""), sometimes called the ""German Beer Purity Law"" in English, is the collective name for a series of regulations limiting the ingredients in beer in Germany and the states of the former Holy Roman Empire. The best-known version of the law was adopted in Bavaria in 1516, but similar regulations predate the Bavarian order, and modern regulations also significantly differ from the 1516 Bavarian version.",Hacker-Pschorr Brewery must limit Hacker-Pschorr Brewery's beer's purity.,evidence_relation;primary_category,2,PASS,PASS,CLEAR,NOT_ENOUGH_INFO,Cat3,Cat1,medium,"Hacker-Pschorr is a brewery in Munich, formed in 1972 out of the merger of two breweries, Hacker and Pschorr.The Reinheitsgebot (] , literally ""purity order""), sometimes called the ""German Beer Purity Law"" in English, is the collective name for a series of regulations limiting the ingredients in bee","The context concerns a purity regulation, but the formulation that the brewery must 'limit purity' is not clearly supported.",PASS,PASS,CLEAR,CONTRADICTED,Cat1,HIGH,"Hacker-Pschorr is a brewery in Munich, formed in 1972 out of the merger of two breweries, Hacker and Pschorr.The Reinheitsgebot (] , literally ""purity order""), sometimes called the ""German Beer Purity Law"" in English, is the collective name for a series of regulations limiting the ingredients in bee || The best-known version of the law was adopted in Bavaria in 1516, but similar regulations predate the Bavarian order, and modern regulations also significantly differ from the 1516 Bavarian version.","The regulation limits beer ingredients, not the beer's purity itself.",PASS,PASS,CLEAR,CONTRADICTED,Cat1
456,E'Shun Melvin was the voice of Young Boyd on Teen Wolf  developed by Jeff Davis for what television network," He is best known for his role as Noah on the BET original comedy television series Real Husbands of Hollywood, and for providing the voice of Young Boyd on Teen Wolf.Teen Wolf is an American television series developed by Jeff Davis for MTV.",MTV's task is to extract all specific factual propositions from the given text.,atomicity;evidence_clarity,2,PASS,FAIL,CLEAR,NOT_ENOUGH_INFO,INVALID,Cat1,high,"He is best known for his role as Noah on the BET original comedy television series Real Husbands of Hollywood, and for providing the voice of Young Boyd on Teen Wolf.Teen Wolf is an American television series developed by Jeff Davis for MTV.",This is an instruction artifact rather than a factual answer.,FAIL,FAIL,AMBIGUOUS,NOT_ENOUGH_INFO,INVALID,HIGH,"He is best known for his role as Noah on the BET original comedy television series Real Husbands of Hollywood, and for providing the voice of Young Boyd on Teen Wolf.Teen Wolf is an American television series developed by Jeff Davis for MTV.",INVALID: Prompt-like instruction is not a factual proposition.,FAIL,FAIL,AMBIGUOUS,NOT_ENOUGH_INFO,INVALID
458,Who publishes a horror game with protagonist Ellie?,"Ellie is a fictional character in the 2013 video game ""The Last of Us"", and the main protagonist of the upcoming video game ""The Last of Us Part II"".The Last of Us Part II is an upcoming action-adventure survival horror video game developed by Naughty Dog and published by Sony Interactive Entertainment for PlayStation 4.",Sony Interactive Entertainment's notable studios include PlayStation All-Stars 29.,evidence_clarity,1,PASS,FAIL,CLEAR,NOT_ENOUGH_INFO,INVALID,Cat6,high,"Ellie is a fictional character in the 2013 video game ""The Last of Us"", and the main protagonist of the upcoming video game ""The Last of Us Part II"".The Last of Us Part II is an upcoming action-adventure survival horror video game developed by Naughty Dog and published by Sony Interactive Entertainm",The studio-number statement is unrelated and unsupported.,PASS,FAIL,AMBIGUOUS,NOT_ENOUGH_INFO,INVALID,HIGH,"Ellie is a fictional character in the 2013 video game ""The Last of Us"", and the main protagonist of the upcoming video game ""The Last of Us Part II"".The Last of Us Part II is an upcoming action-adventure survival horror video game developed by Naughty Dog and published by Sony Interactive Entertainm",INVALID: Malformed studio claim does not identify the publisher.,PASS,FAIL,AMBIGUOUS,NOT_ENOUGH_INFO,INVALID
460,"The ice hockey team that was established on June 5, 1967, will play without who, that was drafted to the Vegas Golden Knights in an expansion draft conducted by the National Hockey League on June 18–20, 2017?","The 2017–18 Pittsburgh Penguins season will be the 51st season for the National Hockey League ice hockey team that was established on June 5, 1967. It will be the first season since the 2002–03 season in which the team will play without goaltender Marc-Andre Fleury, who was drafted to the Vegas Golden Knights in the expansion draft.The 2017 NHL Expansion Draft was an expansion draft conducted by the National Hockey League on June 18–20, 2017 to fill the roster of the league's expansion team for the 2017–18 season, the Vegas Golden Knights.",The ice hockey team will play without the ice hockey team's star goaltender.,question_relevance;primary_category,2,PASS,PASS,CLEAR,ENTAILED,Cat1,,medium,"It will be the first season since the 2002–03 season in which the team will play without goaltender Marc-Andre Fleury, who was drafted to the Vegas Golden Knights in the expansion draft.The 2017 NHL Expansion Draft was an expansion draft conducted by the National Hockey League on June 18–20, 2017 to","The claim correctly indicates the team will be without its goaltender, though it omits Marc-André Fleury's name.",PASS,FAIL,CLEAR,ENTAILED,INVALID,HIGH,"The 2017‚Ä?8 Pittsburgh Penguins season will be the 51st season for the National Hockey League ice hockey team that was established on June 5, 1967. || It will be the first season since the 2002‚Ä?3 season in which the team will play without goaltender Marc-Andre Fleury, who was drafted to the Vegas Golden Knights in the expansion draft.The 2017 NHL Expansion Draft was an expansion draft conducted by the National Hockey League on June 18‚Ä?0, 2017 to",INVALID: Vague role description omits Marc-Andre Fleury's identity.,PASS,FAIL,CLEAR,ENTAILED,INVALID
461,"Who produced the movie that ""Puss in Boots: The Three Diablos"" is the sequel of?","Puss in Boots: The Three Diablos is a 2012 American computer-animated short comedy film, and a sequel to ""Puss in Boots"".Puss in Boots is a 2011 American 3D computer-animated fantasy action comedy film produced by DreamWorks Animation and distributed by Paramount Pictures.",Puss in Boots: The Three Diablos is a sequel to exactly one film.,question_relevance;primary_category,2,PASS,PASS,CLEAR,ENTAILED,Cat3,Cat1,medium,"Puss in Boots: The Three Diablos is a 2012 American computer-animated short comedy film, and a sequel to ""Puss in Boots"".Puss in Boots is a 2011 American 3D computer-animated fantasy action comedy film produced by DreamWorks Animation and distributed by Paramount Pictures.","The context identifies one predecessor film, so the exact-one relation is supported.",PASS,FAIL,CLEAR,ENTAILED,INVALID,HIGH,"Puss in Boots: The Three Diablos is a 2012 American computer-animated short comedy film, and a sequel to ""Puss in Boots"".Puss in Boots is a 2011 American 3D computer-animated fantasy action comedy film produced by DreamWorks Animation and distributed by Paramount Pictures.",INVALID: Sequel count does not identify the producer of Puss in Boots.,PASS,FAIL,CLEAR,ENTAILED,Cat3
463,"On which television show does Katie Cassidy play the fictional character, Ruby?","Ruby is a fictional character on The CW Television Network's ""Supernatural"" portrayed mainly by actresses Katie Cassidy and Genevieve Cortese.Katherine Evelyn Anita Cassidy (born November 25, 1986) is an American actress.","Supernatural premiered on September 13, 2005.",evidence_relation,1,PASS,FAIL,CLEAR,ENTAILED,INVALID,Cat4,high,"Ruby is a fictional character on The CW Television Network's ""Supernatural"" portrayed mainly by actresses Katie Cassidy and Genevieve Cortese.Katherine Evelyn Anita Cassidy (born November 25, 1986) is an American actress.",The premiere-date fact is supported but does not answer on which show Ruby appears.,PASS,FAIL,CLEAR,NOT_ENOUGH_INFO,INVALID,HIGH,"Ruby is a fictional character on The CW Television Network's ""Supernatural"" portrayed mainly by actresses Katie Cassidy and Genevieve Cortese.Katherine Evelyn Anita Cassidy (born November 25, 1986) is an American actress.",INVALID: Premiere date does not connect Katie Cassidy's Ruby role to Supernatural.,PASS,FAIL,CLEAR,NOT_ENOUGH_INFO,INVALID
465,Robert L. Priddy - he comes from the United States and has founded a number of airline companies such as ValuJet or which American low-cost airline that operates scheduled and charter flights?,Robert L. Priddy - he comes from the United States and has founded a number of airline companies such as ValuJet or Allegiant Air.Allegiant Air is an American low-cost airline that operates scheduled and charter flights.,Allegiant Air was founded in 1997.,question_relevance;primary_category,2,PASS,PASS,CLEAR,NOT_ENOUGH_INFO,Cat4,Cat1,medium,Priddy - he comes from the United States and has founded a number of airline companies such as ValuJet or Allegiant Air.Allegiant Air is an American low-cost airline that operates scheduled and charter flights.,"Allegiant Air is the relevant airline, but the 1997 founding year is not stated in the shown context.",PASS,FAIL,CLEAR,NOT_ENOUGH_INFO,INVALID,HIGH,Robert L. || Priddy - he comes from the United States and has founded a number of airline companies such as ValuJet or Allegiant Air.Allegiant Air is an American low-cost airline that operates scheduled and charter flights.,INVALID: Unsupported founding year does not link Priddy to Allegiant Air.,PASS,FAIL,CLEAR,NOT_ENOUGH_INFO,Cat4
470,Who did doc hudson's voice in cars?,"Doc Hudson Doc Hudson (also known as The Fabulous Hudson Hornet or simply Doc) is an animated, anthropomorphic retired race car who appears in the 2006 Pixar film ""Cars"" as a medical doctor and a local judge. He is voiced by actor Paul Newman in the first and third films and video game, and Corey Burton in all other media. Six-time Turismo Carretera champion Juan María Traverso voiced the character in the Rioplatense Spanish version of the first film. He is modeled after a 1951 Hudson Hornet. Doc Hudson (Voiced by Paul Newman in his last non-documentary film role) was

to win two NASCAR premier series championships (1951 and 1953). Doc Hudson Doc Hudson (also known as The Fabulous Hudson Hornet or simply Doc) is an animated, anthropomorphic retired race car who appears in the 2006 Pixar film ""Cars"" as a medical doctor and a local judge. He is voiced by actor Paul Newman in the first and third films and video game, and Corey Burton in all other media. Six-time Turismo Carretera champion Juan María Traverso voiced the character in the Rioplatense Spanish version of the first film. He is modeled after a 1951 Hudson Hornet. Doc Hudson (Voiced

Russo) in which he played the dissolute father of the protagonist, Miles Roby, and for which he won a Golden Globe and a Primetime Emmy. In 2006, in keeping with his strong interest in car racing, he provided the voice of Doc Hudson, a retired anthropomorphic race car, in Disney/Pixar's ""Cars"" — this was his final role for a major feature film. While not in the sequel ""Cars 2"" (2011), his voice was later used in the third film, ""Cars 3"" (2017), for which he received billing, almost nine years after his death. Newman retired from acting in May 2007,",The voice of Doc Hudson of the Pixar Cars films in all other English media is done by Corey Burton.,primary_category,1,PASS,PASS,CLEAR,ENTAILED,Cat1,,medium,"He is voiced by actor Paul Newman in the first and third films and video game, and Corey Burton in all other media.","The context supports Corey Burton as Doc Hudson's voice in other English media, though the question may target the film voice.",PASS,PASS,CLEAR,ENTAILED,Cat3,MEDIUM,"He is voiced by actor Paul Newman in the first and third films and video game, and Corey Burton in all other media. || In 2006, in keeping with his strong interest in car racing, he provided the voice of Doc Hudson, a retired anthropomorphic race car, in Disney/Pixar's ""Cars"" ‚Ä?this was his final role for a major feature film.",Verification turns on the scope exception between the first film and other English media.,PASS,PASS,CLEAR,ENTAILED,Cat3
471,Intimidator 305 and Thunder Dolphin are what type of roller coaster?,"Thunder Dolphin (サンダードルフィン ) is a steel roller coaster at the Tokyo Dome City Attractions amusement park, which is part of Tokyo Dome City in Tokyo, Japan.Intimidator 305 is a steel roller coaster located at Kings Dominion in Doswell, Virginia, United States.",Intimidator 305 is a coaster.,question_relevance;primary_category,2,PASS,PASS,CLEAR,ENTAILED,Cat1,,medium,"Thunder Dolphin (サンダードルフィン ) is a steel roller coaster at the Tokyo Dome City Attractions amusement park, which is part of Tokyo Dome City in Tokyo, Japan.Intimidator 305 is a steel roller coaster located at Kings Dominion in Doswell, Virginia, United States.",The factoid identifies Intimidator 305 as a coaster; the context specifies both are steel roller coasters.,PASS,FAIL,CLEAR,ENTAILED,INVALID,HIGH,"Thunder Dolphin („Çµ„É≥„ÉÄ„Éº„Éâ„É´„Éï„Ç£„É≥ ) is a steel roller coaster at the Tokyo Dome City Attractions amusement park, which is part of Tokyo Dome City in Tokyo, Japan.Intimidator 305 is a steel roller coaster located at Kings Dominion in Doswell, Virginia, United States.",INVALID: Generic coaster type for only one entity does not establish that both are steel coasters.,PASS,FAIL,CLEAR,ENTAILED,INVALID
473,Who sings you've got a friend in me in toy story 2?,"Woody sees this and has an epiphany, realizing that his mission as a toy is to be there for a child. (In-universe, the song was presumably written for ""Woody's Roundup"".) The ""Woody's Roundup"" version was performed by Tom Hanks, with acoustic guitar backing; Wheezy's version was sung by Robert Goulet (though the character was voiced by Joe Ranft); and the Spanish version, ""You've Got a Friend in Me (Para el Buzz Español)"", was performed by the Gipsy Kings. Michael Bublé covered ""You've Got a Friend in Me"" on his 2013 album, ""To Be Loved"". The track became a U.S. Adult

You've Got a Friend in Me ""You've Got a Friend in Me"" is a song by Randy Newman. Used as the theme song for the 1995 Disney/Pixar animated film ""Toy Story"", it has since become a major musical component for its sequels, ""Toy Story 2"" (1999) and ""Toy Story 3"" (2010) as well as a musical leitmotif throughout the whole ""Toy Story"" franchise. The song was nominated for both the Academy Award for Best Original Song and the Golden Globe Award for Best Original Song, but lost both to ""Colors of the Wind"" from Disney's ""Pocahontas"". Like many other Disney

Contemporary chart hit, spending 14 weeks on the chart and peaking at number 10. On May 31, 2018, Rex Orange County released a cover of “You’ve Got a Friend in Me”, performing along with Randy Newman, the creator of the song. You've Got a Friend in Me ""You've Got a Friend in Me"" is a song by Randy Newman. Used as the theme song for the 1995 Disney/Pixar animated film ""Toy Story"", it has since become a major musical component for its sequels, ""Toy Story 2"" (1999) and ""Toy Story 3"" (2010) as well as a musical leitmotif throughout the",Wheezy's version of the song 'You've Got a Friend in Me' was not during Woody's Roundup.,evidence_relation,1,PASS,PASS,CLEAR,NOT_ENOUGH_INFO,Cat2,Cat1,medium,"(In-universe, the song was presumably written for ""Woody's Roundup"".) The ""Woody's Roundup"" version was performed by Tom Hanks, with acoustic guitar backing; Wheezy's version was sung by Robert Goulet (though the character was voiced by Joe Ranft); and the Spanish version, ""You've Got a Friend in Me",The context distinguishes versions but does not clearly establish the negative temporal relation in the claim.,PASS,PASS,CLEAR,ENTAILED,Cat2,MEDIUM,"Woody sees this and has an epiphany, realizing that his mission as a toy is to be there for a child. (In-universe, the song was presumably written for ""Woody's Roundup"".) The ""Woody's Roundup"" version was performed by Tom Hanks, with acoustic guitar backing; Wheezy's version was sung by Robert Goule || Adult You've Got a Friend in Me ""You've Got a Friend in Me"" is a song by Randy Newman.","Primary operation: negation, exclusion, exception, or proposition polarity.",PASS,PASS,CLEAR,ENTAILED,Cat2
474,What film directed by Peter Hyams was one of Jean-Claude Van Damme's most successful?," The most successful of these films include ""Bloodsport"" (1988), ""Kickboxer"" (1989), ""Lionheart"" (1990), ""Double Impact"" (1991), ""Universal Soldier"" (1992), ""Hard Target"" (1993), ""Street Fighter"" (1994), ""Timecop"" (1994), ""Sudden Death"" (1995), ""JCVD"" (2008) and ""The Expendables 2"" (2012).Sudden Death is a 1995 American action film directed by Peter Hyams, and starring Jean-Claude Van Damme, Powers Boothe, and Dorian Harewood.",The most successful film directed by Peter Hyams was Sudden Death.,evidence_relation;primary_category,2,PASS,PASS,CLEAR,ENTAILED,Cat1,,high,"The most successful of these films include ""Bloodsport"" (1988), ""Kickboxer"" (1989), ""Lionheart"" (1990), ""Double Impact"" (1991), ""Universal Soldier"" (1992), ""Hard Target"" (1993), ""Street Fighter"" (1994), ""Timecop"" (1994), ""Sudden Death"" (1995), ""JCVD"" (2008) and ""The Expendables 2"" (2012).Sudden Deat",Sudden Death is explicitly listed among Van Damme's most successful films and is the relevant Peter Hyams title.,PASS,PASS,CLEAR,NOT_ENOUGH_INFO,Cat5,MEDIUM,"The most successful of these films include ""Bloodsport"" (1988), ""Kickboxer"" (1989), ""Lionheart"" (1990), ""Double Impact"" (1991), ""Universal Soldier"" (1992), ""Hard Target"" (1993), ""Street Fighter"" (1994), ""Timecop"" (1994), ""Sudden Death"" (1995), ""JCVD"" (2008) and ""The Expendables 2"" (2012).Sudden Deat",The context lists Sudden Death among successful films but does not establish a unique most-successful rank.,PASS,PASS,CLEAR,NOT_ENOUGH_INFO,Cat5
478,Lochner v. New York and New York v. Ferber where both handled by who?,"New York v. Ferber, 458 U.S. 747 (1982) , is a precedential decision given by the United States Supreme Court, which ruled unanimously that the First Amendment right to free speech did not forbid states from banning the sale of material depicting children engaged in sexual activity, even if the material was not obscene.Lochner v. New York, 198 US 45 (1905) was a landmark US labor law case in the US Supreme Court, holding that limits to working time violated the Fourteenth Amendment.",The United States Supreme Court is the highest court in the land.,question_relevance;evidence_relation;primary_category,3,PASS,PASS,CLEAR,ENTAILED,Cat1,,medium,"747 (1982) , is a precedential decision given by the United States Supreme Court, which ruled unanimously that the First Amendment right to free speech did not forbid states from banning the sale of material depicting children engaged in sexual activity, even if the material was not obscene.Lochner ","The factoid identifies the Supreme Court, the institution relevant to both cases.",PASS,FAIL,CLEAR,NOT_ENOUGH_INFO,INVALID,MEDIUM,"747 (1982) , is a precedential decision given by the United States Supreme Court, which ruled unanimously that the First Amendment right to free speech did not forbid states from banning the sale of material depicting children engaged in sexual activity, even if the material was not obscene.Lochner  || New York, 198 US 45 (1905) was a landmark US labor law case in the US Supreme Court, holding that limits to working time violated the Fourteenth Amendment.",INVALID: Court rank does not state that both cases were handled by the court.,PASS,FAIL,CLEAR,ENTAILED,Cat1
481,What was the original name of the gazette that publishes Lytham St Annes Express?," It is published by the Blackpool Gazette and therefore owned by Johnson Press. It was founded as ""The West Lancashire Evening Gazette"" in 1929 before being renamed the ""Evening Gazette"", and then ""Blackpool Gazette"".",The West Lancashire Evening Gazette is a vital part of the local community.,question_relevance;primary_category,2,PASS,PASS,CLEAR,NOT_ENOUGH_INFO,Cat1,,medium,"It was founded as ""The West Lancashire Evening Gazette"" in 1929 before being renamed the ""Evening Gazette"", and then ""Blackpool Gazette"".","The subject is the requested historical name, but the community-value claim is not supported.",PASS,FAIL,CLEAR,NOT_ENOUGH_INFO,INVALID,HIGH,"It is published by the Blackpool Gazette and therefore owned by Johnson Press. || It was founded as ""The West Lancashire Evening Gazette"" in 1929 before being renamed the ""Evening Gazette"", and then ""Blackpool Gazette"".",INVALID: Unsupported community-value claim does not state the original gazette name.,PASS,FAIL,CLEAR,NOT_ENOUGH_INFO,INVALID
483,What video game published by Sierra Entertainment includes an antagonist figure who's mystery is the core of the series? ,"Alma Wade is a major antagonist and key figure in the ""F.E.A.R."" series of first-person shooter horror video games by Monolith Productions, introduced in ""F.E.A.R."" in 2005. The mystery of Alma is the very core of the series.F.E.A.R. First Encounter Assault Recon is a survival horror first-person shooter video game developed by Monolith Productions and published by Sierra Entertainment.",F.E.A.R. spawned several sequels.,question_relevance;primary_category,2,PASS,PASS,CLEAR,NOT_ENOUGH_INFO,Cat3,Cat1,medium,"Alma Wade is a major antagonist and key figure in the ""F.E.A.R."" series of first-person shooter horror video games by Monolith Productions, introduced in ""F.E.A.R."" in 2005.",The sequel statement concerns the correct game series but is not stated in the visible context and does not directly identify the game.,PASS,FAIL,CLEAR,NOT_ENOUGH_INFO,INVALID,MEDIUM,"Alma Wade is a major antagonist and key figure in the ""F.E.A.R."" series of first-person shooter horror video games by Monolith Productions, introduced in ""F.E.A.R."" in 2005. || First Encounter Assault Recon is a survival horror first-person shooter video game developed by Monolith Productions and published by Sierra Entertainment.",INVALID: Unsupported sequel claim does not link the game to Sierra or Alma.,PASS,FAIL,CLEAR,NOT_ENOUGH_INFO,Cat3
485,Josephine Griffin appeared in what 1956 film based on the book of the same name,"Josephine Griffin (13 December 1928 – 15 September 2005) was a well-known English film actress who appeared in a string of British films of the 1950s, such as ""The Purple Plain"" (1954), ""The Man Who Never Was"" (1956) and ""The Spanish Gardener"" (1956).The Man Who Never Was is a 1956 Second World War film, based on the book of the same name by Lt. Cmdr. Ewen Montagu and dramatising actual events.",The Man Who Never Was is a title.,question_relevance;primary_category,2,PASS,PASS,CLEAR,ENTAILED,Cat1,,medium,"Josephine Griffin (13 December 1928 – 15 September 2005) was a well-known English film actress who appeared in a string of British films of the 1950s, such as ""The Purple Plain"" (1954), ""The Man Who Never Was"" (1956) and ""The Spanish Gardener"" (1956).The Man Who Never Was is a 1956 Second World War ","The title identifies the film requested, though phrased tautologically.",PASS,FAIL,CLEAR,ENTAILED,INVALID,HIGH,"Josephine Griffin (13 December 1928 ‚Ä?15 September 2005) was a well-known English film actress who appeared in a string of British films of the 1950s, such as ""The Purple Plain"" (1954), ""The Man Who Never Was"" (1956) and ""The Spanish Gardener"" (1956).The Man Who Never Was is a 1956 Second World War  || Cmdr.",INVALID: Vacuous title statement does not link Griffin to the film.,PASS,FAIL,CLEAR,ENTAILED,INVALID
486,The Dark Side: Secrets of the Sports Dopers was a documentary that accused the Green Bay Packers player of what position of using PEDs?,"The Dark Side: Secrets of the Sports Dopers is a documentary episode of Al Jazeera Investigates released by Al Jazeera English and Al Jazeera America which investigated professional athletes' potential use of Performance-enhancing drugs (PEDs) naming Peyton Manning and other prominent athletes like Ryan Howard, Ryan Zimmerman, James Harrison, and Clay Matthews III.William Clay Matthews III (born May 14, 1986) is an American football outside linebacker for the Green Bay Packers of the National Football League (NFL).",The Dark Side documentary investigated at least one player from the Green Bay Packers for potential PED use.,question_relevance;primary_category,2,PASS,PASS,CLEAR,ENTAILED,Cat3,Cat1,medium,The Dark Side: Secrets of the Sports Dopers is a documentary episode of Al Jazeera Investigates released by Al Jazeera English and Al Jazeera America which investigated professional athletes' potential use of Performance-enhancing drugs (PEDs) naming Peyton Manning and other prominent athletes like ,The context states the documentary investigated professional athletes and named at least one Packers player; the lower-bound claim is supported.,PASS,FAIL,CLEAR,ENTAILED,INVALID,HIGH,The Dark Side: Secrets of the Sports Dopers is a documentary episode of Al Jazeera Investigates released by Al Jazeera English and Al Jazeera America which investigated professional athletes' potential use of Performance-enhancing drugs (PEDs) naming Peyton Manning and other prominent athletes like ,INVALID: Investigation-scope claim does not provide Clay Matthews's position.,PASS,FAIL,CLEAR,ENTAILED,Cat3
497,"In which newspaper was the short story published, of which the film Maniac is a loose adaptation ?","Maniac, also known as Sex Maniac, is a 1934 black-and-white exploitation/horror film, directed by Dwain Esper and written by Hildagarde Stadie, Esper's wife, as a loose adaptation of the Edgar Allan Poe story ""The Black Cat"", with references to his ""Murders in the Rue Morgue"". It was first published in the August 19, 1843, edition of ""The Saturday Evening Post"".",The short story was not originally published in any particular newspaper.,evidence_relation,1,PASS,PASS,CLEAR,NOT_ENOUGH_INFO,Cat2,Cat1,medium,"Maniac, also known as Sex Maniac, is a 1934 black-and-white exploitation/horror film, directed by Dwain Esper and written by Hildagarde Stadie, Esper's wife, as a loose adaptation of the Edgar Allan Poe story ""The Black Cat"", with references to his ""Murders in the Rue Morgue"".",The context identifies the adapted story but does not establish whether it was originally published in a newspaper.,PASS,PASS,CLEAR,CONTRADICTED,Cat2,HIGH,"Maniac, also known as Sex Maniac, is a 1934 black-and-white exploitation/horror film, directed by Dwain Esper and written by Hildagarde Stadie, Esper's wife, as a loose adaptation of the Edgar Allan Poe story ""The Black Cat"", with references to his ""Murders in the Rue Morgue"". || It was first published in the August 19, 1843, edition of ""The Saturday Evening Post"".","Primary operation: negation, exclusion, exception, or proposition polarity.",PASS,PASS,CLEAR,CONTRADICTED,Cat2
500,"Both the single ""Stay"" and the debut studio album ""Cloud Nine"" were developed by which Norwegian DJ and record producer?","""Stay"" is a song by Norwegian DJ and record producer Kygo, featuring American singer Maty Noyes. The song was produced by Kygo with fellow Norwegian, William Wiik Larsen, who also wrote it with Noyes.Cloud Nine (Cloud IX) is the debut studio album by Norwegian DJ and record producer Kygo and features the likes of Maty Noyes, Conrad, Parson James, Tom Odell, Foxes, Matt Corby, RHODES, Will Heard, Julia Michaels, James Vincent McMorrow, Kodaline, Labrinth, John Legend and Angus & Julia Stone.","""Cloud Nine"" featured a variety of other musicians.",evidence_relation,1,PASS,FAIL,CLEAR,NOT_ENOUGH_INFO,INVALID,Cat3,high,"The song was produced by Kygo with fellow Norwegian, William Wiik Larsen, who also wrote it with Noyes.Cloud Nine (Cloud IX) is the debut studio album by Norwegian DJ and record producer Kygo and features the likes of Maty Noyes, Conrad, Parson James, Tom Odell, Foxes, Matt Corby, RHODES, Will Heard",The guest-musician claim does not identify Kygo and is not established by the visible context.,PASS,FAIL,CLEAR,ENTAILED,INVALID,MEDIUM,"""Stay"" is a song by Norwegian DJ and record producer Kygo, featuring American singer Maty Noyes. || The song was produced by Kygo with fellow Norwegian, William Wiik Larsen, who also wrote it with Noyes.Cloud Nine (Cloud IX) is the debut studio album by Norwegian DJ and record producer Kygo and features the likes of Maty Noyes, Conrad, Parson James, Tom Odell, Foxes, Matt Corby, RHODES, Will Heard",INVALID: Album guest plurality does not establish the shared Kygo authorship/production relation.,PASS,FAIL,CLEAR,ENTAILED,INVALID
501,What area is the species of Spruce which can be found in Rensselaer Plateau native to?," Vegetation on the plateau is more similar to that found in the Adirondack Mountains to the northwest, with abundant Eastern White Pine, Eastern Hemlock, Red Spruce, and Balsam Fir, along with more limited occurrences of Red Pine and Tamarack.Picea rubens, commonly known as red spruce, is a species of spruce native to eastern North America, ranging from eastern Quebec to Nova Scotia, and from New England south in the Adirondack Mountains and Appalachians to western North Carolina.",The species of Spruce found in Rensselaer Plateau is native to the Adirondack Mountains.,evidence_relation,1,PASS,PASS,CLEAR,NOT_ENOUGH_INFO,Cat1,,medium,"Vegetation on the plateau is more similar to that found in the Adirondack Mountains to the northwest, with abundant Eastern White Pine, Eastern Hemlock, Red Spruce, and Balsam Fir, along with more limited occurrences of Red Pine and Tamarack.Picea rubens, commonly known as red spruce, is a species o",The context compares plateau vegetation to the Adirondacks but does not establish that the spruce species is native specifically to the Adirondack Mountains.,PASS,PASS,CLEAR,ENTAILED,Cat1,MEDIUM,"Vegetation on the plateau is more similar to that found in the Adirondack Mountains to the northwest, with abundant Eastern White Pine, Eastern Hemlock, Red Spruce, and Balsam Fir, along with more limited occurrences of Red Pine and Tamarack.Picea rubens, commonly known as red spruce, is a species o","Primary operation: direct entity, alias, attribute, membership, or lexical relation.",PASS,PASS,CLEAR,ENTAILED,Cat1
503,"What shopping centre located in Kuala Lumpur, Malaysia does KLCC District Cooling provide district cooling for?","KLCC District Cooling is a building that is used to provide district cooling for the KLCC vicinity. It is a 30,000 ton gas-powered turbine-driven chilled water unit providing cool air not only to Petronas Twin Towers and Suria KLCC, but also to Maxis Tower, Menara Exxon Mobil, Kuala Lumpur Convention Centre, and Mandarin Oriental Kuala Lumpur as well as As Syakirin Mosque.Suria KLCC is a shopping centre located in central Kuala Lumpur, Malaysia.","KLCC District Cooling provides district cooling for several commercial buildings in Kuala Lumpur, Malaysia.",question_relevance;primary_category,2,PASS,PASS,CLEAR,ENTAILED,Cat3,Cat1,medium,"It is a 30,000 ton gas-powered turbine-driven chilled water unit providing cool air not only to Petronas Twin Towers and Suria KLCC, but also to Maxis Tower, Menara Exxon Mobil, Kuala Lumpur Convention Centre, and Mandarin Oriental Kuala Lumpur as well as As Syakirin Mosque.Suria KLCC is a shopping ","The context lists several cooled buildings, including Suria KLCC; the plural scope claim is supported.",PASS,FAIL,CLEAR,ENTAILED,INVALID,HIGH,"KLCC District Cooling is a building that is used to provide district cooling for the KLCC vicinity. || It is a 30,000 ton gas-powered turbine-driven chilled water unit providing cool air not only to Petronas Twin Towers and Suria KLCC, but also to Maxis Tower, Menara Exxon Mobil, Kuala Lumpur Convention Centre, and Mandarin Oriental Kuala Lumpur as well as As Syakirin Mosque.Suria KLCC is a shopping ",INVALID: General plurality of cooled buildings does not identify Suria KLCC.,PASS,FAIL,CLEAR,ENTAILED,Cat3
508,"Die Hard 2 co-starred the actor who played James Evans, Sr. on what CBS series?"," The film co-stars Bonnie Bedelia (reprising her role as Holly McClane), William Sadler, Art Evans, William Atherton (reprising his role as Richard ""Dick"" Thornburg), Franco Nero, Dennis Franz, Fred Thompson, John Amos and Reginald VelJohnson, returning briefly in his role as Sgt. Al Powell from the first film.John Allen Amos Jr. (born December 27, 1939) is an American actor who is best known for his role as James Evans, Sr. on the CBS television series ""Good Times"" (1974–76).","James Evans, Sr. was not in Die Hard 2.",evidence_clarity;evidence_relation,2,PASS,PASS,CLEAR,CONTRADICTED,Cat2,Cat1,high,"(born December 27, 1939) is an American actor who is best known for his role as James Evans, Sr.",John Amos appears in the Die Hard 2 cast and is the actor who played James Evans Sr.,PASS,PASS,AMBIGUOUS,NOT_ENOUGH_INFO,Cat2,LOW,"The film co-stars Bonnie Bedelia (reprising her role as Holly McClane), William Sadler, Art Evans, William Atherton (reprising his role as Richard ""Dick"" Thornburg), Franco Nero, Dennis Franz, Fred Thompson, John Amos and Reginald VelJohnson, returning briefly in his role as Sgt. || Al Powell from the first film.John Allen Amos Jr. (born December 27, 1939) is an American actor who is best known for his role as James Evans, Sr. on the CBS television series ""Good Times"" (1974‚Ä?6).","Primary operation: negation, exclusion, exception, or proposition polarity.",PASS,PASS,AMBIGUOUS,NOT_ENOUGH_INFO,Cat2
511,"What railroad company acquired the Johnsonburg, Kane, Warren and Irvine Railroad?"," The JKWI was the designated operator of the Irvine, Warren, Kane & Johnsonburg Railroad, that was a partnership of Brock Railroad (a wholly owned subsidiary of Warren Car Company), Irvine Railroad (a wholly owned subsidiary of National Forge Company) and Struthers Wells Inter-American Corporation (a subsidiary of Struthers Wells), all three being Pennsylvania corporations, and had acquired from Conrail the following railroad line segments: MP 58.52 to MP 66.7 (Irvine to Warren) and MP 92.5 to MP 111.0 (Kane to Johnsonburg).Conrail, the Consolidated Rail Corporation, (reporting mark CR) , was the primary Class I railroad in the Northeastern United States between 1976 and 1999, when its routes were split between the CSX Corporation and Norfolk Southern Railway.",Conrail Corporation acquired the Johnsonburg Railroad.,evidence_relation,1,PASS,PASS,CLEAR,NOT_ENOUGH_INFO,Cat1,,medium,"The JKWI was the designated operator of the Irvine, Warren, Kane & Johnsonburg Railroad, that was a partnership of Brock Railroad (a wholly owned subsidiary of Warren Car Company), Irvine Railroad (a wholly owned subsidiary of National Forge Company) and Struthers Wells Inter-American Corporation (a",The shown context describes JKWI and Conrail-related operations but does not establish that Conrail acquired the railroad.,PASS,PASS,CLEAR,CONTRADICTED,Cat1,HIGH,"The JKWI was the designated operator of the Irvine, Warren, Kane & Johnsonburg Railroad, that was a partnership of Brock Railroad (a wholly owned subsidiary of Warren Car Company), Irvine Railroad (a wholly owned subsidiary of National Forge Company) and Struthers Wells Inter-American Corporation (a","Primary operation: direct entity, alias, attribute, membership, or lexical relation.",PASS,PASS,CLEAR,CONTRADICTED,Cat1
512,Who publishes a horror game with protagonist Ellie?,"Ellie is a fictional character in the 2013 video game ""The Last of Us"", and the main protagonist of the upcoming video game ""The Last of Us Part II"".The Last of Us Part II is an upcoming action-adventure survival horror video game developed by Naughty Dog and published by Sony Interactive Entertainment for PlayStation 4.","The Last of Us Part II was released across all major gaming platforms, including Xbox and Nintendo.",question_relevance;primary_category,2,PASS,PASS,CLEAR,CONTRADICTED,Cat3,Cat1,high,"Ellie is a fictional character in the 2013 video game ""The Last of Us"", and the main protagonist of the upcoming video game ""The Last of Us Part II"".The Last of Us Part II is an upcoming action-adventure survival horror video game developed by Naughty Dog and published by Sony Interactive Entertainm","The context identifies the title as a PlayStation 4 game, contradicting release across all major platforms including Xbox/Nintendo.",PASS,FAIL,CLEAR,CONTRADICTED,INVALID,HIGH,"Ellie is a fictional character in the 2013 video game ""The Last of Us"", and the main protagonist of the upcoming video game ""The Last of Us Part II"".The Last of Us Part II is an upcoming action-adventure survival horror video game developed by Naughty Dog and published by Sony Interactive Entertainm",INVALID: False platform-scope claim does not identify the publisher.,PASS,FAIL,CLEAR,CONTRADICTED,Cat3
513,Who plays charlie on it's always sunny?,"Charlie Kelly (It's Always Sunny in Philadelphia) Charles Rutherford Kelly is a fictional character on the FX series ""It's Always Sunny in Philadelphia"", portrayed by Charlie Day. Charlie is co-owner at Paddy's (although he later sells his shares) and a childhood friend of Mac and Dennis. He is also Frank's roommate and possible biological son (""""Dennis and Dee Get a New Dad""""). He is addicted to various harmful substances (such as glue and alcohol), and is called illiterate by his peers (""""The Gang Gives Back""""). Charlie is an easily excitable man-child who is prone to emotional outbursts and is often

the 20 Best Characters of 2011, explaining: ""In a cast full of douchebags, the childlike ball of energy played by Charlie Day comes off as more endearing than despicable. He’s the personification of what makes ""It’s Always Sunny in Philadelphia"" such a great show: perverse, loud, crude and surprisingly likable."" ""TV Guide"" listed him in their list of TV's Most Lovable Lunkheads. Charlie Kelly (It's Always Sunny in Philadelphia) Charles Rutherford Kelly is a fictional character on the FX series ""It's Always Sunny in Philadelphia"", portrayed by Charlie Day. Charlie is co-owner at Paddy's (although he later sells his shares)

It's Always Sunny in Philadelphia It's Always Sunny in Philadelphia is an American sitcom that premiered on FX on August 4, 2005, and moved to FXX beginning with the ninth season in 2013. It was created by Rob McElhenney, who developed it with Glenn Howerton. It is executive produced and primarily written by McElhenney, Howerton, and Charlie Day, all of whom star alongside Kaitlin Olson and Danny DeVito. The series follows the exploits of ""The Gang,"" a group of debauched, nihilistic, self-centered, politically incorrect friends who run the Irish bar Paddy's Pub in South Philadelphia. On April 1, 2016, the",Charlie Kelly is portrayed as more endearing than despicable.,evidence_relation,1,PASS,FAIL,CLEAR,NOT_ENOUGH_INFO,INVALID,Cat5,high,"the 20 Best Characters of 2011, explaining: ""In a cast full of douchebags, the childlike ball of energy played by Charlie Day comes off as more endearing than despicable.",The character-evaluation claim does not identify the actor and is not needed for the question.,PASS,FAIL,CLEAR,ENTAILED,INVALID,HIGH,"Charlie Kelly (It's Always Sunny in Philadelphia) Charles Rutherford Kelly is a fictional character on the FX series ""It's Always Sunny in Philadelphia"", portrayed by Charlie Day. || Charlie is an easily excitable man-child who is prone to emotional outbursts and is often the 20 Best Characters of 2011, explaining: ""In a cast full of douchebags, the childlike ball of energy played by Charlie Day comes off as more endearing than despicable.",INVALID: Character evaluation does not identify Charlie Day.,PASS,FAIL,CLEAR,NOT_ENOUGH_INFO,INVALID
522,How long did finding neverland run on broadway?,"Finding Neverland (musical) Finding Neverland is an original musical with music and lyrics by Scott Frankel and Michael Korie and a book by James Graham. Inspired by the 1998 play ""The Man Who Was Peter Pan"" by Allan Knee and his 2004 adaptation ""Finding Neverland"", the musical made its world premiere at the Curve Theatre in Leicester in 2012, with the reworked version making its world premiere in 2014 at the American Repertory Theater in Cambridge, Massachusetts. Following completion of its Cambridge run, the production transferred to Broadway in March 2015. After 17 months on Broadway, the production of ""Finding

Broadway at the Lunt-Fontanne Theatre in March 2015. On 10 November 2014, it was announced that Matthew Morrison would take Jordan's place in the portrayal of J. M. Barrie in the Broadway production. Kelsey Grammer starred as Charles Frohman and Laura Michelle Kelly reprised the role of Sylvia Llewelyn Davies. Previews began 15 March 2015, with the official opening on 15 April. The production did not receive any Tony Award nominations. The Broadway production closed on August 21, 2016 after 565 performances. In early 2016 it was announced that ""Finding Neverland"" would open in London in 2017, starring Alfie Boe

1999 after just over ten years, on its 4,274th performance, having grossed more than £150 million in ticket sales during its London run. Hytner also directed the New York production, where the show recouped its $10.9m investment in 39 weeks. The show, at New York's Broadway Theatre, opened on 11 April 1991 and closed on 28 January 2001 after 4,092 performances. Hytner was on a percentage for both London and New York productions, allowing him (then aged 34) to never need worry about money again. ""It was a huge– a massive stroke of fortune,"" he said in 2010. ""It meant",Finding Neverland lasted 19 months.,evidence_relation;primary_category,2,PASS,PASS,CLEAR,ENTAILED,Cat4,Cat6,medium,"After 17 months on Broadway, the production of ""Finding",The run length of roughly 19 months is consistent with the Broadway dates in the full record.,PASS,PASS,CLEAR,CONTRADICTED,Cat6,HIGH,"Finding Neverland (musical) Finding Neverland is an original musical with music and lyrics by Scott Frankel and Michael Korie and a book by James Graham. || In early 2016 it was announced that ""Finding Neverland"" would open in London in 2017, starring Alfie Boe 1999 after just over ten years, on its 4,274th performance, having grossed more than ¬£150 million in ticket sales during its London run.","Primary operation: numerical value, measurement, count, or computation.",PASS,PASS,CLEAR,CONTRADICTED,Cat6
526,"Which documentary film was released first, Station to Station or Black Chicks Talking?","Station to Station is the 2014 film of Doug Aitken's 2013 ""Nomadic Happening"", the film is made up of 62 one-minute films.Black Chicks Talking is an arts project by Australian actress Leah Purcell featuring a 2001 documentary film, a 2002 book, a stage production and an art exhibition.",Black Chicks Talking features interviews with five Aboriginal women.,evidence_relation,1,PASS,FAIL,CLEAR,ENTAILED,INVALID,Cat6,medium,"Station to Station is the 2014 film of Doug Aitken's 2013 ""Nomadic Happening"", the film is made up of 62 one-minute films.Black Chicks Talking is an arts project by Australian actress Leah Purcell featuring a 2001 documentary film, a 2002 book, a stage production and an art exhibition.",The interview-count detail is ancillary and does not answer which documentary was released first.,PASS,FAIL,CLEAR,NOT_ENOUGH_INFO,INVALID,HIGH,"Station to Station is the 2014 film of Doug Aitken's 2013 ""Nomadic Happening"", the film is made up of 62 one-minute films.Black Chicks Talking is an arts project by Australian actress Leah Purcell featuring a 2001 documentary film, a 2002 book, a stage production and an art exhibition.",INVALID: Unsupported interview count does not compare documentary release dates.,PASS,FAIL,CLEAR,NOT_ENOUGH_INFO,INVALID
532,Who sang if i were a boy originally?,"If I Were a Boy ""If I Were a Boy"" is a song performed by American singer and songwriter Beyoncé from her third studio album ""I Am... Sasha Fierce"" (2008). ""If I Were a Boy"" was written by BC Jean and Toby Gad, who also handled its production alongside Beyoncé. Inspired by the difficult break-up of a romantic relationship, the song was initially recorded by Jean, whose record company rejected it. Beyoncé then recorded her own version. Jean was upset when she learned that Beyoncé was releasing it as a single, but eventually, they reached an agreement. Columbia Records released

was an artist, so it was, like, 'Oh, this songwriter BC.' "" ""If I Were a Boy"" was the first song she ever recorded, and she initially did not intend to hand it to another singer. Jean said that the fact that Beyoncé recorded the ballad provided many opportunities, and she was approached by many people who wanted to purchase her lyrics. She refused their offers, desiring to use her songs for her own album. However, Jean still intends to write for other artists. ""If I Were a Boy"" is a midtempo pop and R&B ballad, with folk rock and

US. The accompanying music video for ""If I Were a Boy"" was directed by Jake Nava and shot in black-and-white. With a theme of role reversal, it is conceptually similar to the American comedy film ""Freaky Friday"" (1976). A video for the Spanish version of the ballad was edited from the original clip. Beyoncé promoted ""If I Were a Boy"" through live performances at venues including ""The Oprah Winfrey Show"", the 52nd Grammy Awards, and the I Am... World Tour (2009–10). The song has been covered several times on televised music competitions. American singer Reba McEntire sang a country version","BC Jean recorded ""If I Were a Boy"" earlier than Beyoncé did.",evidence_relation,1,PASS,PASS,CLEAR,NOT_ENOUGH_INFO,Cat4,Cat1,medium,"""If I Were a Boy"" was written by BC Jean and Toby Gad, who also handled its production alongside Beyoncé.","The context credits BC Jean as a writer, but does not clearly establish that she recorded it earlier than Beyoncé.",PASS,PASS,CLEAR,ENTAILED,Cat4,MEDIUM,"""If I Were a Boy"" was written by BC Jean and Toby Gad, who also handled its production alongside Beyonc√©. || Columbia Records released was an artist, so it was, like, 'Oh, this songwriter BC.' "" ""If I Were a Boy"" was the first song she ever recorded, and she initially did not intend to hand it to another singer.","Primary operation: date, duration, temporal position, or event sequence.",PASS,PASS,CLEAR,NOT_ENOUGH_INFO,Cat4
533,"An operatic commedia in three acts that is by an Italian Baroque composer who was famous for operas and chamber cantatas, was first performed where?","Il trionfo dell'onore (""The Triumph of Honour"") is an operatic 'commedia' in three acts by the Italian composer Alessandro Scarlatti, with a libretto by . It was first performed at the Teatro dei Fiorentini, Naples on 26 November 1718.Pietro Alessandro Gaspare Scarlatti (2 May 1660 – 22 October 1725) was an Italian Baroque composer, especially famous for his operas and chamber cantatas.",Teatro dei Fiorentini is a theater.,question_relevance;primary_category,2,PASS,PASS,CLEAR,ENTAILED,Cat1,,medium,"It was first performed at the Teatro dei Fiorentini, Naples on 26 November 1718.Pietro Alessandro Gaspare Scarlatti (2 May 1660 – 22 October 1725) was an Italian Baroque composer, especially famous for his operas and chamber cantatas.",The Teatro dei Fiorentini is the first-performance venue; identifying it as a theater is consistent but less specific than the question.,PASS,FAIL,CLEAR,ENTAILED,INVALID,HIGH,"Il trionfo dell'onore (""The Triumph of Honour"") is an operatic 'commedia' in three acts by the Italian composer Alessandro Scarlatti, with a libretto by . || It was first performed at the Teatro dei Fiorentini, Naples on 26 November 1718.Pietro Alessandro Gaspare Scarlatti (2 May 1660 ‚Ä?22 October 1725) was an Italian Baroque composer, especially famous for his operas and chamber cantatas.",INVALID: Generic venue classification does not state where the opera premiered.,PASS,FAIL,CLEAR,ENTAILED,Cat1
538,Statistician Walter Francis Willcox received three degrees from a local college in Massachusetts. Which college?," He was graduated from Phillips Academy, Andover, in 1880, from Amherst College in 1884 with an A.B., and in 1888 received an A.M. degree from Amherst College. In 1906 he received an honorary LL.D. degree from Amherst College.Amherst College ( ) is a private liberal arts college located in Amherst, Massachusetts, United States.",Amherst College is a member of the Five College Consortium.,question_relevance;primary_category,2,PASS,PASS,CLEAR,NOT_ENOUGH_INFO,Cat1,,medium,"degree from Amherst College.Amherst College ( ) is a private liberal arts college located in Amherst, Massachusetts, United States.","Amherst is the relevant college, but consortium membership is not established in the shown context.",PASS,FAIL,CLEAR,NOT_ENOUGH_INFO,INVALID,MEDIUM,"He was graduated from Phillips Academy, Andover, in 1880, from Amherst College in 1884 with an A.B., and in 1888 received an A.M. degree from Amherst College. || In 1906 he received an honorary LL.D. degree from Amherst College.Amherst College ( ) is a private liberal arts college located in Amherst, Massachusetts, United States.",INVALID: Consortium membership does not establish where Willcox received the degrees.,PASS,FAIL,CLEAR,NOT_ENOUGH_INFO,Cat1
539,What is the mountain called that was named after William Barton Rogers and has a summit elevation of 5729 feet above mean sea level?,"William Barton Rogers (December 7, 1804 – May 30, 1882) was a geologist, physicist, and educator at the University of Virginia from 1835 to 1853. Because of his affiliation with Virginia, Mount Rogers, the highest peak in the state, is named after him.Mount Rogers is the highest natural point in the Commonwealth of Virginia, United States, with a summit elevation of 5729 ft above mean sea level.",There are multiple mountains in Virginia that exceed the height boundary of Mount Rogers.,primary_category,1,PASS,PASS,CLEAR,CONTRADICTED,Cat3,Cat5,high,"Because of his affiliation with Virginia, Mount Rogers, the highest peak in the state, is named after him.Mount Rogers is the highest natural point in the Commonwealth of Virginia, United States, with a summit elevation of 5729 ft above mean sea level.","The context identifies Mount Rogers as Virginia's highest peak, contradicting the existence of multiple higher Virginia mountains.",PASS,PASS,CLEAR,CONTRADICTED,Cat5,HIGH,"William Barton Rogers (December 7, 1804 ‚Ä?May 30, 1882) was a geologist, physicist, and educator at the University of Virginia from 1835 to 1853. || Because of his affiliation with Virginia, Mount Rogers, the highest peak in the state, is named after him.Mount Rogers is the highest natural point in the Commonwealth of Virginia, United States, with a summit elevation of 5729 ft above mean sea level.","Primary operation: comparison, ranking, relative magnitude, or superlative.",PASS,PASS,CLEAR,CONTRADICTED,Cat3
540,Who publishes a horror game with protagonist Ellie?,"Ellie is a fictional character in the 2013 video game ""The Last of Us"", and the main protagonist of the upcoming video game ""The Last of Us Part II"".The Last of Us Part II is an upcoming action-adventure survival horror video game developed by Naughty Dog and published by Sony Interactive Entertainment for PlayStation 4.",Sony Interactive Entertainment's notable studios include PlayStation All-Stars 19.,evidence_clarity,1,PASS,FAIL,CLEAR,NOT_ENOUGH_INFO,INVALID,Cat6,high,"Ellie is a fictional character in the 2013 video game ""The Last of Us"", and the main protagonist of the upcoming video game ""The Last of Us Part II"".The Last of Us Part II is an upcoming action-adventure survival horror video game developed by Naughty Dog and published by Sony Interactive Entertainm",The studio-number statement is unrelated and unsupported.,PASS,FAIL,AMBIGUOUS,NOT_ENOUGH_INFO,INVALID,HIGH,"Ellie is a fictional character in the 2013 video game ""The Last of Us"", and the main protagonist of the upcoming video game ""The Last of Us Part II"".The Last of Us Part II is an upcoming action-adventure survival horror video game developed by Naughty Dog and published by Sony Interactive Entertainm",INVALID: Malformed studio claim does not identify the publisher.,PASS,FAIL,AMBIGUOUS,NOT_ENOUGH_INFO,INVALID
541,Which of the two major peninsulas that make up the state of Michigan contains the M-69 Highway?,M-69 is an east–west state trunkline highway in the Upper Peninsula (UP) of the U.S. state of Michigan.The Upper Peninsula is the northern of the two major peninsulas that make up the U.S. state of Michigan.,No major peninsulas make up the U.S. state of Michigan.,primary_category,1,PASS,PASS,CLEAR,CONTRADICTED,Cat3,Cat1,high,state of Michigan.The Upper Peninsula is the northern of the two major peninsulas that make up the U.S.,The context explicitly states Michigan has two major peninsulas.,PASS,PASS,CLEAR,CONTRADICTED,Cat2,HIGH,M-69 is an east‚Äìwest state trunkline highway in the Upper Peninsula (UP) of the U.S. state of Michigan.The Upper Peninsula is the northern of the two major peninsulas that make up the U.S. state of Michigan.,"Primary operation: negation, exclusion, exception, or proposition polarity.",PASS,PASS,CLEAR,CONTRADICTED,Cat2
542,"what does Wardle, Greater Manchester and South Pennines have in common?",Wardle (pop.The South Pennines is a region of moorland and hill country in Northern England lying towards the southern end of the Pennines.,Greater Manchester has beautiful countryside.,evidence_clarity,1,PASS,FAIL,CLEAR,NOT_ENOUGH_INFO,INVALID,Cat1,high,Wardle (pop.The South Pennines is a region of moorland and hill country in Northern England lying towards the southern end of the Pennines.,The countryside statement does not establish the commonality asked and is unsupported.,PASS,FAIL,AMBIGUOUS,NOT_ENOUGH_INFO,INVALID,HIGH,Wardle (pop.The South Pennines is a region of moorland and hill country in Northern England lying towards the southern end of the Pennines.,INVALID: Vague countryside claim does not establish the shared geographic relation.,PASS,FAIL,AMBIGUOUS,NOT_ENOUGH_INFO,INVALID
543,"Which University's football team is represented by the Tigers, and founded the Society of Profressional Journalists?",The 1884 DePauw Tigers football team represented DePauw University during the 1884 college football season. The Society of Professional Journalists was founded at DePauw.,The Society of Professional Journalists was founded by DePauw University.,evidence_clarity;evidence_relation,2,PASS,PASS,CLEAR,ENTAILED,Cat1,,high,The Society of Professional Journalists was founded at DePauw.,The context explicitly states the Society of Professional Journalists was founded at DePauw.,PASS,PASS,AMBIGUOUS,AMBIGUOUS,Cat1,MEDIUM,The 1884 DePauw Tigers football team represented DePauw University during the 1884 college football season. || The Society of Professional Journalists was founded at DePauw.,"The context says the society was founded at DePauw, which does not unambiguously assign agency to the university.",PASS,PASS,AMBIGUOUS,AMBIGUOUS,Cat1
546,Which plant is considered the southernmost fern in the world?," By far the greatest species diversity is in tropical regions of the Southern Hemisphere, with only a few species reaching cool temperate latitudes in the Southern Hemisphere (notably ""B. penna-marina"", south to Cape Horn, Chile, the southernmost fern in the world) and Northern Hemisphere (notably ""B. spicant"", north to Iceland and northern Norway).Hakea (pincushion tree) is a genus of 149 species of shrubs and small trees in the Proteaceae, native to Australia.",B. penna-marina is the southernmost fern in the world.,primary_category,1,PASS,PASS,CLEAR,ENTAILED,Cat5,Cat1,high,"penna-marina"", south to Cape Horn, Chile, the southernmost fern in the world) and Northern Hemisphere (notably ""B.",The context explicitly calls B. penna-marina the southernmost fern in the world.,PASS,PASS,CLEAR,ENTAILED,Cat1,HIGH,"By far the greatest species diversity is in tropical regions of the Southern Hemisphere, with only a few species reaching cool temperate latitudes in the Southern Hemisphere (notably ""B. penna-marina"", south to Cape Horn, Chile, the southernmost fern in the world) and Northern Hemisphere (notably ""B","Primary operation: direct entity, alias, attribute, membership, or lexical relation.",PASS,PASS,CLEAR,ENTAILED,Cat5
547,Statistician Walter Francis Willcox received three degrees from a local college in Massachusetts. Which college?," He was graduated from Phillips Academy, Andover, in 1880, from Amherst College in 1884 with an A.B., and in 1888 received an A.M. degree from Amherst College. In 1906 he received an honorary LL.D. degree from Amherst College.Amherst College ( ) is a private liberal arts college located in Amherst, Massachusetts, United States.",Amherst College was founded in 1821.,question_relevance;primary_category,2,PASS,PASS,CLEAR,NOT_ENOUGH_INFO,Cat4,Cat1,medium,"He was graduated from Phillips Academy, Andover, in 1880, from Amherst College in 1884 with an A.B., and in 1888 received an A.M.","Amherst is the relevant college, but its 1821 founding year is ancillary and not established here.",PASS,FAIL,CLEAR,NOT_ENOUGH_INFO,INVALID,HIGH,"He was graduated from Phillips Academy, Andover, in 1880, from Amherst College in 1884 with an A.B., and in 1888 received an A.M. degree from Amherst College. || In 1906 he received an honorary LL.D. degree from Amherst College.Amherst College ( ) is a private liberal arts college located in Amherst, Massachusetts, United States.",INVALID: Unsupported founding date does not establish Willcox's degree relation.,PASS,FAIL,CLEAR,NOT_ENOUGH_INFO,Cat4
548,"Which private, nonsectarian institution has a famous artist featured in major museum solo shows?"," Swoon has since been featured in major museums including a 2014 solo show, ""Submerged Motherlands"", at the Brooklyn Museum.Pratt Institute is a private, nonsectarian, non-profit institution of higher learning located in the Clinton Hill neighborhood of Brooklyn, New York, United States, with a satellite campus located at 14th Street in Manhattan and an extension campus in Utica, New York (Pratt MWP).",Pratt Institute is accredited by the Middle States Commission on Higher Education.,question_relevance;primary_category,2,PASS,PASS,CLEAR,NOT_ENOUGH_INFO,Cat1,,medium,"Swoon has since been featured in major museums including a 2014 solo show, ""Submerged Motherlands"", at the Brooklyn Museum.Pratt Institute is a private, nonsectarian, non-profit institution of higher learning located in the Clinton Hill neighborhood of Brooklyn, New York, United States, with a satel",Pratt Institute is the relevant institution but the accreditation claim is not shown in the context.,PASS,FAIL,CLEAR,NOT_ENOUGH_INFO,INVALID,HIGH,"Swoon has since been featured in major museums including a 2014 solo show, ""Submerged Motherlands"", at the Brooklyn Museum.Pratt Institute is a private, nonsectarian, non-profit institution of higher learning located in the Clinton Hill neighborhood of Brooklyn, New York, United States, with a satel",INVALID: Unsupported accreditation does not link the artist to Pratt Institute.,PASS,FAIL,CLEAR,NOT_ENOUGH_INFO,Cat1
551,Beatles do you want to know a secret singer?,"Do You Want to Know a Secret ""Do You Want to Know a Secret?"" is a song by English rock group the Beatles from the 1963 album ""Please Please Me"", sung by George Harrison. In the United States, it was the first top ten song to feature Harrison as a lead singer, reaching No. 2 on the Billboard chart in 1964 as a single released by Vee-Jay, VJ 587. ""Do You Want to Know a Secret?"", written in autumn 1962, was primarily composed by John Lennon but credited to Lennon–McCartney. The 1963 version by Billy J. Kramer and the Dakotas

but Lennon, who always claimed the song as his own, explained in a 1980 interview that he had realized as soon as he had finished writing the song that it best suited Harrison. In 1980, Lennon said that he gave ""Do You Want to Know a Secret?"" to Harrison to sing because ""it only had three notes and he wasn't the best singer in the world"", but added ""he has improved a lot since then."" The song was recorded as part of their marathon ten-hour recording session on 11 February 1963 along with nine other songs for ""Please Please Me"".

Harrison sang two songs on ""Please Please Me""—this song by Lennon–McCartney and ""Chains"" by Goffin/King. ""Don't Bother Me"" would be Harrison's debut composition and appeared on the Beatles' next UK album ""With The Beatles"". ""Do You Want to Know a Secret?"" was released a year later as a single by Vee-Jay in the United States on 23 March 1964, reaching the number two spot behind another Beatles song, ""Can't Buy Me Love"" in ""Billboard"", reaching number three on the ""Cash Box"" chart, but reaching number one for two weeks in the chart published by the Teletheatre Research Institute. In the","George Harrison became a better singer than he had been when he first recorded ""Do You Want to Know a Secret"".",evidence_relation,1,PASS,PASS,CLEAR,NOT_ENOUGH_INFO,Cat5,Cat4,medium,"In 1980, Lennon said that he gave ""Do You Want to Know a Secret?"" to Harrison to sing because ""it only had three notes and he wasn't the best singer in the world"", but added ""he has improved a lot since then."" The song was recorded as part of their marathon ten-hour recording session on 11 February ",The context identifies George Harrison as the singer but does not establish that he later became a better singer.,PASS,PASS,CLEAR,ENTAILED,Cat5,MEDIUM,"Do You Want to Know a Secret ""Do You Want to Know a Secret?"" is a song by English rock group the Beatles from the 1963 album ""Please Please Me"", sung by George Harrison. || In 1980, Lennon said that he gave ""Do You Want to Know a Secret?"" to Harrison to sing because ""it only had three notes and he wasn't the best singer in the world"", but added ""he has improved a lot since then."" The song was recorded as part of their marathon ten-hour recording session on 11 February ","Primary operation: comparison, ranking, relative magnitude, or superlative.",PASS,PASS,CLEAR,NOT_ENOUGH_INFO,Cat5
555,Ryōishi Station is a railway that stopped service after what 9.0–9.1 magnitude event?,"Following the 2011 Tōhoku earthquake and tsunami, operations at the station were suspended and have been replaced by a provisional Bus Rapid Transit line.The 2011 earthquake off the Pacific coast of Tōhoku (東北地方太平洋沖地震 , Tōhoku-chihō Taiheiyō Oki Jishin ) was a magnitude 9.0–9.1 (M) undersea megathrust earthquake off the coast of Japan that occurred at 14:46 JST (05:46 UTC) on Friday 11 March 2011, with the epicentre approximately 70 km east of the Oshika Peninsula of Tōhoku and the hypocenter at an underwater depth of approximately 29 km .",Operations at the station did not continue after the 2011 Tōhoku earthquake and tsunami.,primary_category,1,PASS,PASS,CLEAR,ENTAILED,Cat2,Cat4,high,"Following the 2011 Tōhoku earthquake and tsunami, operations at the station were suspended and have been replaced by a provisional Bus Rapid Transit line.The 2011 earthquake off the Pacific coast of Tōhoku (東北地方太平洋沖地震 , Tōhoku-chihō Taiheiyō Oki Jishin ) was a magnitude 9.0–9.1 (M) undersea megathru",The context states operations were suspended after the 2011 Tōhoku earthquake and tsunami.,PASS,PASS,CLEAR,ENTAILED,Cat4,HIGH,"Following the 2011 T≈çhoku earthquake and tsunami, operations at the station were suspended and have been replaced by a provisional Bus Rapid Transit line.The 2011 earthquake off the Pacific coast of T≈çhoku (Êù±ÂåóÂú∞ÊñπÂ§™Âπ≥Ê¥ãÊ≤ñÂú∞Èúá , T≈çhoku-chih≈ç Taiheiy≈ç Oki Jishin ) was a magnitude 9.0‚Ä?.1 (M) undersea megathru","Primary operation: date, duration, temporal position, or event sequence.",PASS,PASS,CLEAR,ENTAILED,Cat2
561,What is a small network appliance and entertainment device that serves as a the media player for the iTunes Store?," It also serves as a media player for television shows and films purchased in the iTunes Store, replacing the ""Videos"" application on earlier versions of iOS.Apple TV is a digital media player and microconsole developed and sold by Apple Inc. It is a small network appliance and entertainment device that can receive digital data from a number of sources and stream it to a capable television.",Apple TV is similar to a set-top box.,evidence_relation,1,PASS,PASS,CLEAR,ENTAILED,Cat1,,medium,"It also serves as a media player for television shows and films purchased in the iTunes Store, replacing the ""Videos"" application on earlier versions of iOS.Apple TV is a digital media player and microconsole developed and sold by Apple Inc.","The context describes Apple TV as a small network appliance/media device, compatible with a set-top-box-like device.",PASS,PASS,CLEAR,NOT_ENOUGH_INFO,Cat1,MEDIUM,"It also serves as a media player for television shows and films purchased in the iTunes Store, replacing the ""Videos"" application on earlier versions of iOS.Apple TV is a digital media player and microconsole developed and sold by Apple Inc. || It is a small network appliance and entertainment device that can receive digital data from a number of sources and stream it to a capable television.","Primary operation: direct entity, alias, attribute, membership, or lexical relation.",PASS,PASS,CLEAR,NOT_ENOUGH_INFO,Cat1
562,Who is buried in santa croce in florence?,"Santa Croce, Florence The Basilica di Santa Croce (Basilica of the Holy Cross) is the principal Franciscan church in Florence, Italy, and a minor basilica of the Roman Catholic Church. It is situated on the Piazza di Santa Croce, about 800 meters south-east of the Duomo. The site, when first chosen, was in marshland outside the city walls. It is the burial place of some of the most illustrious Italians, such as Michelangelo, Galileo, Machiavelli, the poet Foscolo, the philosopher Gentile and the composer Rossini, thus it is known also as the Temple of the Italian Glories (""Tempio dell'Itale Glorie"").

of worship and patronage and it became customary for greatly honoured Florentines to be buried or commemorated there. Some were in chapels ""owned"" by wealthy families such as the Bardi and Peruzzi. As time progressed, space was also granted to notable Italians from elsewhere. For 500 years monuments were erected in the church including those to: A Room with a View (1908), E.M. Forster, chapter 2 Romola (1863), George Eliot <br> Santa Croce, Florence The Basilica di Santa Croce (Basilica of the Holy Cross) is the principal Franciscan church in Florence, Italy, and a minor basilica of the Roman Catholic

Piazza Santa Croce Piazza Santa Croce is one of the main plazas or squares located in the central neighborhood of Florence, region of Tuscany, Italy. It is located near piazza della Signoria and the National Central Library, and takes its name from the Basilica of Santa Croce that overlooks the square. The most notable features of the basilica are its sixteen chapels, many of them decorated with frescoes by Giotto and his pupils, and its tombs and cenotaphs. It is the burial place of many illustrious Italians, such as Michelangelo, Machiavelli, Enrico Fermi, Galileo, Ugo Foscolo, Guglielmo Marconi, Luigi Cherubini,",There are many famous Italians that are buried in Santa Croce in Florence.,question_relevance;primary_category,2,PASS,PASS,CLEAR,ENTAILED,Cat3,Cat1,medium,"Santa Croce, Florence The Basilica di Santa Croce (Basilica of the Holy Cross) is the principal Franciscan church in Florence, Italy, and a minor basilica of the Roman Catholic Church.","The context supports that many notable people are buried there, though the claim does not name any individual requested.",PASS,FAIL,CLEAR,ENTAILED,INVALID,HIGH,"Santa Croce, Florence The Basilica di Santa Croce (Basilica of the Holy Cross) is the principal Franciscan church in Florence, Italy, and a minor basilica of the Roman Catholic Church. || Forster, chapter 2 Romola (1863), George Eliot <br> Santa Croce, Florence The Basilica di Santa Croce (Basilica of the Holy Cross) is the principal Franciscan church in Florence, Italy, and a minor basilica of the Roman Catholic Piazza Santa Croce Piazza Santa Croce is one of the main plazas or squa",INVALID: Non-specific plurality does not answer who is buried there.,PASS,FAIL,CLEAR,ENTAILED,Cat3
563,Martin & Orloff is a film featuring a cast member who also voiced Crane in what film franchise?,"Martin & Orloff is a 2002 feature film written by and starring Matt Walsh and Ian Roberts (Walsh & Roberts are best known as half of the Upright Citizens Brigade comedy troupe) along with Ian's wife Katie Roberts. The film was produced and directed by Lawrence Blume and features an ensemble cast of alternative comedians including H. Jon Benjamin, David Cross, Andy Richter, Matt Besser, Amy Poehler, Tina Fey, Janeane Garofalo and Rachel Dratch, as well as actress Kim Raver as Orloff's girlfriend.David Cross (born April 4, 1964) is an American stand-up comedian, actor, director and writer, known primarily for his stand-up performances, the HBO sketch comedy series ""Mr. Show"", and his role as Tobias Fünke in the sitcom ""Arrested Development"". Cross created, wrote, executive produced, and starred in ""The Increasingly Poor Decisions of Todd Margaret"", developed and had a prominent role in ""Freak Show"", appeared on ""Modern Family"", portrayed Ian Hawke in the ""Alvin and the Chipmunks"" film franchise, and voiced Crane in the ""Kung Fu Panda"" film franchise.",The second feature film is Kung Fu Panda 2.,question_relevance;primary_category,2,PASS,FAIL,CLEAR,NOT_ENOUGH_INFO,INVALID,Cat4,high,"Cross created, wrote, executive produced, and starred in ""The Increasingly Poor Decisions of Todd Margaret"", developed and had a prominent role in ""Freak Show"", appeared on ""Modern Family"", portrayed Ian Hawke in the ""Alvin and the Chipmunks"" film franchise, and voiced Crane in the ""Kung Fu Panda"" f",The sequel-number statement does not identify the Kung Fu Panda franchise and is not supported by the shown context.,PASS,PASS,CLEAR,NOT_ENOUGH_INFO,Cat4,MEDIUM,"Martin & Orloff is a 2002 feature film written by and starring Matt Walsh and Ian Roberts (Walsh & Roberts are best known as half of the Upright Citizens Brigade comedy troupe) along with Ian's wife Katie Roberts. || Cross created, wrote, executive produced, and starred in ""The Increasingly Poor Decisions of Todd Margaret"", developed and had a prominent role in ""Freak Show"", appeared on ""Modern Family"", portrayed Ian Hawke in the ""Alvin and the Chipmunks"" film franchise, and voiced Crane in the ""Kung Fu Panda"" f","Primary operation: date, duration, temporal position, or event sequence.",PASS,PASS,CLEAR,NOT_ENOUGH_INFO,Cat4
565,The city in which Abdelghani Bousta was born is the fourth largest city in the Country of Morocco after which three cities?,"Abdelghani Bousta (18 February 1949 in Marrakesh, Morocco – 21 September 1998, buried at Père-Lachaise cemetery in Paris, France) was a Moroccan politician who opposed the monarchical power of his country.Marrakesh ( or ; Arabic: مراكش‎ ‎ ""Murrākuš""; Berber: ""Meṛṛakec""), also known by the French spelling Marrakech, is a major city of the Kingdom of Morocco. It is the fourth largest city in the country, after Casablanca, Fez and Tangier.",The three largest Moroccan cities after Marrakesh are Rabat.,atomicity;question_relevance;primary_category,3,PASS,PASS,AMBIGUOUS,CONTRADICTED,Cat3,Cat1,medium,"Abdelghani Bousta (18 February 1949 in Marrakesh, Morocco – 21 September 1998, buried at Père-Lachaise cemetery in Paris, France) was a Moroccan politician who opposed the monarchical power of his country.Marrakesh ( or ; Arabic: مراكش‎ ‎ ""Murrākuš""; Berber: ""Meṛṛakec""), also known by the French spe",The statement about 'the three largest cities after Marrakesh' is malformed and inconsistent with the ranking relation in the context.,FAIL,FAIL,AMBIGUOUS,CONTRADICTED,INVALID,HIGH,"Abdelghani Bousta (18 February 1949 in Marrakesh, Morocco ‚Ä?21 September 1998, buried at P√®re-Lachaise cemetery in Paris, France) was a Moroccan politician who opposed the monarchical power of his country.Marrakesh ( or ; Arabic: ŸÖÿ±ÿßŸÉÿ¥‚Ä?‚Ä?""MurrƒÅku≈°""; Berber: ""Me·πõ·πõakec""), also known by the French spe || It is the fourth largest city in the country, after Casablanca, Fez and Tangier.",INVALID: Malformed statement neither lists the three cities nor expresses a coherent ranking.,PASS,FAIL,AMBIGUOUS,CONTRADICTED,Cat3
566,Where was the first north american indigenous games held?,"Aboriginal people could come together to excel in their athletic field of endeavour and to come together to do other things: to make new friendships, to renew old ones, and so on..."" (Charles Wood, 1990 Chairperson) The dream became a reality in 1990. The first Indigenous Games (or ""NAIG"") were held in 1990 in Edmonton, Alberta, followed by Games in Prince Albert, Saskatchewan in 1993, Blaine, Minnesota in 1995, Victoria, British Columbia in 1997, and Winnipeg, Manitoba in 2002. Denver, Colorado in 2006 and Cowichan, British Columbia in 2008. The 2011 games were to be held in Milwaukee, Wisconsin, but

North American Indigenous Games The North American Indigenous Games is a multi-sport event involving indigenous North American athletes staged intermittently since 1990. The Games are governed by the North American Indigenous Games Council, a 26-member council of representatives from 13 provinces and territories in Canada and 13 regions in the United States. The dream to hold a Games for the Indigenous Peoples of North America began in the 1970s. In 1971, the Native Summer Games held in Enoch, Alberta, Canada drew 3,000 participants competing in 13 sports and many cultural events. In 1973, the Western Canada Native Winter Games were

2017 North American Indigenous Games The 2017 North American Indigenous Games were held in Toronto, Ontario, Canada July 16 to 23. The event featured 5000 athletes aged 13 to 19 in 14 sports. The 2017 North American Indigenous Games bidding process began on January 12, 2015 and Toronto submitted its bid on January 30, 2015. The bid to host the Games in Toronto, led by the Aboriginal Sport & Wellness Council of Ontario and the Mississaugas of New Credit First Nation, received unanimous support from the NAIG's International Governing Body. The Games was awarded to Toronto on June 26, 2015","The first North American Indigenous Games were held exclusively in Edmonton, Alberta.",primary_category,1,PASS,PASS,CLEAR,ENTAILED,Cat1,Cat4,high,"The first Indigenous Games (or ""NAIG"") were held in 1990 in Edmonton, Alberta, followed by Games in Prince Albert, Saskatchewan in 1993, Blaine, Minnesota in 1995, Victoria, British Columbia in 1997, and Winnipeg, Manitoba in 2002.","The context explicitly states that the first games were held in Edmonton, Alberta.",PASS,PASS,CLEAR,ENTAILED,Cat3,HIGH,"The first Indigenous Games (or ""NAIG"") were held in 1990 in Edmonton, Alberta, followed by Games in Prince Albert, Saskatchewan in 1993, Blaine, Minnesota in 1995, Victoria, British Columbia in 1997, and Winnipeg, Manitoba in 2002. || The 2011 games were to be held in Milwaukee, Wisconsin, but North American Indigenous Games The North American Indigenous Games is a multi-sport event involving indigenous North American athletes staged intermittently since 1990.","Primary operation: quantifier, scope, frequency, or boundary.",PASS,PASS,CLEAR,ENTAILED,Cat3
568,"Restoration literature is the English literature written during the historical period commonly referred to as the English Restoration (1660–1689), which corresponds to the last years of the direct Stuart reign, it saw Locke's ""Treatises of Government"", the founding of the Royal Society, the experiments and holy meditations of Robert William Boyle, was an Anglo-Irish natural philosopher, chemist, physicist and inventor born in Lismore, County Waterford, in which location?"," It saw Locke's ""Treatises of Government"", the founding of the Royal Society, the experiments and holy meditations of Robert Boyle, the hysterical attacks on theaters from Jeremy Collier, and the pioneering of literary criticism from John Dryden and John Dennis.Robert William Boyle {'1': "", '2': "", '3': "", '4': ""} (25 January 1627 – 31 December 1691) was an Anglo-Irish natural philosopher, chemist, physicist and inventor born in Lismore, County Waterford, Ireland.",County Kerry is in Ireland.,question_relevance;evidence_relation;primary_category,3,PASS,FAIL,CLEAR,ENTAILED,INVALID,Cat1,high,"It saw Locke's ""Treatises of Government"", the founding of the Royal Society, the experiments and holy meditations of Robert Boyle, the hysterical attacks on theaters from Jeremy Collier, and the pioneering of literary criticism from John Dryden and John Dennis.Robert William Boyle {'1': "", '2': "", '",The county-country statement is supported but does not answer the location where Robert Boyle was born.,PASS,PASS,CLEAR,CONTRADICTED,Cat1,HIGH,"It saw Locke's ""Treatises of Government"", the founding of the Royal Society, the experiments and holy meditations of Robert Boyle, the hysterical attacks on theaters from Jeremy Collier, and the pioneering of literary criticism from John Dryden and John Dennis.Robert William Boyle {'1': "", '2': "", '","Primary operation: direct entity, alias, attribute, membership, or lexical relation.",PASS,PASS,CLEAR,CONTRADICTED,Cat1
570,Robert L. Priddy - he comes from the United States and has founded a number of airline companies such as ValuJet or which American low-cost airline that operates scheduled and charter flights?,Robert L. Priddy - he comes from the United States and has founded a number of airline companies such as ValuJet or Allegiant Air.Allegiant Air is an American low-cost airline that operates scheduled and charter flights.,Allegiant Air is more profitable than ValuJet.,question_relevance;primary_category,2,PASS,PASS,CLEAR,NOT_ENOUGH_INFO,Cat5,Cat1,medium,Priddy - he comes from the United States and has founded a number of airline companies such as ValuJet or Allegiant Air.Allegiant Air is an American low-cost airline that operates scheduled and charter flights.,"Allegiant Air is the relevant airline, but the profitability comparison is not supported.",PASS,FAIL,CLEAR,NOT_ENOUGH_INFO,INVALID,HIGH,Robert L. || Priddy - he comes from the United States and has founded a number of airline companies such as ValuJet or Allegiant Air.Allegiant Air is an American low-cost airline that operates scheduled and charter flights.,INVALID: Unsupported profitability comparison does not establish Priddy's founding relation.,PASS,FAIL,CLEAR,NOT_ENOUGH_INFO,Cat5
572,Who made the song total eclipse of the heart?,"Total Eclipse of the Heart ""Total Eclipse of the Heart"" is a song recorded by Welsh singer Bonnie Tyler. It was written and produced by Jim Steinman, and released on Tyler's fifth studio album, ""Faster Than the Speed of Night"" (1983). The song was released as a single by Columbia Records on 11 February 1983 in the United Kingdom and on 31 May 1983 in the United States. The song became Tyler's biggest career hit, topping the UK Singles Chart, and becoming the fifth-best-selling single in 1983 in the United Kingdom. In the United States, the single spent four weeks

spine. ... I couldn't wait to actually get in and record it."" According to Meat Loaf, Steinman had written the song, along with ""Making Love Out of Nothing at All"", for Meat Loaf's album ""Midnight at the Lost and Found""; however, Meat Loaf's record company refused to pay Steinman and he wrote separate songs himself. ""Total Eclipse of the Heart"" was then given to Bonnie Tyler and ""Making Love Out of Nothing at All"" to Air Supply. Tyler has denied this claim. ""Meat Loaf was apparently very annoyed that Jim gave that to me,"" Tyler stated. ""But Jim said he

using the pseudonym Persephone Maewyn. In 2010, Tyler appeared in an advertisement for MasterCard, performing a short parody of the song with its noted new lyric ""Turn around, Neville."" She performed the original song in a similar advertisement for Westpac in 2012. Warby Parker produced a parody video in anticipation of the solar eclipse of August 21, 2017. Total Eclipse of the Heart ""Total Eclipse of the Heart"" is a song recorded by Welsh singer Bonnie Tyler. It was written and produced by Jim Steinman, and released on Tyler's fifth studio album, ""Faster Than the Speed of Night"" (1983). The",Total Eclipse of the Heart is Bonnie Tyler's biggest career hit.,question_relevance;evidence_relation;primary_category,3,PASS,PASS,CLEAR,ENTAILED,Cat5,Cat1,medium,"Total Eclipse of the Heart ""Total Eclipse of the Heart"" is a song recorded by Welsh singer Bonnie Tyler.",The context identifies Bonnie Tyler as the recording artist; the 'biggest hit' aspect is plausible from the full record but not needed for the answer.,PASS,FAIL,CLEAR,NOT_ENOUGH_INFO,INVALID,MEDIUM,"Total Eclipse of the Heart ""Total Eclipse of the Heart"" is a song recorded by Welsh singer Bonnie Tyler. || Total Eclipse of the Heart ""Total Eclipse of the Heart"" is a song recorded by Welsh singer Bonnie Tyler.",INVALID: Unsupported career ranking does not state the performer relation.,PASS,PASS,CLEAR,ENTAILED,Cat5
573,Which author of Superman: The Wedding Album is known for creating the superhero Booster Gold?," The story was written by the five principal writers for the ""Superman"" titles at the time: Dan Jurgens, Karl Kesel, David Michelinie, Louise Simonson, and Roger Stern. He is known for creating the superhero Booster Gold, and for his lengthy runs on the Superman titles ""The Adventures of Superman"" and ""Superman"" (vol.",The creator of Booster Gold is one of the five principal writers for the Superman titles.,atomicity;question_relevance;evidence_clarity;primary_category,4,PASS,PASS,CLEAR,ENTAILED,Cat3,Cat1,medium,"He is known for creating the superhero Booster Gold, and for his lengthy runs on the Superman titles ""The Adventures of Superman"" and ""Superman"" (vol.","The context says the creator is one of five principal Superman-title writers, helping identify the author.",FAIL,FAIL,AMBIGUOUS,ENTAILED,INVALID,HIGH,"The story was written by the five principal writers for the ""Superman"" titles at the time: Dan Jurgens, Karl Kesel, David Michelinie, Louise Simonson, and Roger Stern. || He is known for creating the superhero Booster Gold, and for his lengthy runs on the Superman titles ""The Adventures of Superman"" and ""Superman"" (vol.",INVALID: The unnamed creator is not a self-contained answer.,PASS,FAIL,CLEAR,ENTAILED,Cat3
576,"What church based in Egypt, Northeast Africa and the Middle East, also features the former Christian diocese, Diocese of Buto? ","The Diocese of Buto (Latin Butus, Greek Butos) is a former Christian diocese and titular see of both the Roman Catholic and Coptic Orthodox Churches, with see in the Ancient City of Buto in the Nile Delta of Egypt.The Coptic Orthodox Church of Alexandria is an Oriental Orthodox Christian church based in Egypt, Northeast Africa and the Middle East.",The Coptic Orthodox Church of Alexandria is based in exactly five distinct regions.,evidence_relation,1,PASS,PASS,CLEAR,NOT_ENOUGH_INFO,Cat3,Cat1,medium,"The Diocese of Buto (Latin Butus, Greek Butos) is a former Christian diocese and titular see of both the Roman Catholic and Coptic Orthodox Churches, with see in the Ancient City of Buto in the Nile Delta of Egypt.The Coptic Orthodox Church of Alexandria is an Oriental Orthodox Christian church base",The regional count 'exactly five' is not established by the shown context.,PASS,PASS,CLEAR,CONTRADICTED,Cat3,MEDIUM,"The Diocese of Buto (Latin Butus, Greek Butos) is a former Christian diocese and titular see of both the Roman Catholic and Coptic Orthodox Churches, with see in the Ancient City of Buto in the Nile Delta of Egypt.The Coptic Orthodox Church of Alexandria is an Oriental Orthodox Christian church base","Primary operation: quantifier, scope, frequency, or boundary.",PASS,PASS,CLEAR,NOT_ENOUGH_INFO,Cat3
577,What is the name of the segment of US 78 that was designed to allow more direct connections between cities in the southeast?," A segment of US 78 from near Memphis, Tennessee, to Birmingham, Alabama, is designated as Interstate 22. When designated in 2012, it was designed to close a gap in the Interstate network allowing more direct connections between cities in the southeast (such as Atlanta and Birmingham) with those of the Great Plains (such as Oklahoma City and St. Louis).",The segment designed for direct connections was designated as Interstate 22 in 2012.,primary_category,1,PASS,PASS,CLEAR,ENTAILED,Cat4,Cat1,high,"When designated in 2012, it was designed to close a gap in the Interstate network allowing more direct connections between cities in the southeast (such as Atlanta and Birmingham) with those of the Great Plains (such as Oklahoma City and St.",The context states the relevant segment was designated Interstate 22 in 2012.,PASS,PASS,CLEAR,ENTAILED,Cat1,HIGH,"A segment of US 78 from near Memphis, Tennessee, to Birmingham, Alabama, is designated as Interstate 22. || When designated in 2012, it was designed to close a gap in the Interstate network allowing more direct connections between cities in the southeast (such as Atlanta and Birmingham) with those of the Great Plains (such as Oklahoma City and St.","Primary operation: direct entity, alias, attribute, membership, or lexical relation.",PASS,PASS,CLEAR,ENTAILED,Cat4
579,How tall is a Struthio camelus?," Birds live worldwide and range in size from the 5 cm bee hummingbird to the 2.75 m ostrich.The ostrich or common ostrich (""Struthio camelus"") is either one or two species of large flightless birds native to Africa, the only living member(s) of the genus ""Struthio"", which is in the ratite family.",The text states a measurement of 2.75 meters.,atomicity;primary_category,2,PASS,PASS,CLEAR,ENTAILED,Cat6,,high,"Birds live worldwide and range in size from the 5 cm bee hummingbird to the 2.75 m ostrich.The ostrich or common ostrich (""Struthio camelus"") is either one or two species of large flightless birds native to Africa, the only living member(s) of the genus ""Struthio"", which is in the ratite family.",The context explicitly gives the ostrich size as 2.75 meters.,FAIL,PASS,CLEAR,ENTAILED,INVALID,HIGH,"Birds live worldwide and range in size from the 5 cm bee hummingbird to the 2.75 m ostrich.The ostrich or common ostrich (""Struthio camelus"") is either one or two species of large flightless birds native to Africa, the only living member(s) of the genus ""Struthio"", which is in the ratite family.",INVALID: Deictic measurement statement omits the ostrich entity.,FAIL,PASS,CLEAR,ENTAILED,INVALID
582,Eugene Isaac Meyer was the father of a publisher whose memoir won what in 1998?,"Eugene Isaac Meyer (October 31, 1875 – July 17, 1959) was an American financier, public official, and newspaper publisher. He was the father of publisher Katharine Graham and portrait photographer Florence Meyer.Katharine Meyer Graham (June 16, 1917 – July 17, 2001) was an American publisher. Her memoir, ""Personal History"", won the Pulitzer Prize in 1998.",The publisher's memoir won a book award in 1998.,question_relevance;evidence_relation;primary_category,3,PASS,PASS,CLEAR,NOT_ENOUGH_INFO,Cat1,,medium,"Her memoir, ""Personal History"", won the Pulitzer Prize in 1998.",The context links the publisher and memoir but the generic 'book award' formulation does not identify the specific 1998 award.,PASS,FAIL,CLEAR,ENTAILED,INVALID,HIGH,"Eugene Isaac Meyer (October 31, 1875 ‚Ä?July 17, 1959) was an American financier, public official, and newspaper publisher. || Her memoir, ""Personal History"", won the Pulitzer Prize in 1998.",INVALID: Generic award type does not identify the Pulitzer Prize.,PASS,FAIL,CLEAR,ENTAILED,Cat1
584,"How many times did the star of the film  ""Beau James"" host the Academy Awards show ?"," The musical describes the rise and fall of New York City Mayor Jimmy Walker, whose career was marred by corruption it was a romanticized version of Walker's tenure as mayor as presented in the 1957 film ""Beau James"", starring Bob Hope. In addition to hosting the Academy Awards show nineteen times, more than any other host, he appeared in many stage productions and television roles, and was the author of 14 books.","The star of ""Beau James"" hosted several Academy Awards shows.",question_relevance;evidence_clarity;evidence_relation;primary_category,4,PASS,PASS,CLEAR,NOT_ENOUGH_INFO,Cat3,Cat6,medium,"In addition to hosting the Academy Awards show nineteen times, more than any other host, he appeared in many stage productions and television roles, and was the author of 14 books.","The context indicates Bob Hope hosted Academy Awards shows, but 'several' does not provide the requested number and is not quantified here.",PASS,FAIL,AMBIGUOUS,ENTAILED,INVALID,HIGH,"The musical describes the rise and fall of New York City Mayor Jimmy Walker, whose career was marred by corruption it was a romanticized version of Walker's tenure as mayor as presented in the 1957 film ""Beau James"", starring Bob Hope. || In addition to hosting the Academy Awards show nineteen times, more than any other host, he appeared in many stage productions and television roles, and was the author of 14 books.",INVALID: Imprecise frequency word does not provide the requested count of nineteen.,PASS,FAIL,CLEAR,NOT_ENOUGH_INFO,INVALID
586,Who publishes a horror game with protagonist Ellie?,"Ellie is a fictional character in the 2013 video game ""The Last of Us"", and the main protagonist of the upcoming video game ""The Last of Us Part II"".The Last of Us Part II is an upcoming action-adventure survival horror video game developed by Naughty Dog and published by Sony Interactive Entertainment for PlayStation 4.",The horror game with protagonist Ellie is published exclusively by Microsoft.,primary_category,1,PASS,PASS,CLEAR,CONTRADICTED,Cat3,Cat1,high,"Ellie is a fictional character in the 2013 video game ""The Last of Us"", and the main protagonist of the upcoming video game ""The Last of Us Part II"".The Last of Us Part II is an upcoming action-adventure survival horror video game developed by Naughty Dog and published by Sony Interactive Entertainm","The context states the game was published by Sony Interactive Entertainment for PlayStation 4, not exclusively by Microsoft.",PASS,PASS,CLEAR,CONTRADICTED,Cat1,HIGH,"Ellie is a fictional character in the 2013 video game ""The Last of Us"", and the main protagonist of the upcoming video game ""The Last of Us Part II"".The Last of Us Part II is an upcoming action-adventure survival horror video game developed by Naughty Dog and published by Sony Interactive Entertainm","Primary operation: direct entity, alias, attribute, membership, or lexical relation.",PASS,PASS,CLEAR,CONTRADICTED,Cat3
599,"John Spalvins, born Janis Gunnars Spalvins, in 1936, in Latvia, was Managing Director of the Adelaide Steamship Company from 1977 until the company's collapse in 1991, it was formed by a group of South Australian businessmen in which year?","John Spalvins, born Janis Gunnars Spalvins, in 1936, in Latvia, was Managing Director of the Adelaide Steamship Company from 1977 until the company's collapse in 1991.The Adelaide Steamship Company was formed by a group of South Australian businessmen in 1875.",The Adelaide Steamship Company was not founded by John Spalvins.,question_relevance;primary_category,2,PASS,PASS,CLEAR,ENTAILED,Cat2,Cat1,medium,"John Spalvins, born Janis Gunnars Spalvins, in 1936, in Latvia, was Managing Director of the Adelaide Steamship Company from 1977 until the company's collapse in 1991.The Adelaide Steamship Company was formed by a group of South Australian businessmen in 1875.","The context says the company was formed by a group of businessmen in 1875, supporting that Spalvins was not its founder.",PASS,FAIL,CLEAR,ENTAILED,INVALID,HIGH,"John Spalvins, born Janis Gunnars Spalvins, in 1936, in Latvia, was Managing Director of the Adelaide Steamship Company from 1977 until the company's collapse in 1991.The Adelaide Steamship Company was formed by a group of South Australian businessmen in 1875.",INVALID: Founder negation does not provide the company's formation year.,PASS,FAIL,CLEAR,ENTAILED,Cat2
603,"Which American singer, songwriter and record producer born in 1977 sang at the 2014 Billboard Music Awards?","""Get Her Back"" is a song by American recording artist Robin Thicke. Thicke performed and premiered the song live at the 2014 Billboard Music Awards, which generated attention before and after the awards ceremony.Robin Charles Thicke (born March 10, 1977) is an American singer, songwriter and record producer.",Robin Thicke is a person.,question_relevance;primary_category,2,PASS,PASS,CLEAR,ENTAILED,Cat1,,medium,"Thicke performed and premiered the song live at the 2014 Billboard Music Awards, which generated attention before and after the awards ceremony.Robin Charles Thicke (born March 10, 1977) is an American singer, songwriter and record producer.",The context identifies Robin Thicke as the 1977-born artist who performed at the 2014 awards.,PASS,FAIL,CLEAR,ENTAILED,INVALID,HIGH,"""Get Her Back"" is a song by American recording artist Robin Thicke. || Thicke performed and premiered the song live at the 2014 Billboard Music Awards, which generated attention before and after the awards ceremony.Robin Charles Thicke (born March 10, 1977) is an American singer, songwriter and record producer.",INVALID: Vacuous person classification does not establish Thicke's performance relation.,PASS,FAIL,CLEAR,ENTAILED,INVALID
604,"Who wrote and directed ""Tiger and Crane Fist"", a parody of a martial arts film, which usually contain numerous martial arts fights?"," Written, directed by and starring Steve Oedekerk, it uses footage from the 1976 Hong Kong martial arts film ""Tiger and Crane Fist"" (also called ""Savage Killers""), along with new footage shot by Oedekerk, to create an original, unrelated plot. A subgenre of the action film, martial arts films contain numerous martial arts fights between characters.",Steve Oedekerk shot his new footage before the film 'Tiger and Crane Fist' was released.,question_relevance;primary_category,2,PASS,PASS,CLEAR,NOT_ENOUGH_INFO,Cat4,Cat1,medium,"Written, directed by and starring Steve Oedekerk, it uses footage from the 1976 Hong Kong martial arts film ""Tiger and Crane Fist"" (also called ""Savage Killers""), along with new footage shot by Oedekerk, to create an original, unrelated plot.",The context says Oedekerk used footage from the 1976 film but does not establish that his new footage was shot before that film's release.,PASS,FAIL,CLEAR,NOT_ENOUGH_INFO,INVALID,HIGH,"Written, directed by and starring Steve Oedekerk, it uses footage from the 1976 Hong Kong martial arts film ""Tiger and Crane Fist"" (also called ""Savage Killers""), along with new footage shot by Oedekerk, to create an original, unrelated plot. || A subgenre of the action film, martial arts films contain numerous martial arts fights between characters.",INVALID: Production chronology does not state that Oedekerk wrote and directed the parody.,PASS,PASS,CLEAR,NOT_ENOUGH_INFO,Cat4
605,Who sang i can't let maggie go?,"I Can't Let Maggie Go ""I Can't Let Maggie Go"" is a song by the British pop group Honeybus from early 1968. Written by band member Pete Dello, it was released as a non-album single. The song became an international Top 20 hit, reaching number 13 in New Zealand and number 11 in Ireland. It did best in their native United Kingdom, where it reached number eight in the UK Singles Chart. ""I Can't Let Maggie Go"" was included on the group's later compilation LPs, ""Honeybus at Their Best"" and ""Old Masters Hidden Treasures"". The song was also a top

with 1968's ""I Can't Let Maggie Go"", which was so popular that it earned the band a cover photo on the popular music magazine, ""Disc and Music Echo"", for which they posed atop a red London bus. ""I Can't Let Maggie Go"" reached Number 8 in the UK Singles Chart, in April 1968, staying in the Top 40 for over two months. Dello resigned in August 1968. The band recruited Jim Kelly on guitar and vocals to replace him and Cane began songwriting and performing lead vocals. This line-up scored minor successes with ""She Sold Blackpool Rock"" and ""Girl Of

10 hit in Italy, with a 1968 version made by Equipe 84, entitled ""Un angelo blu"" (""A blue angel""). It enjoyed an unexpected reprise in popularity in the 1970s, when it was used as the soundtrack for a television advertisement for ""Nimble"", a bread produced for slimmers. ""I Can't Let Maggie Go"" has been covered by J. Vincent Edwards in 1974, as well as by the Sideburns in 1993. David Essex included his own version on the 2005 compilation album, ""The Complete Collection"". I Can't Let Maggie Go ""I Can't Let Maggie Go"" is a song by the British pop","The song ""I Can't Let Maggie Go"" has been covered by the Sideburns in 1993.",question_relevance;primary_category,2,PASS,FAIL,CLEAR,ENTAILED,INVALID,Cat4,high,"""I Can't Let Maggie Go"" has been covered by J.",The cover-version fact is supported but does not answer who sang the original.,PASS,PASS,CLEAR,ENTAILED,Cat1,MEDIUM,"I Can't Let Maggie Go ""I Can't Let Maggie Go"" is a song by the British pop group Honeybus from early 1968. || The song was also a top with 1968's ""I Can't Let Maggie Go"", which was so popular that it earned the band a cover photo on the popular music magazine, ""Disc and Music Echo"", for which they posed atop a red London bus.","Primary operation: direct entity, alias, attribute, membership, or lexical relation.",PASS,PASS,CLEAR,ENTAILED,Cat1
607,Renne Montagne and Steve Inskeep successed which Peabody Award-winning member of the National Radio Hall of Fame on NPR's Morning Edition?,"Renée Montagne (pronounced Mon-TAIN) is an American radio journalist and was the co-host (with Steve Inskeep and David Greene) of National Public Radio's weekday morning news program, ""Morning Edition"", from May 2004 to November 11, 2016. Montagne and Inskeep succeeded longtime host Bob Edwards, initially as interim replacements, and Greene joined the team in 2012.Robert Alan ""Bob"" Edwards (born May 16, 1947) is an American broadcast journalist, a Peabody Award-winning member of the National Radio Hall of Fame.",Steve Inskeep succeeded a member of the National Radio Hall of Fame on NPR's Morning Edition.,question_relevance;primary_category,2,PASS,PASS,CLEAR,ENTAILED,Cat1,,medium,"Montagne and Inskeep succeeded longtime host Bob Edwards, initially as interim replacements, and Greene joined the team in 2012.Robert Alan ""Bob"" Edwards (born May 16, 1947) is an American broadcast journalist, a Peabody Award-winning member of the National Radio Hall of Fame.","The claim correctly states that Steve Inskeep succeeded the Hall of Fame host, though it omits Bob Edwards's name.",PASS,FAIL,CLEAR,ENTAILED,INVALID,HIGH,"Ren√©e Montagne (pronounced Mon-TAIN) is an American radio journalist and was the co-host (with Steve Inskeep and David Greene) of National Public Radio's weekday morning news program, ""Morning Edition"", from May 2004 to November 11, 2016. || Montagne and Inskeep succeeded longtime host Bob Edwards, initially as interim replacements, and Greene joined the team in 2012.Robert Alan ""Bob"" Edwards (born May 16, 1947) is an American broadcast journalist, a Peabody Award-winning member of the National Radio Hall of Fame.",INVALID: Generic succession statement omits Bob Edwards's identity.,PASS,FAIL,CLEAR,ENTAILED,INVALID
609,"""The Twentieth Century is Almost Over"" was re-recorded five years later by Cash and Waylon Jennings, Kris Kristofferson, and Willie Nelson, one of the most recognized artists in what type of music?"," ""The Twentieth Century is Almost Over"" was re-recorded five years later by Cash and Waylon Jennings, Willie Nelson and Kris Kristofferson, collectively known as The Highwaymen, on their first album entitled ""Highwayman"", though it was, in essence, a duet with Nelson. The critical success of the album ""Shotgun Willie"" (1973), combined with the critical and commercial success of ""Red Headed Stranger"" (1975) and ""Stardust"" (1978), made Nelson one of the most recognized artists in country music.","""The Twentieth Century Is Almost Over"" was not re-recorded by Willie Nelson alone.",question_relevance;primary_category,2,PASS,PASS,CLEAR,ENTAILED,Cat2,Cat3,high,"""The Twentieth Century is Almost Over"" was re-recorded five years later by Cash and Waylon Jennings, Willie Nelson and Kris Kristofferson, collectively known as The Highwaymen, on their first album entitled ""Highwayman"", though it was, in essence, a duet with Nelson.","The context states the song was re-recorded by Cash, Jennings, Nelson, and Kristofferson, not Nelson alone.",PASS,FAIL,CLEAR,ENTAILED,INVALID,HIGH,"""The Twentieth Century is Almost Over"" was re-recorded five years later by Cash and Waylon Jennings, Willie Nelson and Kris Kristofferson, collectively known as The Highwaymen, on their first album entitled ""Highwayman"", though it was, in essence, a duet with Nelson. || The critical success of the album ""Shotgun Willie"" (1973), combined with the critical and commercial success of ""Red Headed Stranger"" (1975) and ""Stardust"" (1978), made Nelson one of the most recognized artists in country music.",INVALID: Performer-scope negation does not identify country music.,PASS,FAIL,CLEAR,ENTAILED,Cat2
616,"The Seattle Fighter Wing was a unit of the United States Air Force, active during the Pacific War of which span of years, it was based in the Northwestern United States?","The Seattle Fighter Wing was a unit of the United States Air Force, active during the Pacific War of 1942-45.The Northwestern United States is an informal geographic region of the United States.",The Seattle Fighter Wing was active during the Civil War.,primary_category,1,PASS,PASS,CLEAR,CONTRADICTED,Cat4,Cat1,high,"The Seattle Fighter Wing was a unit of the United States Air Force, active during the Pacific War of 1942-45.The Northwestern United States is an informal geographic region of the United States.","The context states the unit was active during the Pacific War, 1942–45, not the Civil War.",PASS,PASS,CLEAR,CONTRADICTED,Cat1,HIGH,"The Seattle Fighter Wing was a unit of the United States Air Force, active during the Pacific War of 1942-45.The Northwestern United States is an informal geographic region of the United States.","Primary operation: direct entity, alias, attribute, membership, or lexical relation.",PASS,PASS,CLEAR,CONTRADICTED,Cat4
619,E'Shun Melvin was the voice of Young Boyd on Teen Wolf  developed by Jeff Davis for what television network," He is best known for his role as Noah on the BET original comedy television series Real Husbands of Hollywood, and for providing the voice of Young Boyd on Teen Wolf.Teen Wolf is an American television series developed by Jeff Davis for MTV.",MTV must extract every distinct factual statement present in the input.,atomicity;evidence_clarity,2,PASS,FAIL,CLEAR,NOT_ENOUGH_INFO,INVALID,Cat1,high,"He is best known for his role as Noah on the BET original comedy television series Real Husbands of Hollywood, and for providing the voice of Young Boyd on Teen Wolf.Teen Wolf is an American television series developed by Jeff Davis for MTV.","This is an extraction instruction artifact, not a factual answer.",FAIL,FAIL,AMBIGUOUS,NOT_ENOUGH_INFO,INVALID,HIGH,"He is best known for his role as Noah on the BET original comedy television series Real Husbands of Hollywood, and for providing the voice of Young Boyd on Teen Wolf.Teen Wolf is an American television series developed by Jeff Davis for MTV.",INVALID: Prompt-like instruction is not a factual proposition.,PASS,FAIL,CLEAR,NOT_ENOUGH_INFO,INVALID
621," ""The Twentieth Century is Almost Over"" was re-recorded five years later by Cash and Waylon Jennings,  Kris Kristofferson, and  Willie Nelson, one of the most recognized artists in what type of music?"," ""The Twentieth Century is Almost Over"" was re-recorded five years later by Cash and Waylon Jennings, Willie Nelson and Kris Kristofferson, collectively known as The Highwaymen, on their first album entitled ""Highwayman"", though it was, in essence, a duet with Nelson. The critical success of the album ""Shotgun Willie"" (1973), combined with the critical and commercial success of ""Red Headed Stranger"" (1975) and ""Stardust"" (1978), made Nelson one of the most recognized artists in country music.",Kristofferson is one of the most recognized artists in folk music.,question_relevance;primary_category,2,PASS,PASS,CLEAR,NOT_ENOUGH_INFO,Cat1,,medium,"""The Twentieth Century is Almost Over"" was re-recorded five years later by Cash and Waylon Jennings, Willie Nelson and Kris Kristofferson, collectively known as The Highwaymen, on their first album entitled ""Highwayman"", though it was, in essence, a duet with Nelson.",The context identifies Kristofferson among The Highwaymen but does not establish the claimed folk-music classification.,PASS,FAIL,CLEAR,NOT_ENOUGH_INFO,INVALID,HIGH,"""The Twentieth Century is Almost Over"" was re-recorded five years later by Cash and Waylon Jennings, Willie Nelson and Kris Kristofferson, collectively known as The Highwaymen, on their first album entitled ""Highwayman"", though it was, in essence, a duet with Nelson. || The critical success of the album ""Shotgun Willie"" (1973), combined with the critical and commercial success of ""Red Headed Stranger"" (1975) and ""Stardust"" (1978), made Nelson one of the most recognized artists in country music.",INVALID: Claim about Kristofferson does not identify Willie Nelson's music genre.,PASS,FAIL,CLEAR,CONTRADICTED,Cat1
624,Battle Born Studios is located in the unincorporated town that is part of what county?,"Battle Born Studios, located in the Winchester, Nevada, is a 2000 sqft recording studio owned by The Killers.Winchester is an unincorporated town and census-designated place (CDP) and part of Las Vegas Township in Clark County, Nevada, United States that contains part of the Las Vegas Strip.",Clark County is the most populous county in the United States without a major league sports team.,question_relevance;primary_category,2,PASS,PASS,CLEAR,NOT_ENOUGH_INFO,Cat5,Cat1,medium,"Battle Born Studios, located in the Winchester, Nevada, is a 2000 sqft recording studio owned by The Killers.Winchester is an unincorporated town and census-designated place (CDP) and part of Las Vegas Township in Clark County, Nevada, United States that contains part of the Las Vegas Strip.","Clark County is the relevant county, but the ranking claim is not stated in the shown context.",PASS,FAIL,CLEAR,NOT_ENOUGH_INFO,INVALID,HIGH,"Battle Born Studios, located in the Winchester, Nevada, is a 2000 sqft recording studio owned by The Killers.Winchester is an unincorporated town and census-designated place (CDP) and part of Las Vegas Township in Clark County, Nevada, United States that contains part of the Las Vegas Strip.",INVALID: Unsupported county ranking does not link Winchester to Clark County.,PASS,FAIL,CLEAR,CONTRADICTED,Cat5
625,Who publishes a horror game with protagonist Ellie?,"Ellie is a fictional character in the 2013 video game ""The Last of Us"", and the main protagonist of the upcoming video game ""The Last of Us Part II"".The Last of Us Part II is an upcoming action-adventure survival horror video game developed by Naughty Dog and published by Sony Interactive Entertainment for PlayStation 4.",Naughty Dog only develops video games for PlayStation 4.,question_relevance;primary_category,2,PASS,PASS,CLEAR,NOT_ENOUGH_INFO,Cat3,Cat1,medium,"Ellie is a fictional character in the 2013 video game ""The Last of Us"", and the main protagonist of the upcoming video game ""The Last of Us Part II"".The Last of Us Part II is an upcoming action-adventure survival horror video game developed by Naughty Dog and published by Sony Interactive Entertainm",The context establishes one PlayStation 4 title but not the universal claim that Naughty Dog only develops PS4 games.,PASS,FAIL,CLEAR,NOT_ENOUGH_INFO,INVALID,HIGH,"Ellie is a fictional character in the 2013 video game ""The Last of Us"", and the main protagonist of the upcoming video game ""The Last of Us Part II"".The Last of Us Part II is an upcoming action-adventure survival horror video game developed by Naughty Dog and published by Sony Interactive Entertainm",INVALID: Unsupported developer platform scope does not identify the publisher.,PASS,FAIL,CLEAR,NOT_ENOUGH_INFO,Cat3
627,E'Shun Melvin was the voice of Young Boyd on Teen Wolf  developed by Jeff Davis for what television network," He is best known for his role as Noah on the BET original comedy television series Real Husbands of Hollywood, and for providing the voice of Young Boyd on Teen Wolf.Teen Wolf is an American television series developed by Jeff Davis for MTV.",MTV must not omit any statements regardless of their factual accuracy.,atomicity;evidence_clarity,2,PASS,FAIL,CLEAR,NOT_ENOUGH_INFO,INVALID,Cat1,high,"He is best known for his role as Noah on the BET original comedy television series Real Husbands of Hollywood, and for providing the voice of Young Boyd on Teen Wolf.Teen Wolf is an American television series developed by Jeff Davis for MTV.",This is an annotation instruction artifact rather than a factual answer.,FAIL,FAIL,AMBIGUOUS,NOT_ENOUGH_INFO,INVALID,HIGH,"He is best known for his role as Noah on the BET original comedy television series Real Husbands of Hollywood, and for providing the voice of Young Boyd on Teen Wolf.Teen Wolf is an American television series developed by Jeff Davis for MTV.",INVALID: Prompt-like instruction is not a factual proposition.,FAIL,FAIL,AMBIGUOUS,NOT_ENOUGH_INFO,INVALID
629,What is the nationality of the singer-songwriter who wrote the poetry collection Early Work ?,"Early Work is a poetry collection by Patti Smith, published in 1994.Patricia Lee Smith (born December 30, 1946) is an American singer-songwriter, poet, and visual artist who became an influential component of the New York City punk rock movement with her 1975 debut album ""Horses"".",Early Work is the only poetry collection written by Patti Smith.,question_relevance;primary_category,2,PASS,PASS,CLEAR,NOT_ENOUGH_INFO,Cat3,Cat1,medium,"Early Work is a poetry collection by Patti Smith, published in 1994.Patricia Lee Smith (born December 30, 1946) is an American singer-songwriter, poet, and visual artist who became an influential component of the New York City punk rock movement with her 1975 debut album ""Horses"".",The context identifies Early Work as a Patti Smith collection but does not establish it is her only poetry collection.,PASS,FAIL,CLEAR,NOT_ENOUGH_INFO,INVALID,HIGH,"Early Work is a poetry collection by Patti Smith, published in 1994.Patricia Lee Smith (born December 30, 1946) is an American singer-songwriter, poet, and visual artist who became an influential component of the New York City punk rock movement with her 1975 debut album ""Horses"".",INVALID: Unsupported exclusivity claim does not provide Patti Smith's nationality.,PASS,FAIL,CLEAR,NOT_ENOUGH_INFO,Cat3
630,"What structure does Proctor, North Carolina and Fontana Lake have in common?"," The town was flooded by Fontana Lake, which was created by the construction of the Fontana Dam, and remains submerged unless lake levels are very low.Fontana Lake is a reservoir impounded by Fontana Dam on the Little Tennessee River located in Graham and Swain counties in North Carolina.","The structure of Proctor, North Carolina is different from the structure of Fontana Lake.",evidence_clarity;evidence_relation,2,PASS,PASS,CLEAR,CONTRADICTED,Cat5,Cat1,medium,"The town was flooded by Fontana Lake, which was created by the construction of the Fontana Dam, and remains submerged unless lake levels are very low.Fontana Lake is a reservoir impounded by Fontana Dam on the Little Tennessee River located in Graham and Swain counties in North Carolina.","Both are linked by Fontana Dam, so saying their structures are different does not match the shared-structure relation asked.",PASS,PASS,AMBIGUOUS,AMBIGUOUS,Cat5,LOW,"The town was flooded by Fontana Lake, which was created by the construction of the Fontana Dam, and remains submerged unless lake levels are very low.Fontana Lake is a reservoir impounded by Fontana Dam on the Little Tennessee River located in Graham and Swain counties in North Carolina.","Primary operation: comparison, ranking, relative magnitude, or superlative.",PASS,PASS,AMBIGUOUS,CONTRADICTED,Cat5
635,Who chaired the ceremony in which the film written by Canet and Philippe Lefebvre won the award for Best Film?," The ceremony was chaired by Isabelle Mergault. ""Tell No One"" won the award for Best Film. Written by Canet and Philippe Lefebvre and starring François Cluzet, the film won four categories at the 2007 César Awards in France: Best Director (Guillaume Canet), Best Actor (François Cluzet), Best Editing and Best Music Written for a Film.",Isabelle Mergault has directed several other films.,question_relevance;primary_category,2,PASS,PASS,CLEAR,NOT_ENOUGH_INFO,Cat1,,medium,"Written by Canet and Philippe Lefebvre and starring François Cluzet, the film won four categories at the 2007 César Awards in France: Best Director (Guillaume Canet), Best Actor (François Cluzet), Best Editing and Best Music Written for a Film.","Isabelle Mergault is the requested chair, but the additional directing-career claim is not stated here.",PASS,FAIL,CLEAR,NOT_ENOUGH_INFO,INVALID,HIGH,"The ceremony was chaired by Isabelle Mergault. || Written by Canet and Philippe Lefebvre and starring Fran√ßois Cluzet, the film won four categories at the 2007 C√©sar Awards in France: Best Director (Guillaume Canet), Best Actor (Fran√ßois Cluzet), Best Editing and Best Music Written for a Film.",INVALID: Other directing work does not establish that Mergault chaired the ceremony.,PASS,FAIL,CLEAR,NOT_ENOUGH_INFO,Cat1
641,"Abraham Roqueñi Iglesias (born April 16, 1978) is a Spanish welterweight kickboxer, he holds notable wins over Andy Souwer, a Dutch welterweight shoot boxer, a two time K-1 World MAX champion, in which years?"," He holds notable wins over Gago Drago, Luis Reis, Andy Souwer and Artur Kyshenko. He is two time K-1 World MAX champion (2005, 2007) as well as a four time Shootboxing World tournament champion, fighting out of Mejiro Gym, Amsterdam, Netherlands.",Abraham Roqueñi Iglesias defeated Andy Souwer in 2015.,question_relevance;primary_category,2,PASS,PASS,CLEAR,NOT_ENOUGH_INFO,Cat4,Cat1,medium,"He holds notable wins over Gago Drago, Luis Reis, Andy Souwer and Artur Kyshenko.",The context lists Souwer's championship years but does not state a 2015 defeat by Roqueñi.,PASS,FAIL,CLEAR,NOT_ENOUGH_INFO,INVALID,HIGH,"He holds notable wins over Gago Drago, Luis Reis, Andy Souwer and Artur Kyshenko. || He is two time K-1 World MAX champion (2005, 2007) as well as a four time Shootboxing World tournament champion, fighting out of Mejiro Gym, Amsterdam, Netherlands.",INVALID: Unsupported bout year does not provide Souwer's championship years.,PASS,FAIL,CLEAR,NOT_ENOUGH_INFO,Cat4
643,What year was the latest recipient of The European Film Award for Best Actor released?,The European Film Award for Best Actor is awarded by the European Film Academy to actors of European language films.Youth is a 2015 Italian comedy-drama film written and directed by Paolo Sorrentino.,The latest recipient of The European Film Award for Best Actor was released in 2014.,atomicity;evidence_clarity;primary_category,3,PASS,PASS,CLEAR,CONTRADICTED,Cat4,Cat1,high,The European Film Award for Best Actor is awarded by the European Film Academy to actors of European language films.Youth is a 2015 Italian comedy-drama film written and directed by Paolo Sorrentino.,"The context identifies Youth as a 2015 film, contradicting 2014.",FAIL,PASS,AMBIGUOUS,CONTRADICTED,INVALID,HIGH,The European Film Award for Best Actor is awarded by the European Film Academy to actors of European language films.Youth is a 2015 Italian comedy-drama film written and directed by Paolo Sorrentino.,INVALID: Malformed proposition treats a recipient as a released work and gives the wrong year.,FAIL,PASS,AMBIGUOUS,CONTRADICTED,INVALID
644,What is a small network appliance and entertainment device that serves as a the media player for the iTunes Store?," It also serves as a media player for television shows and films purchased in the iTunes Store, replacing the ""Videos"" application on earlier versions of iOS.Apple TV is a digital media player and microconsole developed and sold by Apple Inc. It is a small network appliance and entertainment device that can receive digital data from a number of sources and stream it to a capable television.",Apple TV is a client device for content CompactFlash Type LXXVI.,atomicity;question_relevance;evidence_clarity;primary_category,4,PASS,PASS,CLEAR,NOT_ENOUGH_INFO,Cat1,,high,"It also serves as a media player for television shows and films purchased in the iTunes Store, replacing the ""Videos"" application on earlier versions of iOS.Apple TV is a digital media player and microconsole developed and sold by Apple Inc.",The invented CompactFlash attribute is not supported by the Apple TV description.,FAIL,FAIL,AMBIGUOUS,NOT_ENOUGH_INFO,INVALID,HIGH,"It also serves as a media player for television shows and films purchased in the iTunes Store, replacing the ""Videos"" application on earlier versions of iOS.Apple TV is a digital media player and microconsole developed and sold by Apple Inc. || It is a small network appliance and entertainment device that can receive digital data from a number of sources and stream it to a capable television.",INVALID: Malformed device claim does not provide the requested definition.,PASS,PASS,AMBIGUOUS,NOT_ENOUGH_INFO,Cat1
646,Who is Yulia Zagoruychenko's dance partner?,"Riccardo Cocchi (born December 7, 1977, Terni, Italy) is a six-time Latin Dance Champion, with his partner, Yulia Zagoruychenko.Yulia Zagoruychenko (born September 11, 1981) is the current World Latin Dance Champion, with her partner, Riccardo Cocchi.",Riccardo Cocchi is a person.,question_relevance;primary_category,2,PASS,PASS,CLEAR,ENTAILED,Cat1,,medium,"Riccardo Cocchi (born December 7, 1977, Terni, Italy) is a six-time Latin Dance Champion, with his partner, Yulia Zagoruychenko.Yulia Zagoruychenko (born September 11, 1981) is the current World Latin Dance Champion, with her partner, Riccardo Cocchi.","The factoid names Riccardo Cocchi, the partner requested, though phrased minimally.",PASS,FAIL,CLEAR,ENTAILED,INVALID,HIGH,"Riccardo Cocchi (born December 7, 1977, Terni, Italy) is a six-time Latin Dance Champion, with his partner, Yulia Zagoruychenko.Yulia Zagoruychenko (born September 11, 1981) is the current World Latin Dance Champion, with her partner, Riccardo Cocchi.",INVALID: Vacuous person classification does not state the dance partnership.,PASS,FAIL,CLEAR,ENTAILED,Cat1
648,"An edited version of ""Just the Two of Us"" reached number two on the ""Billboard"" Hot 100 behind a song written and composed by Donna Weiss and Jackie DeShannon which spend how many weeks at No. 1 on the ""Billboard"" hot 100?","""Just the Two of Us"" is a 1981 R&B single written by Bill Withers, William Salter and Ralph MacDonald, which was recorded by Grover Washington Jr. and Bill Withers. An edited version reached number two on the ""Billboard"" Hot 100, staying there for 3 weeks, behind ""Morning Train (9 to 5)"" by Sheena Easton and ""Bette Davis Eyes"" by Kim Carnes.""Bette Davis Eyes"" is a song written and composed by Donna Weiss and Jackie DeShannon, and made popular by American singer Kim Carnes. DeShannon recorded it in 1974; Carnes's 1981 version spent nine weeks at No. 1 on the ""Billboard"" Hot 100 and was ""Billboard""' s biggest hit of 1981.","""Bette Davis Eyes"" spent five weeks at No. 1 on the Billboard Hot 100.",evidence_relation,1,PASS,PASS,CLEAR,NOT_ENOUGH_INFO,Cat6,Cat4,medium,"An edited version reached number two on the ""Billboard"" Hot 100, staying there for 3 weeks, behind ""Morning Train (9 to 5)"" by Sheena Easton and ""Bette Davis Eyes"" by Kim Carnes.""Bette Davis Eyes"" is a song written and composed by Donna Weiss and Jackie DeShannon, and made popular by American singer",The context identifies the song but the shown excerpt does not establish five weeks at number one.,PASS,PASS,CLEAR,CONTRADICTED,Cat6,HIGH,"An edited version reached number two on the ""Billboard"" Hot 100, staying there for 3 weeks, behind ""Morning Train (9 to 5)"" by Sheena Easton and ""Bette Davis Eyes"" by Kim Carnes.""Bette Davis Eyes"" is a song written and composed by Donna Weiss and Jackie DeShannon, and made popular by American singer || DeShannon recorded it in 1974; Carnes's 1981 version spent nine weeks at No.","Primary operation: numerical value, measurement, count, or computation.",PASS,PASS,CLEAR,CONTRADICTED,Cat6
650,The 1996 Air Force Falcons finished the season with a 5–3 record in in an American collegiate athletic conference formed on what date?,"The 1996 Air Force Falcons football team competed for the United States Air Force Academy in the 1996 NCAA Division I-A football season. It finished the season with a 6–5 record overall and a 5–3 record in Western Athletic Conference games.The Western Athletic Conference (WAC) is an American collegiate athletic conference formed on July 27, 1962 and affiliated with the National Collegiate Athletic Association (NCAA) Division I.",The conference was not formed in 1962.,evidence_relation,1,PASS,PASS,CLEAR,ENTAILED,Cat2,Cat4,medium,"It finished the season with a 6–5 record overall and a 5–3 record in Western Athletic Conference games.The Western Athletic Conference (WAC) is an American collegiate athletic conference formed on July 27, 1962 and affiliated with the National Collegiate Athletic Association (NCAA) Division I.",The context identifies the conference context; the negated 1962 founding claim is compatible with a different formation date in the full record.,PASS,PASS,CLEAR,CONTRADICTED,Cat2,HIGH,"The 1996 Air Force Falcons football team competed for the United States Air Force Academy in the 1996 NCAA Division I-A football season. || It finished the season with a 6‚Ä? record overall and a 5‚Ä? record in Western Athletic Conference games.The Western Athletic Conference (WAC) is an American collegiate athletic conference formed on July 27, 1962 and affiliated with the National Collegiate Athletic Association (NCAA) Division I.","Primary operation: negation, exclusion, exception, or proposition polarity.",PASS,PASS,CLEAR,ENTAILED,Cat2
660,"What band from Savannah, Georgia did the singer singer John Dyer Bailey sing for?"," Artwork and design were by Baroness singer John Dyer Baizley.Baroness is an American heavy metal band from Savannah, Georgia whose original members grew up together in Lexington, Virginia.",Baroness is considered one of the most innovative and influential bands in modern heavy music.,question_relevance;primary_category,2,PASS,PASS,CLEAR,NOT_ENOUGH_INFO,Cat5,Cat1,medium,"Artwork and design were by Baroness singer John Dyer Baizley.Baroness is an American heavy metal band from Savannah, Georgia whose original members grew up together in Lexington, Virginia.","The factoid concerns Baroness, but the innovation/influence superlative is not supported by the provided context.",PASS,FAIL,CLEAR,NOT_ENOUGH_INFO,INVALID,HIGH,"Artwork and design were by Baroness singer John Dyer Baizley.Baroness is an American heavy metal band from Savannah, Georgia whose original members grew up together in Lexington, Virginia.",INVALID: Unsupported influence ranking does not link Baizley to the band.,PASS,FAIL,CLEAR,NOT_ENOUGH_INFO,Cat5
662,"The 1920 NCAA football season had no clear-cut champion, with the ""Official NCAA Division I Football Records Book"" listing California, Georgia, Harvard, Notre Dame, and Princeton as national champions, Notre Dame was led by its first Walter Camp All-American, nicknamed ""The Gipper"", who died before the year was over, his name?"," Notre Dame was led by its first Walter Camp All-American, George Gipp, who died before the year was over.George Gipp (February 18, 1895 – December 14, 1920), nicknamed ""The Gipper"", was a college football player who played for the University of Notre Dame.","The nickname of the first Walter Camp All-American who died during the 1920 NCAA football season was ""The Gipper.""",question_relevance;primary_category,2,PASS,PASS,CLEAR,ENTAILED,Cat1,,medium,"Notre Dame was led by its first Walter Camp All-American, George Gipp, who died before the year was over.George Gipp (February 18, 1895 – December 14, 1920), nicknamed ""The Gipper"", was a college football player who played for the University of Notre Dame.","The nickname is explicitly stated and helps identify George Gipp, though the question asks for his name.",PASS,FAIL,CLEAR,ENTAILED,INVALID,HIGH,"Notre Dame was led by its first Walter Camp All-American, George Gipp, who died before the year was over.George Gipp (February 18, 1895 ‚Ä?December 14, 1920), nicknamed ""The Gipper"", was a college football player who played for the University of Notre Dame.",INVALID: Repeats the nickname but does not provide George Gipp's name.,PASS,FAIL,CLEAR,ENTAILED,INVALID
663,When did this American Southern rock band with multiple guitar players and a heavy metal drummer reach it's peak?,"Tommy Aldridge (born August 15, 1950) is an American heavy metal and hard rock drummer. Aldridge is noted for his work with numerous bands and artists since the 1970s, such as Black Oak Arkansas, Pat Travers Band, Ozzy Osbourne, Gary Moore, Whitesnake, Ted Nugent, Thin Lizzy, Vinnie Moore & Yngwie Malmsteen.Black Oak Arkansas is an American Southern rock band named after the band's hometown of Black Oak, Arkansas. Their style is punctuated by multiple guitar players and the raspy voice and on-stage antics of vocalist Jim ""Dandy"" Mangrum.",This American Southern rock band never reached its peak.,evidence_relation,1,PASS,PASS,CLEAR,CONTRADICTED,Cat2,Cat4,medium,"Aldridge is noted for his work with numerous bands and artists since the 1970s, such as Black Oak Arkansas, Pat Travers Band, Ozzy Osbourne, Gary Moore, Whitesnake, Ted Nugent, Thin Lizzy, Vinnie Moore & Yngwie Malmsteen.Black Oak Arkansas is an American Southern rock band named after the band's hom","The context describes a long active career and a peak period, contradicting that the band never reached a peak.",PASS,PASS,CLEAR,NOT_ENOUGH_INFO,Cat2,MEDIUM,"Tommy Aldridge (born August 15, 1950) is an American heavy metal and hard rock drummer. || Aldridge is noted for his work with numerous bands and artists since the 1970s, such as Black Oak Arkansas, Pat Travers Band, Ozzy Osbourne, Gary Moore, Whitesnake, Ted Nugent, Thin Lizzy, Vinnie Moore & Yngwie Malmsteen.Black Oak Arkansas is an American Southern rock band named after the band's hom","Primary operation: negation, exclusion, exception, or proposition polarity.",PASS,PASS,CLEAR,NOT_ENOUGH_INFO,Cat2
667,"What railroad company acquired the Johnsonburg, Kane, Warren and Irvine Railroad?"," The JKWI was the designated operator of the Irvine, Warren, Kane & Johnsonburg Railroad, that was a partnership of Brock Railroad (a wholly owned subsidiary of Warren Car Company), Irvine Railroad (a wholly owned subsidiary of National Forge Company) and Struthers Wells Inter-American Corporation (a subsidiary of Struthers Wells), all three being Pennsylvania corporations, and had acquired from Conrail the following railroad line segments: MP 58.52 to MP 66.7 (Irvine to Warren) and MP 92.5 to MP 111.0 (Kane to Johnsonburg).Conrail, the Consolidated Rail Corporation, (reporting mark CR) , was the primary Class I railroad in the Northeastern United States between 1976 and 1999, when its routes were split between the CSX Corporation and Norfolk Southern Railway.",The JKWI had acquired from Conrail the railroad line segment from MP 58.52 to MP 66.7.,evidence_relation;primary_category,2,PASS,PASS,CLEAR,NOT_ENOUGH_INFO,Cat6,Cat1,medium,"The JKWI was the designated operator of the Irvine, Warren, Kane & Johnsonburg Railroad, that was a partnership of Brock Railroad (a wholly owned subsidiary of Warren Car Company), Irvine Railroad (a wholly owned subsidiary of National Forge Company) and Struthers Wells Inter-American Corporation (a",The context concerns a Conrail-acquired line segment but the specific milepost range in the factoid is not established by the shown excerpt.,PASS,PASS,CLEAR,ENTAILED,Cat1,HIGH,"The JKWI was the designated operator of the Irvine, Warren, Kane & Johnsonburg Railroad, that was a partnership of Brock Railroad (a wholly owned subsidiary of Warren Car Company), Irvine Railroad (a wholly owned subsidiary of National Forge Company) and Struthers Wells Inter-American Corporation (a","Primary operation: direct entity, alias, attribute, membership, or lexical relation.",PASS,PASS,CLEAR,ENTAILED,Cat1
668,What connects Reinhard Heydrich and Erich Raeder?," He was sentenced to life in prison at the Nuremberg Trials, but was released early due to failing health. Raeder is also well known for dismissing Reinhard Heydrich from the Reichsmarine in April 1931 for ""conduct unbecoming to an officer and a gentleman"". He was an SS-""Obergruppenführer und General der Polizei"" (Senior Group Leader and General of Police) as well as chief of the Reich Main Security Office (including the Gestapo, Kripo, and SD). Heydrich served as president of the International Criminal Police Commission (ICPC; later known as Interpol) and chaired the January 1942 Wannsee Conference, which formalised plans for the Final Solution to the Jewish Question—the deportation and genocide of all Jews in German-occupied Europe.",Both served as Nazi officials.,evidence_relation,1,PASS,PASS,CLEAR,ENTAILED,Cat1,,medium,"Heydrich served as president of the International Criminal Police Commission (ICPC; later known as Interpol) and chaired the January 1942 Wannsee Conference, which formalised plans for the Final Solution to the Jewish Question—the deportation and genocide of all Jews in German-occupied Europe.",The context places both figures within Nazi-era German military/security institutions; the shared-official relation is broadly supported.,PASS,PASS,CLEAR,NOT_ENOUGH_INFO,Cat1,MEDIUM,"Raeder is also well known for dismissing Reinhard Heydrich from the Reichsmarine in April 1931 for ""conduct unbecoming to an officer and a gentleman"". || Heydrich served as president of the International Criminal Police Commission (ICPC; later known as Interpol) and chaired the January 1942 Wannsee Conference, which formalised plans for the Final Solution to the Jewish Question‚Äîthe deportation and genocide of all Jews in German-occupied Europe.","Primary operation: direct entity, alias, attribute, membership, or lexical relation.",PASS,PASS,CLEAR,ENTAILED,Cat1
672,E'Shun Melvin was the voice of Young Boyd on Teen Wolf  developed by Jeff Davis for what television network," He is best known for his role as Noah on the BET original comedy television series Real Husbands of Hollywood, and for providing the voice of Young Boyd on Teen Wolf.Teen Wolf is an American television series developed by Jeff Davis for MTV.",MTV must not omit any statements.,atomicity;evidence_clarity,2,PASS,FAIL,CLEAR,NOT_ENOUGH_INFO,INVALID,Cat1,high,"He is best known for his role as Noah on the BET original comedy television series Real Husbands of Hollywood, and for providing the voice of Young Boyd on Teen Wolf.Teen Wolf is an American television series developed by Jeff Davis for MTV.","This is an annotation instruction artifact, not a factual answer.",FAIL,FAIL,AMBIGUOUS,NOT_ENOUGH_INFO,INVALID,HIGH,"He is best known for his role as Noah on the BET original comedy television series Real Husbands of Hollywood, and for providing the voice of Young Boyd on Teen Wolf.Teen Wolf is an American television series developed by Jeff Davis for MTV.",INVALID: Prompt-like instruction is not a factual proposition.,FAIL,FAIL,AMBIGUOUS,NOT_ENOUGH_INFO,INVALID
675,What video game magazine was a part subsidiary of a Chinese-owned venture capital organization?,"GamePro was an American multiplatform video game magazine media company that published online and print content covering the video game industry, video game hardware and video game software.International Data Group, Inc. (IDG) is a Chinese-owned, American-based media, data and marketing services and venture capital organization.",GamePro was published by IDG Communications.,primary_category,1,PASS,PASS,CLEAR,ENTAILED,Cat1,,medium,"GamePro was an American multiplatform video game magazine media company that published online and print content covering the video game industry, video game hardware and video game software.International Data Group, Inc.","The context links GamePro to IDG, the Chinese-owned organization described in the question.",PASS,PASS,CLEAR,ENTAILED,Cat7,HIGH,"GamePro was an American multiplatform video game magazine media company that published online and print content covering the video game industry, video game hardware and video game software.International Data Group, Inc. (IDG) is a Chinese-owned, American-based media, data and marketing services and",Verification combines GamePro's publisher relation with IDG's Chinese-owned venture-capital identity.,PASS,PASS,CLEAR,ENTAILED,Cat1
679,Who sings you've got a friend in me in toy story 2?,"Woody sees this and has an epiphany, realizing that his mission as a toy is to be there for a child. (In-universe, the song was presumably written for ""Woody's Roundup"".) The ""Woody's Roundup"" version was performed by Tom Hanks, with acoustic guitar backing; Wheezy's version was sung by Robert Goulet (though the character was voiced by Joe Ranft); and the Spanish version, ""You've Got a Friend in Me (Para el Buzz Español)"", was performed by the Gipsy Kings. Michael Bublé covered ""You've Got a Friend in Me"" on his 2013 album, ""To Be Loved"". The track became a U.S. Adult

You've Got a Friend in Me ""You've Got a Friend in Me"" is a song by Randy Newman. Used as the theme song for the 1995 Disney/Pixar animated film ""Toy Story"", it has since become a major musical component for its sequels, ""Toy Story 2"" (1999) and ""Toy Story 3"" (2010) as well as a musical leitmotif throughout the whole ""Toy Story"" franchise. The song was nominated for both the Academy Award for Best Original Song and the Golden Globe Award for Best Original Song, but lost both to ""Colors of the Wind"" from Disney's ""Pocahontas"". Like many other Disney

Contemporary chart hit, spending 14 weeks on the chart and peaking at number 10. On May 31, 2018, Rex Orange County released a cover of “You’ve Got a Friend in Me”, performing along with Randy Newman, the creator of the song. You've Got a Friend in Me ""You've Got a Friend in Me"" is a song by Randy Newman. Used as the theme song for the 1995 Disney/Pixar animated film ""Toy Story"", it has since become a major musical component for its sequels, ""Toy Story 2"" (1999) and ""Toy Story 3"" (2010) as well as a musical leitmotif throughout the",Wheezy's version of the song 'You've Got a Friend in Me' was not during Woody's Roundup.,evidence_relation,1,PASS,PASS,CLEAR,NOT_ENOUGH_INFO,Cat2,Cat1,medium,"(In-universe, the song was presumably written for ""Woody's Roundup"".) The ""Woody's Roundup"" version was performed by Tom Hanks, with acoustic guitar backing; Wheezy's version was sung by Robert Goulet (though the character was voiced by Joe Ranft); and the Spanish version, ""You've Got a Friend in Me",The context distinguishes the Wheezy and Woody's Roundup versions but does not clearly establish the claimed temporal/exclusion relation.,PASS,PASS,CLEAR,ENTAILED,Cat2,MEDIUM,"Woody sees this and has an epiphany, realizing that his mission as a toy is to be there for a child. (In-universe, the song was presumably written for ""Woody's Roundup"".) The ""Woody's Roundup"" version was performed by Tom Hanks, with acoustic guitar backing; Wheezy's version was sung by Robert Goule || Adult You've Got a Friend in Me ""You've Got a Friend in Me"" is a song by Randy Newman.","Primary operation: negation, exclusion, exception, or proposition polarity.",PASS,PASS,CLEAR,ENTAILED,Cat2
681,Which musician has a solo punk rock project: Toshiko Koshijima or Frank Iero?,"Toshiko Koshijima (こしじま としこ , Koshijima Toshiko , born March 3, 1980 in Kanazawa, Ishikawa) is a Japanese singer.Frank Anthony Iero, Jr. (born October 31, 1981) is an American musician who was the rhythm guitarist and backup vocalist of the rock band My Chemical Romance and post-hardcore band Leathermouth. He has a solo punk rock project titled Frank Iero and the Patience.","Frank Anthony Iero, Jr. is a person.",question_relevance;primary_category,2,PASS,PASS,CLEAR,ENTAILED,Cat1,,medium,"Toshiko Koshijima (こしじま としこ , Koshijima Toshiko , born March 3, 1980 in Kanazawa, Ishikawa) is a Japanese singer.Frank Anthony Iero, Jr.","The factoid names Frank Iero, the musician relevant to the solo punk-rock project, albeit minimally.",PASS,FAIL,CLEAR,ENTAILED,INVALID,HIGH,"Toshiko Koshijima („Åì„Åó„Åò„Åæ „Å®„Åó„Å?, Koshijima Toshiko , born March 3, 1980 in Kanazawa, Ishikawa) is a Japanese singer.Frank Anthony Iero, Jr. (born October 31, 1981) is an American musician who was the rhythm guitarist and backup vocalist of the rock band My Chemical Romance and post-hardcore band Leathe || He has a solo punk rock project titled Frank Iero and the Patience.",INVALID: Vacuous person classification does not establish Iero's solo project.,PASS,PASS,CLEAR,ENTAILED,Cat1
682,What other name was the Hotak dynasty ruled once ruled by Shah Ashraf Hotak known as?,"Shāh Ashraf Hotak, (Pashto, Dari: ), also known as Shāh Ashraf Ghiljī (Pashto: شاه اشرف غلجي‎ ) (died 1730), son of Abdul Aziz Hotak, was the fourth ruler of the Hotak dynasty.The Hotak dynasty or the Hotaki dynasty was an Afghan monarchy of the Ghilji Pashtuns, established in April 1709 by Mirwais Hotak after leading a successful revolution against their declining Persian Safavid overlords in Kandahar.",The Hotaki dynasty was followed by the Afsharid dynasty in 1738 after being toppled by Nader Shah Afshar.,primary_category,1,PASS,PASS,CLEAR,ENTAILED,Cat4,Cat1,medium,"Shāh Ashraf Hotak, (Pashto, Dari: ), also known as Shāh Ashraf Ghiljī (Pashto: شاه اشرف غلجي‎ ) (died 1730), son of Abdul Aziz Hotak, was the fourth ruler of the Hotak dynasty.The Hotak dynasty or the Hotaki dynasty was an Afghan monarchy of the Ghilji Pashtuns, established in April 1709 by Mirwais ","The dynasty succession statement is supported, though it does not provide the alternate dynasty name requested.",PASS,PASS,CLEAR,ENTAILED,Cat1,MEDIUM,"ShƒÅh Ashraf Hotak, (Pashto, Dari: ), also known as ShƒÅh Ashraf Ghiljƒ´ (Pashto: ÿ¥ÿßŸá ÿßÿ¥ÿ±ŸÅ ÿ∫ŸÑÿ¨Ÿä‚Ä?) (died 1730), son of Abdul Aziz Hotak, was the fourth ruler of the Hotak dynasty.The Hotak dynasty or the Hotaki dynasty was an Afghan monarchy of the Ghilji Pashtuns, established in April 1709 by Mirwais ","Primary operation: direct entity, alias, attribute, membership, or lexical relation.",PASS,PASS,CLEAR,ENTAILED,Cat4
683,Was Jan Egil Storholt born in the third largest city in Norway?,"Jan Egil Storholt (born 13 February 1949) is a former speed skater from Norway. He was born in Trondheim. It is the third largest city in the country, with a population (2013) of 169,972 inhabitants within the city borders.",Jan Egil Storholt was born in one of Norway's largest cities.,evidence_clarity;primary_category,2,PASS,PASS,CLEAR,ENTAILED,Cat5,Cat1,medium,Jan Egil Storholt (born 13 February 1949) is a former speed skater from Norway.,"The context explicitly states Trondheim is Norway's third-largest city, supporting the comparative location claim.",PASS,PASS,AMBIGUOUS,ENTAILED,Cat3,MEDIUM,"Jan Egil Storholt (born 13 February 1949) is a former speed skater from Norway. || It is the third largest city in the country, with a population (2013) of 169,972 inhabitants within the city borders.","Primary operation: quantifier, scope, frequency, or boundary.",PASS,PASS,CLEAR,CONTRADICTED,Cat5
687,When did the fur trade began in canada?,"North American fur trade The North American fur trade was the industry and activities related to the acquisition, trade, exchange, and sale of animal furs in North America. Aboriginal peoples in Canada and Native Americans in the United States of different regions traded among themselves in the pre–Columbian Era, but Europeans participated in the trade beginning from the time of their arrival in the New World and extended its reach to Europe. The French started trading in the 16th century, the English established trading posts on Hudson Bay in present-day Canada in the 17th century, and the Dutch had trade

(now called New York) fell into English hands with the 1667 Treaty of Breda. In 1668 the English fur trade entered a new phase. Two French citizens, Pierre-Esprit Radisson and Médard des Groseilliers, had traded with great success west of Lake Superior in 1659–60, but upon their return to Canada, most of their furs were seized by the authorities. Their trading voyage had convinced them that the best fur country was far to the north and west, and could best be reached by ships sailing into Hudson Bay. Their treatment in Canada suggested that they would not find support from

these two groups would lead to the creation of the Métis people, who would be considered the offspring of the fur trade. The North American fur trade began in the seventeenth century when European and Aboriginal people began meeting at the Saint Lawrence River to trade goods. The Europeans were mainly interested in buying furs for the luxury fur and felt market in Europe. Beaver pelts for use in millinery were particularly sought after. Aboriginal people knew the best places and methods for trapping, and therefore became valuable procurers for the Europeans. Because European traders had no knowledge of the","Later in the 1400s, trade between Europeans and First Nations began.",evidence_relation,1,PASS,PASS,CLEAR,NOT_ENOUGH_INFO,Cat4,,medium,The North American fur trade began in the seventeenth century when European and Aboriginal people began meeting at the Saint Lawrence River to trade goods.,The shown context discusses early fur trade but does not establish the specific late-1400s claim.,PASS,PASS,CLEAR,CONTRADICTED,Cat4,HIGH,"Aboriginal peoples in Canada and Native Americans in the United States of different regions traded among themselves in the pre‚ÄìColumbian Era, but Europeans participated in the trade beginning from the time of their arrival in the New World and extended its reach to Europe. || The North American fur trade began in the seventeenth century when European and Aboriginal people began meeting at the Saint Lawrence River to trade goods.","Primary operation: date, duration, temporal position, or event sequence.",PASS,PASS,CLEAR,CONTRADICTED,Cat4
688,"Which private, nonsectarian institution has a famous artist featured in major museum solo shows?"," Swoon has since been featured in major museums including a 2014 solo show, ""Submerged Motherlands"", at the Brooklyn Museum.Pratt Institute is a private, nonsectarian, non-profit institution of higher learning located in the Clinton Hill neighborhood of Brooklyn, New York, United States, with a satellite campus located at 14th Street in Manhattan and an extension campus in Utica, New York (Pratt MWP).",Pratt Institute is known for its strong emphasis on creativity and innovation.,question_relevance;primary_category,2,PASS,PASS,CLEAR,NOT_ENOUGH_INFO,Cat1,,medium,"Swoon has since been featured in major museums including a 2014 solo show, ""Submerged Motherlands"", at the Brooklyn Museum.Pratt Institute is a private, nonsectarian, non-profit institution of higher learning located in the Clinton Hill neighborhood of Brooklyn, New York, United States, with a satel","Pratt Institute is the relevant institution, but the creativity/innovation reputation claim is not stated.",PASS,FAIL,CLEAR,NOT_ENOUGH_INFO,INVALID,HIGH,"Swoon has since been featured in major museums including a 2014 solo show, ""Submerged Motherlands"", at the Brooklyn Museum.Pratt Institute is a private, nonsectarian, non-profit institution of higher learning located in the Clinton Hill neighborhood of Brooklyn, New York, United States, with a satel",INVALID: Unsupported reputation claim does not link the artist to Pratt Institute.,PASS,FAIL,CLEAR,NOT_ENOUGH_INFO,Cat1
690,Who owns green and black's organic chocolate?,"Green & Black's Green & Black's is a British chocolate company founded in 1991. The company produces a range of organic products, including: chocolate bars, ice cream, biscuits and hot chocolate, with its principal manufacturing sites in Canada, Poland, and Italy. It was bought by Cadbury in 2005, and later became part of Mondelēz International (formerly known as Kraft Foods). Green & Black's was founded in 1991 by the couple Craig Sams and Josephine Fairley, organic food pioneer and journalist respectively. The name was derived from a wordplay — ""Green"" standing for the environmental concerns of the founders, and ""Black""

are Fairtrade Certified. On 15 October 2012 Mondelēz Global LLC conducted voluntary U.S. recall of Green & Black’s organic peanut and sea salt milk chocolate bar due to possible health risk. Green & Black's Green & Black's is a British chocolate company founded in 1991. The company produces a range of organic products, including: chocolate bars, ice cream, biscuits and hot chocolate, with its principal manufacturing sites in Canada, Poland, and Italy. It was bought by Cadbury in 2005, and later became part of Mondelēz International (formerly known as Kraft Foods). Green & Black's was founded in 1991 by the

Grain, the following year. He and his brother Greg and their father Ken edited and published 'Seed, the Journal of Organic Living' 1971-1977. In 1970 Greg and Craig set up Harmony Foods, which eventually became known as Whole Earth Foods. In 1991, with his partner Josephine Fairley, he founded Green & Black's chocolate, which was sold to Cadbury in 2005. He continues to be involved with the company. He writes a monthly column in the organic products section of Natural Product News From 1990 until 2001 he was honorary treasurer of the Soil Association, the British organic food and farming",Green & Black's was founded by Josephine Fairley.,question_relevance;primary_category,2,PASS,PASS,CLEAR,ENTAILED,Cat1,,medium,"Green & Black's was founded in 1991 by the couple Craig Sams and Josephine Fairley, organic food pioneer and journalist respectively.","The context explicitly states Josephine Fairley was a founder, though the question asks current ownership.",PASS,FAIL,CLEAR,ENTAILED,INVALID,HIGH,"Green & Black's was founded in 1991 by the couple Craig Sams and Josephine Fairley, organic food pioneer and journalist respectively. || In 1991, with his partner Josephine Fairley, he founded Green & Black's chocolate, which was sold to Cadbury in 2005.",INVALID: Foundership does not answer current ownership.,PASS,FAIL,CLEAR,ENTAILED,Cat1
692,What is a small network appliance and entertainment device that serves as a the media player for the iTunes Store?," It also serves as a media player for television shows and films purchased in the iTunes Store, replacing the ""Videos"" application on earlier versions of iOS.Apple TV is a digital media player and microconsole developed and sold by Apple Inc. It is a small network appliance and entertainment device that can receive digital data from a number of sources and stream it to a capable television.",Apple TV is the smallest network appliance developed by Apple Inc.,question_relevance;primary_category,2,PASS,PASS,CLEAR,NOT_ENOUGH_INFO,Cat5,Cat1,medium,"It also serves as a media player for television shows and films purchased in the iTunes Store, replacing the ""Videos"" application on earlier versions of iOS.Apple TV is a digital media player and microconsole developed and sold by Apple Inc.",The context calls Apple TV a small network appliance but does not establish it as Apple's smallest.,PASS,FAIL,CLEAR,NOT_ENOUGH_INFO,INVALID,HIGH,"It also serves as a media player for television shows and films purchased in the iTunes Store, replacing the ""Videos"" application on earlier versions of iOS.Apple TV is a digital media player and microconsole developed and sold by Apple Inc. || It is a small network appliance and entertainment device that can receive digital data from a number of sources and stream it to a capable television.",INVALID: Unsupported size superlative does not provide the requested device definition.,PASS,PASS,CLEAR,CONTRADICTED,Cat5
695,Was the memphis belle the first to complete 25 missions?,"chosen by the Eighth Air Force from those who had flown combat aboard, led by Capt. Morgan, for a 31-city war bond tour. Morgan's original co-pilot was Capt. James A. Verinis, who himself piloted the ""Memphis Belle"" for one mission. Verinis was promoted to aircraft commander of another B-17 for his final 16 missions and finished his tour on 13 May. He rejoined Morgan's crew as co-pilot for the flight back to the United States. The B-17 ""Hell's Angels"" (41-24577) of the 303rd Bomb Group completed 25 combat missions on 13 May 1943, becoming the first B-17 to complete the

of the 324th Bomb Squadron (Heavy); the squadron code ""DF"" and individual aircraft letter ""A."" Captain Robert K. Morgan's crew flew 29 combat missions with the 324th Bomb Squadron, all but four in the ""Memphis Belle"". The aircraft's 25 combat missions, which included eight German aircraft shot down by her crew, were: <nowiki>*</nowiki> Sources disagree on which two of these three missions the ""Memphis Belle"" received mission credits for. Morgan's crew completed the following missions in B-17s other than the ""Memphis Belle"": The aircraft was then flown back to the United States on 8 June 1943, by a composite crew

had been the pilot on the majority of the missions flown by the B-17 Flying Fortress, ""Memphis Belle"", when it was designated the official ""first"" bomber to complete 25 operations, while flying with the 91st Bomb Group, VIII Bomber Command, in the European Theatre of Operations. (""Hell's Angels"", of the 303d Bomb Group, actually beat the ""Belle"" by one week.) ""Memphis Belle"" was the first combat-veteran bomber to return to the United States as part of a publicity campaign to sell war bonds. Morgan flew the plane all over the United States for bond rallies. Promoted to Major, Morgan flew",The Memphis Belle completed 25 missions.,primary_category,1,PASS,PASS,CLEAR,ENTAILED,Cat6,Cat4,medium,"had been the pilot on the majority of the missions flown by the B-17 Flying Fortress, ""Memphis Belle"", when it was designated the official ""first"" bomber to complete 25 operations, while flying with the 91st Bomb Group, VIII Bomber Command, in the European Theatre of Operations.","The context supports that Memphis Belle completed 25 missions, though the question asks whether it was first.",PASS,PASS,CLEAR,ENTAILED,Cat4,MEDIUM,"The aircraft's 25 combat missions, which included eight German aircraft shot down by her crew, were: <nowiki>*</nowiki> Sources disagree on which two of these three missions the ""Memphis Belle"" received mission credits for. || Morgan's crew completed the following missions in B-17s other than the ""Memphis Belle"": The aircraft was then flown back to the United States on 8 June 1943, by a composite crew had been the pilot on the majority of the missions flown by the B-17 Flying Fortress, ""Memphis Belle"", when it was designa","The claim is a necessary completion-event fact, but it does not establish that Memphis Belle was first.",PASS,PASS,CLEAR,ENTAILED,Cat4
697,Which star in The Pokrovsky Gate was also a director and occasional singer?," It was directed by Mikhail Kozakov and stars Oleg Menshikov, Leonid Bronevoy, and Inna Ulyanova.Oleg Evgenyevich Menshikov, (Russian: Оле́г Евге́ньевич Ме́ньшиков ; born 8 November 1960) is a Russian actor, theatre director and occasional singer.",Oleg Menshikov is one of Russia's most influential actors.,question_relevance;primary_category,2,PASS,PASS,CLEAR,NOT_ENOUGH_INFO,Cat5,Cat1,medium,"It was directed by Mikhail Kozakov and stars Oleg Menshikov, Leonid Bronevoy, and Inna Ulyanova.Oleg Evgenyevich Menshikov, (Russian: Оле́г Евге́ньевич Ме́ньшиков ; born 8 November 1960) is a Russian actor, theatre director and occasional singer.","The context identifies Oleg Menshikov as the relevant actor/director/singer, but not as one of Russia's most influential actors.",PASS,FAIL,CLEAR,NOT_ENOUGH_INFO,INVALID,HIGH,"It was directed by Mikhail Kozakov and stars Oleg Menshikov, Leonid Bronevoy, and Inna Ulyanova.Oleg Evgenyevich Menshikov, (Russian: –û–ª–µÃÅ–≥ –ï–≤–≥–µÃÅ–Ω—å–µ–≤–∏—á –ú–µÃÅ–Ω—å—à–∏–∫–æ–≤ ; born 8 November 1960) is a Russian actor, theatre director and occasional singer.",INVALID: Unsupported influence ranking does not establish the director/singer clue.,PASS,FAIL,CLEAR,CONTRADICTED,Cat5
