legacy_id,question,context,factoid,old_category,old_support,A_atomicity,A_question_relevance,A_evidence_clarity,A_evidence_relation,A_primary_category,B_atomicity,B_question_relevance,B_evidence_clarity,B_evidence_relation,B_primary_category,final_label_source,adjudicator_raw_atomicity,adjudicator_raw_question_relevance,adjudicator_raw_evidence_clarity,adjudicator_raw_evidence_relation,adjudicator_raw_primary_category,final_atomicity,final_question_relevance,final_evidence_clarity,final_evidence_relation,final_primary_category,final_support_binary,final_eligibility,legacy_action,changed_dimensions
1,A well-endowed parish church in the Episcopal Diocese of New York was the first tallest building in New York over a building that was demolished in what year?," It was 260 ft tall and when new the second-tallest building in New York, after Trinity Church. It was demolished in 1966.Trinity Church is an historic, active, well-endowed parish church in the Episcopal Diocese of New York.",Trinity Church was the first tallest building in New York.,Cat5,UNSUPPORTED,PASS,PASS,CLEAR,ENTAILED,Cat5,PASS,PASS,AMBIGUOUS,NOT_ENOUGH_INFO,Cat5,THIRD_PERSON_ADJUDICATION,PASS,PASS,CLEAR,ENTAILED,Cat5,PASS,PASS,CLEAR,ENTAILED,Cat5,SUPPORTED,ELIGIBLE,RELABEL,SUPPORT
2,"According to the text, how many accepted species represent the botanical genus Ochagavia?"," The species Cardwellia sublimis (northern silky oak) grows naturally only (endemic) in the rainforests of the wet tropics region of north eastern Queensland, Australia.Ochagavia is a genus of the botanical family Bromeliaceae, subfamily Bromelioideae. The genus is named for Sylvestris Ochagavia, Chilean minister of education. Endemic to southern and central Chile (including the Juan Fernández Islands), this genus is represented by four accepted species.",4,Cat6,SUPPORTED,FAIL,PASS,CLEAR,ENTAILED,INVALID,FAIL,PASS,CLEAR,ENTAILED,INVALID,A_B_AGREEMENT,,,,,,FAIL,PASS,CLEAR,ENTAILED,INVALID,SUPPORTED,INVALID,REMOVE,ELIGIBILITY
3,"Where did the Navy Reserve Unit that is headquartered at Port Hueneme, CA get its nickname?","Naval Mobile Construction Battalion 25 or NMCB 25 is a Navy Reserve Seabee unit that is headquartered at Port Hueneme, CA. Their nickname is a heterograph of the first initials ""C.B."" from the words Construction Battalion.","The first initials ""C.B."" are from the words Construction Battalion.",Cat1,SUPPORTED,PASS,PASS,CLEAR,ENTAILED,Cat1,PASS,PASS,CLEAR,ENTAILED,Cat1,A_B_AGREEMENT,,,,,,PASS,PASS,CLEAR,ENTAILED,Cat1,SUPPORTED,ELIGIBLE,RETAIN_UNCHANGED,
4,"When was was an English author, best known for his books about the teddy bear Winnie-the-Pooh only mystery novel published?","The Red House Mystery is a ""locked room"" whodunnit by A. A. Milne, published in 1922. It was Milne's only mystery novel.Alan Alexander Milne ( ; 18 January 1882 – 31 January 1956) was an English author, best known for his books about the teddy bear Winnie-the-Pooh and for various poems.",The year is 1922.,Cat4,SUPPORTED,FAIL,PASS,CLEAR,ENTAILED,INVALID,PASS,PASS,CLEAR,ENTAILED,Cat4,THIRD_PERSON_ADJUDICATION,PASS,PASS,CLEAR,ENTAILED,Cat4,PASS,PASS,CLEAR,ENTAILED,Cat4,SUPPORTED,ELIGIBLE,RETAIN_UNCHANGED,
5,Lucy Elizabeth Fry played the lead in a television series that follows Eve who is a 19-year-old what?,"Lucy Elizabeth Fry (born 13 March 1992) is an Australian actress. Fry was also cast in Hulu's eight part miniseries ""11.22.63"" as Marina Oswald, wife of Lee Harvey Oswald, and played the lead in the 2016 Australian horror television series ""Wolf Creek"".Wolf Creek is a 2016 Australian horror web television series which screens on Stan. It is a spin-off of the movies ""Wolf Creek"" and ""Wolf Creek 2"" and follows Eve, a 19-year-old American tourist, who is targeted by crazed serial killer Mick Taylor, survives his attack and embarks on a mission of revenge.",Eve is a 19-year-old werewolf hunter.,Cat6,UNSUPPORTED,PASS,PASS,CLEAR,NOT_ENOUGH_INFO,Cat1,PASS,PASS,CLEAR,CONTRADICTED,Cat1,THIRD_PERSON_ADJUDICATION,PASS,PASS,CLEAR,CONTRADICTED,Cat1,PASS,PASS,CLEAR,CONTRADICTED,Cat1,UNSUPPORTED,ELIGIBLE,RELABEL,CATEGORY
6,What power ballad by the British-American rock band Foreigner was also in the Agent Provocateur album?," Although album sales were lower than their previous work in the U.S., it contains the band's biggest hit single, ""I Want to Know What Love Is"", which is their only #1 single in the UK and the U.S., staying at the top spot for three and two weeks respectively.""I Want to Know What Love Is"" is a power ballad by the British-American rock band Foreigner.","""I Want to Know What Love Is"" was not in the Agent Provocateur album.",Cat2,UNSUPPORTED,PASS,PASS,CLEAR,CONTRADICTED,Cat2,PASS,PASS,CLEAR,CONTRADICTED,Cat2,A_B_AGREEMENT,,,,,,PASS,PASS,CLEAR,CONTRADICTED,Cat2,UNSUPPORTED,ELIGIBLE,RETAIN_UNCHANGED,
7,The real life person that James Woods' character is based on in the television film In Love and War was awarded what medal?,"In Love and War (1987) is a Vietnam war-based thriller/drama television film starring James Woods and Jane Alexander. The film is based on the true story of James Stockdale and Sybil Stockdale.James Bond Stockdale (December 23, 1923July 5, 2005) was a United States Navy vice admiral and aviator awarded the Medal of Honor in the Vietnam War, during which he was an American prisoner of war for over seven years.",The Medal of Honor is awarded for acts of valor above and beyond the call of duty.,Cat1,UNSUPPORTED,PASS,FAIL,CLEAR,NOT_ENOUGH_INFO,INVALID,PASS,FAIL,CLEAR,NOT_ENOUGH_INFO,INVALID,A_B_AGREEMENT,,,,,,PASS,FAIL,CLEAR,NOT_ENOUGH_INFO,INVALID,UNSUPPORTED,INVALID,REMOVE,ELIGIBILITY
8,What was the original name of the gazette that publishes Lytham St Annes Express?," It is published by the Blackpool Gazette and therefore owned by Johnson Press. It was founded as ""The West Lancashire Evening Gazette"" in 1929 before being renamed the ""Evening Gazette"", and then ""Blackpool Gazette"".",The West Lancashire Evening Gazette is a multi-objective ecosystem advertiser.,Cat1,UNSUPPORTED,PASS,FAIL,CLEAR,NOT_ENOUGH_INFO,INVALID,FAIL,FAIL,AMBIGUOUS,NOT_ENOUGH_INFO,INVALID,THIRD_PERSON_ADJUDICATION,PASS,FALL,CLEAR,CONTRADICTED,Cat1,PASS,FAIL,CLEAR,CONTRADICTED,Cat1,UNSUPPORTED,ELIGIBLE,RETAIN_UNCHANGED,
9,What is a small network appliance and entertainment device that serves as a the media player for the iTunes Store?," It also serves as a media player for television shows and films purchased in the iTunes Store, replacing the ""Videos"" application on earlier versions of iOS.Apple TV is a digital media player and microconsole developed and sold by Apple Inc. It is a small network appliance and entertainment device that can receive digital data from a number of sources and stream it to a capable television.",Apple TV is not a television set.,Cat2,UNSUPPORTED,PASS,PASS,CLEAR,NOT_ENOUGH_INFO,Cat2,PASS,PASS,AMBIGUOUS,NOT_ENOUGH_INFO,Cat2,THIRD_PERSON_ADJUDICATION,PASS,PASS,CLEAR,NOT_ENOUGH_INFO,Cat2,PASS,PASS,CLEAR,NOT_ENOUGH_INFO,Cat2,UNSUPPORTED,ELIGIBLE,RETAIN_UNCHANGED,
10,"Abraham Bankier was one of the owners of the Rekord factory that was taken over by a German Industrialist, spy, and member of the Nazi Party who is credited with saving how many Jews during the Holocaust?","Abraham Bankier (1910-1956) was one of the owners of the ""Rekord"" factory on Lipowa street in Cracow, Poland, that Oskar Schindler took over during World War II.Oskar Schindler (28 April 1908 – 9 October 1974) was a German industrialist, spy, and member of the Nazi Party who is credited with saving the lives of 1,200 Jews during the Holocaust by employing them in his enamelware and ammunitions factories, which were located in occupied Poland and the Protectorate of Bohemia and Moravia.",Abraham Bankier was one of the owners of the Rekord factory.,Cat7,SUPPORTED,PASS,PASS,CLEAR,ENTAILED,Cat1,PASS,FAIL,CLEAR,ENTAILED,INVALID,THIRD_PERSON_ADJUDICATION,PASS,FALL,CLEAR,ENTAILED,Cat1,PASS,FAIL,CLEAR,ENTAILED,Cat1,SUPPORTED,ELIGIBLE,RELABEL,CATEGORY
11,Who sang i can't let maggie go?,"I Can't Let Maggie Go ""I Can't Let Maggie Go"" is a song by the British pop group Honeybus from early 1968. Written by band member Pete Dello, it was released as a non-album single. The song became an international Top 20 hit, reaching number 13 in New Zealand and number 11 in Ireland. It did best in their native United Kingdom, where it reached number eight in the UK Singles Chart. ""I Can't Let Maggie Go"" was included on the group's later compilation LPs, ""Honeybus at Their Best"" and ""Old Masters Hidden Treasures"". The song was also a top

with 1968's ""I Can't Let Maggie Go"", which was so popular that it earned the band a cover photo on the popular music magazine, ""Disc and Music Echo"", for which they posed atop a red London bus. ""I Can't Let Maggie Go"" reached Number 8 in the UK Singles Chart, in April 1968, staying in the Top 40 for over two months. Dello resigned in August 1968. The band recruited Jim Kelly on guitar and vocals to replace him and Cane began songwriting and performing lead vocals. This line-up scored minor successes with ""She Sold Blackpool Rock"" and ""Girl Of

10 hit in Italy, with a 1968 version made by Equipe 84, entitled ""Un angelo blu"" (""A blue angel""). It enjoyed an unexpected reprise in popularity in the 1970s, when it was used as the soundtrack for a television advertisement for ""Nimble"", a bread produced for slimmers. ""I Can't Let Maggie Go"" has been covered by J. Vincent Edwards in 1974, as well as by the Sideburns in 1993. David Essex included his own version on the 2005 compilation album, ""The Complete Collection"". I Can't Let Maggie Go ""I Can't Let Maggie Go"" is a song by the British pop","The song ""I Can't Let Maggie Go"" was released in early 1968.",Cat4,SUPPORTED,PASS,FAIL,CLEAR,ENTAILED,INVALID,PASS,FAIL,CLEAR,ENTAILED,INVALID,A_B_AGREEMENT,,,,,,PASS,FAIL,CLEAR,ENTAILED,INVALID,SUPPORTED,INVALID,REMOVE,ELIGIBILITY
12,"What Carnegie library building located in the most populous city in Kansas was built in 1915, and listed on the National Register of Historic Places in 1987?","The Wichita City Carnegie Library Building located at 220 S. Main Street in Wichita, Kansas, Sedgwick County, Kansas, United States, is a Carnegie library built in 1915. It was listed on the National Register of Historic Places in 1987. The county seat is Wichita, the most populous city in the state.",The Carnegie Library in Wichita was built in 1915.,Cat4,SUPPORTED,PASS,PASS,CLEAR,ENTAILED,Cat4,PASS,PASS,CLEAR,ENTAILED,Cat4,A_B_AGREEMENT,,,,,,PASS,PASS,CLEAR,ENTAILED,Cat4,SUPPORTED,ELIGIBLE,RETAIN_UNCHANGED,
13,Where does anything you can do i can do better come from?,"Anything You Can Do (I Can Do Better) ""Anything You Can Do"" is a song composed by Irving Berlin for the 1946 Broadway musical ""Annie Get Your Gun"". The song is a duet, with one male singer and one female singer attempting to outdo each other in increasingly complex tasks. In the musical, the song sets the scene for the climactic sharpshooting contest between Annie Oakley and Frank Butler. Its most memorable lines are, ""Anything you can do I can do better; I can do anything better than you."" The song was first performed in ""Annie Get Your Gun"" by

Ethel Merman and Ray Middleton. During the song, they argue playfully about who can, for example, sing softer, sing higher, sing sweeter, and hold a note for longer, and boast of their abilities and accomplishments, such as opening safes and living on bread and cheese, although Annie always seems to counter Frank's argument. Neither can ""bake a pie,"" though. Anything You Can Do (I Can Do Better) ""Anything You Can Do"" is a song composed by Irving Berlin for the 1946 Broadway musical ""Annie Get Your Gun"". The song is a duet, with one male singer and one female singer

choosing the occupation of ""newspaper carrier"" was required to ride a bicycle down a narrow yellow line (without veering from it) and throw several newspapers at targets. She lost control of the bicycle, fell to the studio floor, and apparently broke a bone. Wood mentioned other contestants being injured as well. The title of the show is inspired by a 1946 song called ""Anything You Can Do, I Can Do Better"" from the hit broadway musical ""Annie Get Your Gun"" (composed by Irving Berlin) as a sprirted duet with one male singer and one female singer attempting to outdo each","The male singer and the female singer in the duet ""Anything You Can Do (I Can Do Better)"" attempt to outdo each other.",Cat5,SUPPORTED,PASS,FAIL,CLEAR,ENTAILED,INVALID,PASS,FAIL,CLEAR,ENTAILED,INVALID,A_B_AGREEMENT,,,,,,PASS,FAIL,CLEAR,ENTAILED,INVALID,SUPPORTED,INVALID,REMOVE,ELIGIBILITY
14,"Based on the release years provided in the text, how many years after ""Puss in Boots"" was its sequel ""Puss in Boots: The Three Diablos"" released?","Puss in Boots: The Three Diablos is a 2012 American computer-animated short comedy film, and a sequel to ""Puss in Boots"".Puss in Boots is a 2011 American 3D computer-animated fantasy action comedy film produced by DreamWorks Animation and distributed by Paramount Pictures.",1 year,Cat6,SUPPORTED,FAIL,PASS,CLEAR,ENTAILED,INVALID,FAIL,PASS,CLEAR,ENTAILED,INVALID,A_B_AGREEMENT,,,,,,FAIL,PASS,CLEAR,ENTAILED,INVALID,SUPPORTED,INVALID,REMOVE,ELIGIBILITY
15,"Which was founded first, Stellenbosch University or Wayne State University?"," Stellenbosch is jointly the oldest university in South Africa and the oldest extant university in Sub-Saharan Africa alongside the University of Cape Town which received full university status on the same day in 1918. Founded in 1868, WSU consists of 13 schools and colleges offering nearly 350 programs to more than 27,000 graduate and undergraduate students.",WSU consists of 13 schools and colleges.,Cat7,SUPPORTED,PASS,FAIL,CLEAR,ENTAILED,INVALID,PASS,FAIL,CLEAR,ENTAILED,INVALID,A_B_AGREEMENT,,,,,,PASS,FAIL,CLEAR,ENTAILED,INVALID,SUPPORTED,INVALID,REMOVE,ELIGIBILITY
16,"State Route 126 connects Lewiston and which official Town of Washington and town in Knox County, Maine?","State Route 126 (SR 126) is a state highway in central Maine connecting Lewiston and Washington.Washington, officially the Town of Washington, is a town in Knox County, Maine.",State Route 126 connects Lewiston and Camden.,Cat7,UNSUPPORTED,PASS,PASS,CLEAR,CONTRADICTED,Cat1,PASS,PASS,CLEAR,CONTRADICTED,Cat1,A_B_AGREEMENT,,,,,,PASS,PASS,CLEAR,CONTRADICTED,Cat1,UNSUPPORTED,ELIGIBLE,RELABEL,CATEGORY
17,The cover art for EA Sports UFC 2 features Ronda Rousey and a boxer born in what year?," The game's cover art features Ronda Rousey and Conor McGregor.Conor Anthony McGregor (Irish: ""Conchúr Antóin Mac Gréagóir"" ; born 14 July 1988) is an Irish professional mixed martial artist and professional boxer who is currently signed to the Ultimate Fighting Championship (UFC).",The cover art for EA Sports UFC 2 features a boxer born in 1987.,Cat4,UNSUPPORTED,PASS,PASS,CLEAR,CONTRADICTED,Cat4,PASS,PASS,CLEAR,CONTRADICTED,Cat4,A_B_AGREEMENT,,,,,,PASS,PASS,CLEAR,CONTRADICTED,Cat4,UNSUPPORTED,ELIGIBLE,RETAIN_UNCHANGED,
18,Where is the telephone area code 571 located?,"introduced on March 1, 2000, as an overlay to 703. Area code 571 serves most new telephone numbers; while it is primarily associated with mobile telephone lines, it is also used for new landline numbers, including the United States Patent and Trademark Office upon moving to Alexandria; the Transportation Security Administration, which was created in 2001 and has its headquarters in Arlington; and the Fairfax County Public Schools, which moved its headquarters to the Falls Church area in 2006. Although former competitors Bell Atlantic (a former Baby Bell) and GTE had assigned geographical monopolies varying by region in Virginia, they

of 703 and 571, 10-digit dialing is mandatory even for local calls; cellphone callers do the same on all direct-dialled calls. Long-distance calls are dialed as eleven digits, using the prefix ""1"", but for landline-based phones only. Area code 703 and the overlay area code 571 serve the following cities and towns in Virginia: Alexandria, Annandale, Ashburn, Burke, Centreville, Chantilly, Dale City, Fairfax, Falls Church, Franconia, Great Falls, Groveton, Herndon, Lake Ridge, Leesburg, Lorton, Manassas, Manassas Park, McLean, Mount Vernon, North Springfield, Oakton, Occoquan, Reston, South Riding, Springfield, Sterling, Vienna, West Springfield, and Woodbridge, plus all or part of these

Area codes 703 and 571 Area codes 703 and 571 are the North American Numbering Plan telephone area codes for northern Virginia, including the independent cities of Alexandria, Fairfax, Falls Church, Manassas, and Manassas Park, as well as all of Arlington and Fairfax counties and parts of Fauquier, Loudoun, Prince William, and Stafford counties. The main area code, 703, was created as one of the original 86 North American area codes in October 1947, and originally served the entire Commonwealth of Virginia. Area code 571 was created on March 1, 2000 as an overlay to 703. Because of the overlay",The telephone area code 571 belongs to the general area of Northern Virginia.,Cat7,SUPPORTED,PASS,PASS,CLEAR,ENTAILED,Cat1,PASS,PASS,CLEAR,ENTAILED,Cat1,A_B_AGREEMENT,,,,,,PASS,PASS,CLEAR,ENTAILED,Cat1,SUPPORTED,ELIGIBLE,RELABEL,CATEGORY
19,How many video games featuring the character Ellie are explicitly mentioned in the text?,"Ellie is a fictional character in the 2013 video game ""The Last of Us"", and the main protagonist of the upcoming video game ""The Last of Us Part II"".The Last of Us Part II is an upcoming action-adventure survival horror video game developed by Naughty Dog and published by Sony Interactive Entertainment for PlayStation 4.",2,Cat6,SUPPORTED,FAIL,PASS,CLEAR,ENTAILED,INVALID,FAIL,PASS,CLEAR,ENTAILED,INVALID,A_B_AGREEMENT,,,,,,FAIL,PASS,CLEAR,ENTAILED,INVALID,SUPPORTED,INVALID,REMOVE,ELIGIBILITY
20,"Where does the American rock band Drowning Pool, named after a movie, who feature on the official soundtrack for the film 'The Punisher', hail from?","The Punisher: The Album is the official soundtrack for the film ""The Punisher"" and was released in 2004 by Wind-up Records. Its lead singles were ""Broken"" by Seether and Evanescence frontwoman Amy Lee, ""Step Up"" by Drowning Pool, and ""Eyes Wired Shut"" by Edgewater, all of which have accompanying music videos.Drowning Pool is an American rock band formed in Dallas, Texas in 1996. The band was named after the film ""The Drowning Pool"".",Dallas is a city.,Cat1,SUPPORTED,PASS,FAIL,CLEAR,NOT_ENOUGH_INFO,INVALID,PASS,FAIL,CLEAR,NOT_ENOUGH_INFO,INVALID,A_B_AGREEMENT,,,,,,PASS,FAIL,CLEAR,NOT_ENOUGH_INFO,INVALID,UNSUPPORTED,INVALID,REMOVE,ELIGIBILITY
21,Where does anything you can do i can do better come from?,"Anything You Can Do (I Can Do Better) ""Anything You Can Do"" is a song composed by Irving Berlin for the 1946 Broadway musical ""Annie Get Your Gun"". The song is a duet, with one male singer and one female singer attempting to outdo each other in increasingly complex tasks. In the musical, the song sets the scene for the climactic sharpshooting contest between Annie Oakley and Frank Butler. Its most memorable lines are, ""Anything you can do I can do better; I can do anything better than you."" The song was first performed in ""Annie Get Your Gun"" by

Ethel Merman and Ray Middleton. During the song, they argue playfully about who can, for example, sing softer, sing higher, sing sweeter, and hold a note for longer, and boast of their abilities and accomplishments, such as opening safes and living on bread and cheese, although Annie always seems to counter Frank's argument. Neither can ""bake a pie,"" though. Anything You Can Do (I Can Do Better) ""Anything You Can Do"" is a song composed by Irving Berlin for the 1946 Broadway musical ""Annie Get Your Gun"". The song is a duet, with one male singer and one female singer

choosing the occupation of ""newspaper carrier"" was required to ride a bicycle down a narrow yellow line (without veering from it) and throw several newspapers at targets. She lost control of the bicycle, fell to the studio floor, and apparently broke a bone. Wood mentioned other contestants being injured as well. The title of the show is inspired by a 1946 song called ""Anything You Can Do, I Can Do Better"" from the hit broadway musical ""Annie Get Your Gun"" (composed by Irving Berlin) as a sprirted duet with one male singer and one female singer attempting to outdo each",Neither of the two singers in the duet 'Anything You Can Do' can bake a pie.,Cat3,SUPPORTED,PASS,FAIL,CLEAR,ENTAILED,INVALID,PASS,FAIL,CLEAR,ENTAILED,INVALID,A_B_AGREEMENT,,,,,,PASS,FAIL,CLEAR,ENTAILED,INVALID,SUPPORTED,INVALID,REMOVE,ELIGIBILITY
22,"What is the name of the Tindersticks' soundtrack for which the film, written by Denis and Jean-Pol Fargeau, is also named?","Trouble Every Day is the name of Tindersticks' soundtrack to French director Claire Denis's 2001 film ""Trouble Every Day"".Trouble Every Day is a 2001 French erotic horror film directed by Claire Denis and written by Denis and Jean-Pol Fargeau.",The title of the work is Trouble Every Day.,Cat1,SUPPORTED,PASS,PASS,CLEAR,ENTAILED,Cat1,PASS,PASS,CLEAR,ENTAILED,Cat1,A_B_AGREEMENT,,,,,,PASS,PASS,CLEAR,ENTAILED,Cat1,SUPPORTED,ELIGIBLE,RETAIN_UNCHANGED,
23,"Lee Mi-sook (born April 2, 1960) is a South Korean actress, one of the best-known actresses of 1980s Korean cinema, Lee's most famous films from this era include which of Lee Doo-yong's, 1986 South Korean drama filmLee Mi-sook (born April 2, 1960) is a South Korean actress, one of the best-known actresses of 1980s Korean cinema, Lee's most famous films from this era include which of Lee Doo-yong's, 1986 South Korean drama film, Mulberry, based on the eponymous classic story, by who?"," One of the best-known actresses of 1980s Korean cinema, Lee's most famous films from this era include Bae Chang-ho's ""Whale Hunting"" and ""The Winter That Year Was Warm"", Lee Doo-yong's ""Mulberry"" and ""Eunuch"", and Kwak Ji-kyoon's ""Wanderer in Winter"". Based on the eponymous classic story by Na Do-hyang, the film became known for its erotic subject matter, made possible by the government's gradual relaxation of censorship and control over the film industry during the 1980s.","The director of ""Mulberry"" is not specified.",Cat2,UNSUPPORTED,PASS,FAIL,CLEAR,NOT_ENOUGH_INFO,INVALID,PASS,FAIL,CLEAR,CONTRADICTED,INVALID,THIRD_PERSON_ADJUDICATION,PASS,FALL,CLEAR,NOT_ENOUGH_INFO,INVALID,PASS,FAIL,CLEAR,NOT_ENOUGH_INFO,INVALID,UNSUPPORTED,INVALID,REMOVE,ELIGIBILITY
24,Josh Aubrey played college football at a school in what city?," He played college football at Stephen F. Austin State University.Stephen F. Austin State University (SFA) is a public university located in Nacogdoches, Texas, United States.",Nacogdoches is in Texas.,Cat7,SUPPORTED,PASS,PASS,CLEAR,ENTAILED,Cat1,PASS,PASS,CLEAR,ENTAILED,Cat1,A_B_AGREEMENT,,,,,,PASS,PASS,CLEAR,ENTAILED,Cat1,SUPPORTED,ELIGIBLE,RELABEL,CATEGORY
25,"What is the name of the magazine that Funk & Wagnalls published thateventually merged with two similar weekly magazines, ""Public Opinion"" and ""Current Opinion""? "," Funk & Wagnalls Company published The Literary Digest, ""The Standard Dictionary of the English Language"", and ""Funk & Wagnalls Standard Encyclopedia"", Founded by Isaac Kaufmann Funk in 1890, it eventually merged with two similar weekly magazines, ""Public Opinion"" and ""Current Opinion"".","The magazine merged with ""Current Opinion"".",Cat7,SUPPORTED,PASS,PASS,CLEAR,ENTAILED,Cat1,PASS,FAIL,CLEAR,ENTAILED,INVALID,THIRD_PERSON_ADJUDICATION,PASS,FAIL,CLEAR,ENTAILED,Cat1,PASS,FAIL,CLEAR,ENTAILED,Cat1,SUPPORTED,ELIGIBLE,RELABEL,CATEGORY
26,"Which award did this fine dining restaurant, located in a town of a population of 6,025 as of 2010, win in 1992?","The 1686 House is a fine dining restaurant in Kingston, New Hampshire, USA, that is best known for its extensive wine list and colonial decor. In 1992, it won one of the six 1992 Grand Awards for Outstanding Restaurant Wine Lists given by ""Wine Spectator"". The population at the 2010 census was 6,025.",Grand Awards is a competition for the best of the best.,Cat5,UNSUPPORTED,PASS,FAIL,CLEAR,NOT_ENOUGH_INFO,INVALID,PASS,FAIL,CLEAR,NOT_ENOUGH_INFO,INVALID,A_B_AGREEMENT,,,,,,PASS,FAIL,CLEAR,NOT_ENOUGH_INFO,INVALID,UNSUPPORTED,INVALID,REMOVE,ELIGIBILITY
27,"What 1982 film, aired in 1983, was the seventh highest rated non-sports show and featured Kansas state highway K-10?","K-10 is a 38-mile (61 km) state highway in the U.S. state of Kansas. Several scenes for the TV-movie ""The Day After"" were filmed on the highway in 1982 portraying a mass exodus evacuating the Kansas City area on I-70.The Day After is an American television film that first aired on November 20, 1983, on the ABC television network. With a 46 rating and a 62% share of the viewing audience during its initial broadcast, it was the seventh highest rated non-sports show up to that time and set a record as the highest-rated television film in history—a record it still held as recently as a 2009 report.",The Day After was one of the highest-rated television films in history.,Cat5,SUPPORTED,PASS,PASS,CLEAR,ENTAILED,Cat5,PASS,PASS,CLEAR,ENTAILED,Cat5,A_B_AGREEMENT,,,,,,PASS,PASS,CLEAR,ENTAILED,Cat5,SUPPORTED,ELIGIBLE,RETAIN_UNCHANGED,
28,What is a small network appliance and entertainment device that serves as a the media player for the iTunes Store?," It also serves as a media player for television shows and films purchased in the iTunes Store, replacing the ""Videos"" application on earlier versions of iOS.Apple TV is a digital media player and microconsole developed and sold by Apple Inc. It is a small network appliance and entertainment device that can receive digital data from a number of sources and stream it to a capable television.",Apple TV is not a stand-alone display device.,Cat2,SUPPORTED,PASS,PASS,CLEAR,NOT_ENOUGH_INFO,Cat2,PASS,PASS,AMBIGUOUS,ENTAILED,Cat2,THIRD_PERSON_ADJUDICATION,PASS,PASS,CLEAR,NOT_ENOUGH_INFO,Cat2,PASS,PASS,CLEAR,NOT_ENOUGH_INFO,Cat2,UNSUPPORTED,ELIGIBLE,RELABEL,SUPPORT
29,Girard city is located in a county with how many inhabitants ?,"Girard is a city in and the county seat of Crawford County, Kansas, United States. As of the 2010 census, the county population was 39,134.","The county with Girard city has around 40,000 inhabitants.",Cat6,SUPPORTED,PASS,PASS,CLEAR,ENTAILED,Cat6,PASS,PASS,CLEAR,ENTAILED,Cat6,A_B_AGREEMENT,,,,,,PASS,PASS,CLEAR,ENTAILED,Cat6,SUPPORTED,ELIGIBLE,RETAIN_UNCHANGED,
30,"What band from Savannah, Georgia did the singer singer John Dyer Bailey sing for?"," Artwork and design were by Baroness singer John Dyer Baizley.Baroness is an American heavy metal band from Savannah, Georgia whose original members grew up together in Lexington, Virginia.",Baroness's lineup has changed over the years due to various reasons.,Cat4,UNSUPPORTED,PASS,FAIL,CLEAR,NOT_ENOUGH_INFO,INVALID,PASS,FAIL,CLEAR,NOT_ENOUGH_INFO,INVALID,A_B_AGREEMENT,,,,,,PASS,FAIL,CLEAR,NOT_ENOUGH_INFO,INVALID,UNSUPPORTED,INVALID,REMOVE,ELIGIBILITY
31,In what year did the Uganda President's regime kill the first prime minister of Uganda?,"Benedicto Kagimu Mugumba Kiwanuka (8 May 1922 – 22 September 1972) was the first prime minister of Uganda, a leader of the Democratic Party, and one of the persons that led the country in the transition between colonial British rule and independence. He was murdered by Idi Amin's regime in 1972.Idi Amin Dada ( ;  1923 2816 August 2003) was a Ugandan political leader and military officer who was the President of Uganda from 1971 to 1979.",The first prime minister of Uganda was killed in the early 1970s.,Cat4,SUPPORTED,PASS,PASS,CLEAR,ENTAILED,Cat4,PASS,PASS,CLEAR,ENTAILED,Cat4,A_B_AGREEMENT,,,,,,PASS,PASS,CLEAR,ENTAILED,Cat4,SUPPORTED,ELIGIBLE,RETAIN_UNCHANGED,
32,Which of the following airports can be accessed from Fairbanks via the Elliot and Dalton highways: Deadhorse Airport or Evansville Regional Airport?,"Deadhorse Airport (IATA: SCC, ICAO: PASC, FAA LID: SCC) is a public airport located in Deadhorse on the North Slope of Alaska. It can be accessed from Fairbanks via the Elliott and Dalton highways.Evansville Regional Airport (IATA: EVV, ICAO: KEVV, FAA LID: EVV) is three miles north of Evansville, in Vanderburgh County, Indiana, United States.",Deadhorse Airport is an airport.,Cat1,SUPPORTED,PASS,FAIL,CLEAR,ENTAILED,INVALID,PASS,FAIL,CLEAR,ENTAILED,INVALID,A_B_AGREEMENT,,,,,,PASS,FAIL,CLEAR,ENTAILED,INVALID,SUPPORTED,INVALID,REMOVE,ELIGIBILITY
33,"What is the nickname of the host for which ""Winner Take All"" is best known?"," The series was originally hosted by Ward Wilson, but is best known for being the first game hosted by Bill Cullen. His biggest claim to fame was as a game show host; over the course of his career, he hosted 23 shows, and earned the nickname ""Dean of Game Show Hosts"".",Bill Cullen hosted a total of fewer than five shows over the course of his career.,Cat3,UNSUPPORTED,PASS,FAIL,CLEAR,CONTRADICTED,INVALID,PASS,FAIL,CLEAR,CONTRADICTED,INVALID,A_B_AGREEMENT,,,,,,PASS,FAIL,CLEAR,CONTRADICTED,INVALID,UNSUPPORTED,INVALID,REMOVE,ELIGIBILITY
34,Where did the brown v board of education take place?,"Brown v. Board of Education National Historic Site ""Brown v. Board of Education"" National Historic Site was established in Topeka, Kansas, on October 26, 1992, by the United States Congress to commemorate the landmark U.S. Supreme Court decision aimed at ending racial segregation in public schools. On May 17, 1954, the Supreme Court unanimously declared that ""separate educational facilities are inherently unequal"" and, as such, violated the 14th Amendment to the United States Constitution, which guarantees all citizens ""equal protection of the laws."" The site consists of the Monroe Elementary School, one of the four segregated elementary schools for African

Brown v. Board of Education Brown v. Board of Education of Topeka, 347 U.S. 483 (1954), was a landmark United States Supreme Court case in which the Court declared state laws establishing separate public schools for black and white students to be unconstitutional. The decision effectively overturned the ""Plessy v. Ferguson"" decision of 1896, which allowed state-sponsored segregation, insofar as it applied to public education. Handed down on May 17, 1954, the Warren Court's unanimous (9–0) decision stated that ""separate educational facilities are inherently unequal."" As a result, ""de jure"" racial segregation was ruled a violation of the Equal Protection

Jones, Lance Newman, and Gloria Thompson. The U.S. Supreme Court's ruling in 1954, ""Brown v. Board of Education of Topeka"", Kansas had struck down the previous ruling on racial segregation ""Plessy v. Ferguson"" that held that facilities could be racially ""separate but equal."" ""Brown v. Board of Education"" ruled that ""racially separate educational facilities were inherently unequal."" The elected Arlington County School Board presumed that the state would defer to localities and in January 1956 announced plans to integrate Arlington schools. The state responded by suspending the county's right to an elected school board. The Arlington County Board, the ruling","Brown v. Board of Education of Topeka, KS, was handed down on May 17, 1954.",Cat4,SUPPORTED,PASS,PASS,CLEAR,ENTAILED,Cat4,PASS,FAIL,CLEAR,ENTAILED,INVALID,THIRD_PERSON_ADJUDICATION,PASS,FAIL,CLEAR,ENTAILED,Cat4,PASS,FAIL,CLEAR,ENTAILED,Cat4,SUPPORTED,ELIGIBLE,RETAIN_UNCHANGED,
35,The Crocs River is a tributary of a river given what nickname?,"The Crocs River (French: Rivière des Crocs) is a tributary of the Saint John River (Bay of Fundy), in Quebec and New Brunswick, in Canada. It has been nicknamed the ""Rhine of North America"" for its scenery.",The Saint John River (Bay of Fundy) is in New Brunswick.,Cat1,SUPPORTED,PASS,FAIL,AMBIGUOUS,AMBIGUOUS,INVALID,PASS,FAIL,CLEAR,ENTAILED,INVALID,THIRD_PERSON_ADJUDICATION,PASS,FAIL,CLEAR,ENTAILED,INVALID,PASS,FAIL,CLEAR,ENTAILED,INVALID,SUPPORTED,INVALID,REMOVE,ELIGIBILITY
36,Who played in the world series in 1989?,"champion Oakland A's, who won 104 games. The Twins eventually sank towards the bottom of the standings, finishing last in 1990. In 1991, the Twins returned to the playoffs by beating the Blue Jays in the ALCS and winning what many call the greatest World Series ever played over the Atlanta Braves. The 1987 World Series featured at least two players who would go on to win ""Manager of the Year"" awards. The Twins' Don Baylor won it in 1995 for his work with the Colorado Rockies while the Cardinals' Tony Peña won it in 2003 for his work with

1989 World Series The 1989 World Series was the 86th edition of Major League Baseball's championship series, and the conclusion of the 1989 Major League Baseball season. A best-of-seven playoff, it was played between the American League (AL) champion Oakland Athletics and the National League (NL) champion San Francisco Giants. The Series ran from October 14 through October 28, with the Athletics sweeping the Giants in four games. It was the first World Series sweep since 1976. The four game sweep by the Athletics at the time would mark only the third time in World Series history that a team

1987 World Series The 1987 World Series was the 84th edition of Major League Baseball's championship series, and the conclusion of the 1987 Major League Baseball season. It was a best-of-seven playoff played between the American League (AL) champion Minnesota Twins and the National League (NL) champion St. Louis Cardinals. The Twins defeated the Cardinals four games to three to win the Series. Twins pitcher Frank Viola was named as the 1987 World Series MVP. Minnesota was victorious in a World Series that was the first to feature games played indoors. It was also the first World Series in which",A maximum of seven games could be played in the 1989 World Series playoff.,Cat3,SUPPORTED,PASS,FAIL,CLEAR,ENTAILED,INVALID,PASS,FAIL,CLEAR,ENTAILED,INVALID,A_B_AGREEMENT,,,,,,PASS,FAIL,CLEAR,ENTAILED,INVALID,SUPPORTED,INVALID,REMOVE,ELIGIBILITY
37,"Who partnered with the writer of ""Brooklyn By The Sea"" to write the song ""A Teenager in Love""?","""A Teenager in Love"" is a song written by Doc Pomus and partner Mort Shuman and was originally sung and released by Dion and the Belmonts in March 1959. He also wrote and sang many songs in French, such as ""Le Lac Majeur"", ""Allo Papa Tango Charlie"", ""Sha Mi Sha"", ""Un Eté de Porcelaine"", and ""Brooklyn by the Sea"" which became hits in France.",Mort Shuman partnered with Doc Pomus.,Cat7,SUPPORTED,PASS,PASS,CLEAR,ENTAILED,Cat1,PASS,PASS,CLEAR,ENTAILED,Cat1,A_B_AGREEMENT,,,,,,PASS,PASS,CLEAR,ENTAILED,Cat1,SUPPORTED,ELIGIBLE,RELABEL,CATEGORY
38,Which of the two major peninsulas that make up the state of Michigan contains the M-69 Highway?,M-69 is an east–west state trunkline highway in the Upper Peninsula (UP) of the U.S. state of Michigan.The Upper Peninsula is the northern of the two major peninsulas that make up the U.S. state of Michigan.,M-69 Highway is located on Upper Michigan Peninsula.,Cat1,SUPPORTED,PASS,PASS,CLEAR,ENTAILED,Cat1,PASS,PASS,CLEAR,ENTAILED,Cat1,A_B_AGREEMENT,,,,,,PASS,PASS,CLEAR,ENTAILED,Cat1,SUPPORTED,ELIGIBLE,RETAIN_UNCHANGED,
39,"Who was born first, Franco Malerba or Wubbo Ockels?","Franco Egidio Malerba (born October 10, 1946, in Busalla, Metropolitan City of Genoa, Italy) is an astronaut.Wubbo Johannes Ockels (28 March 1946 – 18 May 2014) was a Dutch physicist and an astronaut of the European Space Agency (ESA).",Franco Egidio Malerba was born first.,Cat4,UNSUPPORTED,PASS,PASS,CLEAR,CONTRADICTED,Cat4,PASS,PASS,CLEAR,CONTRADICTED,Cat5,THIRD_PERSON_ADJUDICATION,PASS,PASS,CLEAR,CONTRADICTED,Cat5,PASS,PASS,CLEAR,CONTRADICTED,Cat5,UNSUPPORTED,ELIGIBLE,RELABEL,CATEGORY
40,What nationality is the actress who played the role of Sam Sloan's wife Trudy in the sitcom The Single Guy ?," The series also starred Joey Slotnick as Eliot's best friend Sam Sloan, Ming-Na Wen as Sam's wife Trudy and Ernest Borgnine as doorman Manny, throughout its entire run.Ming-Na Wen (; born November 20, 1963) is an American actress.",Trudy's nationality in The Single Guy is never explicitly revealed.,Cat2,UNSUPPORTED,PASS,FAIL,CLEAR,NOT_ENOUGH_INFO,INVALID,PASS,PASS,CLEAR,CONTRADICTED,Cat2,THIRD_PERSON_ADJUDICATION,PASS,PASS,CLEAR,CONTRADICTED,Cat2,PASS,PASS,CLEAR,CONTRADICTED,Cat2,UNSUPPORTED,ELIGIBLE,RETAIN_UNCHANGED,
41,"What was the screenplay novelist, Caroline Thompson, base in an Victorian era village for Victor and Emily?","Caroline Thompson (born April 23, 1956) is an American novelist, screenwriter, film director, and producer. She wrote the screenplays for Tim Burton's films ""Edward Scissorhands"", ""The Nightmare Before Christmas"", and ""Corpse Bride"".Corpse Bride is a 2005 British-American stop-motion-animated musical fantasy film directed by Mike Johnson and Tim Burton with a screenplay by John August, Caroline Thompson and Pamela Pettler based on characters created by Burton and Carlos Grangel. The plot is set in a fictional Victorian era village in Europe. ""Corpse Bride"" is the third stop-motion feature film produced by Burton and the first directed by him (the previous two films, ""The Nightmare Before Christmas"" and ""James and the Giant Peach"", were directed by Henry Selick).",The events concerning Victor and Emily occur after the Victorian era.,Cat4,UNSUPPORTED,PASS,PASS,CLEAR,CONTRADICTED,Cat4,PASS,PASS,CLEAR,CONTRADICTED,Cat4,A_B_AGREEMENT,,,,,,PASS,PASS,CLEAR,CONTRADICTED,Cat4,UNSUPPORTED,ELIGIBLE,RETAIN_UNCHANGED,
42,"Which is a heavy metal band, Gary Braver or System of a Down?","System of a Down, sometimes shortened to System and abbreviated as SOAD, is an Armenian-American heavy metal band from Glendale, California, formed in 1994.Gary Goshgarian known by his pen name Gary Braver is an English professor at Northeastern University (Boston), United States, where he teaches courses in science fiction, modern bestsellers, horror fiction, and fiction writing.",Gary Braver is not a heavy metal band.,Cat2,SUPPORTED,PASS,PASS,CLEAR,ENTAILED,Cat2,PASS,PASS,CLEAR,ENTAILED,Cat2,A_B_AGREEMENT,,,,,,PASS,PASS,CLEAR,ENTAILED,Cat2,SUPPORTED,ELIGIBLE,RETAIN_UNCHANGED,
43,United 300 and 300 were both made in what country?,"United 300 is an American short film that parodies ""United 93"" (2006) and ""300"" (2007).300 is a 2006 American epic war film based on the 1998 comic series ""300"" by Frank Miller and Lynn Varley.",300 was made in a country.,Cat1,SUPPORTED,PASS,FAIL,CLEAR,ENTAILED,INVALID,PASS,FAIL,CLEAR,ENTAILED,INVALID,A_B_AGREEMENT,,,,,,PASS,FAIL,CLEAR,ENTAILED,INVALID,SUPPORTED,INVALID,REMOVE,ELIGIBILITY
44,What was the original name of the gazette that publishes Lytham St Annes Express?," It is published by the Blackpool Gazette and therefore owned by Johnson Press. It was founded as ""The West Lancashire Evening Gazette"" in 1929 before being renamed the ""Evening Gazette"", and then ""Blackpool Gazette"".",The West Lancashire Evening Gazette is part of the Newsquest media group.,Cat7,UNSUPPORTED,PASS,FAIL,CLEAR,NOT_ENOUGH_INFO,INVALID,PASS,FAIL,CLEAR,CONTRADICTED,INVALID,THIRD_PERSON_ADJUDICATION,PASS,FAIL,CLEAR,CONTRADICTED,INVALID,PASS,FAIL,CLEAR,CONTRADICTED,INVALID,UNSUPPORTED,INVALID,REMOVE,ELIGIBILITY
45,"KXI75 is an older NOAA Weather Radio station that serves parts of the north Georgia mountains with 300 watts on 162.475 MHz from a location near Blue Ridge, Georgia, it is now simulcast on newer station KXI22 located atop the highest point in the U.S. state of Georgia, near Young Harris is called?"," It is now simulcast on newer station KXI22 located atop Brasstown Bald near Young Harris, Georgia, and the two cover much of the Blue Ridge Mountains in the far north-central part of the state.Brasstown Bald is the highest point in the U.S. state of Georgia.","Brasstown Bald has an elevation of 4,784 feet.",Cat6,UNSUPPORTED,PASS,FAIL,CLEAR,NOT_ENOUGH_INFO,INVALID,PASS,FAIL,CLEAR,NOT_ENOUGH_INFO,INVALID,A_B_AGREEMENT,,,,,,PASS,FAIL,CLEAR,NOT_ENOUGH_INFO,INVALID,UNSUPPORTED,INVALID,REMOVE,ELIGIBILITY
46,Martin & Orloff is a film featuring a cast member who also voiced Crane in what film franchise?,"Martin & Orloff is a 2002 feature film written by and starring Matt Walsh and Ian Roberts (Walsh & Roberts are best known as half of the Upright Citizens Brigade comedy troupe) along with Ian's wife Katie Roberts. The film was produced and directed by Lawrence Blume and features an ensemble cast of alternative comedians including H. Jon Benjamin, David Cross, Andy Richter, Matt Besser, Amy Poehler, Tina Fey, Janeane Garofalo and Rachel Dratch, as well as actress Kim Raver as Orloff's girlfriend.David Cross (born April 4, 1964) is an American stand-up comedian, actor, director and writer, known primarily for his stand-up performances, the HBO sketch comedy series ""Mr. Show"", and his role as Tobias Fünke in the sitcom ""Arrested Development"". Cross created, wrote, executive produced, and starred in ""The Increasingly Poor Decisions of Todd Margaret"", developed and had a prominent role in ""Freak Show"", appeared on ""Modern Family"", portrayed Ian Hawke in the ""Alvin and the Chipmunks"" film franchise, and voiced Crane in the ""Kung Fu Panda"" film franchise.",Po Ping is a giant panda.,Cat1,UNSUPPORTED,PASS,FAIL,CLEAR,NOT_ENOUGH_INFO,INVALID,PASS,FAIL,CLEAR,NOT_ENOUGH_INFO,INVALID,A_B_AGREEMENT,,,,,,PASS,FAIL,CLEAR,NOT_ENOUGH_INFO,INVALID,UNSUPPORTED,INVALID,REMOVE,ELIGIBILITY
47,"Which American guitarist and bluegrass musician from Danville, Virginia did Rebecca Rippy play or share the stage with?"," She has played or shared the stage with such well-known acts and artists as REM producer Don Dixon, Leon Russell, Lucy Kaplansky, Tony Rice, Donna the Buffalo, Jim Lauderdale, Bill Mallonee and the Vigilantes of Love, blues legend Tinsley Ellis, John Cowan, Rhonda Vincent, Danielle Howle, and Old Crow Medicine Show, and has become a regular performer at such prestigious songwriter venues as the Bluebird Café in Nashville, TN, and at the Neighborhood Theater in Charlotte, NC.Tony Rice (born David Anthony Rice, June 8, 1951, Danville, Virginia, United States) is an American guitarist and bluegrass musician.",Tony Rice is included among the several well-known acts and artists.,Cat3,SUPPORTED,PASS,PASS,CLEAR,ENTAILED,Cat1,PASS,PASS,CLEAR,ENTAILED,Cat1,A_B_AGREEMENT,,,,,,PASS,PASS,CLEAR,ENTAILED,Cat1,SUPPORTED,ELIGIBLE,RELABEL,CATEGORY
48,Which child actress began her career in 2006 and also stared in the television series The Emperor: Owner of the Mask?,"The Emperor: Owner of the Mask () is a South Korean television series starring Yoo Seung-ho, Kim So-hyun, Kim Myung-soo, Yoon So-hee, Heo Joon-ho and Park Chul-min. She began her career as a child actress in 2006 and initially gained public attention for playing a villainous young queen-to-be in ""Moon Embracing the Sun"" (2012) and a girl who falls into tragedy in ""Missing You"" (2013).",The child actress began her career in 2006.,Cat4,SUPPORTED,FAIL,PASS,CLEAR,ENTAILED,INVALID,PASS,FAIL,CLEAR,ENTAILED,INVALID,THIRD_PERSON_ADJUDICATION,PASS,FAIL,CLEAR,ENTAILED,INVALID,PASS,FAIL,CLEAR,ENTAILED,INVALID,SUPPORTED,INVALID,REMOVE,ELIGIBILITY
49,St James Street appears as a segment of Whitecross Street on the 1610 map of the Monmouth by an English historian best known as a mapmaker of what perior?,"St James Street is a historic street in the town centre of Monmouth, Monmouthshire, Wales. It appears as a segment of Whitecross Street on the 1610 map of the town by cartographer John Speed and is within the medieval town walls.John Speed (1551 or 1552 – 28 July 1629) was an English cartographer and historian. He is the best known English mapmaker of the Stuart period.",The Stuart period included the English Civil War.,Cat1,UNSUPPORTED,PASS,FAIL,CLEAR,NOT_ENOUGH_INFO,INVALID,PASS,FAIL,CLEAR,NOT_ENOUGH_INFO,INVALID,A_B_AGREEMENT,,,,,,PASS,FAIL,CLEAR,NOT_ENOUGH_INFO,INVALID,UNSUPPORTED,INVALID,REMOVE,ELIGIBILITY
50,"Rock im Park 2001 is a live album and DVD by the American nu metal band Limp Bizkit, released in 2008,  it features a performance from June 1, 2001 by the band at which festival in Nuremberg, that are two simultaneous rock music festivals held annually?"," Released in 2008, it features a performance from June 1, 2001 by the band at the Rock im Park festival in Nuremberg, Germany.The Rock am Ring (German: ""Rock at the Ring"" ) and Rock im Park (German: ""Rock in the Park"" ) festivals are two simultaneous rock music festivals held annually.",Rock am Ring is one of the largest music festivals in the world.,Cat5,UNSUPPORTED,PASS,FAIL,CLEAR,NOT_ENOUGH_INFO,INVALID,PASS,FAIL,CLEAR,NOT_ENOUGH_INFO,INVALID,A_B_AGREEMENT,,,,,,PASS,FAIL,CLEAR,NOT_ENOUGH_INFO,INVALID,UNSUPPORTED,INVALID,REMOVE,ELIGIBILITY
51,"Which movie was released first, The Hunchback of Notre Dame or Saludos Amigos?","The Hunchback of Notre Dame is a 1996 American animated musical drama film produced by Walt Disney Feature Animation for Walt Disney Pictures.Saludos Amigos (Spanish for ""Greetings, Friends"") is a 1942 American live-action animated package film produced by Walt Disney and released by RKO Radio Pictures.",The three Academy Awards are for Best Original Song.,Cat6,UNSUPPORTED,PASS,FAIL,CLEAR,NOT_ENOUGH_INFO,INVALID,PASS,FAIL,CLEAR,NOT_ENOUGH_INFO,INVALID,A_B_AGREEMENT,,,,,,PASS,FAIL,CLEAR,NOT_ENOUGH_INFO,INVALID,UNSUPPORTED,INVALID,REMOVE,ELIGIBILITY
52,When did toronto host the mlb all-star game?,"1991 Major League Baseball All-Star Game The 1991 Major League Baseball All-Star Game was the 62nd playing of the midsummer classic between the all-stars of the American League (AL) and National League (NL), the two leagues comprising Major League Baseball. The game was held on July 9, 1991, at SkyDome in Toronto, the home of the Toronto Blue Jays of the American League. It was only the second time that the game was played outside the United States, as the National League's Montreal Expos hosted the 1982 Midsummer Classic at Olympic Stadium in Montreal, Quebec. The game resulted in the

1982 Major League Baseball All-Star Game The 1982 Major League Baseball All-Star Game was the 53rd midseason exhibition between the all-stars of the American League (AL) and the National League (NL), the two leagues comprising Major League Baseball. The game was played on July 13, 1982, at Olympic Stadium in Montreal, Quebec, Canada, home of the Montreal Expos of the National League. The game resulted in a 4–1 victory for the NL, and Cincinnati Reds shortstop Dave Concepción was named the MVP. It is notable for being the first All-Star Game ever played outside the United States. This would be

2007 Major League Baseball All-Star Game The 2007 Major League Baseball All-Star Game was the 78th midseason exhibition between the all-stars of the American League (AL) and the National League (NL), the two leagues comprising Major League Baseball. The game was held on July 10, 2007, at AT&T Park, the home of the NL's San Francisco Giants. It marked the third time that the Giants hosted the All Star Game since moving to San Francisco for the 1958 season. The 1961 and 1984 All Star Games were played at the Giants former home Candlestick Park, and the fourth overall in",The 1991 Major League Baseball All-Star Game was the 62nd playing of the midsummer classic.,Cat6,SUPPORTED,PASS,FAIL,CLEAR,ENTAILED,INVALID,PASS,FAIL,CLEAR,ENTAILED,INVALID,A_B_AGREEMENT,,,,,,PASS,FAIL,CLEAR,ENTAILED,INVALID,SUPPORTED,INVALID,REMOVE,ELIGIBILITY
53,Who presides over the joint session of the indian parliament?,"Joint Session of Indian Parliament The Parliament of India is bicameral. Concurrence of both houses are required to pass any bill. However, the makers of the Constitution of India visualised situations of deadlock between the upper house i.e. Rajya Sabha and the lower house i.e. Lok Sabha. Therefore, the Constitution of India provides for Joint sittings of both the Houses to break this deadlock. The joint sitting of the Parliament is called by the President (Article 108) and is presided over by the Speaker or, in his absence, by the Deputy Speaker of the Lok Sabha or in his absence,

influence in a joint sitting of Parliament. A joint session is chaired by the Speaker of Lok Sabha. Also, because the joint session is convened by the President on advice of the government, which already has a majority in Lok Sabha, the joint session is usually convened to get bills passed through a Rajya Sabha in which the government has a minority. Joint sessions of Parliament are a rarity, and have been convened three times in last 71 years, for the purpose of passage of a specific legislative act, the latest time being in 2002: Unlike the Lok Sabha, a

the President of Germany. It includes members from the Bundestag and representatives of the States of Germany. In India, if an ordinary bill has been rejected by any house of the parliament and if more than six months have elapsed, the President may summon a joint session for purpose of passing the bill. The bill is passed by a simple majority of a joint sitting. Since the lower house (Lok Sabha) has more than twice the members of the upper house (Rajya Sabha), a group commanding a majority in the lower house of the Government of India can pass such","In the absence of the Speaker of the Lok Sabha, the joint sitting of the Parliament is presided over by the Deputy Speaker of the Lok Sabha.",Cat2,SUPPORTED,PASS,PASS,CLEAR,ENTAILED,Cat2,PASS,PASS,CLEAR,ENTAILED,Cat2,A_B_AGREEMENT,,,,,,PASS,PASS,CLEAR,ENTAILED,Cat2,SUPPORTED,ELIGIBLE,RETAIN_UNCHANGED,
54,Who did ed sheeran wrote nancy mulligan about?,"Nancy Mulligan ""Nancy Mulligan"" is a song by English singer-songwriter Ed Sheeran. It was included on the deluxe edition of his third studio album ""÷"" (2017). After the album's release it charted at number 13 on the UK Singles Chart. Sheeran recorded the song together with Beoga. ""Nancy Mulligan"" is one of the most personal songs on the album, telling the story of how his grandparents, William Sheeran, a Protestant from Belfast, Northern Ireland and Nancy Mulligan (real name Anne Mulligan), a Catholic from Republic of Ireland, met, fell in love during the Second World War and got married at

Hopefully if these songs are successful, more people will do a bit more like it."" In 2017, the song was covered by the Irish country singer Mike Denver with an accompanying music video. Sheeran performed the song, backed on stage by Beoga, during his headline performance at the Glastonbury Festival. Nancy Mulligan ""Nancy Mulligan"" is a song by English singer-songwriter Ed Sheeran. It was included on the deluxe edition of his third studio album ""÷"" (2017). After the album's release it charted at number 13 on the UK Singles Chart. Sheeran recorded the song together with Beoga. ""Nancy Mulligan"" is

the Wexford border. Sheeran said: ""They got engaged and no one turned up at their wedding. He stole all the gold teeth in his dental surgery and melted them down into a wedding ring, and they wore borrowed clothes to get married, and just basically have this kind of Romeo and Juliet romance, which is like the most romantic thing. So I thought I'd write a song about it and make it a jig."" In an interview with the ""Irish Times"", talking about the song's Irish roots, Sheeran said ""I don't think enough people use Irish folk in pop music...",Ed Sheeran's grandparents got married at the Wexford border.,Cat7,SUPPORTED,PASS,PASS,CLEAR,ENTAILED,Cat1,PASS,PASS,AMBIGUOUS,ENTAILED,Cat1,THIRD_PERSON_ADJUDICATION,PASS,PASS,CLEAR,ENTAILED,Cat1,PASS,PASS,CLEAR,ENTAILED,Cat1,SUPPORTED,ELIGIBLE,RELABEL,CATEGORY
55,Who owns green and black's organic chocolate?,"Green & Black's Green & Black's is a British chocolate company founded in 1991. The company produces a range of organic products, including: chocolate bars, ice cream, biscuits and hot chocolate, with its principal manufacturing sites in Canada, Poland, and Italy. It was bought by Cadbury in 2005, and later became part of Mondelēz International (formerly known as Kraft Foods). Green & Black's was founded in 1991 by the couple Craig Sams and Josephine Fairley, organic food pioneer and journalist respectively. The name was derived from a wordplay — ""Green"" standing for the environmental concerns of the founders, and ""Black""

are Fairtrade Certified. On 15 October 2012 Mondelēz Global LLC conducted voluntary U.S. recall of Green & Black’s organic peanut and sea salt milk chocolate bar due to possible health risk. Green & Black's Green & Black's is a British chocolate company founded in 1991. The company produces a range of organic products, including: chocolate bars, ice cream, biscuits and hot chocolate, with its principal manufacturing sites in Canada, Poland, and Italy. It was bought by Cadbury in 2005, and later became part of Mondelēz International (formerly known as Kraft Foods). Green & Black's was founded in 1991 by the

Grain, the following year. He and his brother Greg and their father Ken edited and published 'Seed, the Journal of Organic Living' 1971-1977. In 1970 Greg and Craig set up Harmony Foods, which eventually became known as Whole Earth Foods. In 1991, with his partner Josephine Fairley, he founded Green & Black's chocolate, which was sold to Cadbury in 2005. He continues to be involved with the company. He writes a monthly column in the organic products section of Natural Product News From 1990 until 2001 he was honorary treasurer of the Soil Association, the British organic food and farming",Green & Black's was founded by Josephine Fairley.,Cat7,SUPPORTED,PASS,FAIL,CLEAR,ENTAILED,INVALID,PASS,FAIL,CLEAR,ENTAILED,INVALID,A_B_AGREEMENT,,,,,,PASS,FAIL,CLEAR,ENTAILED,INVALID,SUPPORTED,INVALID,REMOVE,ELIGIBILITY
56,"Who replaced the Peabody Award winner, made famous for his NPR flagship program, in 2004?","Renée Montagne (pronounced Mon-TAIN) is an American radio journalist and was the co-host (with Steve Inskeep and David Greene) of National Public Radio's weekday morning news program, ""Morning Edition"", from May 2004 to November 11, 2016. Montagne and Inskeep succeeded longtime host Bob Edwards, initially as interim replacements, and Greene joined the team in 2012. Montagne had served as a correspondent and occasional host since 1989. She usually broadcasts from NPR West in Culver City, California, a Los Angeles suburb.Robert Alan ""Bob"" Edwards (born May 16, 1947) is an American broadcast journalist, a Peabody Award-winning member of the National Radio Hall of Fame. He gained reputation as the first host of National Public Radio's flagship program, ""Morning Edition"". Starting in 2004, Edwards then was the host of ""The Bob Edwards Show"" on Sirius XM Radio and ""Bob Edwards Weekend"" distributed by Public Radio International to more than 150 public radio stations.",Steve Inskeep replaced the Peabody Award winner in 2004.,Cat7,SUPPORTED,PASS,PASS,CLEAR,ENTAILED,Cat1,PASS,PASS,CLEAR,ENTAILED,Cat1,A_B_AGREEMENT,,,,,,PASS,PASS,CLEAR,ENTAILED,Cat1,SUPPORTED,ELIGIBLE,RELABEL,CATEGORY
57,Song at the end of who dat boy?,"accompanied music video was uploaded on June 29, 2017 on Tyler's official YouTube channel. The music video was directed by Tyler under the pseudonym Wolf Haley. The music video features visual allusions to the 2017 film ""Get Out"" and rapper Action Bronson's face being sewn onto Tyler's. It also features a snippet of the song ""911"" at the end of the track. Who Dat Boy ""Who Dat Boy"" is a song by American rapper Tyler, the Creator. It was released on June 30, 2017 alongside, ""911 / Mr. Lonely"" through Columbia Records, as the lead singles from his fourth studio

Who Dat Boy ""Who Dat Boy"" is a song by American rapper Tyler, the Creator. It was released on June 30, 2017 alongside, ""911 / Mr. Lonely"" through Columbia Records, as the lead singles from his fourth studio album ""Flower Boy"". The song features vocals from ASAP Rocky. Tyler, the Creator began a one-week countdown on Twitter and Instagram to promote and release the two dual-singles called ""Who Dat Boy"" and ""911 / Mr. Lonely"" on June 30, 2017. The single is Tyler, the Creator's highest charting single to date debuting at 87 on the ""Billboard"" Hot 100. The song

before the announced release date of July 21. After a one-week countdown on Twitter and Instagram, Tyler, the Creator released a music video, titled ""Who Dat Boy"", to his official YouTube channel on June 29, 2017. The album's lead single, ""Who Dat Boy"" / ""911"", containing two songs: ""Who Dat Boy"" and ""911 / Mr. Lonely"" was released on June 30, 2017. The single peaked at number 87 on the US ""Billboard"" Hot 100. The album's second single, ""Boredom"", was released on July 11, 2017. The album's third single, ""I Ain't Got Time!"", was released on July 19, 2017. The","""Who Dat Boy"" was released alongside ""911/Mr. Lonely"".",Cat7,SUPPORTED,PASS,FAIL,CLEAR,ENTAILED,INVALID,PASS,PASS,CLEAR,ENTAILED,Cat1,THIRD_PERSON_ADJUDICATION,PASS,FAIL,CLEAR,ENTAILED,INVALID,PASS,FAIL,CLEAR,ENTAILED,INVALID,SUPPORTED,INVALID,REMOVE,ELIGIBILITY
58,Who is known as the father of toxicology?,"to convict the Belgian Count Hippolyte Visart de Bocarmé of killing his brother-in-law. Theophrastus Phillipus Auroleus Bombastus von Hohenheim (1493–1541) (also referred to as Paracelsus, from his belief that his studies were above or beyond the work of Celsus – a Roman physician from the first century) is also considered ""the father"" of toxicology. He is credited with the classic toxicology maxim, """"Alle Dinge sind Gift und nichts ist ohne Gift; allein die Dosis macht, dass ein Ding kein Gift ist."""" which translates as, ""All things are poisonous and nothing is without poison; only the dose makes a thing not

attempt to classify plants according to their toxic and therapeutic effect. Ibn Wahshiyya wrote the ""Book on Poisons"" in the 9th or 10th century. This was followed up in 1360 by Khagendra Mani Darpana. Mathieu Orfila is considered the modern father of toxicology, having given the subject its first formal treatment in 1813 in his ""Traité des poisons"", also called ""Toxicologie générale"". In 1850, Jean Stas became the first person to successfully isolate plant poisons from human tissue. This allowed him to identify the use of nicotine as a poison in the famous Bocarmé murder case, providing the evidence needed

Paracelsus Paracelsus (; 1493/4 – 24 September 1541), born Theophrastus von Hohenheim (full name Philippus Aureolus Theophrastus Bombastus von Hohenheim), was a Swiss physician, alchemist, and astrologer of the German Renaissance. He was a pioneer in several aspects of the ""medical revolution"" of the Renaissance, emphasizing the value of observation in combination with received wisdom. He is credited as the ""father of toxicology"". He also had a substantial impact as a prophet or diviner, his ""Prognostications"" being studied by Rosicrucians in the 1700s. Paracelsianism is the early modern medical movement inspired by the study of his works. Paracelsus was born",Paracelsus was a pioneer in several aspects of the medical revolution of the Renaissance.,Cat3,SUPPORTED,PASS,FAIL,CLEAR,ENTAILED,INVALID,PASS,FAIL,CLEAR,ENTAILED,INVALID,A_B_AGREEMENT,,,,,,PASS,FAIL,CLEAR,ENTAILED,INVALID,SUPPORTED,INVALID,REMOVE,ELIGIBILITY
59,Was the memphis belle the first to complete 25 missions?,"chosen by the Eighth Air Force from those who had flown combat aboard, led by Capt. Morgan, for a 31-city war bond tour. Morgan's original co-pilot was Capt. James A. Verinis, who himself piloted the ""Memphis Belle"" for one mission. Verinis was promoted to aircraft commander of another B-17 for his final 16 missions and finished his tour on 13 May. He rejoined Morgan's crew as co-pilot for the flight back to the United States. The B-17 ""Hell's Angels"" (41-24577) of the 303rd Bomb Group completed 25 combat missions on 13 May 1943, becoming the first B-17 to complete the

of the 324th Bomb Squadron (Heavy); the squadron code ""DF"" and individual aircraft letter ""A."" Captain Robert K. Morgan's crew flew 29 combat missions with the 324th Bomb Squadron, all but four in the ""Memphis Belle"". The aircraft's 25 combat missions, which included eight German aircraft shot down by her crew, were: <nowiki>*</nowiki> Sources disagree on which two of these three missions the ""Memphis Belle"" received mission credits for. Morgan's crew completed the following missions in B-17s other than the ""Memphis Belle"": The aircraft was then flown back to the United States on 8 June 1943, by a composite crew

had been the pilot on the majority of the missions flown by the B-17 Flying Fortress, ""Memphis Belle"", when it was designated the official ""first"" bomber to complete 25 operations, while flying with the 91st Bomb Group, VIII Bomber Command, in the European Theatre of Operations. (""Hell's Angels"", of the 303d Bomb Group, actually beat the ""Belle"" by one week.) ""Memphis Belle"" was the first combat-veteran bomber to return to the United States as part of a publicity campaign to sell war bonds. Morgan flew the plane all over the United States for bond rallies. Promoted to Major, Morgan flew",Hell's Angels (41-24577) was of the 303rd Bomb Group.,Cat7,SUPPORTED,PASS,FAIL,CLEAR,ENTAILED,INVALID,PASS,FAIL,CLEAR,ENTAILED,INVALID,A_B_AGREEMENT,,,,,,PASS,FAIL,CLEAR,ENTAILED,INVALID,SUPPORTED,INVALID,REMOVE,ELIGIBILITY
60,Was Beyond the Gates of Splendor or Jesus Camp released first?,"Beyond the Gates of Splendor (also Beyond the Gates) is a feature-length documentary film that was released in 2004.Jesus Camp is a 2006 American documentary film directed by Rachel Grady and Heidi Ewing about a Charismatic Christian summer camp, where children spend their summers being taught that they have ""prophetic gifts"" and can ""take back America for Christ"".",The five American missionaries were Ed McCully.,Cat6,UNSUPPORTED,FAIL,FAIL,CLEAR,NOT_ENOUGH_INFO,INVALID,PASS,FAIL,CLEAR,NOT_ENOUGH_INFO,INVALID,THIRD_PERSON_ADJUDICATION,PASS,FAIL,CLEAR,NOT_ENOUGH_INFO,INVALID,PASS,FAIL,CLEAR,NOT_ENOUGH_INFO,INVALID,UNSUPPORTED,INVALID,REMOVE,ELIGIBILITY
61,Martin & Orloff is a film featuring a cast member who also voiced Crane in what film franchise?,"Martin & Orloff is a 2002 feature film written by and starring Matt Walsh and Ian Roberts (Walsh & Roberts are best known as half of the Upright Citizens Brigade comedy troupe) along with Ian's wife Katie Roberts. The film was produced and directed by Lawrence Blume and features an ensemble cast of alternative comedians including H. Jon Benjamin, David Cross, Andy Richter, Matt Besser, Amy Poehler, Tina Fey, Janeane Garofalo and Rachel Dratch, as well as actress Kim Raver as Orloff's girlfriend.David Cross (born April 4, 1964) is an American stand-up comedian, actor, director and writer, known primarily for his stand-up performances, the HBO sketch comedy series ""Mr. Show"", and his role as Tobias Fünke in the sitcom ""Arrested Development"". Cross created, wrote, executive produced, and starred in ""The Increasingly Poor Decisions of Todd Margaret"", developed and had a prominent role in ""Freak Show"", appeared on ""Modern Family"", portrayed Ian Hawke in the ""Alvin and the Chipmunks"" film franchise, and voiced Crane in the ""Kung Fu Panda"" film franchise.",The awards include the Annie Award for Best Animated Feature.,Cat5,UNSUPPORTED,PASS,FAIL,CLEAR,NOT_ENOUGH_INFO,INVALID,PASS,FAIL,CLEAR,NOT_ENOUGH_INFO,INVALID,A_B_AGREEMENT,,,,,,PASS,FAIL,CLEAR,NOT_ENOUGH_INFO,INVALID,UNSUPPORTED,INVALID,REMOVE,ELIGIBILITY
62,The real life person that James Woods' character is based on in the television film In Love and War was awarded what medal?,"In Love and War (1987) is a Vietnam war-based thriller/drama television film starring James Woods and Jane Alexander. The film is based on the true story of James Stockdale and Sybil Stockdale.James Bond Stockdale (December 23, 1923July 5, 2005) was a United States Navy vice admiral and aviator awarded the Medal of Honor in the Vietnam War, during which he was an American prisoner of war for over seven years.",The Medal of Honor is the highest military decoration.,Cat5,UNSUPPORTED,PASS,FAIL,CLEAR,NOT_ENOUGH_INFO,INVALID,PASS,FAIL,CLEAR,NOT_ENOUGH_INFO,INVALID,A_B_AGREEMENT,,,,,,PASS,FAIL,CLEAR,NOT_ENOUGH_INFO,INVALID,UNSUPPORTED,INVALID,REMOVE,ELIGIBILITY
63,Abuzar Aydamirov wrote lyrics in 1992 to what Russian national anthwm?,"Abuzar Abdulhakimovich Aydamirov, Russian: Абузар Абдулхакимович Айдамиров (29 October 1929 – 27 May 2005) was a Chechen novelist and poet, author of a historical trilogy dedicated to Caucasian Wars (Long Nights; A Lightning in Mountains; A Tempest) and of the Anthem of the Chechen Republic of Ichkeria. It was written in 1992 by either Ali Dimaev or Umar Beksultanov, with the lyrics contributed by Abuzar Aydamirov.",Abuzar Aydamirov wrote lyrics in 1992 for the Russian national anthem.,Cat4,UNSUPPORTED,PASS,PASS,CLEAR,CONTRADICTED,Cat1,PASS,PASS,CLEAR,CONTRADICTED,Cat1,A_B_AGREEMENT,,,,,,PASS,PASS,CLEAR,CONTRADICTED,Cat1,UNSUPPORTED,ELIGIBLE,RELABEL,CATEGORY
64,Who sings better than i in joseph king of dreams?,"companion to the video"", also written by Mackall. ""Joseph, King of Dreams: read-along"" (8 Mar 2001) was a full-color storybook and accompanying cassette which ""capture[d] all the emotional and dramatic high points"". Written by Catherine McCafferty, it included the song ""Better Than I"" and dialogue from the film. A fourth book was published as well. The film received mixed to positive reviews from critics. While praising the film's merits including animation, storytelling, and music, much of the criticism came with comparing it negatively to its theatrically released predecessor ""The Prince of Egypt"". The song ""You Know Better Than I"" was

You Know Better Than I ""You Know Better Than I"" (aka ""Better Than I"") is a song from the 2000 direct-to-video film """". It is performed by Joseph (David Campbell). The song is performed when Joseph is at his lowest point, almost giving up on his faith. He decides to trust fully in God and acknowledge that he is the master of the universe who has an ultimate plan, even if things seem bad at present and he doesn't fully understand why. PluggedIn explains the song's meaning: ""Persevering through dark times can yield great rewards. God’s role in Joseph’s comeback

yet never feel sentimental or generic"". You Know Better Than I ""You Know Better Than I"" (aka ""Better Than I"") is a song from the 2000 direct-to-video film """". It is performed by Joseph (David Campbell). The song is performed when Joseph is at his lowest point, almost giving up on his faith. He decides to trust fully in God and acknowledge that he is the master of the universe who has an ultimate plan, even if things seem bad at present and he doesn't fully understand why. PluggedIn explains the song's meaning: ""Persevering through dark times can yield great","David Campbell provided the singing voice for ""Better Than I"" in Joseph: King of Dreams.",Cat1,SUPPORTED,PASS,PASS,CLEAR,ENTAILED,Cat1,PASS,PASS,CLEAR,ENTAILED,Cat1,A_B_AGREEMENT,,,,,,PASS,PASS,CLEAR,ENTAILED,Cat1,SUPPORTED,ELIGIBLE,RETAIN_UNCHANGED,
65,Who did ed sheeran wrote nancy mulligan about?,"Nancy Mulligan ""Nancy Mulligan"" is a song by English singer-songwriter Ed Sheeran. It was included on the deluxe edition of his third studio album ""÷"" (2017). After the album's release it charted at number 13 on the UK Singles Chart. Sheeran recorded the song together with Beoga. ""Nancy Mulligan"" is one of the most personal songs on the album, telling the story of how his grandparents, William Sheeran, a Protestant from Belfast, Northern Ireland and Nancy Mulligan (real name Anne Mulligan), a Catholic from Republic of Ireland, met, fell in love during the Second World War and got married at

Hopefully if these songs are successful, more people will do a bit more like it."" In 2017, the song was covered by the Irish country singer Mike Denver with an accompanying music video. Sheeran performed the song, backed on stage by Beoga, during his headline performance at the Glastonbury Festival. Nancy Mulligan ""Nancy Mulligan"" is a song by English singer-songwriter Ed Sheeran. It was included on the deluxe edition of his third studio album ""÷"" (2017). After the album's release it charted at number 13 on the UK Singles Chart. Sheeran recorded the song together with Beoga. ""Nancy Mulligan"" is

the Wexford border. Sheeran said: ""They got engaged and no one turned up at their wedding. He stole all the gold teeth in his dental surgery and melted them down into a wedding ring, and they wore borrowed clothes to get married, and just basically have this kind of Romeo and Juliet romance, which is like the most romantic thing. So I thought I'd write a song about it and make it a jig."" In an interview with the ""Irish Times"", talking about the song's Irish roots, Sheeran said ""I don't think enough people use Irish folk in pop music...",The song 'Nancy Mulligan' was included on Ed Sheeran's third studio album.,Cat3,SUPPORTED,PASS,FAIL,CLEAR,ENTAILED,INVALID,PASS,FAIL,CLEAR,ENTAILED,INVALID,A_B_AGREEMENT,,,,,,PASS,FAIL,CLEAR,ENTAILED,INVALID,SUPPORTED,INVALID,REMOVE,ELIGIBILITY
66,What year did the person James Matheson received an award named for in 2011 die?,"James Matheson (born 1970 in Des Moines, Iowa) is an American composer. In December 2011, he received the Charles Ives Living from the American Academy of Arts and Letters, an award providing him with $100,000 for two years (2012-2014).Charles Edward Ives ( ; October 20, 1874May 19, 1954) was an American modernist composer.",James Matheson received the award in 2011.,Cat4,SUPPORTED,PASS,FAIL,CLEAR,ENTAILED,INVALID,PASS,FAIL,CLEAR,ENTAILED,INVALID,A_B_AGREEMENT,,,,,,PASS,FAIL,CLEAR,ENTAILED,INVALID,SUPPORTED,INVALID,REMOVE,ELIGIBILITY
67," Which species, Cardwellia or Ochagavia, is native to South America?"," The species Cardwellia sublimis (northern silky oak) grows naturally only (endemic) in the rainforests of the wet tropics region of north eastern Queensland, Australia.Ochagavia is a genus of the botanical family Bromeliaceae, subfamily Bromelioideae. The genus is named for Sylvestris Ochagavia, Chilean minister of education. Endemic to southern and central Chile (including the Juan Fernández Islands), this genus is represented by four accepted species.",Silvestre Ochagavía Errázuriz was a member of the Academy of Medicine of Chile.,Cat7,UNSUPPORTED,PASS,FAIL,CLEAR,NOT_ENOUGH_INFO,INVALID,PASS,FAIL,CLEAR,NOT_ENOUGH_INFO,INVALID,A_B_AGREEMENT,,,,,,PASS,FAIL,CLEAR,NOT_ENOUGH_INFO,INVALID,UNSUPPORTED,INVALID,REMOVE,ELIGIBILITY
68,"""Funnybot"" is the second episode of the fifteenth season of which American animated television series, created by Trey Parker and Matt Stone?  "," ""Funnybot"" premiered in the United States on Comedy Central on May 4, 2011, the first time a ""South Park"" episode has aired in May since season 10's ""Tsst"" in 2006.The tenth season of ""South Park"", an American animated television series created by Trey Parker and Matt Stone, began airing on March 22, 2006.","""Funnybot"" is the third episode of the fifteenth season of ""American Dad.""",Cat1,UNSUPPORTED,PASS,PASS,CLEAR,CONTRADICTED,Cat1,PASS,PASS,CLEAR,CONTRADICTED,Cat1,A_B_AGREEMENT,,,,,,PASS,PASS,CLEAR,CONTRADICTED,Cat1,UNSUPPORTED,ELIGIBLE,RETAIN_UNCHANGED,
69,Which film directed by Brian Percival is based on a book by Markus Zusak?,"Brian Percival is a British film director, known for his work on the British television series ""Downton Abbey"" and ""North & South"", as well as the feature film ""The Book Thief"". The film is based on the 2005 novel ""The Book Thief"" by Markus Zusak and adapted by Michael Petroni.",Every work directed by Brian Percival mentioned in the text is a feature film.,Cat3,UNSUPPORTED,PASS,FAIL,CLEAR,CONTRADICTED,INVALID,PASS,FAIL,CLEAR,CONTRADICTED,INVALID,A_B_AGREEMENT,,,,,,PASS,FAIL,CLEAR,CONTRADICTED,INVALID,UNSUPPORTED,INVALID,REMOVE,ELIGIBILITY
70,Where does the flat iron cut of meat come from?,"of steak is from the shoulder of a beef animal. It is located adjacent to the heart of the shoulder clod, under the seven or paddle bone (shoulder blade or scapula). The steak encompasses the infraspinatus muscles of beef, and one may see this displayed in some butcher shops and meat markets as a ""top blade"" roast. Anatomically, the muscle forms the dorsal part of the rotator cuff of the steer. This cut is anatomically distinct from the shoulder tender, which lies directly below it and is the teres major. Flat iron steaks usually have a significant amount of marbling.

the original flat iron cut was identified in 2002 as part of a National Cattlemen's Beef Association initiative, in conjunction with the University of Nebraska and the University of Florida to find lower-priced cuts which could be trimmed into steaks and roasts. Flat iron steak Flat iron steak (US), butlers' steak (UK), or oyster blade steak (Australia and New Zealand) is a cut of steak cut with the grain from the shoulder of the animal. This produces a flavorful cut that is a bit tough because it contains a gristly fascia membrane unless removed. Some restaurants offer it on their

Flat iron steak Flat iron steak (US), butlers' steak (UK), or oyster blade steak (Australia and New Zealand) is a cut of steak cut with the grain from the shoulder of the animal. This produces a flavorful cut that is a bit tough because it contains a gristly fascia membrane unless removed. Some restaurants offer it on their menu, often at lower price than the more popular rib-eye and strip steaks of the same grade. This is used, in some places, as a means of selling a less expensive cut from the same animal, for example Kobe beef. This cut",The part of the shoulder a flat iron cut of meat comes from is under the seven bone.,Cat7,SUPPORTED,PASS,PASS,CLEAR,ENTAILED,Cat1,PASS,PASS,CLEAR,ENTAILED,Cat1,A_B_AGREEMENT,,,,,,PASS,PASS,CLEAR,ENTAILED,Cat1,SUPPORTED,ELIGIBLE,RELABEL,CATEGORY
71,"Who is an American journalist and has been Literary Editor of ""The Weekly Standard,"",  Philip Terzian or Derek Sherinian","Philip Henry Terzian (born 1950) is an American journalist and has been Literary Editor of ""The Weekly Standard,"" the well-known journal of politics and culture founded by William Kristol and Fred Barnes in 1995, since 2005.Derek Sherinian (born August 25, 1966) is an American keyboardist who has toured and recorded for Alice Cooper, Billy Idol, Yngwie Malmsteen, Kiss, Steve Vai, and Joe Bonamassa.",Derek Sherinian is the Literary Editor.,Cat1,UNSUPPORTED,PASS,PASS,CLEAR,CONTRADICTED,Cat1,PASS,PASS,CLEAR,CONTRADICTED,Cat1,A_B_AGREEMENT,,,,,,PASS,PASS,CLEAR,CONTRADICTED,Cat1,UNSUPPORTED,ELIGIBLE,RETAIN_UNCHANGED,
72,Was We Are Scientists or Needtobreathe formed further west?,"Needtobreathe (stylized as NEEDTOBREATHE) is an American Christian rock band from Seneca, South Carolina, United States. The band is composed of Bear Rinehart (lead vocals, guitar, piano), Bo Rinehart (backing vocals, guitar), Seth Bolt (backing vocals, bass) and Josh Lovelace (backing vocals, keys). It consists of guitarist and vocalist Keith Murray and bass guitarist Chris Cain.","Needtobreathe's lyrics often explore themes of faith, hope, and redemption.",Cat3,UNSUPPORTED,PASS,FAIL,CLEAR,NOT_ENOUGH_INFO,INVALID,PASS,FAIL,CLEAR,NOT_ENOUGH_INFO,INVALID,A_B_AGREEMENT,,,,,,PASS,FAIL,CLEAR,NOT_ENOUGH_INFO,INVALID,UNSUPPORTED,INVALID,REMOVE,ELIGIBILITY
73,From what famous soliloquy is the title What Dreams May Come derived from?," The book derives its title from a line in Hamlet's famous ""To be, or not to be..."" soliloquy.To be, or not to be is the opening phrase of a soliloquy spoken by Prince Hamlet in the so-called ""nunnery scene"" of William Shakespeare's play ""Hamlet"".","Prince Hamlet delivers the 'To be, or not to be' soliloquy after the play 'Hamlet' ends.",Cat4,UNSUPPORTED,PASS,FAIL,CLEAR,CONTRADICTED,INVALID,PASS,FAIL,CLEAR,CONTRADICTED,INVALID,A_B_AGREEMENT,,,,,,PASS,FAIL,CLEAR,CONTRADICTED,INVALID,UNSUPPORTED,INVALID,REMOVE,ELIGIBILITY
74,Which DAF brand truck is produced by Leyland Trucks at their Farington plant?,"The DAF XF is a range of trucks produced by the Dutch manufacturer DAF since 1997. All right hand drive versions of the XF are assembled at Leyland Trucks in the UK. Some of the truck models sold with the DAF brand are designed and built by Leyland Trucks at their Farington plant in Leyland near Preston, England.",The DAF XF has been updated several times since its launch.,Cat3,UNSUPPORTED,PASS,FAIL,CLEAR,NOT_ENOUGH_INFO,INVALID,PASS,FAIL,CLEAR,NOT_ENOUGH_INFO,INVALID,A_B_AGREEMENT,,,,,,PASS,FAIL,CLEAR,NOT_ENOUGH_INFO,INVALID,UNSUPPORTED,INVALID,REMOVE,ELIGIBILITY
75,"Which magazine, In These Times or Tall Timber Short Lines, is an American politically progressive/democratic socialist monthly magazine of news and opinion published in Chicago, Illinois?","In These Times is an American politically progressive/democratic socialist monthly magazine of news and opinion published in Chicago, Illinois.Tall Timber Short Lines was a magazine dedicated to logging railroads and short line railroads, and was published by Oso Publications.",Tall Timber Short Lines is not an American politically progressive/democratic socialist monthly magazine.,Cat2,SUPPORTED,PASS,PASS,CLEAR,ENTAILED,Cat2,PASS,PASS,CLEAR,ENTAILED,Cat2,A_B_AGREEMENT,,,,,,PASS,PASS,CLEAR,ENTAILED,Cat2,SUPPORTED,ELIGIBLE,RETAIN_UNCHANGED,
76,Who publishes a horror game with protagonist Ellie?,"Ellie is a fictional character in the 2013 video game ""The Last of Us"", and the main protagonist of the upcoming video game ""The Last of Us Part II"".The Last of Us Part II is an upcoming action-adventure survival horror video game developed by Naughty Dog and published by Sony Interactive Entertainment for PlayStation 4.",Sony Interactive Entertainment's notable studios include PlayStation All-Stars 17.,Cat3,UNSUPPORTED,PASS,FAIL,CLEAR,NOT_ENOUGH_INFO,INVALID,PASS,FAIL,AMBIGUOUS,NOT_ENOUGH_INFO,INVALID,THIRD_PERSON_ADJUDICATION,PASS,FAIL,AMBIGUOUS,NOT_ENOUGH_INFO,INVALID,PASS,FAIL,AMBIGUOUS,NOT_ENOUGH_INFO,INVALID,UNSUPPORTED,INVALID,REMOVE,ELIGIBILITY
77,"What shopping centre located in Kuala Lumpur, Malaysia does KLCC District Cooling provide district cooling for?","KLCC District Cooling is a building that is used to provide district cooling for the KLCC vicinity. It is a 30,000 ton gas-powered turbine-driven chilled water unit providing cool air not only to Petronas Twin Towers and Suria KLCC, but also to Maxis Tower, Menara Exxon Mobil, Kuala Lumpur Convention Centre, and Mandarin Oriental Kuala Lumpur as well as As Syakirin Mosque.Suria KLCC is a shopping centre located in central Kuala Lumpur, Malaysia.","KLCC District Cooling provides district cooling for several religious buildings in Kuala Lumpur, Malaysia.",Cat3,UNSUPPORTED,PASS,FAIL,CLEAR,NOT_ENOUGH_INFO,INVALID,PASS,FAIL,CLEAR,CONTRADICTED,INVALID,THIRD_PERSON_ADJUDICATION,PASS,FAIL,CLEAR,CONTRADICTED,INVALID,PASS,FAIL,CLEAR,CONTRADICTED,INVALID,UNSUPPORTED,INVALID,REMOVE,ELIGIBILITY
78,"The Stage"" is a song by Avenged Sevenfold and the first single from their seventh studio album of the same name, which was released on which date?","""The Stage"" is a song by Avenged Sevenfold and the first single from their seventh studio album of the same name, which was released on October 28, 2016.The Stage is the seventh studio album by American heavy metal band Avenged Sevenfold, released on October 28, 2016 by Capitol Records after a live stream event on the band's Facebook page.",Avenged Sevenfold's seventh studio album was released at 8:45 PM.,Cat6,UNSUPPORTED,PASS,FAIL,CLEAR,NOT_ENOUGH_INFO,INVALID,PASS,FAIL,CLEAR,NOT_ENOUGH_INFO,INVALID,A_B_AGREEMENT,,,,,,PASS,FAIL,CLEAR,NOT_ENOUGH_INFO,INVALID,UNSUPPORTED,INVALID,REMOVE,ELIGIBILITY
79,When was the greatest showman released in theaters?,"copies, 186,000 downloads and 186,000 streaming. On November 16, 2018. 20th Century Fox released a cover album entitled ""The Greatest Showman: Reimagined"", featuring a variety of artists. ""The Greatest Showman"" held its premiere on December 8, 2017, aboard the RMS ""Queen Mary 2"", while it was docked in New York City. The film was then released in the United States on December 20, 2017. Like Disney's live-action ""Beauty and the Beast"", a sing-along version of the film was released in the United Kingdom on February 23, 2018. The film had a limited IMAX release on February 2. On June 28,

United Kingdom, the film was released first on digital download on April 27, 2018, while Blu-ray, 4K Ultra HD and DVD copies went on sale on May 14. These versions include the sing-along version, two hours of behind-the-scenes footage and music machine jukebox features. ""The Greatest Showman"" spent 219 days in release, closing on July 26, 2018, having grossed $174.3million in the United States and Canada, and $260.7million in other territories, for a worldwide total of $435million, against a production budget of $84million. It is the third highest grossing musical ever in North America and globally, respectively, and ""Deadline Hollywood""

The Greatest Showman The Greatest Showman is a 2017 American musical film directed by Michael Gracey in his directorial debut, written by Jenny Bicks and Bill Condon and starring Hugh Jackman, Zac Efron, Michelle Williams, Rebecca Ferguson, and Zendaya. The film is inspired by the story of P. T. Barnum's creation of the Barnum & Bailey Circus and the lives of its star attractions. Principal photography began in New York City in November 2016. The film premiered on December 8, 2017, aboard the RMS ""Queen Mary 2"". It was released in the United States on December 20, 2017, by 20th","The RMS ""Queen Mary 2"" was docked in New York City during The Greatest Showman's premiere.",Cat1,SUPPORTED,PASS,FAIL,CLEAR,ENTAILED,INVALID,PASS,FAIL,CLEAR,ENTAILED,INVALID,A_B_AGREEMENT,,,,,,PASS,FAIL,CLEAR,ENTAILED,INVALID,SUPPORTED,INVALID,REMOVE,ELIGIBILITY
80,Ghostbusters is a song written and recorded by Ray Parker Jr. as the theme song for a movie starring a Canadian-American actor who was an original member of the Not Ready for Prime Time Players on what show?,"""Ghostbusters"" is a song written and recorded by Ray Parker Jr. as the theme to the film of the same name starring Bill Murray, Dan Aykroyd, Harold Ramis, and Ernie Hudson.Daniel Edward Aykroyd {'1': "", '2': "", '3': "", '4': ""} (born July 1, 1952) is a Canadian-American actor, comedian, producer, screenwriter, musician and businessman. He was an original member of the ""Not Ready for Prime Time Players"" on ""Saturday Night Live"" (1975–1979).",All actors starring in the movie Ghostbusters were original members of the Not Ready for Prime Time Players.,Cat3,UNSUPPORTED,PASS,FAIL,CLEAR,NOT_ENOUGH_INFO,INVALID,PASS,FAIL,CLEAR,NOT_ENOUGH_INFO,INVALID,A_B_AGREEMENT,,,,,,PASS,FAIL,CLEAR,NOT_ENOUGH_INFO,INVALID,UNSUPPORTED,INVALID,REMOVE,ELIGIBILITY
81,"Which documentary film was released first, Station to Station or Black Chicks Talking?","Station to Station is the 2014 film of Doug Aitken's 2013 ""Nomadic Happening"", the film is made up of 62 one-minute films.Black Chicks Talking is an arts project by Australian actress Leah Purcell featuring a 2001 documentary film, a 2002 book, a stage production and an art exhibition.","The five Aboriginal women are Deborah Mailman, Tammy Williams, Kathryn Hay, Liza Fraser-Gooda, and Marcia Ella-Duncan.",Cat6,UNSUPPORTED,PASS,FAIL,CLEAR,NOT_ENOUGH_INFO,INVALID,PASS,FAIL,CLEAR,NOT_ENOUGH_INFO,INVALID,A_B_AGREEMENT,,,,,,PASS,FAIL,CLEAR,NOT_ENOUGH_INFO,INVALID,UNSUPPORTED,INVALID,REMOVE,ELIGIBILITY
82,In what country is both Faxe and Heineken brewed in?," It also brews and markets Heineken in Denmark. It is well known around Germany for its 5% 1 litre cans, North America for its 8% & 10% 500mL cans, and Denmark where it is produced, and especially in Norway.",Faxe is brewed all around the world.,Cat3,UNSUPPORTED,PASS,FAIL,CLEAR,NOT_ENOUGH_INFO,INVALID,PASS,FAIL,CLEAR,NOT_ENOUGH_INFO,INVALID,A_B_AGREEMENT,,,,,,PASS,FAIL,CLEAR,NOT_ENOUGH_INFO,INVALID,UNSUPPORTED,INVALID,REMOVE,ELIGIBILITY
83,"What movie was released 64 years after the original film, which includes Thumper, a fictional rabbit character from Disney?","Thumper is a fictional rabbit character from Disney's animated films ""Bambi"" and ""Bambi II"".Bambi II, also known as Bambi and the Great Prince of the Forest, is a 2006 American animated drama film directed by Brian Pimental and produced by DisneyToon Studios, that initially premiered in theaters in Argentina on January 26, 2006, before being released as a direct-to-video title in the United States on February 7, 2006. It holds the world record for the longest span of time between two consecutive installments of a franchise, being released 64 years after the original film came out in 1942.",Bambi II is a direct-to-video film.,Cat1,SUPPORTED,PASS,FAIL,CLEAR,ENTAILED,INVALID,PASS,FAIL,CLEAR,ENTAILED,INVALID,A_B_AGREEMENT,,,,,,PASS,FAIL,CLEAR,ENTAILED,INVALID,SUPPORTED,INVALID,REMOVE,ELIGIBILITY
84,When was the city of new york founded?,"York metropolitan area produced a gross metropolitan product (GMP) of US$1.73 trillion. If greater New York City were a sovereign state, it would have the 12th highest GDP in the world. New York City traces its origins to a trading post founded by colonists from the Dutch Republic in 1624 on Lower Manhattan; the post was named New Amsterdam in 1626. The city and its surroundings came under English control in 1664 and were renamed ""New York"" after King Charles II of England granted the lands to his brother, the Duke of York. New York served as the capital of

Publishing Corp. under contract with the New York City Law Department. The history of the New York City Council can be traced to Dutch Colonial times when New York City was known as New Amsterdam. On February 2, 1653, the town of New Amsterdam, founded on the southern tip of Manhattan Island in 1625, was incorporated as a city under a charter issued by the Dutch West India Company. A Council of Legislators sat as the local lawmaking body and as a court of inferior jurisdiction. During the 18th and 19th centuries the local legislature was called the Common Council

History of New York City (prehistory–1664) The history of New York City has been influenced by the prehistoric geological formation during the last glacial period of the territory that is today New York City. The area was long inhabited by the Lenape; after initial European exploration in the 16th century, the Dutch established New Amsterdam in 1626. In 1664, the English conquered the area and renamed it New York. Archaeological excavations indicate that the first humans settled the area as early as 9,000 years ago. The area was abandoned, however, possibly because the warming climate of the region lead to",New York was founded by the Dutch in 1624.,Cat4,SUPPORTED,FAIL,PASS,CLEAR,ENTAILED,INVALID,PASS,PASS,AMBIGUOUS,AMBIGUOUS,Cat4,THIRD_PERSON_ADJUDICATION,PASS,PASS,CLEAR,CONTRADICTED,Cat4,PASS,PASS,CLEAR,CONTRADICTED,Cat4,UNSUPPORTED,ELIGIBLE,RELABEL,SUPPORT
85,What did the Lichfield Cricket Club nickname itself after?," The club has the nickname 'Three Spires', derived from the three nearby spires of Lichfield Cathedral. It is the only medieval English cathedral with three spires.",Lichfield Cathedral is the only medieval English cathedral with three spires.,Cat3,SUPPORTED,PASS,PASS,CLEAR,ENTAILED,Cat3,PASS,FAIL,CLEAR,ENTAILED,INVALID,THIRD_PERSON_ADJUDICATION,PASS,FAIL,CLEAR,ENTAILED,Cat3,PASS,FAIL,CLEAR,ENTAILED,INVALID,SUPPORTED,INVALID,REMOVE,ELIGIBILITY
86,The person who owns a philanthropic mining organization and majority owner of Foresight Reserves has a net worth of what?,"Gogebic Taconite is an iron-ore mining company in development stage, based in Florida, with a presence in Hurley, Wisconsin. The company, owned by the larger mining organizations, Cline Resource and Development Group, is at the center of a dispute among politicians, community groups, environmental organizations, Native American tribal councils and various stakeholders because of a proposed mining project scheduled for operation in Iron and Ashland counties in northern Wisconsin. According to ""Forbes"", Cline has a net worth of $1.7 billion, ranking 78th among America's richest and in the Forbes list #736 and in 2013 #371.",The owner of Gogebic Taconite is not a philanthropist.,Cat2,UNSUPPORTED,PASS,FAIL,CLEAR,NOT_ENOUGH_INFO,INVALID,PASS,FAIL,CLEAR,NOT_ENOUGH_INFO,INVALID,A_B_AGREEMENT,,,,,,PASS,FAIL,CLEAR,NOT_ENOUGH_INFO,INVALID,UNSUPPORTED,INVALID,REMOVE,ELIGIBILITY
87,"Simone Kirby is an Irish actress, her credits include as Tracey Moynihan in which Irish dramatic television series broadcast, on RTÉ Television, the show aired between 2010 and 2014?"," Grace in ""Houdini and Doyle"" (2016), Maria Roche in ""The Truth Commissioner"" (2016), Annette Rane in ""Clean Break"" (2015), Tracey Moynihan in ""Love/Hate"" (2014) and Geraldine Grehan in the RTÉ series ""Pure Mule"".Love/Hate is an Irish dramatic television series broadcast on RTÉ Television.",Love/Hate includes the Irish Film and Television Award for Best Drama.,Cat5,UNSUPPORTED,PASS,FAIL,CLEAR,NOT_ENOUGH_INFO,INVALID,PASS,FAIL,CLEAR,NOT_ENOUGH_INFO,INVALID,A_B_AGREEMENT,,,,,,PASS,FAIL,CLEAR,NOT_ENOUGH_INFO,INVALID,UNSUPPORTED,INVALID,REMOVE,ELIGIBILITY
88,"The 337th Flight Test Squadron (337 FLTS) was most recently part of the 46th Test Wing and based at McClellan Air Force Base, a former United States Air Force base located in the North Highlands area of Sacramento County, in which US state?","The 337th Flight Test Squadron (337 FLTS) was most recently part of the 46th Test Wing and based at McClellan Air Force Base, California.McClellan Air Force Base (1935–2001) is a former United States Air Force base located in the North Highlands area of Sacramento County, 7 mi northeast of Sacramento, California.",The 337th Flight Test Squadron (337 FLTS) was most recently part of the 46th Test Wing.,Cat4,SUPPORTED,PASS,FAIL,CLEAR,ENTAILED,INVALID,PASS,FAIL,CLEAR,ENTAILED,INVALID,A_B_AGREEMENT,,,,,,PASS,FAIL,CLEAR,ENTAILED,INVALID,SUPPORTED,INVALID,REMOVE,ELIGIBILITY
89,The real life person that James Woods' character is based on in the television film In Love and War was awarded what medal?,"In Love and War (1987) is a Vietnam war-based thriller/drama television film starring James Woods and Jane Alexander. The film is based on the true story of James Stockdale and Sybil Stockdale.James Bond Stockdale (December 23, 1923July 5, 2005) was a United States Navy vice admiral and aviator awarded the Medal of Honor in the Vietnam War, during which he was an American prisoner of war for over seven years.",James Stockdale was not awarded the Medal of Honor.,Cat2,UNSUPPORTED,PASS,PASS,CLEAR,CONTRADICTED,Cat2,PASS,PASS,CLEAR,CONTRADICTED,Cat2,A_B_AGREEMENT,,,,,,PASS,PASS,CLEAR,CONTRADICTED,Cat2,UNSUPPORTED,ELIGIBLE,RETAIN_UNCHANGED,
90,Robert L. Priddy - he comes from the United States and has founded a number of airline companies such as ValuJet or which American low-cost airline that operates scheduled and charter flights?,Robert L. Priddy - he comes from the United States and has founded a number of airline companies such as ValuJet or Allegiant Air.Allegiant Air is an American low-cost airline that operates scheduled and charter flights.,Allegiant Air's fleet primarily consists of McDonnell Douglas MD-80 aircraft.,Cat7,UNSUPPORTED,PASS,FAIL,CLEAR,NOT_ENOUGH_INFO,INVALID,PASS,FAIL,CLEAR,NOT_ENOUGH_INFO,INVALID,A_B_AGREEMENT,,,,,,PASS,FAIL,CLEAR,NOT_ENOUGH_INFO,INVALID,UNSUPPORTED,INVALID,REMOVE,ELIGIBILITY
91,What is a small network appliance and entertainment device that serves as a the media player for the iTunes Store?," It also serves as a media player for television shows and films purchased in the iTunes Store, replacing the ""Videos"" application on earlier versions of iOS.Apple TV is a digital media player and microconsole developed and sold by Apple Inc. It is a small network appliance and entertainment device that can receive digital data from a number of sources and stream it to a capable television.",Apple TV is a client device for content CompactFlash Type XV.,Cat1,UNSUPPORTED,PASS,FAIL,CLEAR,NOT_ENOUGH_INFO,INVALID,PASS,FAIL,AMBIGUOUS,NOT_ENOUGH_INFO,INVALID,THIRD_PERSON_ADJUDICATION,PASS,FAIL,CLEAR,NOT_ENOUGH_INFO,INVALID,PASS,FAIL,CLEAR,NOT_ENOUGH_INFO,INVALID,UNSUPPORTED,INVALID,REMOVE,ELIGIBILITY
92,How many african american soldiers served in ww2?,"the period extending from July 1, 1944 through December 31, 1945. Blacks were an important source of manpower for the armed forces in World War II as is shown by the fact that a total of 1,056,841 African American registrants were inducted into the armed forces through Selective Service as of December 31, 1945. Of these, The African American inductees made up: Thus African Americans, who constituted approximately 11.0 percent of all registrants liable for service, furnished approximately this proportion of the inductees in all branches of the service except During the period July 1, 1944 – December 31, 1945,

in the navy during World War II. Many soldiers of color served their country with distinction during World War II. There were 125,000 African Americans who were overseas in World War II. Famous segregated units, such as the Tuskegee Airmen and 761st Tank Battalion and the lesser-known but equally distinguished 452nd Anti-Aircraft Artillery Battalion, proved their value in combat, leading to desegregation of all U.S. armed forces by order of President Harry S. Truman in July 1948 via Executive Order 9981. Benjamin O. Davis, Jr. served as commander of the Tuskegee Airmen during the war. He later went on to

combat. Approximately 75 percent of the soldiers who served in the European theater as truckers for the Red Ball Express and kept Allied supply lines open were African American. A total of 708 African Americans were killed in combat during World War II. The distinguished service of these units was a factor in President Harry S. Truman's order to end discrimination in the Armed Forces in July 1948, with the promulgation of Executive Order 9981. This led in turn to the integration of the Air Force and the other services by the early 1950s. Due to massive shortages as a","In World War II a total of 1,056,841 African American registrants were inducted into the armed forces through Selective Service.",Cat6,SUPPORTED,PASS,PASS,CLEAR,ENTAILED,Cat6,PASS,PASS,CLEAR,ENTAILED,Cat6,A_B_AGREEMENT,,,,,,PASS,PASS,CLEAR,ENTAILED,Cat6,SUPPORTED,ELIGIBLE,RETAIN_UNCHANGED,
93,When was the greatest showman released in theaters?,"copies, 186,000 downloads and 186,000 streaming. On November 16, 2018. 20th Century Fox released a cover album entitled ""The Greatest Showman: Reimagined"", featuring a variety of artists. ""The Greatest Showman"" held its premiere on December 8, 2017, aboard the RMS ""Queen Mary 2"", while it was docked in New York City. The film was then released in the United States on December 20, 2017. Like Disney's live-action ""Beauty and the Beast"", a sing-along version of the film was released in the United Kingdom on February 23, 2018. The film had a limited IMAX release on February 2. On June 28,

United Kingdom, the film was released first on digital download on April 27, 2018, while Blu-ray, 4K Ultra HD and DVD copies went on sale on May 14. These versions include the sing-along version, two hours of behind-the-scenes footage and music machine jukebox features. ""The Greatest Showman"" spent 219 days in release, closing on July 26, 2018, having grossed $174.3million in the United States and Canada, and $260.7million in other territories, for a worldwide total of $435million, against a production budget of $84million. It is the third highest grossing musical ever in North America and globally, respectively, and ""Deadline Hollywood""

The Greatest Showman The Greatest Showman is a 2017 American musical film directed by Michael Gracey in his directorial debut, written by Jenny Bicks and Bill Condon and starring Hugh Jackman, Zac Efron, Michelle Williams, Rebecca Ferguson, and Zendaya. The film is inspired by the story of P. T. Barnum's creation of the Barnum & Bailey Circus and the lives of its star attractions. Principal photography began in New York City in November 2016. The film premiered on December 8, 2017, aboard the RMS ""Queen Mary 2"". It was released in the United States on December 20, 2017, by 20th","The Greatest Showman's premiere was aboard the RMS ""Queen Mary 2"".",Cat1,SUPPORTED,PASS,FAIL,CLEAR,ENTAILED,INVALID,PASS,FAIL,CLEAR,ENTAILED,INVALID,A_B_AGREEMENT,,,,,,PASS,FAIL,CLEAR,ENTAILED,INVALID,SUPPORTED,INVALID,REMOVE,ELIGIBILITY
94,"Which band is from Glastonbury, Reef or Simple Plan?","Reef are an English band from Glastonbury, England.Simple Plan is a Canadian rock band from Montreal, Quebec.",Simple Plan is not from Glastonbury.,Cat2,SUPPORTED,PASS,PASS,CLEAR,ENTAILED,Cat2,PASS,PASS,CLEAR,ENTAILED,Cat2,A_B_AGREEMENT,,,,,,PASS,PASS,CLEAR,ENTAILED,Cat2,SUPPORTED,ELIGIBLE,RETAIN_UNCHANGED,
95,Where does anything you can do i can do better come from?,"Anything You Can Do (I Can Do Better) ""Anything You Can Do"" is a song composed by Irving Berlin for the 1946 Broadway musical ""Annie Get Your Gun"". The song is a duet, with one male singer and one female singer attempting to outdo each other in increasingly complex tasks. In the musical, the song sets the scene for the climactic sharpshooting contest between Annie Oakley and Frank Butler. Its most memorable lines are, ""Anything you can do I can do better; I can do anything better than you."" The song was first performed in ""Annie Get Your Gun"" by

Ethel Merman and Ray Middleton. During the song, they argue playfully about who can, for example, sing softer, sing higher, sing sweeter, and hold a note for longer, and boast of their abilities and accomplishments, such as opening safes and living on bread and cheese, although Annie always seems to counter Frank's argument. Neither can ""bake a pie,"" though. Anything You Can Do (I Can Do Better) ""Anything You Can Do"" is a song composed by Irving Berlin for the 1946 Broadway musical ""Annie Get Your Gun"". The song is a duet, with one male singer and one female singer

choosing the occupation of ""newspaper carrier"" was required to ride a bicycle down a narrow yellow line (without veering from it) and throw several newspapers at targets. She lost control of the bicycle, fell to the studio floor, and apparently broke a bone. Wood mentioned other contestants being injured as well. The title of the show is inspired by a 1946 song called ""Anything You Can Do, I Can Do Better"" from the hit broadway musical ""Annie Get Your Gun"" (composed by Irving Berlin) as a sprirted duet with one male singer and one female singer attempting to outdo each","The song ""Anything You Can Do (I Can Do Better)"" is a solo.",Cat5,UNSUPPORTED,PASS,FAIL,CLEAR,CONTRADICTED,INVALID,PASS,FAIL,CLEAR,CONTRADICTED,INVALID,A_B_AGREEMENT,,,,,,PASS,FAIL,CLEAR,CONTRADICTED,INVALID,UNSUPPORTED,INVALID,REMOVE,ELIGIBILITY
96,"What is the name of the magazine that Funk & Wagnalls published thateventually merged with two similar weekly magazines, ""Public Opinion"" and ""Current Opinion""? "," Funk & Wagnalls Company published The Literary Digest, ""The Standard Dictionary of the English Language"", and ""Funk & Wagnalls Standard Encyclopedia"", Founded by Isaac Kaufmann Funk in 1890, it eventually merged with two similar weekly magazines, ""Public Opinion"" and ""Current Opinion"".","The magazine merged with ""Public Opinion"".",Cat7,SUPPORTED,PASS,PASS,CLEAR,ENTAILED,Cat1,PASS,FAIL,CLEAR,ENTAILED,INVALID,THIRD_PERSON_ADJUDICATION,PASS,FAIL,CLEAR,ENTAILED,Cat1,PASS,FAIL,CLEAR,ENTAILED,INVALID,SUPPORTED,INVALID,REMOVE,ELIGIBILITY
97,How many people were killed by a van bomb by the man Inga Bejer Engh prosecuted in a high profile 2012 trial?," Together with prosecutor Svein Holden she was prosecuting terror suspect Anders Behring Breivik in the 2012 trial following the 2011 Norway attacks. On 22 July 2011 he killed eight people by detonating a van bomb amid Regjeringskvartalet in Oslo, then shot dead 69 participants of a Workers' Youth League (AUF) summer camp on the island of Utøya.",Over ten people were killed.,Cat6,UNSUPPORTED,PASS,PASS,CLEAR,CONTRADICTED,Cat3,PASS,PASS,CLEAR,CONTRADICTED,Cat3,A_B_AGREEMENT,,,,,,PASS,PASS,CLEAR,CONTRADICTED,Cat3,UNSUPPORTED,ELIGIBLE,RELABEL,CATEGORY
98,"Which university is the third-largest university campus in the United States, Indiana University or Ohio State University?"," Indiana University has a combined student body of more than 110,000 students, including approximately 46,000 students enrolled at the Indiana University Bloomington campus and approximately 31,000 students enrolled at the Indiana University – Purdue University Indianapolis (IUPUI) campus.The Ohio State University, commonly referred to as Ohio State or OSU, is a large, primarily residential, public university in Columbus, Ohio. The college began with a focus on training students in various agricultural and mechanical disciplines but was developed into a comprehensive university under the direction of then Governor (later, President) Rutherford B. Hayes, and in 1878 the Ohio General Assembly passed a law changing the name to ""The Ohio State University"". It has since grown into the third-largest university campus in the United States.",Indiana University has the third-largest university campus in the United States.,Cat5,UNSUPPORTED,PASS,PASS,CLEAR,CONTRADICTED,Cat5,PASS,PASS,CLEAR,CONTRADICTED,Cat5,A_B_AGREEMENT,,,,,,PASS,PASS,CLEAR,CONTRADICTED,Cat5,UNSUPPORTED,ELIGIBLE,RETAIN_UNCHANGED,
99," Which species, Cardwellia or Ochagavia, is native to South America?"," The species Cardwellia sublimis (northern silky oak) grows naturally only (endemic) in the rainforests of the wet tropics region of north eastern Queensland, Australia.Ochagavia is a genus of the botanical family Bromeliaceae, subfamily Bromelioideae. The genus is named for Sylvestris Ochagavia, Chilean minister of education. Endemic to southern and central Chile (including the Juan Fernández Islands), this genus is represented by four accepted species.",Silvestre Ochagavía Errázuriz was a member of the Academy of Political and Social Sciences of Chile.,Cat7,UNSUPPORTED,PASS,FAIL,CLEAR,NOT_ENOUGH_INFO,INVALID,PASS,FAIL,CLEAR,NOT_ENOUGH_INFO,INVALID,A_B_AGREEMENT,,,,,,PASS,FAIL,CLEAR,NOT_ENOUGH_INFO,INVALID,UNSUPPORTED,INVALID,REMOVE,ELIGIBILITY
100,Vikram samvat is official calendar of which contry?,"Vikram Samvat Vikram Samvat (IAST: Vikrama Samvat) (abbreviated as V.S. (or VS) or B.S. (or BS)); ) (also called the Bikrami calendar or sometimes just Hindu calendar) is the historical Hindu calendar of India and Nepal. It uses lunar months and solar sidereal years. It is the official calendar of Nepal. The Vikram Samvat is notable because many ancient and medieval era inscriptions use it. It is said to be named after the legendary king Vikramaditya, but the term ""Vikrama Samvat"" does not appear in the historical records before the 9th century, rather the same calendaring system is found by

calendar. For example, the year 2075 VS began in 2018 CE and will end in 2019 CE. The Rana rulers of Nepal made Vikram Samvat the official Hindu calendar in 1901 CE, which started as Samvat 1958. In Nepal, the new year begins with the first day of the month of Baishakh, which usually falls around 13-15 April in the Gregorian calendar. The first day of the new year is passionately celebrated in a historical carnival that takes place every year in Bhaktapur, called Bisket Jatra. From 2007 AD, Nepal Sambat is recognized as the national calendar. In India, the

Cambodia, Kerala, Kashmir, Manipur, Odisha, Punjab, Sri Lanka, Tamil Nadu and Thailand In addition to Nepal, the Vikram Samvat calendar is also recognized in North and East India, and in Gujarat among Hindus. Hindu religious festivals are based on Vikram Samvat. In North India the new year in Vikram Samvat starts from the first day of Chaitra Skukla paksha. In Buddhist communities, the month of Baishakh is associated with Vesak or Buddha's Birthday. It commemorates the birth, Enlightenment and passing of Gautama Buddha on the first full moon day in May, except in a leap year when the festival is",Vikram Samvat is also known as Bikram Sambat.,Cat1,SUPPORTED,PASS,FAIL,CLEAR,NOT_ENOUGH_INFO,INVALID,PASS,FAIL,CLEAR,ENTAILED,INVALID,THIRD_PERSON_ADJUDICATION,PASS,FAIL,CLEAR,ENTAILED,INVALID,PASS,FAIL,CLEAR,ENTAILED,INVALID,SUPPORTED,INVALID,REMOVE,ELIGIBILITY
101,"Edwin Forrest's feud with William Charles Macready was the cause of what event that occurred on May 10, 1849, in Manhattan?"," His feud with the British actor William Charles Macready was the cause of the deadly Astor Place Riot of 1849.The Astor Place Riot occurred on May 10, 1849, at the now-demolished Astor Opera House in Manhattan, New York City and left at least 25 dead and more than 120 injured.",At least 22 people were killed.,Cat3,SUPPORTED,PASS,FAIL,CLEAR,ENTAILED,INVALID,PASS,FAIL,CLEAR,ENTAILED,INVALID,A_B_AGREEMENT,,,,,,PASS,FAIL,CLEAR,ENTAILED,INVALID,SUPPORTED,INVALID,REMOVE,ELIGIBILITY
102,Martin & Orloff is a film featuring a cast member who also voiced Crane in what film franchise?,"Martin & Orloff is a 2002 feature film written by and starring Matt Walsh and Ian Roberts (Walsh & Roberts are best known as half of the Upright Citizens Brigade comedy troupe) along with Ian's wife Katie Roberts. The film was produced and directed by Lawrence Blume and features an ensemble cast of alternative comedians including H. Jon Benjamin, David Cross, Andy Richter, Matt Besser, Amy Poehler, Tina Fey, Janeane Garofalo and Rachel Dratch, as well as actress Kim Raver as Orloff's girlfriend.David Cross (born April 4, 1964) is an American stand-up comedian, actor, director and writer, known primarily for his stand-up performances, the HBO sketch comedy series ""Mr. Show"", and his role as Tobias Fünke in the sitcom ""Arrested Development"". Cross created, wrote, executive produced, and starred in ""The Increasingly Poor Decisions of Todd Margaret"", developed and had a prominent role in ""Freak Show"", appeared on ""Modern Family"", portrayed Ian Hawke in the ""Alvin and the Chipmunks"" film franchise, and voiced Crane in the ""Kung Fu Panda"" film franchise.",The Kung Fu Panda franchise remains one of the most beloved animated franchises of all time.,Cat5,UNSUPPORTED,PASS,FAIL,CLEAR,NOT_ENOUGH_INFO,INVALID,PASS,FAIL,CLEAR,NOT_ENOUGH_INFO,INVALID,A_B_AGREEMENT,,,,,,PASS,FAIL,CLEAR,NOT_ENOUGH_INFO,INVALID,UNSUPPORTED,INVALID,REMOVE,ELIGIBILITY
103,What did Philip Bertie's father style from 1642 to 1666,"Philip Bertie (c.1665 – 15 April 1728) was an English courtier and politician, the third son of Robert Bertie, 3rd Earl of Lindsey.Robert Bertie, 3rd Earl of Lindsey PC FRS (8 November 1630 – 8 May 1701), styled Lord Willoughby de Eresby from 1642 to 1666, was an English nobleman.","Jane Heathcote-Drummond-Willoughby, 28th Baroness Willoughby de Eresby is a member of the House of Lords.",Cat7,UNSUPPORTED,PASS,FAIL,CLEAR,NOT_ENOUGH_INFO,INVALID,PASS,FAIL,CLEAR,NOT_ENOUGH_INFO,INVALID,A_B_AGREEMENT,,,,,,PASS,FAIL,CLEAR,NOT_ENOUGH_INFO,INVALID,UNSUPPORTED,INVALID,REMOVE,ELIGIBILITY
104,What retailer is the second-largest in the United States and has a commercial featuring the American artist who was 1st runner-up in the 2005 USA Weekend Magazine's songwriting competition?,"Deanna Marie Loveland (born April 5, 1989) is an American recording artist, harpist, pianist and fashion designer. Consequently, she began songwriting and in 2005 her original song, ""Shine"" was 1st Runner-Up out of 12,000 entries in USA Weekend Magazine's national songwriting competition judged by Simon Cowell and Fantasia Barrino. A month later she signed with a talent agency, appearing in music videos and commercials for companies including Toyota and Target and films including ""A Pure Country Gift II"" and ""Country Strong"".Target Corporation is the second-largest discount store retailer in the United States, behind Walmart, and a component of the S&P 500 Index.",Walmart is the largest retailer in the United States.,Cat5,SUPPORTED,PASS,PASS,CLEAR,ENTAILED,Cat5,PASS,FAIL,CLEAR,NOT_ENOUGH_INFO,INVALID,THIRD_PERSON_ADJUDICATION,PASS,FALL,CLEAR,CONTRADICTED,Cat5,PASS,FAIL,CLEAR,CONTRADICTED,Cat5,UNSUPPORTED,ELIGIBLE,RELABEL,SUPPORT
105,Lars Kristinus Larsen is the founder of the largest Danish retailer operating internationally with stores in how many countries?,"Lars Kristinus Larsen, (born 6 August 1948), is a Danish businessman, owner and founder of the Jysk retail chain.Jysk (corporately styled JYSK) (] , franchises in other countries operate under various names) is a Danish retail chain, selling household goods such as mattresses, furniture and interior décor. Jysk is the largest Danish retailer operating internationally, with 2,300 Jysk stores in 41 countries.",The input is 41.,Cat6,UNSUPPORTED,FAIL,PASS,CLEAR,NOT_ENOUGH_INFO,INVALID,FAIL,PASS,CLEAR,ENTAILED,INVALID,THIRD_PERSON_ADJUDICATION,FAIL,PASS,CLEAR,ENTAILED,INVALID,FAIL,PASS,CLEAR,ENTAILED,INVALID,SUPPORTED,INVALID,REMOVE,ELIGIBILITY
106,When does spring break start in the us?,"the spring break starts in the first week of Good Friday. The break may range from one week to two weeks, often times two. This break starts depending on which month the Easter holiday begins, March or April. In Mexico, spring break takes place during the Holy Week and the one after it. In the United States, spring break at the college and university level can occur from March to April, depending on term dates and when Easter holiday falls. Usually, spring break is about one week long, but many K–12 institutions in the United States schedule a two-week-long break

as colleges and universities get six days of holiday in March, lasting from March 8 to March 15, for people to go on winter vacations or do other activities. In Germany, universities typically schedule a semester break of five to eight weeks around March. The Whitsun (Pentecost) holidays around late May or early June are also considered a spring break. In Greece, spring break takes place during the Holy Week and the one after it. In Lithuania, spring break (called Easter holidays or spring holidays) takes place one week before Easter and one day after it (as it is the

known as ""Easter Break,"" ""Easter Holidays"", or ""Easter Vacation"", as they generally take place in the weeks before or after Easter. However, in the states of Massachusetts and Maine, schools typically schedule spring break for the week of the third Monday in April to coincide with Patriots' Day. In Guatemala and Honduras, it takes place during Easter; schools give students a whole week to rest while the staff workforce rests approximately three days. In Colombia, spring break takes place the first week of April, during the Holy Week until the second week. In Chile, many schools and universities take vacations","In the states of Massachusetts and Maine, schools typically schedule spring break to coincide with Patriots' Day.",Cat4,SUPPORTED,PASS,PASS,CLEAR,ENTAILED,Cat4,PASS,PASS,CLEAR,ENTAILED,Cat4,A_B_AGREEMENT,,,,,,PASS,PASS,CLEAR,ENTAILED,Cat4,SUPPORTED,ELIGIBLE,RETAIN_UNCHANGED,
107,Who did ed sheeran wrote nancy mulligan about?,"Nancy Mulligan ""Nancy Mulligan"" is a song by English singer-songwriter Ed Sheeran. It was included on the deluxe edition of his third studio album ""÷"" (2017). After the album's release it charted at number 13 on the UK Singles Chart. Sheeran recorded the song together with Beoga. ""Nancy Mulligan"" is one of the most personal songs on the album, telling the story of how his grandparents, William Sheeran, a Protestant from Belfast, Northern Ireland and Nancy Mulligan (real name Anne Mulligan), a Catholic from Republic of Ireland, met, fell in love during the Second World War and got married at

Hopefully if these songs are successful, more people will do a bit more like it."" In 2017, the song was covered by the Irish country singer Mike Denver with an accompanying music video. Sheeran performed the song, backed on stage by Beoga, during his headline performance at the Glastonbury Festival. Nancy Mulligan ""Nancy Mulligan"" is a song by English singer-songwriter Ed Sheeran. It was included on the deluxe edition of his third studio album ""÷"" (2017). After the album's release it charted at number 13 on the UK Singles Chart. Sheeran recorded the song together with Beoga. ""Nancy Mulligan"" is

the Wexford border. Sheeran said: ""They got engaged and no one turned up at their wedding. He stole all the gold teeth in his dental surgery and melted them down into a wedding ring, and they wore borrowed clothes to get married, and just basically have this kind of Romeo and Juliet romance, which is like the most romantic thing. So I thought I'd write a song about it and make it a jig."" In an interview with the ""Irish Times"", talking about the song's Irish roots, Sheeran said ""I don't think enough people use Irish folk in pop music...","The song ""Nancy Mulligan"" tells the story of how Ed Sheeran's grandparents got married.",Cat7,SUPPORTED,PASS,PASS,CLEAR,ENTAILED,Cat1,PASS,PASS,CLEAR,ENTAILED,Cat1,A_B_AGREEMENT,,,,,,PASS,PASS,CLEAR,ENTAILED,Cat1,SUPPORTED,ELIGIBLE,RELABEL,CATEGORY
108,"The Lisunov Li-2, originally designated PS-84, was a license-built version of the Douglas DC-3, a fixed-wing propeller-driven airliner, its lasting effect on the airline industry, and which event makes it one of the most significant transport aircraft ever made?","The Lisunov Li-2, originally designated PS-84, was a license-built version of the Douglas DC-3. Its lasting effect on the airline industry and World War II makes it one of the most significant transport aircraft ever made.",The Lisunov Li-2 is ranked among the most significant transport aircraft across the entire history of aviation.,Cat3,SUPPORTED,PASS,FAIL,CLEAR,ENTAILED,INVALID,PASS,FAIL,CLEAR,ENTAILED,INVALID,A_B_AGREEMENT,,,,,,PASS,FAIL,CLEAR,ENTAILED,INVALID,SUPPORTED,INVALID,REMOVE,ELIGIBILITY
109,What is the name of the first book in the series that precedes The Heroes of Olympus?,"The Heroes of Olympus is a pentalogy of adventure, mythological fiction and fantasy novels by American author Rick Riordan that collectively form a sequel series to the ""Percy Jackson & the Olympians"" series.Percy Jackson & the Olympians, often shortened to Percy Jackson, is a pentalogy of adventure and mythological fiction books written by American author Rick Riordan, and the first book series in the Camp Half-Blood Chronicles.",Camp Half-Blood Chronicles is a series of books by Rick Riordan.,Cat1,SUPPORTED,PASS,FAIL,CLEAR,ENTAILED,INVALID,PASS,FAIL,CLEAR,ENTAILED,INVALID,A_B_AGREEMENT,,,,,,PASS,FAIL,CLEAR,ENTAILED,INVALID,SUPPORTED,INVALID,REMOVE,ELIGIBILITY
110,"According to the text, how many accepted species represent the botanical genus Ochagavia?"," The species Cardwellia sublimis (northern silky oak) grows naturally only (endemic) in the rainforests of the wet tropics region of north eastern Queensland, Australia.Ochagavia is a genus of the botanical family Bromeliaceae, subfamily Bromelioideae. The genus is named for Sylvestris Ochagavia, Chilean minister of education. Endemic to southern and central Chile (including the Juan Fernández Islands), this genus is represented by four accepted species.",6,Cat6,UNSUPPORTED,FAIL,PASS,CLEAR,CONTRADICTED,INVALID,FAIL,PASS,CLEAR,CONTRADICTED,INVALID,A_B_AGREEMENT,,,,,,FAIL,PASS,CLEAR,CONTRADICTED,INVALID,UNSUPPORTED,INVALID,REMOVE,ELIGIBILITY
111,Who made the song these boots are made for walking?,"These Boots Are Made for Walkin' ""These Boots Are Made for Walkin' is a hit song written by Lee Hazlewood and recorded by Nancy Sinatra. It charted January 22, 1966, and reached No. 1 in the United States ""Billboard"" Hot 100 and in the UK Singles Chart. Subsequently, many cover versions of the song have been released in a range of styles: metal, pop, rock, punk rock, country, dance, and industrial. Among the more notable versions are the singles released by Megadeth, Jessica Simpson, and Ella Fitzgerald backed by Duke Ellington and his orchestra. Lee Hazlewood intended to record the

In 2018, the song was released with the original Lee Hazlewood lyrics on the remixed and remastered version of ""Killing Is My Business... and Business Is Good!"" These Boots Are Made for Walkin' ""These Boots Are Made for Walkin' is a hit song written by Lee Hazlewood and recorded by Nancy Sinatra. It charted January 22, 1966, and reached No. 1 in the United States ""Billboard"" Hot 100 and in the UK Singles Chart. Subsequently, many cover versions of the song have been released in a range of styles: metal, pop, rock, punk rock, country, dance, and industrial. Among the

actress in November 1957 with an appearance on her father's ABC-TV variety series, but initially achieved success only in Europe and Japan. In early 1966 she had a transatlantic number-one hit with ""These Boots Are Made for Walkin'"". She appeared on TV in high boots, and with colorfully dressed go-go dancers, creating a popular and enduring image of the Swinging Sixties. The song was written by Lee Hazlewood, who wrote and produced most of her hits and sang with her on several duets, including ""Some Velvet Morning"". In 1966 and 1967, Sinatra charted with 13 titles, all of which featured","""These Boots Are Made for Walkin'"" is a hit song.",Cat1,SUPPORTED,PASS,FAIL,CLEAR,ENTAILED,INVALID,PASS,FAIL,CLEAR,ENTAILED,INVALID,A_B_AGREEMENT,,,,,,PASS,FAIL,CLEAR,ENTAILED,INVALID,SUPPORTED,INVALID,REMOVE,ELIGIBILITY
112,Who publishes a horror game with protagonist Ellie?,"Ellie is a fictional character in the 2013 video game ""The Last of Us"", and the main protagonist of the upcoming video game ""The Last of Us Part II"".The Last of Us Part II is an upcoming action-adventure survival horror video game developed by Naughty Dog and published by Sony Interactive Entertainment for PlayStation 4.",Sony Interactive Entertainment's notable studios include PlayStation All-Stars.,Cat7,UNSUPPORTED,PASS,FAIL,CLEAR,NOT_ENOUGH_INFO,INVALID,PASS,FAIL,AMBIGUOUS,NOT_ENOUGH_INFO,INVALID,THIRD_PERSON_ADJUDICATION,PASS,FAIL,CLEAR,NOT_ENOUGH_INFO,INVALID,PASS,FAIL,CLEAR,NOT_ENOUGH_INFO,INVALID,UNSUPPORTED,INVALID,REMOVE,ELIGIBILITY
113,What major Albanian musical event did Aurela Gaçe win?," She is a three-time Festivali i Këngës winner, a three-time Kënga Magjike winner and a two-time Balkan Music Award winner for ""Balkan's Song of The Year"" and ""Best Singer from Albania"".Kënga Magjike (""Magical Song"" in English) is a major musical event in Albania.",Kënga Magjike includes a competition for the best song.,Cat7,SUPPORTED,PASS,PASS,CLEAR,NOT_ENOUGH_INFO,Cat1,PASS,FAIL,CLEAR,ENTAILED,INVALID,THIRD_PERSON_ADJUDICATION,PASS,PASS,CLEAR,ENTAILED,Cat1,PASS,PASS,CLEAR,ENTAILED,Cat1,SUPPORTED,ELIGIBLE,RELABEL,CATEGORY
114,Which of the founder of Basque artistic group was a Spanish Basque sculptor?,"Gaur ('today' in Basque) was a Basque artistic group founded in 1966 by Amable Arias, Rafael Ruiz Balerdi, Nestor Basterretxea, Eduardo Chillida, Remigio Mendiburu, Jorge Oteiza, José Antonio Sistiaga, and José Luis Zumeta.Eduardo Chillida Juantegui, or Eduardo Txillida Juantegi in Basque, (10 January 1924 – 19 August 2002) was a Spanish Basque sculptor notable for his monumental abstract works.",Eduardo Chillida was not the founder of the Basque artistic group.,Cat2,UNSUPPORTED,PASS,PASS,CLEAR,CONTRADICTED,Cat2,PASS,PASS,CLEAR,CONTRADICTED,Cat2,A_B_AGREEMENT,,,,,,PASS,PASS,CLEAR,CONTRADICTED,Cat2,UNSUPPORTED,ELIGIBLE,RETAIN_UNCHANGED,
115,In between Memphis International Airport and Southwest Georgia Regional Airport which one is in Tennessee?,"Memphis International Airport (IATA: MEM, ICAO: KMEM, FAA LID: MEM) is a civil-military airport seven miles (11.2 km) southeast of downtown Memphis in Shelby County, Tennessee, United States.Southwest Georgia Regional Airport (IATA: ABY, ICAO: KABY, FAA LID: ABY) is a city owned, public use airport located three nautical miles (6 km) southwest of the central business district of Albany, a city in Dougherty County, Georgia, United States.",Southwest Georgia Regional Airport is not in Tennessee.,Cat2,SUPPORTED,PASS,PASS,CLEAR,ENTAILED,Cat2,PASS,PASS,CLEAR,ENTAILED,Cat2,A_B_AGREEMENT,,,,,,PASS,PASS,CLEAR,ENTAILED,Cat2,SUPPORTED,ELIGIBLE,RETAIN_UNCHANGED,
116,Arthur Noss won a Military Cross as the gunner of a soldier born in which year ?," He won a Military Cross as Keith Park's gunner, and was killed in a flying accident shortly thereafter.Air Chief Marshal Sir Keith Rodney Park, (15 June 1892 – 6 February 1975) was a New Zealand soldier, First World War flying ace and Second World War Royal Air Force commander.",The soldier was born in 1889.,Cat4,UNSUPPORTED,PASS,PASS,CLEAR,CONTRADICTED,Cat4,PASS,PASS,CLEAR,CONTRADICTED,Cat4,A_B_AGREEMENT,,,,,,PASS,PASS,CLEAR,CONTRADICTED,Cat4,UNSUPPORTED,ELIGIBLE,RETAIN_UNCHANGED,
117,"After releasing ""Hail to the Thief"" in June 2003, which band released the EP COM LAG in 2004?","COM LAG (2plus2isfive) is the sixth compilation EP by the English rock band Radiohead, released in March 2004 in Japan and Australia. It is collects many of the B-sides from the singles from their 2003 album ""Hail to the Thief"", along with some live tracks and remixes by Cristian Vogel and Four Tet. It was released on 9 June 2003, by Parlophone Records in the United Kingdom, and a day later by Capitol Records in the United States.",COM LAG was released in March 2004.,Cat4,SUPPORTED,PASS,FAIL,CLEAR,ENTAILED,INVALID,PASS,FAIL,CLEAR,ENTAILED,INVALID,A_B_AGREEMENT,,,,,,PASS,FAIL,CLEAR,ENTAILED,INVALID,SUPPORTED,INVALID,REMOVE,ELIGIBILITY
118,Which historical event is known as the Revolution of 1688 and caused the noble in Scotland to lose control over the Church of Scotland parish churches?," Its purpose was to allow the noble and other Patrons in Scotland to gain control over the Church of Scotland parish churches again, having lost that custom in the so-called Glorious Revolution.The Glorious Revolution, also called the Revolution of 1688, was the overthrow of King James II of England (James VII of Scotland) by a union of English Parliamentarians with the Dutch stadtholder William III, Prince of Orange.",The Glorious Revolution is often described as bloodless.,Cat1,UNSUPPORTED,PASS,PASS,CLEAR,NOT_ENOUGH_INFO,Cat1,PASS,FAIL,CLEAR,NOT_ENOUGH_INFO,INVALID,THIRD_PERSON_ADJUDICATION,PASS,FAIL,CLEAR,NOT_ENOUGH_INFO,Cat1,PASS,FAIL,CLEAR,NOT_ENOUGH_INFO,INVALID,UNSUPPORTED,INVALID,REMOVE,ELIGIBILITY
119,"Kiawah Island, South Carolina was mentioned in ""Porgy and Bess,"" composed by the man best known for which other 1924 orchestral composition?"," Alternative spellings and variants of the name itself include ""Kiawa"", ""Kittiwar"" (in DuBose Heyward's novel ""Porgy""), and ""Kittiwah"" (in George Gershwin's opera ""Porgy and Bess""). Among his best-known works are the orchestral compositions ""Rhapsody in Blue"" (1924) and ""An American in Paris"" (1928) as well as the opera ""Porgy and Bess"" (1935).",Rhapsody in Blue is one of the most popular American musical works.,Cat5,UNSUPPORTED,PASS,FAIL,CLEAR,NOT_ENOUGH_INFO,INVALID,PASS,FAIL,CLEAR,ENTAILED,INVALID,THIRD_PERSON_ADJUDICATION,PASS,FAIL,CLEAR,ENTAILED,INVALID,PASS,FAIL,CLEAR,ENTAILED,INVALID,SUPPORTED,INVALID,REMOVE,ELIGIBILITY
120,Where did kevin durant go in the nba draft?,"2007 NBA draft The 2007 NBA draft was held on June 28, 2007 at the WaMu Theatre at Madison Square Garden in New York City, New York. It was broadcast on television in 115 countries. In this draft, National Basketball Association (NBA) teams took turns selecting amateur U.S. college basketball players and other eligible players, including international players. Freshman Greg Oden from Ohio State University was drafted first overall by the Portland Trail Blazers, who won the draft lottery. However, he missed the 2007–08 season due to microfracture surgery on his right knee during the pre-season. Another freshman, Kevin Durant,

Kevin Durant Kevin Wayne Durant (born September 29, 1988) is an American professional basketball player for the Golden State Warriors of the National Basketball Association (NBA). He played one season of college basketball for the University of Texas, and was selected as the second overall pick by the Seattle SuperSonics in the 2007 NBA draft. He played nine seasons in Oklahoma City before signing with Golden State in 2016, winning back-to-back championships in 2017 and 2018. Durant was a heavily recruited high school prospect who was widely regarded as the second-best player in his class. In college, he won numerous

from University of Connecticut was drafted second by the Memphis Grizzlies. Thabeet became the first player born in Tanzania to be drafted by an NBA team. James Harden was drafted 3rd by the Oklahoma City Thunder. This made him the first player to be drafted by the franchise as the Oklahoma City Thunder whose franchise moved from Seattle to OKC in 2008. The Sacramento Kings drafted Tyreke Evans 4th; he was named 2009–10 NBA Rookie of the Year, after he became the fourth NBA player in history to average at least 20 points, 5 rebounds and 5 assists in his",Kevin Durant was selected as the third overall pick by the Memphis Grizzlies in the 2007 NBA draft.,Cat6,UNSUPPORTED,FAIL,PASS,CLEAR,CONTRADICTED,INVALID,PASS,PASS,CLEAR,CONTRADICTED,Cat1,THIRD_PERSON_ADJUDICATION,PASS,PASS,CLEAR,CONTRADICTED,Cat1,PASS,PASS,CLEAR,CONTRADICTED,Cat1,UNSUPPORTED,ELIGIBLE,RELABEL,CATEGORY
121,From what famous soliloquy is the title What Dreams May Come derived from?," The book derives its title from a line in Hamlet's famous ""To be, or not to be..."" soliloquy.To be, or not to be is the opening phrase of a soliloquy spoken by Prince Hamlet in the so-called ""nunnery scene"" of William Shakespeare's play ""Hamlet"".","Hamlet, Gertrude, Claudius, and Laertes all die by the end of the play.",Cat3,UNSUPPORTED,PASS,FAIL,CLEAR,NOT_ENOUGH_INFO,INVALID,PASS,FAIL,CLEAR,NOT_ENOUGH_INFO,INVALID,A_B_AGREEMENT,,,,,,PASS,FAIL,CLEAR,NOT_ENOUGH_INFO,INVALID,UNSUPPORTED,INVALID,REMOVE,ELIGIBILITY
122,"What side of town is the Chicago Mayer-endorsed, 38th Ward of the City of Chicago alderman serving?","Nicholas Sposato serves on Chicago City Council as alderman of the 38th Ward of the City of Chicago on the city's Northwest Side.Rahm Israel Emanuel ( ; born November 29, 1959) is an American politician who is the 44th and current mayor of Chicago.",The 38th Ward alderman serves downtown.,Cat1,UNSUPPORTED,PASS,PASS,CLEAR,CONTRADICTED,Cat1,PASS,PASS,CLEAR,CONTRADICTED,Cat1,A_B_AGREEMENT,,,,,,PASS,PASS,CLEAR,CONTRADICTED,Cat1,UNSUPPORTED,ELIGIBLE,RETAIN_UNCHANGED,
123,Which of the two bands Kill Hannah and Warpaint is from California?,"Kill Hannah was an American rock band formed in 1993 in Chicago, Illinois.Warpaint is an American indie rock band from Los Angeles, California, formed in 2004.",Stella Mozgawa joined Warpaint in 2009.,Cat4,UNSUPPORTED,PASS,FAIL,CLEAR,NOT_ENOUGH_INFO,INVALID,PASS,FAIL,CLEAR,NOT_ENOUGH_INFO,INVALID,A_B_AGREEMENT,,,,,,PASS,FAIL,CLEAR,NOT_ENOUGH_INFO,INVALID,UNSUPPORTED,INVALID,REMOVE,ELIGIBILITY
124," Which species, Cardwellia or Ochagavia, is native to South America?"," The species Cardwellia sublimis (northern silky oak) grows naturally only (endemic) in the rainforests of the wet tropics region of north eastern Queensland, Australia.Ochagavia is a genus of the botanical family Bromeliaceae, subfamily Bromelioideae. The genus is named for Sylvestris Ochagavia, Chilean minister of education. Endemic to southern and central Chile (including the Juan Fernández Islands), this genus is represented by four accepted species.",Silvestre Ochagavía Errázuriz was a member of the Academy of Dramatic Sciences of Chile.,Cat7,UNSUPPORTED,PASS,FAIL,CLEAR,NOT_ENOUGH_INFO,INVALID,PASS,FAIL,CLEAR,NOT_ENOUGH_INFO,INVALID,A_B_AGREEMENT,,,,,,PASS,FAIL,CLEAR,NOT_ENOUGH_INFO,INVALID,UNSUPPORTED,INVALID,REMOVE,ELIGIBILITY
125,"Which American guitarist and bluegrass musician from Danville, Virginia did Rebecca Rippy play or share the stage with?"," She has played or shared the stage with such well-known acts and artists as REM producer Don Dixon, Leon Russell, Lucy Kaplansky, Tony Rice, Donna the Buffalo, Jim Lauderdale, Bill Mallonee and the Vigilantes of Love, blues legend Tinsley Ellis, John Cowan, Rhonda Vincent, Danielle Howle, and Old Crow Medicine Show, and has become a regular performer at such prestigious songwriter venues as the Bluebird Café in Nashville, TN, and at the Neighborhood Theater in Charlotte, NC.Tony Rice (born David Anthony Rice, June 8, 1951, Danville, Virginia, United States) is an American guitarist and bluegrass musician.",Rebecca Rippy played with several well-known acts and artists.,Cat3,SUPPORTED,PASS,FAIL,CLEAR,ENTAILED,INVALID,PASS,FAIL,CLEAR,ENTAILED,INVALID,A_B_AGREEMENT,,,,,,PASS,FAIL,CLEAR,ENTAILED,INVALID,SUPPORTED,INVALID,REMOVE,ELIGIBILITY
126,Greenland is the largest island in the world in which continent it is situated?,"Greenland Greenland (, ; , ) is an autonomous constituent country of the Kingdom of Denmark between the Arctic and Atlantic Oceans, east of the Canadian Arctic Archipelago. Though physiographically a part of the continent of North America, Greenland has been politically and culturally associated with Europe (specifically Norway and Denmark, the colonial powers, as well as the nearby island of Iceland) for more than a millennium. The majority of its residents are Inuit, whose ancestors began migrating from the Canadian mainland in the 13th century, gradually settling across the island. Greenland is the world's largest island. Australia and Antarctica

of its natural resources, the grant will gradually be diminished. This is generally considered to be a step toward eventual full independence from Denmark. Greenlandic was declared the sole official language of Greenland at the historic ceremony. Greenland is the world's largest non-continental island and the third largest country in North America. It is between latitudes 59° and 83°N, and longitudes 11° and 74°W. The Atlantic Ocean borders Greenland's southeast; the Greenland Sea is to the east; the Arctic Ocean is to the north; and Baffin Bay is to the west. The nearest countries are Canada, to the west and

Geography of Greenland Greenland is located between the Arctic Ocean and the North Atlantic Ocean, northeast of Canada and northwest of Iceland. The territory comprises the island of Greenland–the largest island in the world–and more than a hundred other smaller islands (see ). As an island, Greenland has no land boundaries and 44,087 km of coastline. A sparse population is confined to small settlements along certain sectors of the coast. Greenland possesses the world's second largest ice sheet. Greenland sits atop the Greenland plate, a subplate of the North American plate. The Greenland craton is made up of some of",Greenland is the world's largest island.,Cat5,SUPPORTED,PASS,FAIL,CLEAR,ENTAILED,INVALID,PASS,FAIL,CLEAR,ENTAILED,INVALID,A_B_AGREEMENT,,,,,,PASS,FAIL,CLEAR,ENTAILED,INVALID,SUPPORTED,INVALID,REMOVE,ELIGIBILITY
127,how much of South Dakota is west of the longest river in North America?,West River is the portion of the state of South Dakota located west of the Missouri River with well over one-half of the land area and between one-quarter and one-third of the population of the state.The Missouri River is the longest river in North America.,Most of South Dakota is west of the longest river in North America.,Cat5,SUPPORTED,PASS,PASS,CLEAR,ENTAILED,Cat3,PASS,PASS,CLEAR,ENTAILED,Cat3,A_B_AGREEMENT,,,,,,PASS,PASS,CLEAR,ENTAILED,Cat3,SUPPORTED,ELIGIBLE,RELABEL,CATEGORY
128,What part of cow does ribeye come from?,"Rib eye steak The rib eye or ribeye is a beef steak from the rib section. The rib section of beef spans from ribs six through twelve. Ribeye steaks are mostly composed of the longissimus dorsi muscle but also contain the complexus and spinalis muscles. A rib steak is a beef steak sliced from the rib primal of a beef animal, with rib bone attached. In the United States, the term rib eye steak or Spencer steak is used for a rib steak with the bone removed; however in some areas, and outside the U.S., the terms are often used

Rib steak A rib steak is a beef steak sliced from the rib primal of a beef animal, with rib bone attached. In the United States, the term rib eye steak is used for a rib steak with the bone removed; however in some areas, and outside the U.S., the terms are often used interchangeably. The rib eye or ""ribeye"" was originally, as the name implies, the center portion of the rib steak, without the bone. It is considered a more flavorful cut than other steaks, such as the fillet, due to the muscle being exercised by the animal during

interchangeably. The rib eye or ""ribeye"" was originally, as the name implies, the center best portion of the rib steak, without the bone. In Australia and New Zealand, ""ribeye"" is used when this cut is served with the bone in. With the bone removed, it is called ""Scotch fillet"". It is both flavorful and tender, coming from the lightly worked upper rib cage area. Its marbling of fat makes it very good for fast and hot cooking. Rib eye steak The rib eye or ribeye is a beef steak from the rib section. The rib section of beef spans from",The ribeye comes from ribs six through twelve.,Cat6,SUPPORTED,PASS,PASS,CLEAR,ENTAILED,Cat3,PASS,PASS,CLEAR,ENTAILED,Cat3,A_B_AGREEMENT,,,,,,PASS,PASS,CLEAR,ENTAILED,Cat3,SUPPORTED,ELIGIBLE,RELABEL,CATEGORY
129,What poem by this writer born in September 1872 was used in devotional and spoken word recordings?,"Max Ehrmann (September 26, 1872 – September 9, 1945) was an American writer, poet, and attorney from Terre Haute, Indiana, widely known for his 1927 prose poem ""Desiderata"" (Latin: ""things desired"").""Desiderata"" (Latin: ""desired things"") is a 1927 prose poem by American writer Max Ehrmann. Largely unknown in the author's lifetime, the text became widely known after its use in devotional and spoken-word recordings in 1971 and 1972.",The poem 'Desiderata' was widely known by everyone during Max Ehrmann's lifetime.,Cat3,UNSUPPORTED,PASS,FAIL,CLEAR,CONTRADICTED,INVALID,PASS,FAIL,CLEAR,CONTRADICTED,INVALID,A_B_AGREEMENT,,,,,,PASS,FAIL,CLEAR,CONTRADICTED,INVALID,UNSUPPORTED,INVALID,REMOVE,ELIGIBILITY
130,Which Australian brand designer was responsible for the leading identity of the second-largest Australian ailine after Qantas?,"Hans Hulsbosch is an Australian brand designer, responsible for the development of many of Australia's leading identities including Qantas, Woolworths.and Virgin Australia.Virgin Australia Airlines Pty Ltd, formerly Virgin Blue Airlines, is Australia's second-largest airline after Qantas and it is the largest airline by fleet size to use the 'Virgin' brand.",Hans Hulsbosch designed the logo for the second-largest Australian airline after Qantas.,Cat5,SUPPORTED,PASS,PASS,CLEAR,NOT_ENOUGH_INFO,Cat1,PASS,PASS,CLEAR,ENTAILED,Cat7,THIRD_PERSON_ADJUDICATION,PASS,PASS,CLEAR,ENTAILED,Cat7,PASS,PASS,CLEAR,ENTAILED,Cat7,SUPPORTED,ELIGIBLE,RELABEL,CATEGORY
131,Who made the song total eclipse of the heart?,"Total Eclipse of the Heart ""Total Eclipse of the Heart"" is a song recorded by Welsh singer Bonnie Tyler. It was written and produced by Jim Steinman, and released on Tyler's fifth studio album, ""Faster Than the Speed of Night"" (1983). The song was released as a single by Columbia Records on 11 February 1983 in the United Kingdom and on 31 May 1983 in the United States. The song became Tyler's biggest career hit, topping the UK Singles Chart, and becoming the fifth-best-selling single in 1983 in the United Kingdom. In the United States, the single spent four weeks

spine. ... I couldn't wait to actually get in and record it."" According to Meat Loaf, Steinman had written the song, along with ""Making Love Out of Nothing at All"", for Meat Loaf's album ""Midnight at the Lost and Found""; however, Meat Loaf's record company refused to pay Steinman and he wrote separate songs himself. ""Total Eclipse of the Heart"" was then given to Bonnie Tyler and ""Making Love Out of Nothing at All"" to Air Supply. Tyler has denied this claim. ""Meat Loaf was apparently very annoyed that Jim gave that to me,"" Tyler stated. ""But Jim said he

using the pseudonym Persephone Maewyn. In 2010, Tyler appeared in an advertisement for MasterCard, performing a short parody of the song with its noted new lyric ""Turn around, Neville."" She performed the original song in a similar advertisement for Westpac in 2012. Warby Parker produced a parody video in anticipation of the solar eclipse of August 21, 2017. Total Eclipse of the Heart ""Total Eclipse of the Heart"" is a song recorded by Welsh singer Bonnie Tyler. It was written and produced by Jim Steinman, and released on Tyler's fifth studio album, ""Faster Than the Speed of Night"" (1983). The","""Total Eclipse of the Heart"" is a song.",Cat1,SUPPORTED,PASS,FAIL,CLEAR,ENTAILED,INVALID,PASS,FAIL,CLEAR,ENTAILED,INVALID,A_B_AGREEMENT,,,,,,PASS,FAIL,CLEAR,ENTAILED,INVALID,SUPPORTED,INVALID,REMOVE,ELIGIBILITY
132,When was host of 2016 KBS Drama Awards Kim Ji-won born?,"The 2016 KBS Drama Awards (), presented by Korean Broadcasting System (KBS), was held on December 31, 2016 at KBS Hall in Yeouido, Seoul. It was hosted by Jun Hyun-moo, Park Bo-gum and Kim Ji-won.Kim Ji-won (Hangul: 김지원 ; Hanja: 金智媛 ; born October 19, 1992) is a South Korean actress.","October 19, 1992 is a date.",Cat4,SUPPORTED,PASS,FAIL,CLEAR,ENTAILED,INVALID,PASS,FAIL,CLEAR,ENTAILED,INVALID,A_B_AGREEMENT,,,,,,PASS,FAIL,CLEAR,ENTAILED,INVALID,SUPPORTED,INVALID,REMOVE,ELIGIBILITY
133,Sergeant James B. Bell received what honor for his actions in the war that broke out April 1861 ,"Sergeant James B. Bell (August 9, 1835 – June 30, 1910) was an American soldier who fought in the American Civil War and a recipient of the U.S. military's highest decoration, the Medal of Honor, for his actions at the Battle of Missionary Ridge on November 25, 1863. The result of a long-standing controversy over slavery, war broke out in April 1861, when Confederates attacked Fort Sumter in South Carolina, shortly after Abraham Lincoln was inaugurated.",The Medal of Honor is not awarded to belligerent parties.,Cat2,UNSUPPORTED,PASS,FAIL,CLEAR,NOT_ENOUGH_INFO,INVALID,PASS,FAIL,CLEAR,NOT_ENOUGH_INFO,INVALID,A_B_AGREEMENT,,,,,,PASS,FAIL,CLEAR,NOT_ENOUGH_INFO,INVALID,UNSUPPORTED,INVALID,REMOVE,ELIGIBILITY
134,"What railroad company acquired the Johnsonburg, Kane, Warren and Irvine Railroad?"," The JKWI was the designated operator of the Irvine, Warren, Kane & Johnsonburg Railroad, that was a partnership of Brock Railroad (a wholly owned subsidiary of Warren Car Company), Irvine Railroad (a wholly owned subsidiary of National Forge Company) and Struthers Wells Inter-American Corporation (a subsidiary of Struthers Wells), all three being Pennsylvania corporations, and had acquired from Conrail the following railroad line segments: MP 58.52 to MP 66.7 (Irvine to Warren) and MP 92.5 to MP 111.0 (Kane to Johnsonburg).Conrail, the Consolidated Rail Corporation, (reporting mark CR) , was the primary Class I railroad in the Northeastern United States between 1976 and 1999, when its routes were split between the CSX Corporation and Norfolk Southern Railway.","The Irvine, Warren, Kane & Johnsonburg Railroad was a partnership of Brock Railroad, Irvine Railroad, and Struthers Wells Inter-American Corporation.",Cat7,SUPPORTED,FAIL,FAIL,CLEAR,ENTAILED,INVALID,PASS,FAIL,CLEAR,ENTAILED,INVALID,THIRD_PERSON_ADJUDICATION,PASS,FAIL,CLEAR,ENTAILED,INVALID,PASS,FAIL,CLEAR,ENTAILED,INVALID,SUPPORTED,INVALID,REMOVE,ELIGIBILITY
135,Was Jan Egil Storholt born in the third largest city in Norway?,"Jan Egil Storholt (born 13 February 1949) is a former speed skater from Norway. He was born in Trondheim. It is the third largest city in the country, with a population (2013) of 169,972 inhabitants within the city borders.",Trondheim is the third largest city in the country.,Cat5,SUPPORTED,PASS,PASS,CLEAR,ENTAILED,Cat5,PASS,PASS,CLEAR,ENTAILED,Cat5,A_B_AGREEMENT,,,,,,PASS,PASS,CLEAR,ENTAILED,Cat5,SUPPORTED,ELIGIBLE,RETAIN_UNCHANGED,
136,Who sang i can't let maggie go?,"I Can't Let Maggie Go ""I Can't Let Maggie Go"" is a song by the British pop group Honeybus from early 1968. Written by band member Pete Dello, it was released as a non-album single. The song became an international Top 20 hit, reaching number 13 in New Zealand and number 11 in Ireland. It did best in their native United Kingdom, where it reached number eight in the UK Singles Chart. ""I Can't Let Maggie Go"" was included on the group's later compilation LPs, ""Honeybus at Their Best"" and ""Old Masters Hidden Treasures"". The song was also a top

with 1968's ""I Can't Let Maggie Go"", which was so popular that it earned the band a cover photo on the popular music magazine, ""Disc and Music Echo"", for which they posed atop a red London bus. ""I Can't Let Maggie Go"" reached Number 8 in the UK Singles Chart, in April 1968, staying in the Top 40 for over two months. Dello resigned in August 1968. The band recruited Jim Kelly on guitar and vocals to replace him and Cane began songwriting and performing lead vocals. This line-up scored minor successes with ""She Sold Blackpool Rock"" and ""Girl Of

10 hit in Italy, with a 1968 version made by Equipe 84, entitled ""Un angelo blu"" (""A blue angel""). It enjoyed an unexpected reprise in popularity in the 1970s, when it was used as the soundtrack for a television advertisement for ""Nimble"", a bread produced for slimmers. ""I Can't Let Maggie Go"" has been covered by J. Vincent Edwards in 1974, as well as by the Sideburns in 1993. David Essex included his own version on the 2005 compilation album, ""The Complete Collection"". I Can't Let Maggie Go ""I Can't Let Maggie Go"" is a song by the British pop","A 1968 version of the song ""I Can't Let Maggie Go"" was made by Equipe 84.",Cat4,SUPPORTED,PASS,PASS,CLEAR,ENTAILED,Cat1,PASS,PASS,CLEAR,ENTAILED,Cat1,A_B_AGREEMENT,,,,,,PASS,PASS,CLEAR,ENTAILED,Cat1,SUPPORTED,ELIGIBLE,RELABEL,CATEGORY
137,Was the memphis belle the first to complete 25 missions?,"chosen by the Eighth Air Force from those who had flown combat aboard, led by Capt. Morgan, for a 31-city war bond tour. Morgan's original co-pilot was Capt. James A. Verinis, who himself piloted the ""Memphis Belle"" for one mission. Verinis was promoted to aircraft commander of another B-17 for his final 16 missions and finished his tour on 13 May. He rejoined Morgan's crew as co-pilot for the flight back to the United States. The B-17 ""Hell's Angels"" (41-24577) of the 303rd Bomb Group completed 25 combat missions on 13 May 1943, becoming the first B-17 to complete the

of the 324th Bomb Squadron (Heavy); the squadron code ""DF"" and individual aircraft letter ""A."" Captain Robert K. Morgan's crew flew 29 combat missions with the 324th Bomb Squadron, all but four in the ""Memphis Belle"". The aircraft's 25 combat missions, which included eight German aircraft shot down by her crew, were: <nowiki>*</nowiki> Sources disagree on which two of these three missions the ""Memphis Belle"" received mission credits for. Morgan's crew completed the following missions in B-17s other than the ""Memphis Belle"": The aircraft was then flown back to the United States on 8 June 1943, by a composite crew

had been the pilot on the majority of the missions flown by the B-17 Flying Fortress, ""Memphis Belle"", when it was designated the official ""first"" bomber to complete 25 operations, while flying with the 91st Bomb Group, VIII Bomber Command, in the European Theatre of Operations. (""Hell's Angels"", of the 303d Bomb Group, actually beat the ""Belle"" by one week.) ""Memphis Belle"" was the first combat-veteran bomber to return to the United States as part of a publicity campaign to sell war bonds. Morgan flew the plane all over the United States for bond rallies. Promoted to Major, Morgan flew",Hell's Angels (41-24577) became the second B-17 to complete the feat.,Cat5,UNSUPPORTED,PASS,PASS,CLEAR,CONTRADICTED,Cat4,PASS,PASS,CLEAR,CONTRADICTED,Cat4,A_B_AGREEMENT,,,,,,PASS,PASS,CLEAR,CONTRADICTED,Cat4,UNSUPPORTED,ELIGIBLE,RELABEL,CATEGORY
138,Where did the saying man best friend come from?,"follows you until the end. The statement that ""Dog is man's best friend"" was first recorded as being made by Frederick, King of Prussia (1740-1786). Frederick referred to one of his Italian Greyhounds as his best friend. The earliest citation in the U.S. is traced to a poem printed in ""The New-York Literary Journal, Volume 4"", 1821: In 1870 Warrensburg, Missouri, George Graham Vest represented a farmer suing for damages after his dog, Old Drum, had been shot and killed. Vest’s closing speech included this quote, “The one absolutely unselfish friend that a man can have in this selfish world,

Man's best friend (phrase) ""Man's best friend"" is a common phrase about domestic dogs, referring to their millennia-long history of close relations, loyalty, and companionship with humans. The first recorded use of a related phrase is by Frederick the Great of Prussia. It was likely popularized by its use in a poem by Ogden Nash and has since become a common colloquialism. Before the evolution of wolf into dog, it is posited that humans and wolves worked together hunting game. Wolves were the superior tracker but humans were the superior killer; thus wolves would lead humans to the prey and

the one that never deserts him and the one that never proves ungrateful or treacherous is his dog.” In 1958, a statue of Old Drum was erected on the Johnson County Courthouse lawn containing a summation of Vest’s closing speech, “A man’s best friend is his dog.” Much earlier, however, Voltaire had written in his ""Dictionnaire philosophique"" of 1764: Translated, this reads: In 1941, Ogden Nash wrote ""An Introduction to Dogs,"" beginning: Man's best friend (phrase) ""Man's best friend"" is a common phrase about domestic dogs, referring to their millennia-long history of close relations, loyalty, and companionship with humans. The",The first recorded use of a related phrase to the saying man best friend is by Frederick the Great of Prussia.,Cat5,SUPPORTED,PASS,PASS,CLEAR,ENTAILED,Cat4,PASS,PASS,CLEAR,ENTAILED,Cat4,A_B_AGREEMENT,,,,,,PASS,PASS,CLEAR,ENTAILED,Cat4,SUPPORTED,ELIGIBLE,RELABEL,CATEGORY
139,Which years were the line of cars that the Ferrari TR were closely related to built?,"The Ferrari TR, or 250 Testa Rossa, is a race car model built by Ferrari in the 1950s and 1960s. They were closely related to the rest of the Ferrari 250 line, including the 250 GTO.The Ferrari 250 is a sports car built by Ferrari from 1953 to 1964.",The line of cars that the Ferrari TR were closely related to was only built between 1953 to 1961.,Cat3,UNSUPPORTED,PASS,PASS,CLEAR,CONTRADICTED,Cat4,PASS,PASS,CLEAR,CONTRADICTED,Cat4,A_B_AGREEMENT,,,,,,PASS,PASS,CLEAR,CONTRADICTED,Cat4,UNSUPPORTED,ELIGIBLE,RELABEL,CATEGORY
140,"who voiced the  cartoon character in the animated television series which , Pablo Aurrecochea wears kits adorned with its cartoon characters"," He is usually known for wearing kits adorned with cartoon characters such as Tom and Jerry, Krusty the Clown, The Incredible Hulk, and others.Herschel Shmoikel Pinchas Yerucham Krustofsky, better known as Krusty the Clown (sometimes spelled as Krusty the Klown), is a cartoon character in the animated television series ""The Simpsons"". He is voiced by Dan Castellaneta.",The voice actor was not disclosed.,Cat2,UNSUPPORTED,PASS,PASS,CLEAR,CONTRADICTED,Cat2,PASS,PASS,CLEAR,CONTRADICTED,Cat2,A_B_AGREEMENT,,,,,,PASS,PASS,CLEAR,CONTRADICTED,Cat2,UNSUPPORTED,ELIGIBLE,RETAIN_UNCHANGED,
141," Which species, Cardwellia or Ochagavia, is native to South America?"," The species Cardwellia sublimis (northern silky oak) grows naturally only (endemic) in the rainforests of the wet tropics region of north eastern Queensland, Australia.Ochagavia is a genus of the botanical family Bromeliaceae, subfamily Bromelioideae. The genus is named for Sylvestris Ochagavia, Chilean minister of education. Endemic to southern and central Chile (including the Juan Fernández Islands), this genus is represented by four accepted species.",Silvestre Ochagavía Errázuriz was a member of the Academy of Cinematographic Sciences of Chile.,Cat7,UNSUPPORTED,PASS,FAIL,CLEAR,NOT_ENOUGH_INFO,INVALID,PASS,FAIL,CLEAR,NOT_ENOUGH_INFO,INVALID,A_B_AGREEMENT,,,,,,PASS,FAIL,CLEAR,NOT_ENOUGH_INFO,INVALID,UNSUPPORTED,INVALID,REMOVE,ELIGIBILITY
142,What is the name of this policy of favoring members of a disadvantaged group who suffer or have suffered from discrimination within a culture of which Black Economic Empowerment is a form? ,"Black Economic Empowerment (BEE) is a racially selective programme launched by the South African government to redress the inequalities of Apartheid by giving certain previously disadvantaged groups (Blacks, Coloureds, Indians, and Chinese) of South African citizens economic privileges previously not available to them under White rule. It is a form of Affirmative action.Affirmative action, also known as reservation in India and Nepal, positive action in the UK, and employment equity (in a narrower context) in Canada and South Africa, is the policy of favoring members of a disadvantaged group who suffer or have suffered from discrimination within a culture.",Affirmative action is often implemented in employment.,Cat3,SUPPORTED,PASS,FAIL,CLEAR,NOT_ENOUGH_INFO,INVALID,PASS,FAIL,CLEAR,NOT_ENOUGH_INFO,INVALID,A_B_AGREEMENT,,,,,,PASS,FAIL,CLEAR,NOT_ENOUGH_INFO,INVALID,UNSUPPORTED,INVALID,REMOVE,ELIGIBILITY
143,"On which station could you have watched the actor from ""My Fair Lady"" play a character in ""I Can Hear Your Voice""? ","Yoon Sang-hyun (born September 21, 1973) is a South Korean actor and singer. He is best known for his roles in ""Queen of Housewives"" (2009), ""My Fair Lady"" (2009), ""Secret Garden"" (2011) and ""I Can Hear Your Voice"" (2013).I Can Hear Your Voice () is a 2013 South Korean television series starring Lee Bo-young, Lee Jong-suk, Yoon Sang-hyun and Lee Da-hee. It aired on SBS from June 5 to August 1, 2013, on Wednesdays and Thursdays at 21:55 for 18 episodes.","All the actors played in ""I Can Hear Your Voice"".",Cat3,UNSUPPORTED,FAIL,FAIL,AMBIGUOUS,AMBIGUOUS,INVALID,PASS,FAIL,AMBIGUOUS,NOT_ENOUGH_INFO,INVALID,THIRD_PERSON_ADJUDICATION,PASS,FAIL,AMBIGUOUS,NOT_ENOUGH_INFO,INVALID,PASS,FAIL,AMBIGUOUS,NOT_ENOUGH_INFO,INVALID,UNSUPPORTED,INVALID,REMOVE,ELIGIBILITY
144,"The 1965 Nebraska Cornhuskers football team was the representative of the University of Nebraska and member of the Big Eight Conference, was a National Collegiate Athletic Association (NCAA)-affiliated Division I-A college athletic association, and was formed in which year?","The 1965 Nebraska Cornhuskers football team was the representative of the University of Nebraska and member of the Big Eight Conference in the 1965 college football season. It was formed in January 1907 as the Missouri Valley Intercollegiate Athletic Association (MVIAA) by its charter member schools: the University of Kansas, University of Missouri, University of Nebraska, and Washington University in St. Louis.",The 1965 Nebraska Cornhuskers football team was a member of the Big Eight Conference.,Cat7,SUPPORTED,PASS,FAIL,CLEAR,ENTAILED,INVALID,PASS,FAIL,CLEAR,ENTAILED,INVALID,A_B_AGREEMENT,,,,,,PASS,FAIL,CLEAR,ENTAILED,INVALID,SUPPORTED,INVALID,REMOVE,ELIGIBILITY
145,Mecklenburgh Square was named in honor of what queen who was Queen of Great Britain and Ireland after her marriage in 1761?," The Square was named in honour of King George III’s Queen, Charlotte of Mecklenburg-Strelitz.Charlotte of Mecklenburg-Strelitz (Sophia Charlotte; 19 May 1744 – 17 November 1818) was by marriage to King George III the Queen of Great Britain and Ireland from her wedding in 1761 until the union of the two kingdoms in 1801, after which she was Queen of the United Kingdom of Great Britain and Ireland until her death in 1818.",Queen Charlotte's reign as Queen of Great Britain and Ireland lasted for a duration of less than a single year.,Cat3,UNSUPPORTED,PASS,FAIL,CLEAR,CONTRADICTED,INVALID,PASS,FAIL,CLEAR,CONTRADICTED,INVALID,A_B_AGREEMENT,,,,,,PASS,FAIL,CLEAR,CONTRADICTED,INVALID,UNSUPPORTED,INVALID,REMOVE,ELIGIBILITY
146,Guitars for Wounded Warriors is an album that was recorded in the village in which New York county?," All tracks were recorded at Tarquin's Jungle Room Studios in New Paltz (village), New York.New Paltz is a village in Ulster County located in the U.S. state of New York.",Ulster County has orchards.,Cat1,UNSUPPORTED,PASS,FAIL,CLEAR,NOT_ENOUGH_INFO,INVALID,PASS,FAIL,CLEAR,NOT_ENOUGH_INFO,INVALID,A_B_AGREEMENT,,,,,,PASS,FAIL,CLEAR,NOT_ENOUGH_INFO,INVALID,UNSUPPORTED,INVALID,REMOVE,ELIGIBILITY
147,When was the clear and present danger test replaced?,"overruled, and the clear and present danger test was not applied in several subsequent free speech cases involving incitement to violence. In May 1950, one month before the appeals court heard oral arguments in the ""Dennis v. United States"" case, the Supreme Court ruled on free speech issues in ""American Communications Association v. Douds"". In that case, the Court considered the clear and present danger test, but rejected it as too mechanical and instead introduced a balancing test. The federal appeals court heard oral arguments in the CPUSA case on June 21–23, 1950. Judge Learned Hand considered the clear and

Clear and present danger Clear and present danger was a doctrine adopted by the Supreme Court of the United States to determine under what circumstances limits can be placed on First Amendment freedoms of speech, press, or assembly. The test was replaced in 1969 with ""Brandenburg v. Ohio""s ""imminent lawless action"" test. Before the 20th century, most free speech issues involved prior restraint. Starting in the early 1900s, the Supreme Court began to consider cases in which persons were punished 'after' speaking or publishing. The primary legal test used in the United States to determine if speech could be criminalized

Judge Hand: Following ""Schenck v. United States"", ""clear and present danger"" became both a public metaphor for First Amendment speech and a standard test in cases before the Court where a United States law limits a citizen's First Amendment rights; the law is deemed to be constitutional if it can be shown that the language it prohibits poses a ""clear and present danger"". However, the ""clear and present danger"" criterion of the ""Schenck"" decision was replaced in 1969 by ""Brandenburg v. Ohio"", and the test refined to determining whether the speech would provoke an ""imminent lawless action"". The vast majority","The ""clear and present danger"" test was replaced in 1969 by ""Brandenburg v. Ohio"".",Cat4,SUPPORTED,PASS,PASS,CLEAR,ENTAILED,Cat4,PASS,PASS,CLEAR,ENTAILED,Cat4,A_B_AGREEMENT,,,,,,PASS,PASS,CLEAR,ENTAILED,Cat4,SUPPORTED,ELIGIBLE,RETAIN_UNCHANGED,
148,Which ocean is the largest on Earth?,"The Pacific Ocean is the largest ocean on Earth, covering more than 165 million square kilometers. It extends from the Arctic region in the north to the Southern Ocean in the south. The Atlantic Ocean is the second-largest ocean and separates the Americas from Europe and Africa. The Indian Ocean is the third-largest and is bounded by Asia, Africa, and Australia. Together, these oceans influence global weather patterns, marine ecosystems, and international trade routes. Scientists continue to study ocean circulation and climate interactions to better understand environmental change.",The Atlantic Ocean is larger than the Pacific Ocean.,Cat5,UNSUPPORTED,PASS,PASS,CLEAR,CONTRADICTED,Cat5,PASS,PASS,CLEAR,CONTRADICTED,Cat5,A_B_AGREEMENT,,,,,,PASS,PASS,CLEAR,CONTRADICTED,Cat5,UNSUPPORTED,ELIGIBLE,RETAIN_UNCHANGED,
149,In what year was Archduke Franz Ferdinand assassinated during the July Crisis?," Immediately after Gavrilo Princip, a Slavic nationalist, assassinated Archduke Franz Ferdinand, heir presumptive to the Austro-Hungarian throne, in Sarajevo, a series of diplomatic manoeuvres led to an ultimatum from Austria-Hungary to the Kingdom of Serbia, and eventually to war.Franz Ferdinand Carl Ludwig Joseph Maria (18 December 1863 – 28 June 1914) was an Archduke of Austria-Este, Austro-Hungarian and Royal Prince of Hungary and of Bohemia and, from 1896 until his death, heir presumptive to the Austro-Hungarian throne.",Archduke Franz Ferdinand was not assassinated in 1914.,Cat2,UNSUPPORTED,PASS,PASS,CLEAR,CONTRADICTED,Cat2,PASS,PASS,CLEAR,CONTRADICTED,Cat2,A_B_AGREEMENT,,,,,,PASS,PASS,CLEAR,CONTRADICTED,Cat2,UNSUPPORTED,ELIGIBLE,RETAIN_UNCHANGED,
150,"The Mexican Cession of 1848 is a historical name in the United States for the region of the modern day southwestern United States that Mexico ceded to the U.S. in the Treaty of Guadalupe Hidalgo in 1848, it had not been part of the areas east of the Rio Grande which had been claimed by the Republic of Texas, though the Texas annexation resolution in which year,incorporation of the Republic of Texas into the United States of America, which was admitted to the Union as the 28th state, had not specified the southern and western boundary of Texas?"," It had not been part of the areas east of the Rio Grande which had been claimed by the Republic of Texas, though the Texas annexation resolution two years earlier had not specified the southern and western boundary of Texas.The Texas annexation was the 1845 incorporation of the Republic of Texas into the United States of America, which was admitted to the Union as the 28th state on December 29, 1845.",The Texas annexation resolution failed to specify the geographical boundary.,Cat2,SUPPORTED,PASS,PASS,CLEAR,ENTAILED,Cat2,PASS,FAIL,CLEAR,ENTAILED,INVALID,THIRD_PERSON_ADJUDICATION,PASS,FAIL,CLEAR,ENTAILED,Cat2,PASS,FAIL,CLEAR,ENTAILED,Cat2,SUPPORTED,ELIGIBLE,RETAIN_UNCHANGED,
151,Who sang i don't want to live without your love?,"I Don't Wanna Live Without Your Love ""I Don't Wanna Live Without Your Love"" is a hit song written by Diane Warren and Albert Hammond for the group Chicago and recorded for their album ""Chicago 19"" (1988), with Bill Champlin singing lead vocals. It is the first Chicago single to feature Champlin performing all lead vocals himself. The first single released from ""Chicago 19"", it reached number three on the U.S. ""Billboard"" Hot 100 chart. The B-side of the single was ""I Stand Up"" written by Robert Lamm and Gerard McMahon. The song was featured in the Netflix original movie

""Death Note"", which is based on the anime of the same name. I Don't Wanna Live Without Your Love ""I Don't Wanna Live Without Your Love"" is a hit song written by Diane Warren and Albert Hammond for the group Chicago and recorded for their album ""Chicago 19"" (1988), with Bill Champlin singing lead vocals. It is the first Chicago single to feature Champlin performing all lead vocals himself. The first single released from ""Chicago 19"", it reached number three on the U.S. ""Billboard"" Hot 100 chart. The B-side of the single was ""I Stand Up"" written by Robert Lamm

album 'Waterloo Road' released on the Plastic Fantastic label, PFLR 3001. In 2017, the song was used in an advert for Heathrow Airport, following the tale of 2 bears who met on a flight and how their relationship blossomed over the years. I Couldn't Live Without Your Love ""I Couldn't Live Without Your Love"" is a 1966 single written by Tony Hatch and Jackie Trent and recorded by Petula Clark. It was inspired by the affair the songwriters were having at the time. Clark has cited ""I Couldn't Live Without Your Love"" along with ""Don't Sleep in the Subway"" as",Bill Champlin performed all of the lead vocals on the song 'I Don't Wanna Live Without Your Love'.,Cat3,SUPPORTED,PASS,PASS,CLEAR,ENTAILED,Cat1,PASS,PASS,CLEAR,ENTAILED,Cat1,A_B_AGREEMENT,,,,,,PASS,PASS,CLEAR,ENTAILED,Cat1,SUPPORTED,ELIGIBLE,RELABEL,CATEGORY
152,Where is the telephone area code 571 located?,"introduced on March 1, 2000, as an overlay to 703. Area code 571 serves most new telephone numbers; while it is primarily associated with mobile telephone lines, it is also used for new landline numbers, including the United States Patent and Trademark Office upon moving to Alexandria; the Transportation Security Administration, which was created in 2001 and has its headquarters in Arlington; and the Fairfax County Public Schools, which moved its headquarters to the Falls Church area in 2006. Although former competitors Bell Atlantic (a former Baby Bell) and GTE had assigned geographical monopolies varying by region in Virginia, they

of 703 and 571, 10-digit dialing is mandatory even for local calls; cellphone callers do the same on all direct-dialled calls. Long-distance calls are dialed as eleven digits, using the prefix ""1"", but for landline-based phones only. Area code 703 and the overlay area code 571 serve the following cities and towns in Virginia: Alexandria, Annandale, Ashburn, Burke, Centreville, Chantilly, Dale City, Fairfax, Falls Church, Franconia, Great Falls, Groveton, Herndon, Lake Ridge, Leesburg, Lorton, Manassas, Manassas Park, McLean, Mount Vernon, North Springfield, Oakton, Occoquan, Reston, South Riding, Springfield, Sterling, Vienna, West Springfield, and Woodbridge, plus all or part of these

Area codes 703 and 571 Area codes 703 and 571 are the North American Numbering Plan telephone area codes for northern Virginia, including the independent cities of Alexandria, Fairfax, Falls Church, Manassas, and Manassas Park, as well as all of Arlington and Fairfax counties and parts of Fauquier, Loudoun, Prince William, and Stafford counties. The main area code, 703, was created as one of the original 86 North American area codes in October 1947, and originally served the entire Commonwealth of Virginia. Area code 571 was created on March 1, 2000 as an overlay to 703. Because of the overlay",The telephone area code 571 is in parts of Prince William County.,Cat1,SUPPORTED,PASS,PASS,CLEAR,ENTAILED,Cat1,PASS,PASS,CLEAR,ENTAILED,Cat1,A_B_AGREEMENT,,,,,,PASS,PASS,CLEAR,ENTAILED,Cat1,SUPPORTED,ELIGIBLE,RETAIN_UNCHANGED,
153,What is a small network appliance and entertainment device that serves as a the media player for the iTunes Store?," It also serves as a media player for television shows and films purchased in the iTunes Store, replacing the ""Videos"" application on earlier versions of iOS.Apple TV is a digital media player and microconsole developed and sold by Apple Inc. It is a small network appliance and entertainment device that can receive digital data from a number of sources and stream it to a capable television.",Apple TV is not a monitor.,Cat2,SUPPORTED,PASS,PASS,CLEAR,NOT_ENOUGH_INFO,Cat2,PASS,PASS,AMBIGUOUS,NOT_ENOUGH_INFO,Cat2,THIRD_PERSON_ADJUDICATION,PASS,PASS,AMBIGUOUS,CONTRADICTED,Cat2,PASS,PASS,AMBIGUOUS,CONTRADICTED,INVALID,UNSUPPORTED,INVALID,REMOVE,ELIGIBILITY
154,"The 1965 Nebraska Cornhuskers football team was the representative of the University of Nebraska and member of the Big Eight Conference, was a National Collegiate Athletic Association (NCAA)-affiliated Division I-A college athletic association, and was formed in which year?","The 1965 Nebraska Cornhuskers football team was the representative of the University of Nebraska and member of the Big Eight Conference in the 1965 college football season. It was formed in January 1907 as the Missouri Valley Intercollegiate Athletic Association (MVIAA) by its charter member schools: the University of Kansas, University of Missouri, University of Nebraska, and Washington University in St. Louis.",The year is 1907.,Cat4,SUPPORTED,FAIL,PASS,CLEAR,ENTAILED,INVALID,FAIL,PASS,CLEAR,ENTAILED,INVALID,A_B_AGREEMENT,,,,,,FAIL,PASS,CLEAR,ENTAILED,INVALID,SUPPORTED,INVALID,REMOVE,ELIGIBILITY
155,Which village near the Holy Trinity Church in England has a population of 776 as of 2011?,"Holy Trinity Church stands in a country lane near the hamlet of Howgill, between Sedbergh and Tebay, Cumbria, England. Tebay had a population of 776 at the 2011 Census.",Tebay has a population of 728.,Cat6,UNSUPPORTED,PASS,PASS,CLEAR,CONTRADICTED,Cat6,PASS,PASS,CLEAR,CONTRADICTED,Cat6,A_B_AGREEMENT,,,,,,PASS,PASS,CLEAR,CONTRADICTED,Cat6,UNSUPPORTED,ELIGIBLE,RETAIN_UNCHANGED,
156,What is the name of the first book in the series that precedes The Heroes of Olympus?,"The Heroes of Olympus is a pentalogy of adventure, mythological fiction and fantasy novels by American author Rick Riordan that collectively form a sequel series to the ""Percy Jackson & the Olympians"" series.Percy Jackson & the Olympians, often shortened to Percy Jackson, is a pentalogy of adventure and mythological fiction books written by American author Rick Riordan, and the first book series in the Camp Half-Blood Chronicles.","The ""Percy Jackson & the Olympians"" series consists of 5 books.",Cat6,SUPPORTED,PASS,FAIL,CLEAR,ENTAILED,INVALID,PASS,PASS,CLEAR,ENTAILED,Cat6,THIRD_PERSON_ADJUDICATION,PASS,PASS,CLEAR,ENTAILED,Cat6,PASS,PASS,CLEAR,ENTAILED,Cat6,SUPPORTED,ELIGIBLE,RETAIN_UNCHANGED,
157,What county in Nevada contains both the City of Las Vegas and the College of Southern Nevada?,"The College of Southern Nevada (CSN) is primarily a two-year college in Clark County, Nevada, with four four-year degrees in Dental Hygiene, Medical Lab Scientist, Respiratory Sciences, and Fire & Emergency Services Admin. Las Vegas, Nevada's most populous city, has been the county seat since the county was established.",Clark County is the most populous county in Nevada.,Cat5,UNSUPPORTED,PASS,FAIL,CLEAR,NOT_ENOUGH_INFO,INVALID,PASS,FAIL,CLEAR,NOT_ENOUGH_INFO,INVALID,A_B_AGREEMENT,,,,,,PASS,FAIL,CLEAR,NOT_ENOUGH_INFO,INVALID,UNSUPPORTED,INVALID,REMOVE,ELIGIBILITY
158,Who sang i don't want to live without your love?,"I Don't Wanna Live Without Your Love ""I Don't Wanna Live Without Your Love"" is a hit song written by Diane Warren and Albert Hammond for the group Chicago and recorded for their album ""Chicago 19"" (1988), with Bill Champlin singing lead vocals. It is the first Chicago single to feature Champlin performing all lead vocals himself. The first single released from ""Chicago 19"", it reached number three on the U.S. ""Billboard"" Hot 100 chart. The B-side of the single was ""I Stand Up"" written by Robert Lamm and Gerard McMahon. The song was featured in the Netflix original movie

""Death Note"", which is based on the anime of the same name. I Don't Wanna Live Without Your Love ""I Don't Wanna Live Without Your Love"" is a hit song written by Diane Warren and Albert Hammond for the group Chicago and recorded for their album ""Chicago 19"" (1988), with Bill Champlin singing lead vocals. It is the first Chicago single to feature Champlin performing all lead vocals himself. The first single released from ""Chicago 19"", it reached number three on the U.S. ""Billboard"" Hot 100 chart. The B-side of the single was ""I Stand Up"" written by Robert Lamm

album 'Waterloo Road' released on the Plastic Fantastic label, PFLR 3001. In 2017, the song was used in an advert for Heathrow Airport, following the tale of 2 bears who met on a flight and how their relationship blossomed over the years. I Couldn't Live Without Your Love ""I Couldn't Live Without Your Love"" is a 1966 single written by Tony Hatch and Jackie Trent and recorded by Petula Clark. It was inspired by the affair the songwriters were having at the time. Clark has cited ""I Couldn't Live Without Your Love"" along with ""Don't Sleep in the Subway"" as","The song ""I Don't Wanna Live Without Your Love"" was written by Albert Hammond.",Cat1,SUPPORTED,PASS,FAIL,CLEAR,ENTAILED,INVALID,PASS,FAIL,CLEAR,ENTAILED,INVALID,A_B_AGREEMENT,,,,,,PASS,FAIL,CLEAR,ENTAILED,INVALID,SUPPORTED,INVALID,REMOVE,ELIGIBILITY
159,the made for television biopic  Ishi: The Last of His Tribe based on  Alfred L. Kroeber is about what tribe?,"Ishi: The Last of His Tribe (1978) is a made-for-television biopic based on a book by Theodora Kroeber which relates the experiences of her husband Alfred L. Kroeber who made friends with Ishi, thought to be the last of his people, the Yahi tribe. Kroeber provided detailed information about Ishi, the last surviving member of the Yahi people, whom he studied over a period of years.",Ishi was the last known member of the Yahi tribe.,Cat5,SUPPORTED,PASS,PASS,CLEAR,ENTAILED,Cat1,PASS,PASS,CLEAR,ENTAILED,Cat1,A_B_AGREEMENT,,,,,,PASS,PASS,CLEAR,ENTAILED,Cat1,SUPPORTED,ELIGIBLE,RELABEL,CATEGORY
160,Where was the opening of three's company filmed?,"a larger amusement park adjacent to the pier. A later opening sequence that was shot when Priscilla Barnes joined the show featured the new threesome and the other cast members riding a zoo tram and looking at various animals around the zoo. Those sequences were filmed at the Los Angeles Zoo in Griffith Park. During the opening credits, the little baby boy in overalls who walks up to Janet while feeding the goats at the zoo, is Jason Ritter, John Ritter's elder son. The exterior shots of the apartment building were filmed at 2912 4th Street in Santa Monica. ""Three's

on Monday, rehearse from Tuesday to Thursday, and shoot on Friday. Each episode was shot twice in a row using two different audiences. A Multicamera setup of three cameras was used. The taping was done in sequence and there were rarely any retakes because the producers were strict. Priscilla Barnes once said, ""Our bosses were very, very controlling. If my hair was too blonde, I'd get called up in the office."" The scenes in the opening credits where the trio are frolicking on a boardwalk and riding bumper-cars was shot at the Santa Monica Pier, prior to the building of

somewhat effeminate; Barry Van Dyke, and future television director Michael Lembeck, who had originally auditioned for the now renamed Jack Tripper, were initially considered to take the role. Nonetheless Silverman championed for Ritter to stay on the show. The third pilot was accepted by ABC, and was followed by five additional episodes for the show's spring tryout. ""Three's Company"" was recorded at two locations: the first, seventh, and eighth seasons were taped at Metromedia Square and ABC Television Center, while the second through sixth season were taped in Studio 31 at CBS Television City. The cast would get the script","Priscilla Barnes joined the cast of Three's Company as the new roommate, Terri.",Cat1,UNSUPPORTED,PASS,FAIL,CLEAR,ENTAILED,INVALID,PASS,FAIL,CLEAR,ENTAILED,INVALID,A_B_AGREEMENT,,,,,,PASS,FAIL,CLEAR,ENTAILED,INVALID,SUPPORTED,INVALID,REMOVE,ELIGIBILITY
161, Teri W. Odom is a member of a scientific journal first published in 2007 by who?,"Teri W. Odom is an American chemist and materials scientist. Odom is a member of the editorial advisory board of ACS Nano, Chemical Physics Letters, Journal of Physical Chemistry, and Nano Letters.ACS Nano is a monthly, peer-reviewed, scientific journal, first published in August 2007 by the American Chemical Society.","The American Chemical Society has more than 155,000 members.",Cat5,UNSUPPORTED,PASS,FAIL,CLEAR,NOT_ENOUGH_INFO,INVALID,PASS,FAIL,CLEAR,NOT_ENOUGH_INFO,INVALID,A_B_AGREEMENT,,,,,,PASS,FAIL,CLEAR,NOT_ENOUGH_INFO,INVALID,UNSUPPORTED,INVALID,REMOVE,ELIGIBILITY
162,The First Silesian war was fought against the King of Prussia who died in what year?," It became the first in a series of three Silesian Wars fought between Frederick the Great's Prussia and Maria Theresa's Austria.Frederick II (German: ""Friedrich"" ; 24 January 171217 August 1786) was King of Prussia from 1740 until 1786, the longest reign of any Hohenzollern king.",Frederick II's reign as King of Prussia lasted for 46 years.,Cat6,SUPPORTED,PASS,FAIL,CLEAR,ENTAILED,INVALID,PASS,FAIL,CLEAR,ENTAILED,INVALID,A_B_AGREEMENT,,,,,,PASS,FAIL,CLEAR,ENTAILED,INVALID,SUPPORTED,INVALID,REMOVE,ELIGIBILITY
163,Eugene Isaac Meyer was the father of a publisher whose memoir won what in 1998?,"Eugene Isaac Meyer (October 31, 1875 – July 17, 1959) was an American financier, public official, and newspaper publisher. He was the father of publisher Katharine Graham and portrait photographer Florence Meyer.Katharine Meyer Graham (June 16, 1917 – July 17, 2001) was an American publisher. Her memoir, ""Personal History"", won the Pulitzer Prize in 1998.","In twenty of the Pulitzer Prize categories, each winner receives a certificate and a US$15,000 cash award.",Cat6,UNSUPPORTED,PASS,FAIL,CLEAR,NOT_ENOUGH_INFO,INVALID,PASS,FAIL,CLEAR,NOT_ENOUGH_INFO,INVALID,A_B_AGREEMENT,,,,,,PASS,FAIL,CLEAR,NOT_ENOUGH_INFO,INVALID,UNSUPPORTED,INVALID,REMOVE,ELIGIBILITY
164,"Based on the publication years provided in the text, for how many years was the ""Woman's Home Companion"" magazine published?","The Woman's Viewpoint was a woman's magazine founded in Texas in 1923 and published by Florence M. Sterling.Woman's Home Companion was an American monthly magazine, published from 1873 to 1957.",88 years,Cat6,UNSUPPORTED,FAIL,PASS,CLEAR,CONTRADICTED,INVALID,FAIL,PASS,CLEAR,CONTRADICTED,INVALID,A_B_AGREEMENT,,,,,,FAIL,PASS,CLEAR,CONTRADICTED,INVALID,UNSUPPORTED,INVALID,REMOVE,ELIGIBILITY
165,"Rock im Park 2001 is a live album and DVD by the American nu metal band Limp Bizkit, released in 2008,  it features a performance from June 1, 2001 by the band at which festival in Nuremberg, that are two simultaneous rock music festivals held annually?"," Released in 2008, it features a performance from June 1, 2001 by the band at the Rock im Park festival in Nuremberg, Germany.The Rock am Ring (German: ""Rock at the Ring"" ) and Rock im Park (German: ""Rock in the Park"" ) festivals are two simultaneous rock music festivals held annually.",Rock am Ring has been running since 1985.,Cat4,UNSUPPORTED,PASS,FAIL,CLEAR,NOT_ENOUGH_INFO,INVALID,PASS,FAIL,CLEAR,NOT_ENOUGH_INFO,INVALID,A_B_AGREEMENT,,,,,,PASS,FAIL,CLEAR,NOT_ENOUGH_INFO,INVALID,UNSUPPORTED,INVALID,REMOVE,ELIGIBILITY
166,Wayne's World featured the actor who was a member of what Chicago comedy troupe?," It also features Rob Lowe, Tia Carrere, Lara Flynn Boyle, Brian Doyle-Murray, Chris Farley, Ed O'Neill, Ione Skye, Meat Loaf, and Alice Cooper. Farley was known for his loud, energetic comedic style, and was a member of Chicago's Second City Theatre and later a cast member of the NBC sketch comedy show ""Saturday Night Live"" between 1990 and 1995.",Farley was not in Wayne's World.,Cat2,UNSUPPORTED,PASS,PASS,CLEAR,CONTRADICTED,Cat2,PASS,PASS,CLEAR,CONTRADICTED,Cat2,A_B_AGREEMENT,,,,,,PASS,PASS,CLEAR,CONTRADICTED,Cat2,UNSUPPORTED,ELIGIBLE,RETAIN_UNCHANGED,
167,What king to whom Rev James MacGregor was made chaplain died in 1936?,"Very Rev James MacGregor DD FRSE (1832-1910) Scottish minister and philanthropist. He was Moderator of the General Assembly of the Church of Scotland in 1891. In 1886 he was made Chaplain in Ordinary to Queen Victoria, in 1901 Chaplain to King Edward VII, and in 1910 to King George V, serving three monarchs in all.George V (George Frederick Ernest Albert; 3 June 1865 – 20 January 1936) was King of the United Kingdom and the British Dominions, and Emperor of India, from 6 May 1910 until his death in 1936.",The king to whom James MacGregor was made chaplain who died in 1936 was not King Edward VII.,Cat2,SUPPORTED,PASS,PASS,CLEAR,ENTAILED,Cat2,PASS,PASS,CLEAR,ENTAILED,Cat2,A_B_AGREEMENT,,,,,,PASS,PASS,CLEAR,ENTAILED,Cat2,SUPPORTED,ELIGIBLE,RETAIN_UNCHANGED,
168,Where does the flat iron cut of meat come from?,"of steak is from the shoulder of a beef animal. It is located adjacent to the heart of the shoulder clod, under the seven or paddle bone (shoulder blade or scapula). The steak encompasses the infraspinatus muscles of beef, and one may see this displayed in some butcher shops and meat markets as a ""top blade"" roast. Anatomically, the muscle forms the dorsal part of the rotator cuff of the steer. This cut is anatomically distinct from the shoulder tender, which lies directly below it and is the teres major. Flat iron steaks usually have a significant amount of marbling.

the original flat iron cut was identified in 2002 as part of a National Cattlemen's Beef Association initiative, in conjunction with the University of Nebraska and the University of Florida to find lower-priced cuts which could be trimmed into steaks and roasts. Flat iron steak Flat iron steak (US), butlers' steak (UK), or oyster blade steak (Australia and New Zealand) is a cut of steak cut with the grain from the shoulder of the animal. This produces a flavorful cut that is a bit tough because it contains a gristly fascia membrane unless removed. Some restaurants offer it on their

Flat iron steak Flat iron steak (US), butlers' steak (UK), or oyster blade steak (Australia and New Zealand) is a cut of steak cut with the grain from the shoulder of the animal. This produces a flavorful cut that is a bit tough because it contains a gristly fascia membrane unless removed. Some restaurants offer it on their menu, often at lower price than the more popular rib-eye and strip steaks of the same grade. This is used, in some places, as a means of selling a less expensive cut from the same animal, for example Kobe beef. This cut",The part of the shoulder a flat iron cut of meat comes from is under the seven or paddle bone.,Cat1,SUPPORTED,PASS,PASS,CLEAR,ENTAILED,Cat1,PASS,PASS,CLEAR,ENTAILED,Cat1,A_B_AGREEMENT,,,,,,PASS,PASS,CLEAR,ENTAILED,Cat1,SUPPORTED,ELIGIBLE,RETAIN_UNCHANGED,
169,What genre is The Warriors Gate?,"""Be Right There"" is a song recorded by producers Diplo and Sleepy Tom, featuring uncredited vocals from Priscilla Renea. The song was also featured in the Chinese-French action-adventure film ""The Warrior's Gate"".The Warriors Gate (, also released as Enter The Warrior's Gate) is a 2016 Chinese-French action-adventure-fantasy film directed by and written by Luc Besson and Robert Mark Kamen. It was released in China on November 18, 2016, in 2D, 3D and China Film Giant Screen 3D, and on VOD in the United States on May 5th.",action,Cat1,SUPPORTED,FAIL,PASS,CLEAR,ENTAILED,INVALID,FAIL,PASS,CLEAR,ENTAILED,INVALID,A_B_AGREEMENT,,,,,,FAIL,PASS,CLEAR,ENTAILED,INVALID,SUPPORTED,INVALID,REMOVE,ELIGIBILITY
170,Who produced the ten commandments of computer ethics?,"Ten Commandments of Computer Ethics The Ten Commandments of Computer Ethics were created in 1992 by the Computer Ethics Institute. The commandments were introduced in the paper ""In Pursuit of a 'Ten Commandments' for Computer Ethics"" by Ramon C. Barquin as a means to create ""a set of standards to guide and instruct people in the ethical use of computers."" They follow the Internet Advisory Board's memo on ethics from 1987. The Ten Commandments of Computer Ethics copies the archaic style of the Ten Commandments from the King James Bible. The commandments have been widely quoted in computer ethics literature

but also have been criticized by both the hacker community and some in academia. For instance, Dr. Ben Fairweather of the ""Centre for Computing and Social Responsibility"" has described them as ""simplistic"" and overly restrictive. ISC2, one of the thought leaders in the information security industry, has referred to the commandments in developing its own ethics rules. Ten Commandments of Computer Ethics The Ten Commandments of Computer Ethics were created in 1992 by the Computer Ethics Institute. The commandments were introduced in the paper ""In Pursuit of a 'Ten Commandments' for Computer Ethics"" by Ramon C. Barquin as a means

Computer ethics Computer ethics is a part of practical philosophy concerned with how computing professionals should make decisions regarding professional and social conduct. Margaret Anne Pierce, a professor in the Department of Mathematics and Computers at Georgia Southern University has categorized the ethical decisions related to computer technology and usage into three primary influences: The term computer ethics was first coined by Walter Maner, a professor at Bowling Green State University. The conceptual foundations of computer ethics are investigated by information ethics, a branch of philosophical ethics promoted, among others, by Luciano Floridi. The concept of computer ethics originated in",The Ten Commandments of Computer Ethics were created before the Internet Advisory Board's memo on ethics.,Cat4,UNSUPPORTED,PASS,FAIL,CLEAR,CONTRADICTED,INVALID,PASS,FAIL,CLEAR,NOT_ENOUGH_INFO,INVALID,THIRD_PERSON_ADJUDICATION,PASS,FAIL,CLEAR,CONTRADICTED,INVALID,PASS,FAIL,CLEAR,CONTRADICTED,INVALID,UNSUPPORTED,INVALID,REMOVE,ELIGIBILITY
171,Who is the Russian figure skater who danced with a Russian pair skater and in 1988 and 1994.," Together with partner and wife Ekaterina Gordeeva, he was the 1988 and 1994 Olympic Champion and a four-time World Champion. Together with her partner and husband, the late Sergei Grinkov, she was the 1988 and 1994 Olympic Champion and four-time World Champion in pair skating.",The Russian figure skater is Tatiana Tarasova.,Cat1,UNSUPPORTED,PASS,PASS,CLEAR,CONTRADICTED,Cat1,PASS,PASS,CLEAR,CONTRADICTED,Cat1,A_B_AGREEMENT,,,,,,PASS,PASS,CLEAR,CONTRADICTED,Cat1,UNSUPPORTED,ELIGIBLE,RETAIN_UNCHANGED,
172,Where did the fictional character portrayed in Ragnarok film first appreared?,"Thor: Ragnarok is an upcoming American superhero film based on the Marvel Comics character Thor, produced by Marvel Studios and distributed by Walt Disney Studios Motion Pictures. Debuting in the Silver Age of comic books, Hela first appeared in ""Journey into Mystery"" #102 and was adapted from Norse mythology by Stan Lee and Jack Kirby.",Hela first appeared in Thor.,Cat4,UNSUPPORTED,PASS,PASS,CLEAR,CONTRADICTED,Cat1,PASS,PASS,CLEAR,CONTRADICTED,Cat1,A_B_AGREEMENT,,,,,,PASS,PASS,CLEAR,CONTRADICTED,Cat1,UNSUPPORTED,ELIGIBLE,RELABEL,CATEGORY
173,A systolic bp value is the pressure when?,"millimetres of mercury (mmHg), though aneroid and electronic devices do not contain mercury. For each heartbeat, blood pressure varies between systolic and diastolic pressures. Systolic pressure is peak pressure in the arteries, which occurs near the end of the cardiac cycle when the ventricles are contracting. Diastolic pressure is minimum pressure in the arteries, which occurs near the beginning of the cardiac cycle when the ventricles are filled with blood. An example of normal measured values for a resting, healthy adult human is 120 mmHg systolic and 80 mmHg diastolic (written as 120/80 mmHg, and spoken as ""one-twenty over eighty"").

used for routine examinations and monitoring. A minimum systolic value can be roughly estimated by palpation, most often used in emergency situations, but should be used with caution. It has been estimated that, using 50% percentiles, carotid, femoral and radial pulses are present in patients with a systolic blood pressure > 70 mmHg, carotid and femoral pulses alone in patients with systolic blood pressure of > 50 mmHg, and only a carotid pulse in patients with a systolic blood pressure of > 40 mmHg. A more accurate value of systolic blood pressure can be obtained with a sphygmomanometer and palpating

Systolic hypertension In medicine, systolic hypertension is defined as an elevated systolic blood pressure (SBP). If the systolic blood pressure is elevated (>140) with a normal (<90) diastolic blood pressure (DBP), it is called ""isolated systolic hypertension"". Systolic hypertension may be due to reduced compliance of the aorta with increasing age. This increases the load on the ventricle and compromises coronary blood flow, eventually resulting in left ventricular hypertrophy, coronary ischemia, and heart failure. Contemporary science shows an immersed boundary method of computational illustration of a single heartbeat. Applied to physiologic models, immersed boundary theory sees the heart as a","For each heartbeat, blood pressure varies between systolic and diastolic pressures.",Cat3,SUPPORTED,PASS,FAIL,CLEAR,ENTAILED,INVALID,PASS,FAIL,CLEAR,ENTAILED,INVALID,A_B_AGREEMENT,,,,,,PASS,FAIL,CLEAR,ENTAILED,INVALID,SUPPORTED,INVALID,REMOVE,ELIGIBILITY
174,"What 1982 film, aired in 1983, was the seventh highest rated non-sports show and featured Kansas state highway K-10?","K-10 is a 38-mile (61 km) state highway in the U.S. state of Kansas. Several scenes for the TV-movie ""The Day After"" were filmed on the highway in 1982 portraying a mass exodus evacuating the Kansas City area on I-70.The Day After is an American television film that first aired on November 20, 1983, on the ABC television network. With a 46 rating and a 62% share of the viewing audience during its initial broadcast, it was the seventh highest rated non-sports show up to that time and set a record as the highest-rated television film in history—a record it still held as recently as a 2009 report.",The Day After stars John Cullum.,Cat1,UNSUPPORTED,PASS,FAIL,CLEAR,NOT_ENOUGH_INFO,INVALID,PASS,FAIL,CLEAR,NOT_ENOUGH_INFO,INVALID,A_B_AGREEMENT,,,,,,PASS,FAIL,CLEAR,NOT_ENOUGH_INFO,INVALID,UNSUPPORTED,INVALID,REMOVE,ELIGIBILITY
175,"Which is a genus of Australian shrubs, Anemonopsis or Westringia? ","Westringia is a genus of Australian shrubs.Anemonopsis, the false anemone, is a monotypic genus in the family Ranunculaceae, containing only the species Anemonopsis macrophylla, endemic to Japan's main island of Honshu.",Anemonopsis is definitely not Australian.,Cat2,SUPPORTED,PASS,PASS,CLEAR,ENTAILED,Cat2,PASS,PASS,CLEAR,ENTAILED,Cat2,A_B_AGREEMENT,,,,,,PASS,PASS,CLEAR,ENTAILED,Cat2,SUPPORTED,ELIGIBLE,RETAIN_UNCHANGED,
176,"According to the text, how many Douglas DC-3 'Dakota' aircraft were in the fleet of Deccan Airways by the time it merged in 1953?","Prem Mathur is the first Indian woman commercial pilot and started flying for Deccan Airways. By the time it was merged with Indian Airlines in 1953, it had a fleet of thirteen Douglas DC-3 'Dakota' aircraft.",23,Cat6,UNSUPPORTED,FAIL,PASS,CLEAR,CONTRADICTED,INVALID,FAIL,PASS,CLEAR,CONTRADICTED,INVALID,A_B_AGREEMENT,,,,,,FAIL,PASS,CLEAR,CONTRADICTED,INVALID,UNSUPPORTED,INVALID,REMOVE,ELIGIBILITY
177,E'Shun Melvin was the voice of Young Boyd on Teen Wolf  developed by Jeff Davis for what television network," He is best known for his role as Noah on the BET original comedy television series Real Husbands of Hollywood, and for providing the voice of Young Boyd on Teen Wolf.Teen Wolf is an American television series developed by Jeff Davis for MTV.",E'Shun Melvin was the voice of Young Boyd on Teen Wolf.,Cat1,UNSUPPORTED,PASS,PASS,CLEAR,ENTAILED,Cat1,PASS,FAIL,CLEAR,ENTAILED,INVALID,THIRD_PERSON_ADJUDICATION,PASS,FAIL,CLEAR,ENTAILED,Cat1,PASS,FAIL,CLEAR,ENTAILED,INVALID,SUPPORTED,INVALID,REMOVE,ELIGIBILITY
178,"When was the actor for Donna's daughter, Sophie, in Mamma Mia, born?"," Pierce Brosnan (Sam Carmichael), Colin Firth (Harry Bright), and Stellan Skarsgård (Bill Anderson) play the three possible fathers to Donna's daughter, Sophie (Amanda Seyfried).Amanda Michelle Seyfried ( ; born December 3, 1985) is an American actress and singer-songwriter.",Amanda Seyfried was born in 1985.,Cat4,SUPPORTED,PASS,PASS,CLEAR,ENTAILED,Cat4,PASS,PASS,CLEAR,ENTAILED,Cat4,A_B_AGREEMENT,,,,,,PASS,PASS,CLEAR,ENTAILED,Cat4,SUPPORTED,ELIGIBLE,RETAIN_UNCHANGED,
179, Teri W. Odom is a member of a scientific journal first published in 2007 by who?,"Teri W. Odom is an American chemist and materials scientist. Odom is a member of the editorial advisory board of ACS Nano, Chemical Physics Letters, Journal of Physical Chemistry, and Nano Letters.ACS Nano is a monthly, peer-reviewed, scientific journal, first published in August 2007 by the American Chemical Society.",The American Chemical Society is one of the world's largest scientific organizations.,Cat5,UNSUPPORTED,PASS,FAIL,CLEAR,NOT_ENOUGH_INFO,INVALID,PASS,FAIL,CLEAR,NOT_ENOUGH_INFO,INVALID,A_B_AGREEMENT,,,,,,PASS,FAIL,CLEAR,NOT_ENOUGH_INFO,INVALID,UNSUPPORTED,INVALID,REMOVE,ELIGIBILITY
180,"Which actress plays both Iris Carr in The Lady Vanishes, and Riley Blue in Sense8?","The Lady Vanishes is a 2013 British television mystery thriller film directed by Diarmuid Lawrence, and a co-production of the BBC and Masterpiece Films. It stars Selina Cadell in the key role of the disappearing Miss Froy, Tuppence Middleton as the young Iris Carr (who discovers the disappearance, but is not taken seriously), and Tom Hughes and Alex Jennings as Max Hare and the Professor, the two fellow English passengers who come to her aid.Tuppence Middleton (born 21 February 1987) is an English actress. Since 2015, she portrays Riley Blue in the Netflix webseries ""Sense8"".",Tuppence Middleton stars in both shows.,Cat3,SUPPORTED,PASS,PASS,CLEAR,ENTAILED,Cat7,PASS,PASS,CLEAR,ENTAILED,Cat7,A_B_AGREEMENT,,,,,,PASS,PASS,CLEAR,ENTAILED,Cat7,SUPPORTED,ELIGIBLE,RELABEL,CATEGORY
181,"Ran Nakash, is an Israeli cruiserweight boxer, his only loss to date occurred on which date, against WBO Cruiserweight champion Marco Huck, a German professional boxer known for his aggressive style and punching power?"," His only loss to date occurred on April 2, 2011 against WBO Cruiserweight champion Marco Huck.Muamer Hukić (born 11 November 1984), best known as Marco Huck, is a German professional boxer known for his aggressive style and punching power.","The date is April 2, 2011.",Cat4,SUPPORTED,FAIL,PASS,CLEAR,ENTAILED,INVALID,FAIL,PASS,CLEAR,ENTAILED,INVALID,A_B_AGREEMENT,,,,,,FAIL,PASS,CLEAR,ENTAILED,INVALID,SUPPORTED,INVALID,REMOVE,ELIGIBILITY
182,"King of Queens is the debut studio album by Nigerian singer Yemi Alade, it features guest appearances and skits from which Ghanaian hip hop and hiplife duo from Tema made up of Faisal Hakeem ""(Paedae da Pralem/Omar Sterling)"", and Rashid Mugeez ""(Mugeez)""?"," It features guest appearances and skits from Bovi, R2Bees, Phyno, Chidinma, DIL, Selebobo and Diamond Platnumz.R2Bees is a Ghanaian hip hop and hiplife duo from Tema made up of Faisal Hakeem ""(Paedae da Pralem/Omar Sterling)"" and Rashid Mugeez ""(Mugeez)"".",R2Bees won the Best Group award at the 2019 Ghana Music Awards.,Cat5,UNSUPPORTED,PASS,FAIL,CLEAR,NOT_ENOUGH_INFO,INVALID,PASS,FAIL,CLEAR,NOT_ENOUGH_INFO,INVALID,A_B_AGREEMENT,,,,,,PASS,FAIL,CLEAR,NOT_ENOUGH_INFO,INVALID,UNSUPPORTED,INVALID,REMOVE,ELIGIBILITY
183,"What 1982 film, aired in 1983, was the seventh highest rated non-sports show and featured Kansas state highway K-10?","K-10 is a 38-mile (61 km) state highway in the U.S. state of Kansas. Several scenes for the TV-movie ""The Day After"" were filmed on the highway in 1982 portraying a mass exodus evacuating the Kansas City area on I-70.The Day After is an American television film that first aired on November 20, 1983, on the ABC television network. With a 46 rating and a 62% share of the viewing audience during its initial broadcast, it was the seventh highest rated non-sports show up to that time and set a record as the highest-rated television film in history—a record it still held as recently as a 2009 report.",The Day After was directed by Nicholas Meyer.,Cat1,UNSUPPORTED,PASS,FAIL,CLEAR,NOT_ENOUGH_INFO,INVALID,PASS,FAIL,CLEAR,NOT_ENOUGH_INFO,INVALID,A_B_AGREEMENT,,,,,,PASS,FAIL,CLEAR,NOT_ENOUGH_INFO,INVALID,UNSUPPORTED,INVALID,REMOVE,ELIGIBILITY
184,What event held by the Ultimate Fighting Championship was the largest regulated professional MMA event?," This paved the way for the largest regulated professional MMA event, UFC 129, which was held on April 30, 2011 at the Rogers Centre in Toronto.UFC 129: St-Pierre vs. Shields was a mixed martial arts event held by the Ultimate Fighting Championship on Saturday, April 30, 2011 at Rogers Centre in Toronto, Ontario, Canada.",UFC 129 had the most attendees.,Cat5,UNSUPPORTED,PASS,PASS,CLEAR,NOT_ENOUGH_INFO,Cat5,PASS,PASS,AMBIGUOUS,NOT_ENOUGH_INFO,Cat5,THIRD_PERSON_ADJUDICATION,PASS,PASS,AMBIGUOUS,NOT_ENOUGH_INFO,Cat5,PASS,PASS,AMBIGUOUS,NOT_ENOUGH_INFO,Cat5,UNSUPPORTED,ELIGIBLE,RETAIN_UNCHANGED,
185,Who publishes a horror game with protagonist Ellie?,"Ellie is a fictional character in the 2013 video game ""The Last of Us"", and the main protagonist of the upcoming video game ""The Last of Us Part II"".The Last of Us Part II is an upcoming action-adventure survival horror video game developed by Naughty Dog and published by Sony Interactive Entertainment for PlayStation 4.",Sony Interactive Entertainment is a subsidiary of Sony.,Cat7,UNSUPPORTED,PASS,FAIL,CLEAR,NOT_ENOUGH_INFO,INVALID,PASS,FAIL,CLEAR,NOT_ENOUGH_INFO,INVALID,A_B_AGREEMENT,,,,,,PASS,FAIL,CLEAR,NOT_ENOUGH_INFO,INVALID,UNSUPPORTED,INVALID,REMOVE,ELIGIBILITY
186,"Was the date that the album on which ""There's No Home for You Here"" appeared was released?","""There's No Home for You Here"" is a song by American alternative rock band The White Stripes, featured on their 2003 fourth studio album ""Elephant"".Elephant is the fourth album by the American alternative rock duo The White Stripes. Released on April 1, 2003 on V2 Records, its release garnered near unanimous critical acclaim and commercial success, garnering a nomination for Album of the Year and a win for Best Alternative Music Album at the 46th Grammy Awards in 2004, peaking at No. 6 in the US ""Billboard"" charts and topping the UK album charts.","The album ""There's No Home for You Here"" appeared on was not released in 2003.",Cat2,UNSUPPORTED,PASS,PASS,CLEAR,CONTRADICTED,Cat2,PASS,PASS,CLEAR,CONTRADICTED,Cat2,A_B_AGREEMENT,,,,,,PASS,PASS,CLEAR,CONTRADICTED,Cat2,UNSUPPORTED,ELIGIBLE,RETAIN_UNCHANGED,
187,The Monson Historical Society Museum is located in the town in what Maine county?,"The Monson Historical Society Museum is located on Main Street in the center of Monson, Maine.Monson is a town in Piscataquis County, Maine, United States.",Piscataquis County is known for its role in the timber industry.,Cat1,UNSUPPORTED,PASS,FAIL,CLEAR,NOT_ENOUGH_INFO,INVALID,PASS,FAIL,CLEAR,NOT_ENOUGH_INFO,INVALID,A_B_AGREEMENT,,,,,,PASS,FAIL,CLEAR,NOT_ENOUGH_INFO,INVALID,UNSUPPORTED,INVALID,REMOVE,ELIGIBILITY
188,Who owns green and black's organic chocolate?,"Green & Black's Green & Black's is a British chocolate company founded in 1991. The company produces a range of organic products, including: chocolate bars, ice cream, biscuits and hot chocolate, with its principal manufacturing sites in Canada, Poland, and Italy. It was bought by Cadbury in 2005, and later became part of Mondelēz International (formerly known as Kraft Foods). Green & Black's was founded in 1991 by the couple Craig Sams and Josephine Fairley, organic food pioneer and journalist respectively. The name was derived from a wordplay — ""Green"" standing for the environmental concerns of the founders, and ""Black""

are Fairtrade Certified. On 15 October 2012 Mondelēz Global LLC conducted voluntary U.S. recall of Green & Black’s organic peanut and sea salt milk chocolate bar due to possible health risk. Green & Black's Green & Black's is a British chocolate company founded in 1991. The company produces a range of organic products, including: chocolate bars, ice cream, biscuits and hot chocolate, with its principal manufacturing sites in Canada, Poland, and Italy. It was bought by Cadbury in 2005, and later became part of Mondelēz International (formerly known as Kraft Foods). Green & Black's was founded in 1991 by the

Grain, the following year. He and his brother Greg and their father Ken edited and published 'Seed, the Journal of Organic Living' 1971-1977. In 1970 Greg and Craig set up Harmony Foods, which eventually became known as Whole Earth Foods. In 1991, with his partner Josephine Fairley, he founded Green & Black's chocolate, which was sold to Cadbury in 2005. He continues to be involved with the company. He writes a monthly column in the organic products section of Natural Product News From 1990 until 2001 he was honorary treasurer of the Soil Association, the British organic food and farming",Green & Black's is no longer owned by Cadbury.,Cat2,SUPPORTED,PASS,PASS,CLEAR,ENTAILED,Cat2,PASS,PASS,CLEAR,ENTAILED,Cat2,A_B_AGREEMENT,,,,,,PASS,PASS,CLEAR,ENTAILED,Cat2,SUPPORTED,ELIGIBLE,RETAIN_UNCHANGED,
189,"The Fortune Cookie (alternative UK title: Meet Whiplash Willie) is a 1966 black It was produced and directed by Samuel ""Billy"" Wilder, an Austrian-American filmmaker, screenwriter, producer, artist, and journalist whose career spanned, more than how many decades?"," It was produced and directed by Billy Wilder from a script by Wilder and I.A.L. Diamond.Samuel ""Billy"" Wilder ( ; ] ; June 22, 1906March 27, 2002) was an Austrian-American filmmaker, screenwriter, producer, artist, and journalist whose career spanned more than five decades.",The input is seven.,Cat6,UNSUPPORTED,FAIL,PASS,CLEAR,NOT_ENOUGH_INFO,INVALID,FAIL,PASS,CLEAR,CONTRADICTED,INVALID,THIRD_PERSON_ADJUDICATION,FAIL,PASS,CLEAR,ENTAILED,INVALID,FAIL,PASS,CLEAR,ENTAILED,INVALID,SUPPORTED,INVALID,REMOVE,ELIGIBILITY
190,"When was the American singer-songwriter and actress born who's 1993 song is  ""I Can See Clearly""?","""I Can See Clearly"" is a 1993 song by the American singer Debbie Harry, released as the first single from her fourth solo album ""Debravation"".Deborah Ann Harry (born Angela Tremble; July 1, 1945) is an American singer-songwriter and actress best known as the lead singer of the new wave band Blondie.","July 1, 1945 is a date.",Cat4,SUPPORTED,PASS,FAIL,CLEAR,ENTAILED,INVALID,PASS,FAIL,CLEAR,ENTAILED,INVALID,A_B_AGREEMENT,,,,,,PASS,FAIL,CLEAR,ENTAILED,INVALID,SUPPORTED,INVALID,REMOVE,ELIGIBILITY
191,What is the length of the Kansas state highway K-10 in kilometers?,"K-10 is a 38-mile (61 km) state highway in the U.S. state of Kansas. Several scenes for the TV-movie ""The Day After"" were filmed on the highway in 1982 portraying a mass exodus evacuating the Kansas City area on I-70.The Day After is an American television film that first aired on November 20, 1983, on the ABC television network. With a 46 rating and a 62% share of the viewing audience during its initial broadcast, it was the seventh highest rated non-sports show up to that time and set a record as the highest-rated television film in history—a record it still held as recently as a 2009 report.",61 km,Cat6,SUPPORTED,FAIL,PASS,CLEAR,ENTAILED,INVALID,FAIL,PASS,CLEAR,ENTAILED,INVALID,A_B_AGREEMENT,,,,,,FAIL,PASS,CLEAR,ENTAILED,INVALID,SUPPORTED,INVALID,REMOVE,ELIGIBILITY
192,The 34th Foot Regiment was sent to fight who?,Charles Blake (13 August 1746 – 22 April 1810) was a British army surgeon with the 34th Foot Regiment as part of the force sent to fight the Americans. Under the Childers Reforms it amalgamated with the 55th (Westmorland) Regiment of Foot to form the Border Regiment in 1881.,The 34th Foot Regiment was sent to fight Irish rebels.,Cat1,UNSUPPORTED,PASS,PASS,CLEAR,CONTRADICTED,Cat1,PASS,PASS,CLEAR,CONTRADICTED,Cat1,A_B_AGREEMENT,,,,,,PASS,PASS,CLEAR,CONTRADICTED,Cat1,UNSUPPORTED,ELIGIBLE,RETAIN_UNCHANGED,
193,How many video games featuring the character Ellie are explicitly mentioned in the text?,"Ellie is a fictional character in the 2013 video game ""The Last of Us"", and the main protagonist of the upcoming video game ""The Last of Us Part II"".The Last of Us Part II is an upcoming action-adventure survival horror video game developed by Naughty Dog and published by Sony Interactive Entertainment for PlayStation 4.",66,Cat6,UNSUPPORTED,FAIL,PASS,CLEAR,CONTRADICTED,INVALID,FAIL,PASS,CLEAR,CONTRADICTED,INVALID,A_B_AGREEMENT,,,,,,FAIL,PASS,CLEAR,CONTRADICTED,INVALID,UNSUPPORTED,INVALID,REMOVE,ELIGIBILITY
194,What 5th generation USAF tactical fighter built by Lockheed Martin and Boeing will remain in service alongside the new sixth generation fighter?," The USAF is pursuing development and acquisition of a sixth-generation fighter through the F-X program to complement existing platforms in service such as the Lockheed Martin F-22 Raptor.The Lockheed Martin F-22 Raptor is a fifth-generation, single-seat, twin-engine, all-weather stealth tactical fighter aircraft developed for the United States Air Force (USAF). The prime contractor, Lockheed Martin, built most of the F-22's airframe and weapons systems and conducted final assembly, while Boeing provided the wings, aft fuselage, avionics integration, and training systems.",The Boeing F-22 Raptor is a fighter aircraft.,Cat1,UNSUPPORTED,PASS,PASS,CLEAR,CONTRADICTED,Cat1,PASS,PASS,CLEAR,CONTRADICTED,Cat1,A_B_AGREEMENT,,,,,,PASS,PASS,CLEAR,CONTRADICTED,Cat1,UNSUPPORTED,ELIGIBLE,RETAIN_UNCHANGED,
195,"During Which debt crises did PIGS  used to refer to the economies of Portugal, Ireland, Greece, and Spain, four EU member states"," During the European debt crisis, the term was also increasingly used to refer to the economies of Portugal, Ireland, Greece, and Spain, four EU member states that were unable to refinance their government debt or to bail out over-indebted banks on their own during the crisis.The European debt crisis (often also referred to as the Eurozone crisis or the European sovereign debt crisis) is a multi-year debt crisis that has been taking place in the European Union since the end of 2009.",The term PIGS was not used.,Cat2,UNSUPPORTED,PASS,PASS,CLEAR,CONTRADICTED,Cat2,PASS,PASS,CLEAR,CONTRADICTED,Cat2,A_B_AGREEMENT,,,,,,PASS,PASS,CLEAR,CONTRADICTED,Cat2,UNSUPPORTED,ELIGIBLE,RETAIN_UNCHANGED,
196,What number president is the person who had a feud with Megyn Kelly in her book Settle for More?," The book discusses the unwanted sexual advances she received from Roger Ailes while working at Fox News, as well as her feud with then Presidential nominee Donald Trump.Donald John Trump (born June 14, 1946) is the 45th and current President of the United States, in office since January 20, 2017.",The text refers to the 45th.,Cat6,SUPPORTED,FAIL,PASS,CLEAR,ENTAILED,INVALID,FAIL,PASS,CLEAR,ENTAILED,INVALID,A_B_AGREEMENT,,,,,,FAIL,PASS,CLEAR,ENTAILED,INVALID,SUPPORTED,INVALID,REMOVE,ELIGIBILITY
197,What 1983 film did the director of Baby Geniuses write the script for?,"Baby Geniuses is a 1999 American family comedy film directed by Bob Clark and written by Clark and Greg Michael based on a story by Clark, Steven Paul, Francisca Matos, and Robert Grasmere, and starring Kathleen Turner, Christopher Lloyd, Kim Cattrall, Peter MacNicol, and Ruby Dee.Benjamin ""Bob"" Clark (August 5, 1939 – April 4, 2007) was an American actor, director, screenwriter and producer best known for directing and writing the script with Jean Shepherd to the 1983 Christmas film ""A Christmas Story"".",A Christmas Story is often aired in 24-hour marathons on television during Christmas.,Cat4,UNSUPPORTED,PASS,FAIL,CLEAR,NOT_ENOUGH_INFO,INVALID,PASS,FAIL,CLEAR,NOT_ENOUGH_INFO,INVALID,A_B_AGREEMENT,,,,,,PASS,FAIL,CLEAR,NOT_ENOUGH_INFO,INVALID,UNSUPPORTED,INVALID,REMOVE,ELIGIBILITY
198,Which star in The Pokrovsky Gate was also a director and occasional singer?," It was directed by Mikhail Kozakov and stars Oleg Menshikov, Leonid Bronevoy, and Inna Ulyanova.Oleg Evgenyevich Menshikov, (Russian: Оле́г Евге́ньевич Ме́ньшиков ; born 8 November 1960) is a Russian actor, theatre director and occasional singer.",Oleg Menshikov was not an occasional singer.,Cat2,UNSUPPORTED,PASS,PASS,CLEAR,CONTRADICTED,Cat2,PASS,PASS,CLEAR,CONTRADICTED,Cat2,A_B_AGREEMENT,,,,,,PASS,PASS,CLEAR,CONTRADICTED,Cat2,UNSUPPORTED,ELIGIBLE,RETAIN_UNCHANGED,
199,Vanessa Mesquita made the cover of a magazine established by who ?," After the program, Mesquita made the cover of Playboy (Brazil) Established in 1975 by Editora Abril, it was only the fourth overall international version of the magazine, following Germany, Italy and France.",Editora Abril is a company.,Cat1,SUPPORTED,PASS,FAIL,CLEAR,NOT_ENOUGH_INFO,INVALID,PASS,FAIL,CLEAR,NOT_ENOUGH_INFO,INVALID,A_B_AGREEMENT,,,,,,PASS,FAIL,CLEAR,NOT_ENOUGH_INFO,INVALID,UNSUPPORTED,INVALID,REMOVE,ELIGIBILITY
200,Jimmy Rooney was on the Australia national soccer team and a member of what?,"James Rooney (born 10 December 1945 in Dundee, Scotland) is a former association football player. He was a member of the Australian 1974 World Cup squad in West Germany. Officially nicknamed the Socceroos, the team is controlled by the governing body for soccer in Australia, Football Federation Australia (FFA), which is currently a member of the Asian Football Confederation (AFC) and the regional ASEAN Football Federation (AFF) since leaving the Oceania Football Confederation (OFC) in 2006.",Jimmy Rooney was a member of the Australia national soccer team.,Cat7,SUPPORTED,PASS,FAIL,CLEAR,ENTAILED,INVALID,PASS,FAIL,CLEAR,ENTAILED,INVALID,A_B_AGREEMENT,,,,,,PASS,FAIL,CLEAR,ENTAILED,INVALID,SUPPORTED,INVALID,REMOVE,ELIGIBILITY
201,What poker series held annually in Las Vegas is more prestigious than the Super Bowl of Poker?,"The Super Bowl of Poker (also known as Amarillo Slim's Super Bowl of Poker or SBOP) was the second most prestigious poker tournament in the world during the 1980s.The World Series of Poker (WSOP) is a series of poker tournaments held annually in Las Vegas and, since 2005, sponsored by Caesars Entertainment Corporation (known as Harrah's Entertainment until 2010).",The World Series of Poker exists.,Cat1,SUPPORTED,PASS,FAIL,CLEAR,ENTAILED,INVALID,PASS,FAIL,CLEAR,ENTAILED,INVALID,A_B_AGREEMENT,,,,,,PASS,FAIL,CLEAR,ENTAILED,INVALID,SUPPORTED,INVALID,REMOVE,ELIGIBILITY
202,Where does anything you can do i can do better come from?,"Anything You Can Do (I Can Do Better) ""Anything You Can Do"" is a song composed by Irving Berlin for the 1946 Broadway musical ""Annie Get Your Gun"". The song is a duet, with one male singer and one female singer attempting to outdo each other in increasingly complex tasks. In the musical, the song sets the scene for the climactic sharpshooting contest between Annie Oakley and Frank Butler. Its most memorable lines are, ""Anything you can do I can do better; I can do anything better than you."" The song was first performed in ""Annie Get Your Gun"" by

Ethel Merman and Ray Middleton. During the song, they argue playfully about who can, for example, sing softer, sing higher, sing sweeter, and hold a note for longer, and boast of their abilities and accomplishments, such as opening safes and living on bread and cheese, although Annie always seems to counter Frank's argument. Neither can ""bake a pie,"" though. Anything You Can Do (I Can Do Better) ""Anything You Can Do"" is a song composed by Irving Berlin for the 1946 Broadway musical ""Annie Get Your Gun"". The song is a duet, with one male singer and one female singer

choosing the occupation of ""newspaper carrier"" was required to ride a bicycle down a narrow yellow line (without veering from it) and throw several newspapers at targets. She lost control of the bicycle, fell to the studio floor, and apparently broke a bone. Wood mentioned other contestants being injured as well. The title of the show is inspired by a 1946 song called ""Anything You Can Do, I Can Do Better"" from the hit broadway musical ""Annie Get Your Gun"" (composed by Irving Berlin) as a sprirted duet with one male singer and one female singer attempting to outdo each","The duet ""Anything You Can Do (I Can Do Better)"" has one female singer.",Cat6,SUPPORTED,PASS,FAIL,CLEAR,ENTAILED,INVALID,PASS,FAIL,CLEAR,ENTAILED,INVALID,A_B_AGREEMENT,,,,,,PASS,FAIL,CLEAR,ENTAILED,INVALID,SUPPORTED,INVALID,REMOVE,ELIGIBILITY
203,Who publishes a horror game with protagonist Ellie?,"Ellie is a fictional character in the 2013 video game ""The Last of Us"", and the main protagonist of the upcoming video game ""The Last of Us Part II"".The Last of Us Part II is an upcoming action-adventure survival horror video game developed by Naughty Dog and published by Sony Interactive Entertainment for PlayStation 4.",Sony Interactive Entertainment's notable studios include PlayStation All-Stars 25.,Cat7,UNSUPPORTED,PASS,FAIL,CLEAR,NOT_ENOUGH_INFO,INVALID,PASS,FAIL,AMBIGUOUS,NOT_ENOUGH_INFO,INVALID,THIRD_PERSON_ADJUDICATION,PASS,FAIL,AMBIGUOUS,NOT_ENOUGH_INFO,INVALID,PASS,FAIL,AMBIGUOUS,NOT_ENOUGH_INFO,INVALID,UNSUPPORTED,INVALID,REMOVE,ELIGIBILITY
204,Statistician Walter Francis Willcox received three degrees from a local college in Massachusetts. Which college?," He was graduated from Phillips Academy, Andover, in 1880, from Amherst College in 1884 with an A.B., and in 1888 received an A.M. degree from Amherst College. In 1906 he received an honorary LL.D. degree from Amherst College.Amherst College ( ) is a private liberal arts college located in Amherst, Massachusetts, United States.",Calvin Coolidge was the 30th President of the United States.,Cat6,UNSUPPORTED,PASS,FAIL,CLEAR,NOT_ENOUGH_INFO,INVALID,PASS,FAIL,CLEAR,NOT_ENOUGH_INFO,INVALID,A_B_AGREEMENT,,,,,,PASS,FAIL,CLEAR,NOT_ENOUGH_INFO,INVALID,UNSUPPORTED,INVALID,REMOVE,ELIGIBILITY
205,How old do you have to be to get a tattoo in washington?,"of 15. You must be over 18 years of age to get a tattoo freely without parental consent. You need to have parental or guardian consent at the ages of 16 and 17. The legal age is 18. The age is 18 or 15 with consent of parents. The minimum age is 18. In the Netherlands, the age at which persons may decide for themselves to have a tattoo and piercing is 16 years. This age limit is suspended for earlobe piercing but pertains to all other areas. Informed consent forms, with information concerning health (including allergies) must be available

pierce minors completely) The legal age to get a tattoo in Cyprus is 16 with written consent of parent. 18 without permission from parents The Danish tattoo law was valid from June 15, 1966. It is unlawful to tattoo someone under the age of 18. In addition to this it is unlawful to tattoo someone on the head, neck and hands. No legislation found. You need to be 18+ to get a tattoo in Finland, however, you may be able to get a permit to get a tattoo under the age of 18. The legal minimum age is 16 (with

Legal status of tattooing in the United States In the United States, there is no federal law regulating the practice of tattooing. However, all 50 states and the District of Columbia have statutory laws requiring a person receiving a tattoo be 18 years or older. This is partially based on the legal principle that a minor cannot enter into a legal contract or otherwise render informed consent for a procedure. Most states permit a person under the age of 18 to receive a tattoo with permission of a parent or guardian, but some states outright prohibit tattooing under a certain",The District of Columbia has statutory laws requiring a person receiving a tattoo be at least 16 years old.,Cat6,UNSUPPORTED,PASS,FAIL,CLEAR,CONTRADICTED,INVALID,PASS,PASS,CLEAR,CONTRADICTED,Cat3,THIRD_PERSON_ADJUDICATION,PASS,PASS,CLEAR,CONTRADICTED,Cat3,PASS,PASS,CLEAR,CONTRADICTED,Cat3,UNSUPPORTED,ELIGIBLE,RELABEL,CATEGORY
206,"The Mexican Cession of 1848 is a historical name in the United States for the region of the modern day southwestern United States that Mexico ceded to the U.S. in the Treaty of Guadalupe Hidalgo in 1848, it had not been part of the areas east of the Rio Grande which had been claimed by the Republic of Texas, though the Texas annexation resolution in which year,incorporation of the Republic of Texas into the United States of America, which was admitted to the Union as the 28th state, had not specified the southern and western boundary of Texas?"," It had not been part of the areas east of the Rio Grande which had been claimed by the Republic of Texas, though the Texas annexation resolution two years earlier had not specified the southern and western boundary of Texas.The Texas annexation was the 1845 incorporation of the Republic of Texas into the United States of America, which was admitted to the Union as the 28th state on December 29, 1845.",The year is 1845.,Cat4,SUPPORTED,FAIL,PASS,CLEAR,ENTAILED,INVALID,FAIL,PASS,CLEAR,ENTAILED,INVALID,A_B_AGREEMENT,,,,,,FAIL,PASS,CLEAR,ENTAILED,INVALID,SUPPORTED,INVALID,REMOVE,ELIGIBILITY
207," Which species, Cardwellia or Ochagavia, is native to South America?"," The species Cardwellia sublimis (northern silky oak) grows naturally only (endemic) in the rainforests of the wet tropics region of north eastern Queensland, Australia.Ochagavia is a genus of the botanical family Bromeliaceae, subfamily Bromelioideae. The genus is named for Sylvestris Ochagavia, Chilean minister of education. Endemic to southern and central Chile (including the Juan Fernández Islands), this genus is represented by four accepted species.",Silvestre Ochagavía Errázuriz was a member of the Academy of Naval Sciences of Chile.,Cat7,UNSUPPORTED,PASS,FAIL,CLEAR,NOT_ENOUGH_INFO,INVALID,PASS,FAIL,CLEAR,NOT_ENOUGH_INFO,INVALID,A_B_AGREEMENT,,,,,,PASS,FAIL,CLEAR,NOT_ENOUGH_INFO,INVALID,UNSUPPORTED,INVALID,REMOVE,ELIGIBILITY
208,How many engines does the Lockheed Martin F-22 Raptor tactical fighter have?," The USAF is pursuing development and acquisition of a sixth-generation fighter through the F-X program to complement existing platforms in service such as the Lockheed Martin F-22 Raptor.The Lockheed Martin F-22 Raptor is a fifth-generation, single-seat, twin-engine, all-weather stealth tactical fighter aircraft developed for the United States Air Force (USAF). The prime contractor, Lockheed Martin, built most of the F-22's airframe and weapons systems and conducted final assembly, while Boeing provided the wings, aft fuselage, avionics integration, and training systems.",2,Cat6,SUPPORTED,FAIL,PASS,CLEAR,ENTAILED,INVALID,FAIL,PASS,CLEAR,ENTAILED,INVALID,A_B_AGREEMENT,,,,,,FAIL,PASS,CLEAR,ENTAILED,INVALID,SUPPORTED,INVALID,REMOVE,ELIGIBILITY
209,Which game element from the previous season returned in season 26 of The Amazing Race but was not used or claimed by any team?,"Race"" took. The season finale aired on May 15, 2015. Blind date couple Laura Pierson & Tyler Adams, known as ""Team SoCal,"" were the winners of the 26th season of ""The Amazing Race"". This season covered , five continents, and eight countries, including visits to Japan, Thailand, Namibia, Germany, and for the first time Monaco. In some race segments, a special clue was available. Teams selecting the special clue received a Date Night reward, an opportunity to participate in a romantic activity. The Save from the previous season returned for this season but was unaired, unclaimed, and unused. It could

The Amazing Race 27 The Amazing Race 27 was the twenty-seventh installment of the U.S. reality television show ""The Amazing Race"". It featured eleven teams of two, with each team centered on a pre-existing relationship between the cast members such as marriage, dating, or best friends. Teams competed in a race around the world for a grand prize. This season premiered on September 25, 2015. Dating news reporters Kelsey Gerckens and Joey Buttitta were the winners of this season. Seen on ""The Amazing Race 25"", the show's Twitter page announced this season's filming on June 22, 2015. The tweet announced

The Amazing Race 28 The Amazing Race 28 is the twenty-eighth U.S. season of the reality television show ""The Amazing Race"". The season premiered on February 12, 2016. In this installment, it featured 11 teams of two with notable social media personalities (or at least one pair to team up with a non-notable internet celebrity) in a race around the world for a $1 million grand prize. ""Engaged dancers"" Dana Alexa and Matt Steffanina were the winners of this season of ""The Amazing Race"". Filming of ""The Amazing Race 28"" began on November 15, 2015, with host Phil Keoghan broadcasting",The Save returned but was completely unclaimed and unused.,Cat2,SUPPORTED,FAIL,PASS,CLEAR,ENTAILED,INVALID,PASS,PASS,CLEAR,ENTAILED,Cat2,THIRD_PERSON_ADJUDICATION,PASS,PASS,CLEAR,ENTAILED,Cat2,PASS,PASS,CLEAR,ENTAILED,Cat2,SUPPORTED,ELIGIBLE,RETAIN_UNCHANGED,
210,"Formerly titled the Collegiate Church of St Peter at Westminster, of which church was John Fecknam the last abbot?","John Feckenham (c. 1515 – October, 1584), also known as John Howman of Feckingham and later John de Feckenham or John Fecknam, was an English churchman, the last abbot of Westminster.Westminster Abbey, formally titled the Collegiate Church of St Peter at Westminster, is a large, mainly Gothic abbey church in the City of Westminster, London, just to the west of the Palace of Westminster.",John Feckenham became abbot of Westminster in 1540.,Cat4,UNSUPPORTED,PASS,PASS,CLEAR,NOT_ENOUGH_INFO,Cat4,PASS,PASS,CLEAR,NOT_ENOUGH_INFO,Cat1,THIRD_PERSON_ADJUDICATION,PASS,PASS,CLEAR,NOT_ENOUGH_INFO,Cat4,PASS,PASS,CLEAR,NOT_ENOUGH_INFO,Cat4,UNSUPPORTED,ELIGIBLE,RETAIN_UNCHANGED,
211,How influential are the Ten Commandments of Computer Ethics in computer ethics literature?,"The Ten Commandments of Computer Ethics were created in 1992 by the Computer Ethics Institute. The commandments have been widely quoted in computer ethics literature but have also been criticized by both the hacker community and some in academia. Dr. Ben Fairweather of the Centre for Computing and Social Responsibility described them as simplistic and overly restrictive. Despite criticism, the commandments remain one of the most widely cited sets of ethical guidelines in the field of computer ethics.",The Ten Commandments of Computer Ethics are among the most widely cited ethical guidelines in computer ethics.,Cat5,SUPPORTED,PASS,PASS,CLEAR,ENTAILED,Cat5,PASS,PASS,CLEAR,ENTAILED,Cat5,A_B_AGREEMENT,,,,,,PASS,PASS,CLEAR,ENTAILED,Cat5,SUPPORTED,ELIGIBLE,RETAIN_UNCHANGED,
212,Who publishes a horror game with protagonist Ellie?,"Ellie is a fictional character in the 2013 video game ""The Last of Us"", and the main protagonist of the upcoming video game ""The Last of Us Part II"".The Last of Us Part II is an upcoming action-adventure survival horror video game developed by Naughty Dog and published by Sony Interactive Entertainment for PlayStation 4.",Sony Interactive Entertainment's notable studios include PlayStation All-Stars 31.,Cat7,UNSUPPORTED,PASS,FAIL,CLEAR,NOT_ENOUGH_INFO,INVALID,PASS,FAIL,AMBIGUOUS,NOT_ENOUGH_INFO,INVALID,THIRD_PERSON_ADJUDICATION,PASS,FAIL,AMBIGUOUS,NOT_ENOUGH_INFO,INVALID,PASS,FAIL,AMBIGUOUS,NOT_ENOUGH_INFO,INVALID,UNSUPPORTED,INVALID,REMOVE,ELIGIBILITY
213,"The actress that plays Karen van der Beek on ""Californication"" plays what role on the series ""Believe""?"," The film also stars Natascha McElhone as Erica Gallagher, Anne Reid as Jean Busby and Toby Stephens as Georgie's prospective headmaster. In addition, she is well known for her role as Karen van der Beek on the Showtime series ""Californication"".","The actress that plays Karen van der Beek on ""Californication"" does not appear on the series ""Believe"".",Cat2,UNSUPPORTED,PASS,PASS,CLEAR,NOT_ENOUGH_INFO,Cat2,PASS,PASS,CLEAR,NOT_ENOUGH_INFO,Cat2,A_B_AGREEMENT,,,,,,PASS,PASS,CLEAR,NOT_ENOUGH_INFO,Cat2,UNSUPPORTED,ELIGIBLE,RETAIN_UNCHANGED,
214,What was the 2016 population of the county where the National Maritime College of Ireland is located?," It is situated on former Department of Defence land in Ringaskiddy, County Cork, and opened to students in 2004. The city council area also takes in Ballincollig In 2016, the county's population was 542,196, making it the third most populous county in Ireland.","The population of Cork County in 2016 was 541,700.",Cat6,UNSUPPORTED,PASS,PASS,CLEAR,CONTRADICTED,Cat6,PASS,PASS,CLEAR,CONTRADICTED,Cat6,A_B_AGREEMENT,,,,,,PASS,PASS,CLEAR,CONTRADICTED,Cat6,UNSUPPORTED,ELIGIBLE,RETAIN_UNCHANGED,
215,How does Mount Everest compare to K2 in elevation?,"Mount Everest is Earth's highest mountain above sea level, located in the Himalayas on the border between Nepal and China. K2, located in the Karakoram range, is the second-highest mountain in the world. Although K2 is considered more difficult to climb, Mount Everest has a higher elevation.",Mount Everest has a higher elevation than K2.,Cat5,SUPPORTED,PASS,PASS,CLEAR,ENTAILED,Cat5,PASS,PASS,CLEAR,ENTAILED,Cat5,A_B_AGREEMENT,,,,,,PASS,PASS,CLEAR,ENTAILED,Cat5,SUPPORTED,ELIGIBLE,RETAIN_UNCHANGED,
216," Which species, Cardwellia or Ochagavia, is native to South America?"," The species Cardwellia sublimis (northern silky oak) grows naturally only (endemic) in the rainforests of the wet tropics region of north eastern Queensland, Australia.Ochagavia is a genus of the botanical family Bromeliaceae, subfamily Bromelioideae. The genus is named for Sylvestris Ochagavia, Chilean minister of education. Endemic to southern and central Chile (including the Juan Fernández Islands), this genus is represented by four accepted species.",Silvestre Ochagavía Errázuriz was a member of the Academy of Philosophical Sciences of Chile.,Cat7,UNSUPPORTED,PASS,FAIL,CLEAR,NOT_ENOUGH_INFO,INVALID,PASS,FAIL,CLEAR,NOT_ENOUGH_INFO,INVALID,A_B_AGREEMENT,,,,,,PASS,FAIL,CLEAR,NOT_ENOUGH_INFO,INVALID,UNSUPPORTED,INVALID,REMOVE,ELIGIBILITY
217,Who owns green and black's organic chocolate?,"Green & Black's Green & Black's is a British chocolate company founded in 1991. The company produces a range of organic products, including: chocolate bars, ice cream, biscuits and hot chocolate, with its principal manufacturing sites in Canada, Poland, and Italy. It was bought by Cadbury in 2005, and later became part of Mondelēz International (formerly known as Kraft Foods). Green & Black's was founded in 1991 by the couple Craig Sams and Josephine Fairley, organic food pioneer and journalist respectively. The name was derived from a wordplay — ""Green"" standing for the environmental concerns of the founders, and ""Black""

are Fairtrade Certified. On 15 October 2012 Mondelēz Global LLC conducted voluntary U.S. recall of Green & Black’s organic peanut and sea salt milk chocolate bar due to possible health risk. Green & Black's Green & Black's is a British chocolate company founded in 1991. The company produces a range of organic products, including: chocolate bars, ice cream, biscuits and hot chocolate, with its principal manufacturing sites in Canada, Poland, and Italy. It was bought by Cadbury in 2005, and later became part of Mondelēz International (formerly known as Kraft Foods). Green & Black's was founded in 1991 by the

Grain, the following year. He and his brother Greg and their father Ken edited and published 'Seed, the Journal of Organic Living' 1971-1977. In 1970 Greg and Craig set up Harmony Foods, which eventually became known as Whole Earth Foods. In 1991, with his partner Josephine Fairley, he founded Green & Black's chocolate, which was sold to Cadbury in 2005. He continues to be involved with the company. He writes a monthly column in the organic products section of Natural Product News From 1990 until 2001 he was honorary treasurer of the Soil Association, the British organic food and farming",Green & Black's later became part of Nestlé.,Cat7,UNSUPPORTED,PASS,PASS,CLEAR,CONTRADICTED,Cat1,PASS,PASS,CLEAR,CONTRADICTED,Cat1,A_B_AGREEMENT,,,,,,PASS,PASS,CLEAR,CONTRADICTED,Cat1,UNSUPPORTED,ELIGIBLE,RELABEL,CATEGORY
218," Which species, Cardwellia or Ochagavia, is native to South America?"," The species Cardwellia sublimis (northern silky oak) grows naturally only (endemic) in the rainforests of the wet tropics region of north eastern Queensland, Australia.Ochagavia is a genus of the botanical family Bromeliaceae, subfamily Bromelioideae. The genus is named for Sylvestris Ochagavia, Chilean minister of education. Endemic to southern and central Chile (including the Juan Fernández Islands), this genus is represented by four accepted species.",Silvestre Ochagavía Errázuriz was a member of the Academy of Forestry Sciences of Chile.,Cat7,UNSUPPORTED,PASS,FAIL,CLEAR,NOT_ENOUGH_INFO,INVALID,PASS,FAIL,CLEAR,NOT_ENOUGH_INFO,INVALID,A_B_AGREEMENT,,,,,,PASS,FAIL,CLEAR,NOT_ENOUGH_INFO,INVALID,UNSUPPORTED,INVALID,REMOVE,ELIGIBILITY
219,Song at the end of who dat boy?,"accompanied music video was uploaded on June 29, 2017 on Tyler's official YouTube channel. The music video was directed by Tyler under the pseudonym Wolf Haley. The music video features visual allusions to the 2017 film ""Get Out"" and rapper Action Bronson's face being sewn onto Tyler's. It also features a snippet of the song ""911"" at the end of the track. Who Dat Boy ""Who Dat Boy"" is a song by American rapper Tyler, the Creator. It was released on June 30, 2017 alongside, ""911 / Mr. Lonely"" through Columbia Records, as the lead singles from his fourth studio

Who Dat Boy ""Who Dat Boy"" is a song by American rapper Tyler, the Creator. It was released on June 30, 2017 alongside, ""911 / Mr. Lonely"" through Columbia Records, as the lead singles from his fourth studio album ""Flower Boy"". The song features vocals from ASAP Rocky. Tyler, the Creator began a one-week countdown on Twitter and Instagram to promote and release the two dual-singles called ""Who Dat Boy"" and ""911 / Mr. Lonely"" on June 30, 2017. The single is Tyler, the Creator's highest charting single to date debuting at 87 on the ""Billboard"" Hot 100. The song

before the announced release date of July 21. After a one-week countdown on Twitter and Instagram, Tyler, the Creator released a music video, titled ""Who Dat Boy"", to his official YouTube channel on June 29, 2017. The album's lead single, ""Who Dat Boy"" / ""911"", containing two songs: ""Who Dat Boy"" and ""911 / Mr. Lonely"" was released on June 30, 2017. The single peaked at number 87 on the US ""Billboard"" Hot 100. The album's second single, ""Boredom"", was released on July 11, 2017. The album's third single, ""I Ain't Got Time!"", was released on July 19, 2017. The","The song featured at the end of ""Who Dat Boy"" is not ""Who Dat Boy"" itself.",Cat2,SUPPORTED,PASS,PASS,CLEAR,ENTAILED,Cat2,PASS,PASS,CLEAR,ENTAILED,Cat2,A_B_AGREEMENT,,,,,,PASS,PASS,CLEAR,ENTAILED,Cat2,SUPPORTED,ELIGIBLE,RETAIN_UNCHANGED,
220,Approximately what percentage of the global population is made up of the ethnic group Princess Fragrant was produced to improve relations with?," Its basis is the Fragrant Concubine, a Chinese legend about a Uighur girl from Kashgar who became a concubine of the Qianlong Emperor. The cartoon was produced to improve relations between the Han Chinese and the Uighurs. They constitute approximately 92% of the population of China, 95% of Taiwan (Han Taiwanese), 76% of Singapore, 23% of Malaysia and about 17% of the global population, making them the world's largest ethnic group with over 1.3 billion people.",17% is a percentage.,Cat6,SUPPORTED,PASS,FAIL,CLEAR,ENTAILED,INVALID,PASS,FAIL,CLEAR,ENTAILED,INVALID,A_B_AGREEMENT,,,,,,PASS,FAIL,CLEAR,ENTAILED,INVALID,SUPPORTED,INVALID,REMOVE,ELIGIBILITY
221,When was the British former professional boxer born who competed from 1971 to 1980 who had a bout with Jorge Victor Ahumada?,"Jorge Victor Ahumada (born 1946) is a former professional boxer. Notable fights include four bouts with Victor Galindez, (one of which was a world title challenge at the Madison Square Garden in New York, New York), a title bout with Bob Foster (Foster's last title defense) which ended in a draw, and a bout with John Conteh for the WBC Light Heavyweight Championship.John Anthony Conteh, {'1': "", '2': "", '3': "", '4': ""} (born 27 May 1951) is a British former professional boxer who competed from 1971 to 1980.",Jorge Victor Ahumada wasn't born in 1951.,Cat2,SUPPORTED,PASS,FAIL,CLEAR,ENTAILED,INVALID,PASS,FAIL,CLEAR,ENTAILED,INVALID,A_B_AGREEMENT,,,,,,PASS,FAIL,CLEAR,ENTAILED,INVALID,SUPPORTED,INVALID,REMOVE,ELIGIBILITY
222,The motorway reffered to as the Mid Wirral Motorway is located in a suburb known for which buildings?," Westminster is famous for its terraced houses and the Joseph Groome Towers, three thirteen-storey tower blocks built as public housing . It can also be referred to as the Mid Wirral Motorway.",The motorway referred to as the Mid Wirral Motorway is not located near any particular buildings.,Cat2,UNSUPPORTED,PASS,PASS,AMBIGUOUS,AMBIGUOUS,Cat2,PASS,PASS,AMBIGUOUS,NOT_ENOUGH_INFO,Cat2,THIRD_PERSON_ADJUDICATION,PASS,PASS,CLEAR,CONTRADICTED,Cat2,PASS,PASS,CLEAR,CONTRADICTED,Cat2,UNSUPPORTED,ELIGIBLE,RETAIN_UNCHANGED,
223,"The song ""Good Life"" recorded by G-Eazy and Kehlani appeared on the soundtrack for what  2017 action film directed by F. Gary Gray?","""Good Life"" is a song recorded by American rapper G-Eazy and American singer Kehlani, taken from the soundtrack of the 2017 action film ""The Fate of the Furious"" (2017).The Fate of the Furious (alternatively known as Fast & Furious 8 and Fast 8, and often stylized as F8) is a 2017 American action film directed by F. Gary Gray and written by Chris Morgan.",The Fate of the Furious grossed over $1.2 billion worldwide.,Cat6,UNSUPPORTED,PASS,FAIL,CLEAR,NOT_ENOUGH_INFO,INVALID,PASS,FAIL,CLEAR,NOT_ENOUGH_INFO,INVALID,A_B_AGREEMENT,,,,,,PASS,FAIL,CLEAR,NOT_ENOUGH_INFO,INVALID,UNSUPPORTED,INVALID,REMOVE,ELIGIBILITY
224,"What band from Savannah, Georgia did the singer singer John Dyer Bailey sing for?"," Artwork and design were by Baroness singer John Dyer Baizley.Baroness is an American heavy metal band from Savannah, Georgia whose original members grew up together in Lexington, Virginia.",Baroness was formed in 2003.,Cat4,UNSUPPORTED,PASS,FAIL,CLEAR,NOT_ENOUGH_INFO,INVALID,PASS,FAIL,CLEAR,NOT_ENOUGH_INFO,INVALID,A_B_AGREEMENT,,,,,,PASS,FAIL,CLEAR,NOT_ENOUGH_INFO,INVALID,UNSUPPORTED,INVALID,REMOVE,ELIGIBILITY
225,"Which form of plant is only found in Australia, Hakea or Blechnum?"," By far the greatest species diversity is in tropical regions of the Southern Hemisphere, with only a few species reaching cool temperate latitudes in the Southern Hemisphere (notably ""B. penna-marina"", south to Cape Horn, Chile, the southernmost fern in the world) and Northern Hemisphere (notably ""B. spicant"", north to Iceland and northern Norway).Hakea (pincushion tree) is a genus of 149 species of shrubs and small trees in the Proteaceae, native to Australia.",Hakea species are found in many diverse habitats.,Cat3,UNSUPPORTED,PASS,FAIL,CLEAR,NOT_ENOUGH_INFO,INVALID,PASS,FAIL,CLEAR,NOT_ENOUGH_INFO,INVALID,A_B_AGREEMENT,,,,,,PASS,FAIL,CLEAR,NOT_ENOUGH_INFO,INVALID,UNSUPPORTED,INVALID,REMOVE,ELIGIBILITY
226,"What railroad company acquired the Johnsonburg, Kane, Warren and Irvine Railroad?"," The JKWI was the designated operator of the Irvine, Warren, Kane & Johnsonburg Railroad, that was a partnership of Brock Railroad (a wholly owned subsidiary of Warren Car Company), Irvine Railroad (a wholly owned subsidiary of National Forge Company) and Struthers Wells Inter-American Corporation (a subsidiary of Struthers Wells), all three being Pennsylvania corporations, and had acquired from Conrail the following railroad line segments: MP 58.52 to MP 66.7 (Irvine to Warren) and MP 92.5 to MP 111.0 (Kane to Johnsonburg).Conrail, the Consolidated Rail Corporation, (reporting mark CR) , was the primary Class I railroad in the Northeastern United States between 1976 and 1999, when its routes were split between the CSX Corporation and Norfolk Southern Railway.","The Johnsonburg, Kane, Warren and Irvine Railroad did not acquire its rail line segments from Norfolk Southern Railway.",Cat2,SUPPORTED,PASS,PASS,CLEAR,ENTAILED,Cat2,PASS,PASS,CLEAR,ENTAILED,Cat2,A_B_AGREEMENT,,,,,,PASS,PASS,CLEAR,ENTAILED,Cat2,SUPPORTED,ELIGIBLE,RETAIN_UNCHANGED,
227,Norbert Holm was arrested and later demoted because of his Chief of Operations association with a military theorist popularly known as what?,"Norbert Holm (16 December 1895 – 3 June 1962) was a general in the Wehrmacht of Nazi Germany during World War II. Following the 20 July plot, on 16 September 1944, Norbert Holm was arrested and later demoted because of his Chief of Operations association with Field Marsal Erwin Rommel.Erwin Rommel (15 November 1891 – 14 October 1944) was a German general and military theorist. Popularly known as the Desert Fox, he served as field marshal in the Wehrmacht of Nazi Germany during World War II.",Norbert Holm was demoted because of Norbert Holm's Chief of Operations association with a military strategist.,Cat7,SUPPORTED,PASS,FAIL,CLEAR,ENTAILED,INVALID,FAIL,FAIL,AMBIGUOUS,ENTAILED,INVALID,THIRD_PERSON_ADJUDICATION,PASS,FAIL,CLEAR,ENTAILED,INVALID,PASS,FAIL,CLEAR,ENTAILED,INVALID,SUPPORTED,INVALID,REMOVE,ELIGIBILITY
228,"Björn Ulvaeus was a part of a Swedish pop group, formed in Stockholm in 1972, as well as co-producer on the film ""Mamma Mia!"" with who?","ABBA (] ) were a Swedish pop group, formed in Stockholm in 1972 by members Agnetha Fältskog, Björn Ulvaeus, Benny Andersson, and Anni-Frid Lyngstad.Björn Kristian Ulvaeus (] ) (born 25 April 1945; credited as Björn Ulvæus) is a Swedish songwriter, producer, a former member of the Swedish musical group ABBA (1972–1982), and co-composer of the musicals ""Chess"", ""Kristina från Duvemåla"", and ""Mamma Mia! He co-produced the film ""Mamma Mia!"" with fellow ABBA member and close friend Benny Andersson.",Benny Andersson co-wrote many of ABBA's hits with Björn Ulvaeus.,Cat3,SUPPORTED,PASS,FAIL,CLEAR,NOT_ENOUGH_INFO,INVALID,PASS,FAIL,CLEAR,NOT_ENOUGH_INFO,INVALID,A_B_AGREEMENT,,,,,,PASS,FAIL,CLEAR,NOT_ENOUGH_INFO,INVALID,UNSUPPORTED,INVALID,REMOVE,ELIGIBILITY
229,"The republic with the smallest population of all the members of the Council of Europe is one of few places in Europe where a species of beetle cannot be found, that wew originally described in 1809 by whom?"," It was described by Panzer in 1809 and can be found everywhere in Europe except for Albania, Andorra, Monaco, Portugal, San Marino, Vatican City and various European islands. San Marino has the smallest population of all the members of the Council of Europe.",The beetle described by Charles Darwin cannot be found in San Marino.,Cat2,UNSUPPORTED,FAIL,PASS,CLEAR,CONTRADICTED,INVALID,PASS,PASS,CLEAR,CONTRADICTED,Cat1,THIRD_PERSON_ADJUDICATION,PASS,PASS,CLEAR,CONTRADICTED,Cat1,PASS,PASS,CLEAR,CONTRADICTED,Cat1,UNSUPPORTED,ELIGIBLE,RELABEL,CATEGORY
230,Axle Whitehead was a part of an American comedy-drama television series that is a remake of the British series with the same name set in what city?," In 2015, Whitehead began playing the role of Davis, a musician, in the critically acclaimed Showtime series, ""Shameless"".Shameless is an American comedy-drama television series which airs on Showtime. It is the remake of the British series of the same name. Set in Chicago, the series is filmed in Los Angeles, with the exterior scenes shot in Chicago.",Axle Whitehead was a part of an American comedy-drama television series.,Cat1,SUPPORTED,PASS,FAIL,CLEAR,ENTAILED,INVALID,PASS,FAIL,CLEAR,ENTAILED,INVALID,A_B_AGREEMENT,,,,,,PASS,FAIL,CLEAR,ENTAILED,INVALID,SUPPORTED,INVALID,REMOVE,ELIGIBILITY
231,Where have Pradhan Mantri Jan-Dhan Yojana and Narendra Damodardas Modi served in politics?,"Pradhan Mantri Jan-Dhan Yojana(P.M.J.D.Y), Prime Minister's People Money Scheme is India's National Mission for Financial Inclusion to ensure access to financial services, namely Banking Savings & Deposit Accounts, Remittance, Credit, Insurance, Pension in an affordable manner.Narendra Damodardas Modi (] , born 17 September 1950) is an Indian politician who is the 14th and current Prime Minister of India, in office since May 2014.",Narendra Damodardas Modi has only been involved in Indian politics.,Cat3,UNSUPPORTED,PASS,PASS,CLEAR,NOT_ENOUGH_INFO,Cat3,PASS,PASS,CLEAR,ENTAILED,Cat3,THIRD_PERSON_ADJUDICATION,PASS,PASS,CLEAR,ENTAILED,Cat3,PASS,PASS,CLEAR,ENTAILED,Cat3,SUPPORTED,ELIGIBLE,RELABEL,SUPPORT
232,How long was the Underdog show presented by an English comedian Julian Clary?,"The Underdog Show was a six-week television series presented by Julian Clary and his dog, Valerie.Julian Peter McDonald Clary (born 25 May 1959) is an English comedian and novelist.",Julian Clary presented the Underdog Show for five weeks.,Cat6,UNSUPPORTED,PASS,PASS,CLEAR,CONTRADICTED,Cat4,PASS,PASS,CLEAR,CONTRADICTED,Cat6,THIRD_PERSON_ADJUDICATION,PASS,PASS,CLEAR,CONTRADICTED,Cat6,PASS,PASS,CLEAR,CONTRADICTED,Cat6,UNSUPPORTED,ELIGIBLE,RETAIN_UNCHANGED,
233,What connects Reinhard Heydrich and Erich Raeder?," He was sentenced to life in prison at the Nuremberg Trials, but was released early due to failing health. Raeder is also well known for dismissing Reinhard Heydrich from the Reichsmarine in April 1931 for ""conduct unbecoming to an officer and a gentleman"". He was an SS-""Obergruppenführer und General der Polizei"" (Senior Group Leader and General of Police) as well as chief of the Reich Main Security Office (including the Gestapo, Kripo, and SD). Heydrich served as president of the International Criminal Police Commission (ICPC; later known as Interpol) and chaired the January 1942 Wannsee Conference, which formalised plans for the Final Solution to the Jewish Question—the deportation and genocide of all Jews in German-occupied Europe.",The Weimar Republic period was from 1919 to 1935.,Cat4,UNSUPPORTED,PASS,FAIL,CLEAR,NOT_ENOUGH_INFO,INVALID,PASS,FAIL,CLEAR,NOT_ENOUGH_INFO,INVALID,A_B_AGREEMENT,,,,,,PASS,FAIL,CLEAR,NOT_ENOUGH_INFO,INVALID,UNSUPPORTED,INVALID,REMOVE,ELIGIBILITY
234,"Die Hard 2 co-starred the actor who played James Evans, Sr. on what CBS series?"," The film co-stars Bonnie Bedelia (reprising her role as Holly McClane), William Sadler, Art Evans, William Atherton (reprising his role as Richard ""Dick"" Thornburg), Franco Nero, Dennis Franz, Fred Thompson, John Amos and Reginald VelJohnson, returning briefly in his role as Sgt. Al Powell from the first film.John Allen Amos Jr. (born December 27, 1939) is an American actor who is best known for his role as James Evans, Sr. on the CBS television series ""Good Times"" (1974–76).",The Evans children are Michael.,Cat1,UNSUPPORTED,PASS,FAIL,CLEAR,NOT_ENOUGH_INFO,INVALID,FAIL,FAIL,CLEAR,NOT_ENOUGH_INFO,INVALID,THIRD_PERSON_ADJUDICATION,PASS,FAIL,CLEAR,NOT_ENOUGH_INFO,INVALID,PASS,FAIL,CLEAR,NOT_ENOUGH_INFO,INVALID,UNSUPPORTED,INVALID,REMOVE,ELIGIBILITY
235,Ted Sutton plays Sergeant Cunningham in a2002 film that stars Mel Gibson as what character?," He is best known for playing Sergeant Cunningham in M. Night Shyamalan's 2002 film ""Signs"". Its story focuses on a former Episcopal priest named Graham Hess, played by Mel Gibson, who discovers a series of crop circles in his cornfield.",The 2002 film stars Mel Gibson as a farmer.,Cat4,SUPPORTED,PASS,PASS,CLEAR,NOT_ENOUGH_INFO,Cat1,PASS,PASS,CLEAR,CONTRADICTED,Cat1,THIRD_PERSON_ADJUDICATION,PASS,PASS,CLEAR,CONTRADICTED,Cat1,PASS,PASS,CLEAR,CONTRADICTED,Cat1,UNSUPPORTED,ELIGIBLE,RELABEL,CATEGORY;SUPPORT
236,"Which private, nonsectarian institution has a famous artist featured in major museum solo shows?"," Swoon has since been featured in major museums including a 2014 solo show, ""Submerged Motherlands"", at the Brooklyn Museum.Pratt Institute is a private, nonsectarian, non-profit institution of higher learning located in the Clinton Hill neighborhood of Brooklyn, New York, United States, with a satellite campus located at 14th Street in Manhattan and an extension campus in Utica, New York (Pratt MWP).",Pratt Institute was founded by Charles Pratt.,Cat7,UNSUPPORTED,PASS,PASS,CLEAR,NOT_ENOUGH_INFO,Cat1,PASS,FAIL,CLEAR,NOT_ENOUGH_INFO,INVALID,THIRD_PERSON_ADJUDICATION,PASS,FAIL,CLEAR,NOT_ENOUGH_INFO,Cat1,PASS,FAIL,CLEAR,NOT_ENOUGH_INFO,INVALID,UNSUPPORTED,INVALID,REMOVE,ELIGIBILITY
237,What year was the final Wilco album for which Ken Coomer was with band completed?,"Ken Coomer was the last drummer for the band Uncle Tupelo as well as the drummer for Chicago-based band Wilco until ""Yankee Hotel Foxtrot"". The album was completed in 2001, but Reprise Records, a Warner Music Group label, refused to release it.",Ken Coomer left Wilco in 2001.,Cat4,SUPPORTED,PASS,PASS,CLEAR,NOT_ENOUGH_INFO,Cat4,PASS,FAIL,CLEAR,NOT_ENOUGH_INFO,INVALID,THIRD_PERSON_ADJUDICATION,PASS,FAIL,CLEAR,NOT_ENOUGH_INFO,Cat4,PASS,FAIL,CLEAR,NOT_ENOUGH_INFO,Cat4,UNSUPPORTED,ELIGIBLE,RELABEL,SUPPORT
238,Song at the end of who dat boy?,"accompanied music video was uploaded on June 29, 2017 on Tyler's official YouTube channel. The music video was directed by Tyler under the pseudonym Wolf Haley. The music video features visual allusions to the 2017 film ""Get Out"" and rapper Action Bronson's face being sewn onto Tyler's. It also features a snippet of the song ""911"" at the end of the track. Who Dat Boy ""Who Dat Boy"" is a song by American rapper Tyler, the Creator. It was released on June 30, 2017 alongside, ""911 / Mr. Lonely"" through Columbia Records, as the lead singles from his fourth studio

Who Dat Boy ""Who Dat Boy"" is a song by American rapper Tyler, the Creator. It was released on June 30, 2017 alongside, ""911 / Mr. Lonely"" through Columbia Records, as the lead singles from his fourth studio album ""Flower Boy"". The song features vocals from ASAP Rocky. Tyler, the Creator began a one-week countdown on Twitter and Instagram to promote and release the two dual-singles called ""Who Dat Boy"" and ""911 / Mr. Lonely"" on June 30, 2017. The single is Tyler, the Creator's highest charting single to date debuting at 87 on the ""Billboard"" Hot 100. The song

before the announced release date of July 21. After a one-week countdown on Twitter and Instagram, Tyler, the Creator released a music video, titled ""Who Dat Boy"", to his official YouTube channel on June 29, 2017. The album's lead single, ""Who Dat Boy"" / ""911"", containing two songs: ""Who Dat Boy"" and ""911 / Mr. Lonely"" was released on June 30, 2017. The single peaked at number 87 on the US ""Billboard"" Hot 100. The album's second single, ""Boredom"", was released on July 11, 2017. The album's third single, ""I Ain't Got Time!"", was released on July 19, 2017. The","""911/Mr. Lonely"" was released as a lead single from Tyler, the Creator's fourth studio album Flower Boy.",Cat6,SUPPORTED,PASS,FAIL,CLEAR,ENTAILED,INVALID,PASS,FAIL,CLEAR,ENTAILED,INVALID,A_B_AGREEMENT,,,,,,PASS,FAIL,CLEAR,ENTAILED,INVALID,SUPPORTED,INVALID,REMOVE,ELIGIBILITY
239,Who developed the game with whom the man who created the C programming language was incorrectly cited as a co-author?," (Dennis Ritchie is sometimes incorrectly cited as a co-author, but was not involved.) The game was developed at Bell Labs, and played on an IBM 7090 mainframe there. He created the C programming language and, with long-time colleague Ken Thompson, the Unix operating system.",The man created the C programming language.,Cat1,SUPPORTED,PASS,PASS,CLEAR,ENTAILED,Cat1,PASS,FAIL,CLEAR,ENTAILED,INVALID,THIRD_PERSON_ADJUDICATION,PASS,FAIL,CLEAR,ENTAILED,Cat1,PASS,FAIL,CLEAR,ENTAILED,INVALID,SUPPORTED,INVALID,REMOVE,ELIGIBILITY
240,Was We Are Scientists or Needtobreathe formed further west?,"Needtobreathe (stylized as NEEDTOBREATHE) is an American Christian rock band from Seneca, South Carolina, United States. The band is composed of Bear Rinehart (lead vocals, guitar, piano), Bo Rinehart (backing vocals, guitar), Seth Bolt (backing vocals, bass) and Josh Lovelace (backing vocals, keys). It consists of guitarist and vocalist Keith Murray and bass guitarist Chris Cain.","Needtobreathe's fifth album, Rivers in the Wasteland, was released in 2014.",Cat4,UNSUPPORTED,PASS,FAIL,CLEAR,NOT_ENOUGH_INFO,INVALID,PASS,FAIL,CLEAR,NOT_ENOUGH_INFO,INVALID,A_B_AGREEMENT,,,,,,PASS,FAIL,CLEAR,NOT_ENOUGH_INFO,INVALID,UNSUPPORTED,INVALID,REMOVE,ELIGIBILITY
241," Which species, Cardwellia or Ochagavia, is native to South America?"," The species Cardwellia sublimis (northern silky oak) grows naturally only (endemic) in the rainforests of the wet tropics region of north eastern Queensland, Australia.Ochagavia is a genus of the botanical family Bromeliaceae, subfamily Bromelioideae. The genus is named for Sylvestris Ochagavia, Chilean minister of education. Endemic to southern and central Chile (including the Juan Fernández Islands), this genus is represented by four accepted species.",Silvestre Ochagavía Errázuriz was a member of the Academy of Conservation Sciences of Chile.,Cat7,UNSUPPORTED,PASS,FAIL,CLEAR,NOT_ENOUGH_INFO,INVALID,PASS,FAIL,CLEAR,NOT_ENOUGH_INFO,INVALID,A_B_AGREEMENT,,,,,,PASS,FAIL,CLEAR,NOT_ENOUGH_INFO,INVALID,UNSUPPORTED,INVALID,REMOVE,ELIGIBILITY
242,"Always Watching: A Marble Hornets Story is a 2015 American supernatural horror film directed by James Moran, stars include which American actor, best known for starring in the leading role of Brian Finch in the CBS television comedy-drama, ""Limitless,"" from September 2015 to April 2016?","Always Watching: A Marble Hornets Story is a 2015 American supernatural horror film directed by James Moran and starring Alexandra Breckenridge, Chris Marquette, Jake McDorman and Doug Jones.John Allen ""Jake"" McDorman IV (born July 8, 1986) is an American actor, best known for starring in the leading role of Brian Finch in the CBS television comedy-drama, ""Limitless,"" from September 2015 to April 2016.",Jake McDorman is a person.,Cat1,SUPPORTED,PASS,FAIL,CLEAR,ENTAILED,INVALID,PASS,FAIL,CLEAR,ENTAILED,INVALID,A_B_AGREEMENT,,,,,,PASS,FAIL,CLEAR,ENTAILED,INVALID,SUPPORTED,INVALID,REMOVE,ELIGIBILITY
243,Arthur bell as an amateur cricketer player for what league known for employing professional players.," An architect by trade, Bell also played as an amateur cricketer for Burnley Cricket Club for 20 years, during which time he won five Lancashire League championships. Its real importance is probably due to the history of employing professional players of international standing to play in the League.",The Lancashire League has featured many famous cricketers from around the world.,Cat3,SUPPORTED,PASS,PASS,CLEAR,ENTAILED,Cat1,PASS,PASS,CLEAR,ENTAILED,Cat1,A_B_AGREEMENT,,,,,,PASS,PASS,CLEAR,ENTAILED,Cat1,SUPPORTED,ELIGIBLE,RELABEL,CATEGORY
244,Statistician Walter Francis Willcox received three degrees from a local college in Massachusetts. Which college?," He was graduated from Phillips Academy, Andover, in 1880, from Amherst College in 1884 with an A.B., and in 1888 received an A.M. degree from Amherst College. In 1906 he received an honorary LL.D. degree from Amherst College.Amherst College ( ) is a private liberal arts college located in Amherst, Massachusetts, United States.","The Five College Consortium includes Amherst College, Hampshire College, Mount Holyoke College, Smith College, and the University of Massachusetts Amherst.",Cat6,UNSUPPORTED,FAIL,FAIL,CLEAR,NOT_ENOUGH_INFO,INVALID,PASS,FAIL,CLEAR,NOT_ENOUGH_INFO,INVALID,THIRD_PERSON_ADJUDICATION,PASS,FAIL,CLEAR,NOT_ENOUGH_INFO,INVALID,PASS,FAIL,CLEAR,NOT_ENOUGH_INFO,INVALID,UNSUPPORTED,INVALID,REMOVE,ELIGIBILITY
245,"George Palmer Putnam, was an American publisher, author and explorer, known for his marriage to who, which American aviation pioneer and author, and was the first female aviator to fly solo across the Atlantic Ocean?"," Known for his marriage to (and being the widower of) Amelia Earhart, he had also achieved fame as one of the most successful promoters in the United States during the 1930s.Amelia Mary Earhart ( , born July 24, 1897; disappeared July 2, 1937) was an American aviation pioneer and author.",George Palmer Putnam married Kathleen Levy.,Cat7,UNSUPPORTED,PASS,PASS,CLEAR,CONTRADICTED,Cat1,PASS,PASS,CLEAR,CONTRADICTED,Cat1,A_B_AGREEMENT,,,,,,PASS,PASS,CLEAR,CONTRADICTED,Cat1,UNSUPPORTED,ELIGIBLE,RELABEL,CATEGORY
246,"What movie was released 64 years after the original film, which includes Thumper, a fictional rabbit character from Disney?","Thumper is a fictional rabbit character from Disney's animated films ""Bambi"" and ""Bambi II"".Bambi II, also known as Bambi and the Great Prince of the Forest, is a 2006 American animated drama film directed by Brian Pimental and produced by DisneyToon Studios, that initially premiered in theaters in Argentina on January 26, 2006, before being released as a direct-to-video title in the United States on February 7, 2006. It holds the world record for the longest span of time between two consecutive installments of a franchise, being released 64 years after the original film came out in 1942.",Bambi II features the voice of Patrick Stewart as the Great Prince.,Cat1,UNSUPPORTED,PASS,FAIL,CLEAR,NOT_ENOUGH_INFO,INVALID,PASS,FAIL,CLEAR,NOT_ENOUGH_INFO,INVALID,A_B_AGREEMENT,,,,,,PASS,FAIL,CLEAR,NOT_ENOUGH_INFO,INVALID,UNSUPPORTED,INVALID,REMOVE,ELIGIBILITY
247,What ranking is based on team performance over 4 years and of which one Australia team is ranked 25th?,The Australian women's national ice hockey team represents Australia at the International Ice Hockey Federation's IIHF World Women's Championships. Australia is ranked 25th out of 34 countries in the IIHF World Ranking.The IIHF World Ranking is a ranking of the performance of the national ice hockey teams of member countries of the International Ice Hockey Federation (IIHF). It is based on a formula giving points for each team's placings at IIHF-sanctioned tournaments over the previous four years.,Australia is ranked 25th in the International Ice Hockey Federation (IIHF) Ranking.,Cat5,SUPPORTED,PASS,PASS,CLEAR,ENTAILED,Cat5,PASS,PASS,CLEAR,ENTAILED,Cat5,A_B_AGREEMENT,,,,,,PASS,PASS,CLEAR,ENTAILED,Cat5,SUPPORTED,ELIGIBLE,RETAIN_UNCHANGED,
248,"KXI75 is an older NOAA Weather Radio station that serves parts of the north Georgia mountains with 300 watts on 162.475 MHz from a location near Blue Ridge, Georgia, it is now simulcast on newer station KXI22 located atop the highest point in the U.S. state of Georgia, near Young Harris is called?"," It is now simulcast on newer station KXI22 located atop Brasstown Bald near Young Harris, Georgia, and the two cover much of the Blue Ridge Mountains in the far north-central part of the state.Brasstown Bald is the highest point in the U.S. state of Georgia.",Brasstown Bald offers panoramic views of four states.,Cat6,UNSUPPORTED,PASS,FAIL,CLEAR,NOT_ENOUGH_INFO,INVALID,PASS,FAIL,CLEAR,NOT_ENOUGH_INFO,INVALID,A_B_AGREEMENT,,,,,,PASS,FAIL,CLEAR,NOT_ENOUGH_INFO,INVALID,UNSUPPORTED,INVALID,REMOVE,ELIGIBILITY
249,"Formerly titled the Collegiate Church of St Peter at Westminster, of which church was John Fecknam the last abbot?","John Feckenham (c. 1515 – October, 1584), also known as John Howman of Feckingham and later John de Feckenham or John Fecknam, was an English churchman, the last abbot of Westminster.Westminster Abbey, formally titled the Collegiate Church of St Peter at Westminster, is a large, mainly Gothic abbey church in the City of Westminster, London, just to the west of the Palace of Westminster.",St. Paul's Cathedral is the seat of the Bishop of London.,Cat1,UNSUPPORTED,PASS,FAIL,CLEAR,NOT_ENOUGH_INFO,INVALID,PASS,FAIL,CLEAR,NOT_ENOUGH_INFO,INVALID,A_B_AGREEMENT,,,,,,PASS,FAIL,CLEAR,NOT_ENOUGH_INFO,INVALID,UNSUPPORTED,INVALID,REMOVE,ELIGIBILITY
250,Who produced the ten commandments of computer ethics?,"Ten Commandments of Computer Ethics The Ten Commandments of Computer Ethics were created in 1992 by the Computer Ethics Institute. The commandments were introduced in the paper ""In Pursuit of a 'Ten Commandments' for Computer Ethics"" by Ramon C. Barquin as a means to create ""a set of standards to guide and instruct people in the ethical use of computers."" They follow the Internet Advisory Board's memo on ethics from 1987. The Ten Commandments of Computer Ethics copies the archaic style of the Ten Commandments from the King James Bible. The commandments have been widely quoted in computer ethics literature

but also have been criticized by both the hacker community and some in academia. For instance, Dr. Ben Fairweather of the ""Centre for Computing and Social Responsibility"" has described them as ""simplistic"" and overly restrictive. ISC2, one of the thought leaders in the information security industry, has referred to the commandments in developing its own ethics rules. Ten Commandments of Computer Ethics The Ten Commandments of Computer Ethics were created in 1992 by the Computer Ethics Institute. The commandments were introduced in the paper ""In Pursuit of a 'Ten Commandments' for Computer Ethics"" by Ramon C. Barquin as a means

Computer ethics Computer ethics is a part of practical philosophy concerned with how computing professionals should make decisions regarding professional and social conduct. Margaret Anne Pierce, a professor in the Department of Mathematics and Computers at Georgia Southern University has categorized the ethical decisions related to computer technology and usage into three primary influences: The term computer ethics was first coined by Walter Maner, a professor at Bowling Green State University. The conceptual foundations of computer ethics are investigated by information ethics, a branch of philosophical ethics promoted, among others, by Luciano Floridi. The concept of computer ethics originated in",The Internet Advisory Board was based off the modern English Bible's Ten Commandments.,Cat1,UNSUPPORTED,PASS,FAIL,CLEAR,NOT_ENOUGH_INFO,INVALID,PASS,FAIL,CLEAR,NOT_ENOUGH_INFO,INVALID,A_B_AGREEMENT,,,,,,PASS,FAIL,CLEAR,NOT_ENOUGH_INFO,INVALID,UNSUPPORTED,INVALID,REMOVE,ELIGIBILITY
251,"Hong Kong Human Rights and Democracy Act is proposed by Chris Smith, who is the chairman of Congressional-Executive Commission on China, Christopher Henry Smith (born March 4, 1953) is the U.S. Representative for New Jersey 's 4 congressional district , serving since which year?","Hong Kong Human Rights and Democracy Act is proposed by Chris Smith, who is the chairman of Congressional-Executive Commission on China, and Marco Rubio, the co-chairman of the Congressional-Executive Commission on China.Christopher Henry Smith (born March 4, 1953) is the U.S. Representative for New Jersey 's 4 congressional district , serving since 1981.","Christopher Henry Smith was born on March 4, 1953.",Cat4,SUPPORTED,PASS,FAIL,CLEAR,ENTAILED,INVALID,PASS,FAIL,CLEAR,ENTAILED,INVALID,A_B_AGREEMENT,,,,,,PASS,FAIL,CLEAR,ENTAILED,INVALID,SUPPORTED,INVALID,REMOVE,ELIGIBILITY
252,How long was the rule of the dynasty that was active when the Rosetta Stone was inscribed?,"The Rosetta Stone is a granodiorite stele, found in 1799, inscribed with three versions of a decree issued at Memphis, Egypt in 196 BC during the Ptolemaic dynasty on behalf of King Ptolemy V.The Ptolemaic dynasty (Ancient Greek: Πτολεμαῖοι , ""Ptolemaioi""), sometimes also known as the Lagids or Lagidae (Ancient Greek: Λαγίδαι , ""Lagidai"", after Lagus, Ptolemy I's father), was a Macedonian Greek royal family, which ruled the Ptolemaic Kingdom in Egypt during the Hellenistic period. Their rule lasted for 275 years, from 305 to 30 BC.",The rule of the dynasty was 276 years.,Cat6,UNSUPPORTED,PASS,PASS,CLEAR,CONTRADICTED,Cat4,PASS,PASS,CLEAR,CONTRADICTED,Cat6,THIRD_PERSON_ADJUDICATION,PASS,PASS,CLEAR,CONTRADICTED,Cat4,PASS,PASS,CLEAR,CONTRADICTED,Cat4,UNSUPPORTED,ELIGIBLE,RELABEL,CATEGORY
253,"King of Queens is the debut studio album by Nigerian singer Yemi Alade, it features guest appearances and skits from which Ghanaian hip hop and hiplife duo from Tema made up of Faisal Hakeem ""(Paedae da Pralem/Omar Sterling)"", and Rashid Mugeez ""(Mugeez)""?"," It features guest appearances and skits from Bovi, R2Bees, Phyno, Chidinma, DIL, Selebobo and Diamond Platnumz.R2Bees is a Ghanaian hip hop and hiplife duo from Tema made up of Faisal Hakeem ""(Paedae da Pralem/Omar Sterling)"" and Rashid Mugeez ""(Mugeez)"".",R2Bees won the Best Group award at the 2013 Ghana Music Awards.,Cat4,UNSUPPORTED,PASS,PASS,CLEAR,NOT_ENOUGH_INFO,Cat1,PASS,FAIL,CLEAR,NOT_ENOUGH_INFO,INVALID,THIRD_PERSON_ADJUDICATION,PASS,FAIL,CLEAR,NOT_ENOUGH_INFO,Cat1,PASS,FAIL,CLEAR,NOT_ENOUGH_INFO,INVALID,UNSUPPORTED,INVALID,REMOVE,ELIGIBILITY
254,"When did the romantic drama based on a 2010 Julie Maroh compete against ""Venus in Fur"" for Best Film?","The 19th Lumières Awards ceremony, presented by the Académie des Lumières, was held on 20 January 2014, at the Espace Pierre Cardin in Paris.Blue Is the Warmest Colour"" won four awards including Best Film. Other winners included ""Me, Myself and Mum"", ""The French Minister"", ""Venus in Fur"", ""Grand Central"", ""Horses of God"" and ""The Young and Prodigious T.S. Spivet"". The premise of ""Blue Is the Warmest Colour"" is based on the 2010 French graphic novel of the same name by Julie Maroh, which was published in North America in 2013.","The romantic drama was not in competition with ""Venus in Fur"".",Cat2,UNSUPPORTED,PASS,PASS,CLEAR,NOT_ENOUGH_INFO,Cat2,PASS,PASS,AMBIGUOUS,NOT_ENOUGH_INFO,Cat2,THIRD_PERSON_ADJUDICATION,PASS,PASS,AMBIGUOUS,NOT_ENOUGH_INFO,Cat2,PASS,PASS,AMBIGUOUS,NOT_ENOUGH_INFO,Cat2,UNSUPPORTED,ELIGIBLE,RETAIN_UNCHANGED,
255,Ray Winstone appeared in what 2005 French-British computer-animated adventure fantasy that was based on a TV series?," He has appeared in films such as ""Cold Mountain"", ""Nil By Mouth"", ""King Arthur"", ""The Magic Roundabout"", ""The Departed"", ""Beowulf"", ""Indiana Jones and the Kingdom of the Crystal Skull"", ""Edge of Darkness"", ""The Sweeney"" and ""Noah"".The Magic Roundabout (released in France as Pollux - Le manège enchanté and redubbed in the United States as Doogal or The Lord of the Springs) is a 2005 French-British computer-animated adventure fantasy film based on the television series ""The Magic Roundabout"".",Ray Winstone did not appear in that film.,Cat2,UNSUPPORTED,PASS,PASS,CLEAR,CONTRADICTED,Cat2,PASS,PASS,CLEAR,CONTRADICTED,Cat2,A_B_AGREEMENT,,,,,,PASS,PASS,CLEAR,CONTRADICTED,Cat2,UNSUPPORTED,ELIGIBLE,RETAIN_UNCHANGED,
256,What film directed by Peter Hyams was one of Jean-Claude Van Damme's most successful?," The most successful of these films include ""Bloodsport"" (1988), ""Kickboxer"" (1989), ""Lionheart"" (1990), ""Double Impact"" (1991), ""Universal Soldier"" (1992), ""Hard Target"" (1993), ""Street Fighter"" (1994), ""Timecop"" (1994), ""Sudden Death"" (1995), ""JCVD"" (2008) and ""The Expendables 2"" (2012).Sudden Death is a 1995 American action film directed by Peter Hyams, and starring Jean-Claude Van Damme, Powers Boothe, and Dorian Harewood.",The most successful film directed by Peter Hyams starred Jean-Claude Van Damme.,Cat5,UNSUPPORTED,PASS,FAIL,CLEAR,NOT_ENOUGH_INFO,INVALID,FAIL,FAIL,AMBIGUOUS,NOT_ENOUGH_INFO,INVALID,THIRD_PERSON_ADJUDICATION,PASS,FAIL,AMBIGUOUS,NOT_ENOUGH_INFO,INVALID,PASS,FAIL,AMBIGUOUS,NOT_ENOUGH_INFO,INVALID,UNSUPPORTED,INVALID,REMOVE,ELIGIBILITY
257,Where does the term cupboard love come from?,"love. The term """"cupboard-lover"""" refers to someone who will only profess their love, or act endearingly for the sake of gain from another person. Cupboard love Cupboard love is a popular learning theory of the 1950s and 1960s based on the research of Sigmund Freud, Anna Freud, Melanie Klein and Mary Ainsworth. Rooted in psychoanalysis, the theory speculates that attachment develops in the early stages of infancy. This process involves the mother satisfying her infant's instinctual needs, exclusively. Cupboard love theorists conclude that during infancy, our primary drive is food which leads to a secondary drive for attachment. Sigmund Freud,

that an infant will demonstrate characteristics perceived as affection and love towards the mother in order to be fed. Cupboard love is not to be confused with the term refrigerator mother. The refrigerator mother theory claimed that autism is caused by lack of maternal affection. This theory has been dumped by the current research on autism. The term """"cupboard love"""" is a British idiom, used most commonly in the United Kingdom and Australia. It describes the selfish, greedy or insincere affection displayed towards another person in order to get what they want. Pets are most frequently described as demonstrating cupboard

Cupboard love Cupboard love is a popular learning theory of the 1950s and 1960s based on the research of Sigmund Freud, Anna Freud, Melanie Klein and Mary Ainsworth. Rooted in psychoanalysis, the theory speculates that attachment develops in the early stages of infancy. This process involves the mother satisfying her infant's instinctual needs, exclusively. Cupboard love theorists conclude that during infancy, our primary drive is food which leads to a secondary drive for attachment. Sigmund Freud, founder of psychoanalysis, was the first to suggest that attachment is a result of the mother fulfilling her infant's physiological needs. Eventually, the infant","According to cupboard love theorists, food is a more primary drive than attachment during infancy.",Cat5,UNSUPPORTED,PASS,PASS,CLEAR,ENTAILED,Cat5,PASS,FAIL,CLEAR,ENTAILED,INVALID,THIRD_PERSON_ADJUDICATION,PASS,FAIL,CLEAR,ENTAILED,Cat5,PASS,FAIL,CLEAR,ENTAILED,Cat5,SUPPORTED,ELIGIBLE,RELABEL,SUPPORT
258,"The SS-owned company that funded a Nazi association to raise the birth rate of ""Aryan"" children was created to market a reflector invented by which employee of Hitler?","Anton Loibl GmbH was a company owned by the SS which was a funding source for the Ahnenerbe research branch and the Lebensborn eugenics programme. It was created to market a bicycle reflector invented by Anton Loibl, a chauffeur for Hitler.Lebensborn e.V. (literally: ""Fount of Life"") was an SS-initiated, state-supported, registered association in Nazi Germany with the goal of raising the birth rate of ""Aryan"" children of persons classified as ""racially pure and healthy"" based on Nazi racial hygiene and health ideology.",The high-tech mirror was invented by Hitler's chauffeur.,Cat1,UNSUPPORTED,PASS,FAIL,CLEAR,NOT_ENOUGH_INFO,INVALID,PASS,PASS,CLEAR,ENTAILED,Cat1,THIRD_PERSON_ADJUDICATION,PASS,PASS,CLEAR,ENTAILED,Cat1,PASS,PASS,CLEAR,ENTAILED,Cat1,SUPPORTED,ELIGIBLE,RELABEL,SUPPORT
259,The team Kevin Goldthwaite last played for play their home games at Providence Park since what year?,"Kevin Goldthwaite (born December 9, 1982 in Sacramento, California) is a former American soccer player who last played for Portland Timbers of Major League Soccer.The Timbers play their home games at Providence Park since 2011 when the team began play as an expansion team in the league.",Portland Timbers games are held in Providence Park for many years now.,Cat3,SUPPORTED,PASS,FAIL,CLEAR,ENTAILED,INVALID,PASS,FAIL,AMBIGUOUS,ENTAILED,INVALID,THIRD_PERSON_ADJUDICATION,PASS,FAIL,CLEAR,ENTAILED,INVALID,PASS,FAIL,CLEAR,ENTAILED,INVALID,SUPPORTED,INVALID,REMOVE,ELIGIBILITY
260,What person born in 1982 did Sören Opti lose to at the 2016 Summer Olympics?," He competed at the 2016 Summer Olympics in Rio de Janeiro, Brazil. He lost to both Lee Chong Wei of Malaysia and Derek Wong Zi Liang of Singapore during group play and did not advance further.Dato' Lee Chong Wei {'1': "", '2': "", '3': 'DSPN DB DCSM PJN', '4': ""} (born 21 October 1982) is a Malaysian professional badminton player.",Derek Wong Zi Liang defeated Sören Opti.,Cat1,UNSUPPORTED,PASS,PASS,CLEAR,ENTAILED,Cat1,PASS,FAIL,CLEAR,ENTAILED,INVALID,THIRD_PERSON_ADJUDICATION,PASS,FAIL,CLEAR,ENTAILED,Cat1,PASS,FAIL,CLEAR,ENTAILED,INVALID,SUPPORTED,INVALID,REMOVE,ELIGIBILITY
261,Greenland is the largest island in the world in which continent it is situated?,"Greenland Greenland (, ; , ) is an autonomous constituent country of the Kingdom of Denmark between the Arctic and Atlantic Oceans, east of the Canadian Arctic Archipelago. Though physiographically a part of the continent of North America, Greenland has been politically and culturally associated with Europe (specifically Norway and Denmark, the colonial powers, as well as the nearby island of Iceland) for more than a millennium. The majority of its residents are Inuit, whose ancestors began migrating from the Canadian mainland in the 13th century, gradually settling across the island. Greenland is the world's largest island. Australia and Antarctica

of its natural resources, the grant will gradually be diminished. This is generally considered to be a step toward eventual full independence from Denmark. Greenlandic was declared the sole official language of Greenland at the historic ceremony. Greenland is the world's largest non-continental island and the third largest country in North America. It is between latitudes 59° and 83°N, and longitudes 11° and 74°W. The Atlantic Ocean borders Greenland's southeast; the Greenland Sea is to the east; the Arctic Ocean is to the north; and Baffin Bay is to the west. The nearest countries are Canada, to the west and

Geography of Greenland Greenland is located between the Arctic Ocean and the North Atlantic Ocean, northeast of Canada and northwest of Iceland. The territory comprises the island of Greenland–the largest island in the world–and more than a hundred other smaller islands (see ). As an island, Greenland has no land boundaries and 44,087 km of coastline. A sparse population is confined to small settlements along certain sectors of the coast. Greenland possesses the world's second largest ice sheet. Greenland sits atop the Greenland plate, a subplate of the North American plate. The Greenland craton is made up of some of",Greenland is physiographically a part of the continent of North America.,Cat7,SUPPORTED,PASS,PASS,CLEAR,ENTAILED,Cat1,PASS,PASS,CLEAR,ENTAILED,Cat1,A_B_AGREEMENT,,,,,,PASS,PASS,CLEAR,ENTAILED,Cat1,SUPPORTED,ELIGIBLE,RELABEL,CATEGORY
262,Which award did the star of The Nativity Story win at the 2004 Broadcast Film Critics Association Awards?,"The Nativity Story is a 2006 biblical drama film based on the nativity of Jesus, directed by Catherine Hardwicke and starring Keisha Castle-Hughes and Oscar Isaac. The film was nominated for many awards, including an Academy Award for Best Actress (at the time the youngest person nominated in the Best Actress category) and an award at the Broadcast Film Critics Association Awards for Best Young Actor/Actress, which she won in 2004.",The category is Best Young Actor/Actress.,Cat5,SUPPORTED,PASS,PASS,CLEAR,ENTAILED,Cat1,FAIL,PASS,CLEAR,ENTAILED,INVALID,THIRD_PERSON_ADJUDICATION,PASS,PASS,CLEAR,ENTAILED,Cat1,PASS,PASS,CLEAR,ENTAILED,Cat1,SUPPORTED,ELIGIBLE,RELABEL,CATEGORY
263,Tulapur is a village in which second largest city in Maharashtra?,"Tulapur is a village in Pune district, Maharashtra, India associated with the last moments of Chhatrapati Sambhaji Maharaj, Son of Chhatrapati Shivaji.Pune (] ; spelled ""Poona"" during British rule) is the second largest city in the Indian state of Maharashtra and the seventh most populous city in the country.",Tulapur is not located in Maharashtra.,Cat2,UNSUPPORTED,PASS,PASS,CLEAR,CONTRADICTED,Cat2,PASS,PASS,CLEAR,CONTRADICTED,Cat2,A_B_AGREEMENT,,,,,,PASS,PASS,CLEAR,CONTRADICTED,Cat2,UNSUPPORTED,ELIGIBLE,RETAIN_UNCHANGED,
264,For how many years did Richard Lindzen serve as the Alfred P. Sloan Professor of Meteorology at the Massachusetts Institute of Technology?,"The iris hypothesis is a hypothesis proposed by Richard Lindzen et al. in 2001 that suggested increased sea surface temperature in the tropics would result in reduced cirrus clouds and thus more infrared radiation leakage from Earth's atmosphere. From 1983 until his retirement in 2013, he was Alfred P. Sloan Professor of Meteorology at the Massachusetts Institute of Technology.",30 years,Cat6,SUPPORTED,FAIL,PASS,CLEAR,ENTAILED,INVALID,PASS,PASS,CLEAR,ENTAILED,Cat6,THIRD_PERSON_ADJUDICATION,PASS,PASS,CLEAR,ENTAILED,INVALID,PASS,PASS,CLEAR,ENTAILED,INVALID,SUPPORTED,INVALID,REMOVE,ELIGIBILITY
265,How many distinct types of muscles make up the human muscular system?,"Human musculoskeletal system The human musculoskeletal system (also known as the locomotor system, and previously the activity system) is an organ system that gives humans the ability to move using their muscular and skeletal systems. The musculoskeletal system provides form, support, stability, and movement to the body. It is made up of the bones of the skeleton, muscles, cartilage, tendons, ligaments, joints, and other connective tissue that supports and binds tissues and organs together. The musculoskeletal system's primary functions include supporting the body, allowing motion, and protecting vital organs. The skeletal portion of the system serves as the main storage

effectiveness of the system. These diseases can be difficult to diagnose due to the close relation of the musculoskeletal system to other internal systems. The musculoskeletal system refers to the system having its muscles attached to an internal skeletal system and is necessary for humans to move to a more favorable position. Complex issues and injuries involving the musculoskeletal system are usually handled by a physiatrist (specialist in physical medicine and rehabilitation) or an orthopaedic surgeon. The skeletal system serves many important functions; it provides the shape and form for the body, support and protection, allows bodily movement, produces blood

provide energy for exercises lasting up to ten seconds. Recovery is very quick, with full creatine stores regenerated within five minutes. Multiple diseases can affect the muscular system. Muscular system The muscular system is an organ system consisting of skeletal, smooth and cardiac muscles. It permits movement of the body, maintains posture and circulates blood throughout the body. The muscular systems in vertebrates are controlled through the nervous system although some muscles (such as the cardiac muscle) can be completely autonomous. Together with the skeletal system, it forms the musculoskeletal system, which is responsible for movement of the human body.",3,Cat6,SUPPORTED,FAIL,PASS,CLEAR,ENTAILED,INVALID,FAIL,PASS,CLEAR,ENTAILED,INVALID,A_B_AGREEMENT,,,,,,FAIL,PASS,CLEAR,ENTAILED,INVALID,SUPPORTED,INVALID,REMOVE,ELIGIBILITY
266,What aspect of pre-Columbian human sacrifice practices is not agreed upon by modern scholars?," The Nicarao shared many cultural traits with their Aztec cousins, including an identical calendar, the use of screenfold books, the worship of closely-related deities, and the practice of human sacrifice.Human sacrifice was a religious practice of the pre-Columbian Aztec civilization, as well as other Mesoamerican civilizations such as the Maya and the Zapotec. The extent of such practices is debated by modern scholars, but scholars agree that human sacrifice was a major part of Aztec worship and that some human victims were cannibalized.",The exact extent of such practices is not agreed upon by modern scholars.,Cat2,SUPPORTED,PASS,PASS,CLEAR,ENTAILED,Cat3,PASS,PASS,CLEAR,ENTAILED,Cat3,A_B_AGREEMENT,,,,,,PASS,PASS,CLEAR,ENTAILED,Cat3,SUPPORTED,ELIGIBLE,RELABEL,CATEGORY
267,Who sings better than i in joseph king of dreams?,"companion to the video"", also written by Mackall. ""Joseph, King of Dreams: read-along"" (8 Mar 2001) was a full-color storybook and accompanying cassette which ""capture[d] all the emotional and dramatic high points"". Written by Catherine McCafferty, it included the song ""Better Than I"" and dialogue from the film. A fourth book was published as well. The film received mixed to positive reviews from critics. While praising the film's merits including animation, storytelling, and music, much of the criticism came with comparing it negatively to its theatrically released predecessor ""The Prince of Egypt"". The song ""You Know Better Than I"" was

You Know Better Than I ""You Know Better Than I"" (aka ""Better Than I"") is a song from the 2000 direct-to-video film """". It is performed by Joseph (David Campbell). The song is performed when Joseph is at his lowest point, almost giving up on his faith. He decides to trust fully in God and acknowledge that he is the master of the universe who has an ultimate plan, even if things seem bad at present and he doesn't fully understand why. PluggedIn explains the song's meaning: ""Persevering through dark times can yield great rewards. God’s role in Joseph’s comeback

yet never feel sentimental or generic"". You Know Better Than I ""You Know Better Than I"" (aka ""Better Than I"") is a song from the 2000 direct-to-video film """". It is performed by Joseph (David Campbell). The song is performed when Joseph is at his lowest point, almost giving up on his faith. He decides to trust fully in God and acknowledge that he is the master of the universe who has an ultimate plan, even if things seem bad at present and he doesn't fully understand why. PluggedIn explains the song's meaning: ""Persevering through dark times can yield great","""Joseph, King of Dreams"" was reviewed less favorably than its predecessor ""The Prince of Egypt"".",Cat5,SUPPORTED,PASS,FAIL,CLEAR,ENTAILED,INVALID,PASS,FAIL,CLEAR,ENTAILED,INVALID,A_B_AGREEMENT,,,,,,PASS,FAIL,CLEAR,ENTAILED,INVALID,SUPPORTED,INVALID,REMOVE,ELIGIBILITY
268,How far from Sydney was Marie Cornish born at?,"Marie Cornish (born 1 October 1956 in Wellington, New South Wales) is an Australian former cricket player.<ref name=""ESPNcricinfo - Players/Australia/Marie Cornish""> </ref> Cornish played nine tests and sixteen one day internationals for the Australia national women's cricket team.Wellington is a town in inland New South Wales, Australia, located at the junction of the Macquarie and Bell Rivers. The town is 362 km from Sydney on the Great Western Highway and Mitchell Highway.",Marie Cornish was not born near Sydney.,Cat2,UNSUPPORTED,PASS,PASS,CLEAR,NOT_ENOUGH_INFO,Cat2,PASS,FAIL,AMBIGUOUS,AMBIGUOUS,INVALID,THIRD_PERSON_ADJUDICATION,PASS,FALL,CLEAR,ENTAILED,Cat2,PASS,FAIL,CLEAR,ENTAILED,Cat2,SUPPORTED,ELIGIBLE,RELABEL,SUPPORT
269,Subbalakshmi's daughter won what award at Asianet Television Awards 2016?," Her daughter Thara Kalyan is also an actress in Malayalam movies.Currently she is playing lead role in Malayalam Soap opera Karuthamuthu and she won ""Best Character Actress"" at Asianet Television Awards 2016","Thara Kalyan won ""Best Supporting Actress"".",Cat1,UNSUPPORTED,PASS,PASS,CLEAR,CONTRADICTED,Cat1,PASS,PASS,CLEAR,CONTRADICTED,Cat1,A_B_AGREEMENT,,,,,,PASS,PASS,CLEAR,CONTRADICTED,Cat1,UNSUPPORTED,ELIGIBLE,RETAIN_UNCHANGED,
270,The Wrekin is a hill that can be seen even as far as a landmark 47-storey mixed use skyscraper that is how tall?,"The Wrekin is a hill in east Shropshire, England. It can be seen well into Staffordshire and the Black Country, and even as far as the Beetham Tower in Manchester, Winter Hill in Lancashire and Cleeve Hill in Gloucestershire.Beetham Tower (also known as the Hilton Tower) is a landmark 47-storey mixed use skyscraper in Manchester, England. At a height of 554 ft , it is the tallest building in the United Kingdom outside London and 10th tallest building in the United Kingdom.",554 ft,Cat6,SUPPORTED,FAIL,PASS,CLEAR,ENTAILED,INVALID,FAIL,PASS,CLEAR,ENTAILED,INVALID,A_B_AGREEMENT,,,,,,FAIL,PASS,CLEAR,ENTAILED,INVALID,SUPPORTED,INVALID,REMOVE,ELIGIBILITY
271,The company that manufactured PDQ Chocolate is a registered trademark of what company?,"PDQ Chocolate was a popular drink mix in the 1960s and 1970s. It was manufactured by Ovaltine. Ovaltine, a registered trademark of Associated British Foods, is made by Wander AG, a subsidiary of Twinings which acquired the brand from Novartis in 2002, except in the United States where Nestlé acquired the rights separately from Novartis later on.",The company that manufactured PDQ Chocolate is not a registered trademark of Twinings.,Cat2,SUPPORTED,PASS,PASS,CLEAR,ENTAILED,Cat2,PASS,PASS,CLEAR,ENTAILED,Cat2,A_B_AGREEMENT,,,,,,PASS,PASS,CLEAR,ENTAILED,Cat2,SUPPORTED,ELIGIBLE,RETAIN_UNCHANGED,
272,How many British ships were named Scipio the African?,"Two ships of the British Royal Navy have borne the name HMS ""Scipion"", after the French term for the Roman general Scipio Africanus:Publius Cornelius Scipio Africanus (236–183 BC), also known as Scipio the African, Scipio Africanus-Major, Scipio Africanus the Elder and Scipio the Great, was a Roman general and later consul who is often regarded as one of the greatest generals and military strategists of all time.",Scipio Africanus was never honored by the British Royal Navy.,Cat2,UNSUPPORTED,PASS,PASS,CLEAR,CONTRADICTED,Cat2,PASS,PASS,CLEAR,CONTRADICTED,Cat2,A_B_AGREEMENT,,,,,,PASS,PASS,CLEAR,CONTRADICTED,Cat2,UNSUPPORTED,ELIGIBLE,RETAIN_UNCHANGED,
273,"Which Major League Baseball did this Dominican former professional baseball player, whom the Indians gave up in exchange for Bruce Ellingsen wth the Dodgers, play in 1985 (other than the Dodgers)?"," For Ellingsen, the Indians gave up Pedro Guerrero, then a 17-year-old with one year of professional experience with the Rookie-classification Gulf Coast Indians.Pedro Guerrero (born June 29, 1956) is a Dominican former professional baseball player. He played all or part of fifteen seasons in Major League Baseball from 1978 to 1992 with the Los Angeles Dodgers and St. Louis Cardinals.",Pedro Guerrero did not play in Major League Baseball in 1985.,Cat2,UNSUPPORTED,PASS,PASS,CLEAR,CONTRADICTED,Cat2,PASS,PASS,CLEAR,CONTRADICTED,Cat2,A_B_AGREEMENT,,,,,,PASS,PASS,CLEAR,CONTRADICTED,Cat2,UNSUPPORTED,ELIGIBLE,RETAIN_UNCHANGED,
274,Who sang i can't let maggie go?,"I Can't Let Maggie Go ""I Can't Let Maggie Go"" is a song by the British pop group Honeybus from early 1968. Written by band member Pete Dello, it was released as a non-album single. The song became an international Top 20 hit, reaching number 13 in New Zealand and number 11 in Ireland. It did best in their native United Kingdom, where it reached number eight in the UK Singles Chart. ""I Can't Let Maggie Go"" was included on the group's later compilation LPs, ""Honeybus at Their Best"" and ""Old Masters Hidden Treasures"". The song was also a top

with 1968's ""I Can't Let Maggie Go"", which was so popular that it earned the band a cover photo on the popular music magazine, ""Disc and Music Echo"", for which they posed atop a red London bus. ""I Can't Let Maggie Go"" reached Number 8 in the UK Singles Chart, in April 1968, staying in the Top 40 for over two months. Dello resigned in August 1968. The band recruited Jim Kelly on guitar and vocals to replace him and Cane began songwriting and performing lead vocals. This line-up scored minor successes with ""She Sold Blackpool Rock"" and ""Girl Of

10 hit in Italy, with a 1968 version made by Equipe 84, entitled ""Un angelo blu"" (""A blue angel""). It enjoyed an unexpected reprise in popularity in the 1970s, when it was used as the soundtrack for a television advertisement for ""Nimble"", a bread produced for slimmers. ""I Can't Let Maggie Go"" has been covered by J. Vincent Edwards in 1974, as well as by the Sideburns in 1993. David Essex included his own version on the 2005 compilation album, ""The Complete Collection"". I Can't Let Maggie Go ""I Can't Let Maggie Go"" is a song by the British pop","The song ""I Can't Let Maggie Go"" was released in early 1969.",Cat4,UNSUPPORTED,PASS,FAIL,CLEAR,CONTRADICTED,INVALID,PASS,FAIL,CLEAR,CONTRADICTED,INVALID,A_B_AGREEMENT,,,,,,PASS,FAIL,CLEAR,CONTRADICTED,INVALID,UNSUPPORTED,INVALID,REMOVE,ELIGIBILITY
275,"Who is an American musician, Peter Chelsom or Billy Bob Thornton?","Peter Chelsom (born 20 April 1956) is a British film director, writer, and actor.William Robert ""Billy Bob"" Thornton (born August 4, 1955) is an American actor, filmmaker, singer, songwriter, and musician.",Peter Chelsom is not an American musician.,Cat2,SUPPORTED,PASS,PASS,CLEAR,ENTAILED,Cat2,PASS,PASS,CLEAR,ENTAILED,Cat2,A_B_AGREEMENT,,,,,,PASS,PASS,CLEAR,ENTAILED,Cat2,SUPPORTED,ELIGIBLE,RETAIN_UNCHANGED,
276,"Which band was founded first, Hole, the rock band that Courtney Love was a frontwoman of, or The Wolfhounds?","Courtney Michelle Love (born Courtney Michelle Harrison; July 9, 1964) is an American singer, songwriter, actress, and visual artist. She rose to prominence as the frontwoman of the alternative rock band Hole, which she formed in 1989.The Wolfhounds are an indie pop/noise pop band formed in Romford, UK in 1985 by Dave Callahan, Paul Clark, Andy Golding, Andy Bolton and Frank Stebbing, and originally active until 1990.",The Wolfhounds formed in 1985.,Cat4,SUPPORTED,PASS,PASS,CLEAR,ENTAILED,Cat4,PASS,PASS,CLEAR,ENTAILED,Cat4,A_B_AGREEMENT,,,,,,PASS,PASS,CLEAR,ENTAILED,Cat4,SUPPORTED,ELIGIBLE,RETAIN_UNCHANGED,
277,What is the flower of the dead in spanish?,"year, including gathering the goods to be offered to the dead. During the three-day period families usually clean and decorate graves; most visit the cemeteries where their loved ones are buried and decorate their graves with ""ofrendas"" (altars), which often include orange Mexican marigolds (""Tagetes erecta"") called ""cempasúchil"" (originally named ""cempoaxochitl"", Nāhuatl for ""twenty flowers""). In modern Mexico the marigold is sometimes called ""Flor de Muerto"" (Flower of Dead). These flowers are thought to attract souls of the dead to the offerings. It is also believed the bright petals with a strong scent can guide the souls from cemeteries to

Flores de Mayo Flores de Mayo (Spanish for ""flowers of May"") is a festival held in the Philippines in the month of May. It is one of the May devotions to the Blessed Virgin Mary and lasts for the entire month. The Santacruzan (from the Spanish ""santa cruz"", ""holy cross"") is the ritual pageant held on the last day of the ""Flores de Mayo"". It honors the finding of the True Cross by Helena of Constantinople (known as ""Reyna Elena"") and Constantine the Great. Its connection with May stems from the May 3 date of Roodmas, which Pope John XXIII

language of the Aztecs, the plant is called ""Cuitlaxochitl"", meaning ""flower that grows in residues or soil"" Today it is known in Mexico and Guatemala as Flor de Nochebuena, meaning Christmas Eve Flower. In Spain it is known as Flor de Pascua or Pascua, meaning Easter flower. In Chile and Peru, the plant became known as Crown of the Andes. In Hungarian, it is called , and is widely used as a Christmas decoration. The plant's association with Christmas began in 16th-century Mexico, where legend tells of a girl, commonly called Pepita or Maria, who was too poor to provide",The use of the cempasúchil is in conjunction with the November 1st Mexican holiday.,Cat4,UNSUPPORTED,PASS,FAIL,CLEAR,NOT_ENOUGH_INFO,INVALID,PASS,FAIL,CLEAR,ENTAILED,INVALID,THIRD_PERSON_ADJUDICATION,PASS,FAIL,CLEAR,ENTAILED,INVALID,PASS,FAIL,CLEAR,ENTAILED,INVALID,SUPPORTED,INVALID,REMOVE,ELIGIBILITY
278,"In a Front-engine, rear-wheel-drive layout what type of engine is a heat engine where the combustion of a fuel occurs with an oxidizer (usually air) in a combustion chamber that is an integral part of the working fluid flow circuit?","In automotive design, an FR, or front-engine, rear-wheel-drive layout is one where the engine is located at the front of the vehicle and driven wheels are located at the rear.An internal combustion engine (ICE) is a heat engine where the combustion of a fuel occurs with an oxidizer (usually air) in a combustion chamber that is an integral part of the working fluid flow circuit.",The combustion chamber is an integral part of the working fluid flow circuit in a diesel engine.,Cat7,SUPPORTED,PASS,PASS,CLEAR,NOT_ENOUGH_INFO,Cat1,PASS,PASS,CLEAR,NOT_ENOUGH_INFO,Cat1,A_B_AGREEMENT,,,,,,PASS,PASS,CLEAR,NOT_ENOUGH_INFO,Cat1,UNSUPPORTED,ELIGIBLE,RELABEL,CATEGORY;SUPPORT
279,Was the memphis belle the first to complete 25 missions?,"chosen by the Eighth Air Force from those who had flown combat aboard, led by Capt. Morgan, for a 31-city war bond tour. Morgan's original co-pilot was Capt. James A. Verinis, who himself piloted the ""Memphis Belle"" for one mission. Verinis was promoted to aircraft commander of another B-17 for his final 16 missions and finished his tour on 13 May. He rejoined Morgan's crew as co-pilot for the flight back to the United States. The B-17 ""Hell's Angels"" (41-24577) of the 303rd Bomb Group completed 25 combat missions on 13 May 1943, becoming the first B-17 to complete the

of the 324th Bomb Squadron (Heavy); the squadron code ""DF"" and individual aircraft letter ""A."" Captain Robert K. Morgan's crew flew 29 combat missions with the 324th Bomb Squadron, all but four in the ""Memphis Belle"". The aircraft's 25 combat missions, which included eight German aircraft shot down by her crew, were: <nowiki>*</nowiki> Sources disagree on which two of these three missions the ""Memphis Belle"" received mission credits for. Morgan's crew completed the following missions in B-17s other than the ""Memphis Belle"": The aircraft was then flown back to the United States on 8 June 1943, by a composite crew

had been the pilot on the majority of the missions flown by the B-17 Flying Fortress, ""Memphis Belle"", when it was designated the official ""first"" bomber to complete 25 operations, while flying with the 91st Bomb Group, VIII Bomber Command, in the European Theatre of Operations. (""Hell's Angels"", of the 303d Bomb Group, actually beat the ""Belle"" by one week.) ""Memphis Belle"" was the first combat-veteran bomber to return to the United States as part of a publicity campaign to sell war bonds. Morgan flew the plane all over the United States for bond rallies. Promoted to Major, Morgan flew",The first B-17 was not the Memphis Belle.,Cat2,SUPPORTED,PASS,PASS,CLEAR,ENTAILED,Cat2,PASS,PASS,CLEAR,ENTAILED,Cat2,A_B_AGREEMENT,,,,,,PASS,PASS,CLEAR,ENTAILED,Cat2,SUPPORTED,ELIGIBLE,RETAIN_UNCHANGED,
280,What South Korean sitcom starred a South Korean singer and actress who began her music career at the age of 15?,"The Producers (; lit. Producer) is a 2015 South Korean sitcom starring Cha Tae-hyun, Gong Hyo-jin, Kim Soo-hyun, and IU.Lee Ji-eun (Korean: 이지은 ; born May 16, 1993), better known by her stage name IU (Korean: 아이유 ), is a South Korean singer, songwriter and actress. She signed with LOEN Entertainment in 2007 as a trainee and began her music career at the age of 15 with her debut album, ""Lost and Found"".",IU began IU's music career at 15.,Cat6,SUPPORTED,PASS,PASS,CLEAR,ENTAILED,Cat4,PASS,PASS,CLEAR,ENTAILED,Cat6,THIRD_PERSON_ADJUDICATION,PASS,PASS,CLEAR,ENTAILED,Cat4,PASS,PASS,CLEAR,ENTAILED,Cat4,SUPPORTED,ELIGIBLE,RELABEL,CATEGORY
281,"The Little River and Gorham, Maine reside in what county?","The Little River is an 18.8 mi tributary of the Presumpscot River in the U.S. state of Maine.Gorham is a town in Cumberland County, Maine, United States.",Cumberland County's largest borough is Carlisle.,Cat5,UNSUPPORTED,PASS,FAIL,CLEAR,NOT_ENOUGH_INFO,INVALID,PASS,FAIL,CLEAR,NOT_ENOUGH_INFO,INVALID,A_B_AGREEMENT,,,,,,PASS,FAIL,CLEAR,NOT_ENOUGH_INFO,INVALID,UNSUPPORTED,INVALID,REMOVE,ELIGIBILITY
282,Sky living nashville season 6 how many episodes?,"Nashville (season 6) The sixth and final season of the American television musical drama series ""Nashville"", created by Callie Khouri, premiered on January 4, 2018, on CMT. The season consisted of 16 episodes. As with seasons three through five, the episodes are named after songs from a variety of country artists, including Miranda Lambert (""New Strings""), George Jones (""Sometimes You Just Can't Win""), Tanya Tucker (""Two Sparrows in a Hurricane""), and Hank Williams (""Beyond the Sunset""). In April 2017, it was announced that the series had been renewed for a sixth season, with a 16-episode order. In an interview following

""Nashville"" for a 16-episode sixth season that debuted on January 4, 2018. Filming began on September 27, 2017. On November 17, 2017, it was announced that the sixth season would be the show's final season, as CMT moved to all unscripted programming. The 124th and final episode aired on July 26, 2018. In the first episode, the series focuses on the rivalry of Rayna Jaymes and Juliette Barnes. Rayna Jaymes is the established ""Queen of Country Music"". However, her latest album is not selling well and her tour is playing to half empty venues. Her record label suggests that she

the initial airing on CMT. TVLand discontinued reruns of the series after episode five, but returned for the second half of the season. The season, like season five, was aired in two parts with the final eight episodes airing in the summer. The final eight episodes returned on June 7 and the season wrapped on July 26, 2018. The season wrap party was held on April 7, 2018. Filming wrapped on the finale three days later. The series received $5.7million in tax incentives from the state of Tennessee, the lowest of all seasons. <onlyinclude></onlyinclude> Nashville (season 6) The sixth and",Season 6 of the American musical soap opera television series Nashville has 10 episodes in each part.,Cat3,UNSUPPORTED,PASS,PASS,CLEAR,CONTRADICTED,Cat6,PASS,PASS,CLEAR,CONTRADICTED,Cat6,A_B_AGREEMENT,,,,,,PASS,PASS,CLEAR,CONTRADICTED,Cat6,UNSUPPORTED,ELIGIBLE,RELABEL,CATEGORY
283,What Hockey team does Evander Kane play for?," Some notable NHL stars of African-American descent are Dustin Byfuglien, Evander Kane, and Joel Ward.Evander Frank Kane (born August 2, 1991) is a Canadian professional ice hockey left winger currently playing for the Buffalo Sabres of the National Hockey League (NHL).",The Buffalo Sabres are a member of the Atlantic Division of the Eastern Conference.,Cat7,UNSUPPORTED,PASS,FAIL,CLEAR,NOT_ENOUGH_INFO,INVALID,PASS,FAIL,CLEAR,NOT_ENOUGH_INFO,INVALID,A_B_AGREEMENT,,,,,,PASS,FAIL,CLEAR,NOT_ENOUGH_INFO,INVALID,UNSUPPORTED,INVALID,REMOVE,ELIGIBILITY
284,What does gvwr stand for on a truck?,"Gross vehicle weight rating The gross vehicle weight rating (GVWR), or gross vehicle mass (GVM) is the maximum operating weight/mass of a vehicle as specified by the manufacturer including the vehicle's chassis, body, engine, engine fluids, fuel, accessories, driver, passengers and cargo but excluding that of any trailers. The term is used for motor vehicles and trains. The weight of a vehicle is influenced by passengers, cargo, even fuel level, so a number of terms are used to express the weight of a vehicle in a designated state. Gross combined weight rating (GCWR) refers to the ""total mass"" of a

this information printed on the outside of the vehicle, and for it to be clearly visible from a specified distance. Gross vehicle weight rating The gross vehicle weight rating (GVWR), or gross vehicle mass (GVM) is the maximum operating weight/mass of a vehicle as specified by the manufacturer including the vehicle's chassis, body, engine, engine fluids, fuel, accessories, driver, passengers and cargo but excluding that of any trailers. The term is used for motor vehicles and trains. The weight of a vehicle is influenced by passengers, cargo, even fuel level, so a number of terms are used to express the

vehicle, including all trailers. GVWR and GCWR both describe a vehicle that is ""in operation"" and are used to specify weight limitations and restrictions. Curb weight describes a vehicle which is ""parked at the curb"" and excludes the weight of any occupants or cargo. Dry weight further excludes the weight of all consumables, such as fuel and oils. Gross trailer weight rating specifies the maximum weight of a trailer and the gross axle weight rating specifies the maximum weight on any particular axle. A car driver licence is limited to driving vehicles up to a maximum GVM of . Beyond",The gross vehicle weight rating (GVWR) excludes the weight/mass of any trailers.,Cat3,SUPPORTED,PASS,PASS,CLEAR,ENTAILED,Cat2,PASS,PASS,CLEAR,ENTAILED,Cat1,THIRD_PERSON_ADJUDICATION,PASS,PASS,CLEAR,ENTAILED,Cat2,PASS,PASS,CLEAR,ENTAILED,Cat2,SUPPORTED,ELIGIBLE,RELABEL,CATEGORY
285,In what year did the English actor from the film The System die?,"The System (USA: ""The Girl-Getters"") is a 1964 British drama film directed by Michael Winner and starring Oliver Reed, Jane Merrow and Barbara Ferris.Robert Oliver Reed (13 February 1938 – 2 May 1999) was an English actor known for his upper-middle class, macho image, hellraiser lifestyle, and ""tough guy"" roles.",Robert Oliver Reed died in 1998.,Cat4,UNSUPPORTED,PASS,PASS,CLEAR,CONTRADICTED,Cat4,PASS,PASS,CLEAR,CONTRADICTED,Cat4,A_B_AGREEMENT,,,,,,PASS,PASS,CLEAR,CONTRADICTED,Cat4,UNSUPPORTED,ELIGIBLE,RETAIN_UNCHANGED,
286,From what famous soliloquy is the title What Dreams May Come derived from?," The book derives its title from a line in Hamlet's famous ""To be, or not to be..."" soliloquy.To be, or not to be is the opening phrase of a soliloquy spoken by Prince Hamlet in the so-called ""nunnery scene"" of William Shakespeare's play ""Hamlet"".",The duel is a trap set by Claudius.,Cat1,UNSUPPORTED,PASS,FAIL,CLEAR,NOT_ENOUGH_INFO,INVALID,PASS,FAIL,CLEAR,NOT_ENOUGH_INFO,INVALID,A_B_AGREEMENT,,,,,,PASS,FAIL,CLEAR,NOT_ENOUGH_INFO,INVALID,UNSUPPORTED,INVALID,REMOVE,ELIGIBILITY
287,Who sang i can't let maggie go?,"I Can't Let Maggie Go ""I Can't Let Maggie Go"" is a song by the British pop group Honeybus from early 1968. Written by band member Pete Dello, it was released as a non-album single. The song became an international Top 20 hit, reaching number 13 in New Zealand and number 11 in Ireland. It did best in their native United Kingdom, where it reached number eight in the UK Singles Chart. ""I Can't Let Maggie Go"" was included on the group's later compilation LPs, ""Honeybus at Their Best"" and ""Old Masters Hidden Treasures"". The song was also a top

with 1968's ""I Can't Let Maggie Go"", which was so popular that it earned the band a cover photo on the popular music magazine, ""Disc and Music Echo"", for which they posed atop a red London bus. ""I Can't Let Maggie Go"" reached Number 8 in the UK Singles Chart, in April 1968, staying in the Top 40 for over two months. Dello resigned in August 1968. The band recruited Jim Kelly on guitar and vocals to replace him and Cane began songwriting and performing lead vocals. This line-up scored minor successes with ""She Sold Blackpool Rock"" and ""Girl Of

10 hit in Italy, with a 1968 version made by Equipe 84, entitled ""Un angelo blu"" (""A blue angel""). It enjoyed an unexpected reprise in popularity in the 1970s, when it was used as the soundtrack for a television advertisement for ""Nimble"", a bread produced for slimmers. ""I Can't Let Maggie Go"" has been covered by J. Vincent Edwards in 1974, as well as by the Sideburns in 1993. David Essex included his own version on the 2005 compilation album, ""The Complete Collection"". I Can't Let Maggie Go ""I Can't Let Maggie Go"" is a song by the British pop","""I Can't Let Maggie Go"" performed best in the United Kingdom among the countries mentioned.",Cat5,SUPPORTED,PASS,FAIL,CLEAR,ENTAILED,INVALID,PASS,FAIL,CLEAR,ENTAILED,INVALID,A_B_AGREEMENT,,,,,,PASS,FAIL,CLEAR,ENTAILED,INVALID,SUPPORTED,INVALID,REMOVE,ELIGIBILITY
288," Which species, Cardwellia or Ochagavia, is native to South America?"," The species Cardwellia sublimis (northern silky oak) grows naturally only (endemic) in the rainforests of the wet tropics region of north eastern Queensland, Australia.Ochagavia is a genus of the botanical family Bromeliaceae, subfamily Bromelioideae. The genus is named for Sylvestris Ochagavia, Chilean minister of education. Endemic to southern and central Chile (including the Juan Fernández Islands), this genus is represented by four accepted species.",Silvestre Ochagavía Errázuriz was a member of the Academy of Recreation Sciences of Chile.,Cat7,UNSUPPORTED,PASS,FAIL,CLEAR,NOT_ENOUGH_INFO,INVALID,PASS,FAIL,CLEAR,NOT_ENOUGH_INFO,INVALID,A_B_AGREEMENT,,,,,,PASS,FAIL,CLEAR,NOT_ENOUGH_INFO,INVALID,UNSUPPORTED,INVALID,REMOVE,ELIGIBILITY
289,The Wrekin is a hill that can be seen even as far as a landmark 47-storey mixed use skyscraper that is how tall?,"The Wrekin is a hill in east Shropshire, England. It can be seen well into Staffordshire and the Black Country, and even as far as the Beetham Tower in Manchester, Winter Hill in Lancashire and Cleeve Hill in Gloucestershire.Beetham Tower (also known as the Hilton Tower) is a landmark 47-storey mixed use skyscraper in Manchester, England. At a height of 554 ft , it is the tallest building in the United Kingdom outside London and 10th tallest building in the United Kingdom.",Beetham Tower is beyond the maximum visibility boundary of The Wrekin.,Cat3,UNSUPPORTED,PASS,PASS,CLEAR,CONTRADICTED,Cat3,PASS,FAIL,CLEAR,CONTRADICTED,INVALID,THIRD_PERSON_ADJUDICATION,PASS,FAIL,CLEAR,CONTRADICTED,Cat3,PASS,FAIL,CLEAR,CONTRADICTED,Cat3,UNSUPPORTED,ELIGIBLE,RETAIN_UNCHANGED,
290,"What railroad company acquired the Johnsonburg, Kane, Warren and Irvine Railroad?"," The JKWI was the designated operator of the Irvine, Warren, Kane & Johnsonburg Railroad, that was a partnership of Brock Railroad (a wholly owned subsidiary of Warren Car Company), Irvine Railroad (a wholly owned subsidiary of National Forge Company) and Struthers Wells Inter-American Corporation (a subsidiary of Struthers Wells), all three being Pennsylvania corporations, and had acquired from Conrail the following railroad line segments: MP 58.52 to MP 66.7 (Irvine to Warren) and MP 92.5 to MP 111.0 (Kane to Johnsonburg).Conrail, the Consolidated Rail Corporation, (reporting mark CR) , was the primary Class I railroad in the Northeastern United States between 1976 and 1999, when its routes were split between the CSX Corporation and Norfolk Southern Railway.",The JKWI had acquired from Conrail the railroad line segment from MP 92.5 to MP 111.0.,Cat7,SUPPORTED,PASS,PASS,CLEAR,ENTAILED,Cat1,PASS,PASS,CLEAR,ENTAILED,Cat1,A_B_AGREEMENT,,,,,,PASS,PASS,CLEAR,ENTAILED,Cat1,SUPPORTED,ELIGIBLE,RELABEL,CATEGORY
291,Who sang i can't let maggie go?,"I Can't Let Maggie Go ""I Can't Let Maggie Go"" is a song by the British pop group Honeybus from early 1968. Written by band member Pete Dello, it was released as a non-album single. The song became an international Top 20 hit, reaching number 13 in New Zealand and number 11 in Ireland. It did best in their native United Kingdom, where it reached number eight in the UK Singles Chart. ""I Can't Let Maggie Go"" was included on the group's later compilation LPs, ""Honeybus at Their Best"" and ""Old Masters Hidden Treasures"". The song was also a top

with 1968's ""I Can't Let Maggie Go"", which was so popular that it earned the band a cover photo on the popular music magazine, ""Disc and Music Echo"", for which they posed atop a red London bus. ""I Can't Let Maggie Go"" reached Number 8 in the UK Singles Chart, in April 1968, staying in the Top 40 for over two months. Dello resigned in August 1968. The band recruited Jim Kelly on guitar and vocals to replace him and Cane began songwriting and performing lead vocals. This line-up scored minor successes with ""She Sold Blackpool Rock"" and ""Girl Of

10 hit in Italy, with a 1968 version made by Equipe 84, entitled ""Un angelo blu"" (""A blue angel""). It enjoyed an unexpected reprise in popularity in the 1970s, when it was used as the soundtrack for a television advertisement for ""Nimble"", a bread produced for slimmers. ""I Can't Let Maggie Go"" has been covered by J. Vincent Edwards in 1974, as well as by the Sideburns in 1993. David Essex included his own version on the 2005 compilation album, ""The Complete Collection"". I Can't Let Maggie Go ""I Can't Let Maggie Go"" is a song by the British pop","The song ""I Can't Let Maggie Go"" was a top 10 hit in Italy.",Cat6,SUPPORTED,PASS,FAIL,CLEAR,ENTAILED,INVALID,PASS,FAIL,CLEAR,NOT_ENOUGH_INFO,INVALID,THIRD_PERSON_ADJUDICATION,PASS,FAIL,CLEAR,ENTAILED,INVALID,PASS,FAIL,CLEAR,ENTAILED,INVALID,SUPPORTED,INVALID,REMOVE,ELIGIBILITY
292,"How many days after its United Kingdom release was the album ""Mellon Collie and the Infinite Sadness"" released in the United States?"," Released in 1996 as the second single from their third studio album, ""Mellon Collie and the Infinite Sadness"", ""1979"" was written by frontman Billy Corgan, and features loops and samples that were uncharacteristic of previous Smashing Pumpkins songs.Mellon Collie and the Infinite Sadness is the third studio album by American alternative rock band The Smashing Pumpkins, released on October 23, 1995 in the United Kingdom and a day later in the United States on Virgin Records.",1 day,Cat6,SUPPORTED,FAIL,PASS,CLEAR,ENTAILED,INVALID,FAIL,PASS,CLEAR,ENTAILED,INVALID,A_B_AGREEMENT,,,,,,FAIL,PASS,CLEAR,ENTAILED,INVALID,SUPPORTED,INVALID,REMOVE,ELIGIBILITY
293," Which species, Cardwellia or Ochagavia, is native to South America?"," The species Cardwellia sublimis (northern silky oak) grows naturally only (endemic) in the rainforests of the wet tropics region of north eastern Queensland, Australia.Ochagavia is a genus of the botanical family Bromeliaceae, subfamily Bromelioideae. The genus is named for Sylvestris Ochagavia, Chilean minister of education. Endemic to southern and central Chile (including the Juan Fernández Islands), this genus is represented by four accepted species.",The genus Ochagavia was named before Sylvestris Ochagavia was born.,Cat4,UNSUPPORTED,PASS,FAIL,CLEAR,NOT_ENOUGH_INFO,INVALID,PASS,FAIL,CLEAR,NOT_ENOUGH_INFO,INVALID,A_B_AGREEMENT,,,,,,PASS,FAIL,CLEAR,NOT_ENOUGH_INFO,INVALID,UNSUPPORTED,INVALID,REMOVE,ELIGIBILITY
294,Where was the first north american indigenous games held?,"Aboriginal people could come together to excel in their athletic field of endeavour and to come together to do other things: to make new friendships, to renew old ones, and so on..."" (Charles Wood, 1990 Chairperson) The dream became a reality in 1990. The first Indigenous Games (or ""NAIG"") were held in 1990 in Edmonton, Alberta, followed by Games in Prince Albert, Saskatchewan in 1993, Blaine, Minnesota in 1995, Victoria, British Columbia in 1997, and Winnipeg, Manitoba in 2002. Denver, Colorado in 2006 and Cowichan, British Columbia in 2008. The 2011 games were to be held in Milwaukee, Wisconsin, but

North American Indigenous Games The North American Indigenous Games is a multi-sport event involving indigenous North American athletes staged intermittently since 1990. The Games are governed by the North American Indigenous Games Council, a 26-member council of representatives from 13 provinces and territories in Canada and 13 regions in the United States. The dream to hold a Games for the Indigenous Peoples of North America began in the 1970s. In 1971, the Native Summer Games held in Enoch, Alberta, Canada drew 3,000 participants competing in 13 sports and many cultural events. In 1973, the Western Canada Native Winter Games were

2017 North American Indigenous Games The 2017 North American Indigenous Games were held in Toronto, Ontario, Canada July 16 to 23. The event featured 5000 athletes aged 13 to 19 in 14 sports. The 2017 North American Indigenous Games bidding process began on January 12, 2015 and Toronto submitted its bid on January 30, 2015. The bid to host the Games in Toronto, led by the Aboriginal Sport & Wellness Council of Ontario and the Mississaugas of New Credit First Nation, received unanimous support from the NAIG's International Governing Body. The Games was awarded to Toronto on June 26, 2015",The participants competed in 13 sports in the Native Summer Games.,Cat6,SUPPORTED,PASS,FAIL,CLEAR,ENTAILED,INVALID,PASS,FAIL,CLEAR,ENTAILED,INVALID,A_B_AGREEMENT,,,,,,PASS,FAIL,CLEAR,ENTAILED,INVALID,SUPPORTED,INVALID,REMOVE,ELIGIBILITY
295,"What U.S Highway gives access to Zilpo Road, and is also known as Midland Trail?"," The nine mile byway starts south of Morehead, Kentucky and can be accessed by U.S. Highway 60.Morehead is a home rule-class city located along US 60 (the historic Midland Trail) and Interstate 64 in Rowan County, Kentucky, in the United States.",US 60 is not known as Midland Trail.,Cat2,UNSUPPORTED,PASS,PASS,CLEAR,CONTRADICTED,Cat2,PASS,PASS,CLEAR,CONTRADICTED,Cat2,A_B_AGREEMENT,,,,,,PASS,PASS,CLEAR,CONTRADICTED,Cat2,UNSUPPORTED,ELIGIBLE,RETAIN_UNCHANGED,
296,"Heartbreak Express, Dolly Parton's 24th solo studio album, featured this re-recording of what song, originally recorded in 1973 and featured in the ""Best Little Whorehouse in Texas Soundtrack""?","Heartbreak Express is Dolly Parton's 24th solo studio album. ""Do I Ever Cross Your Mind"" (a song Parton had written in the early 1970s but had never ""officially"" recorded) appeared as a double-A-sided single (along with Parton's rerecording of ""I Will Always Love You"" from the ""Best Little Whorehouse in Texas Soundtrack""), and reached #1 on the country charts in August 1982.The song, ""I Will Always Love You"" was originally written and recorded in 1973 by American singer-songwriter, Dolly Parton.","""Do I Ever Cross Your Mind"" was originally from the ""Best Little Whorehouse in Texas Soundtrack"".",Cat1,UNSUPPORTED,PASS,PASS,CLEAR,CONTRADICTED,Cat1,PASS,PASS,CLEAR,CONTRADICTED,Cat1,A_B_AGREEMENT,,,,,,PASS,PASS,CLEAR,CONTRADICTED,Cat1,UNSUPPORTED,ELIGIBLE,RETAIN_UNCHANGED,
297,What town sends their students to Messalonskee High School and had a population of 1010 according to the 2010 census?," It serves all high school students in the RSU 18 school unit, which includes Oakland, Sidney, Belgrade, China and Rome. The population was 1,010 at the 2010 census.",The town had a population of 1010 according to the 2010 census.,Cat6,SUPPORTED,FAIL,PASS,AMBIGUOUS,AMBIGUOUS,INVALID,FAIL,PASS,CLEAR,ENTAILED,INVALID,THIRD_PERSON_ADJUDICATION,FAIL,PASS,CLEAR,ENTAILED,INVALID,FAIL,PASS,CLEAR,ENTAILED,INVALID,SUPPORTED,INVALID,REMOVE,ELIGIBILITY
298,Greenland is the largest island in the world in which continent it is situated?,"Greenland Greenland (, ; , ) is an autonomous constituent country of the Kingdom of Denmark between the Arctic and Atlantic Oceans, east of the Canadian Arctic Archipelago. Though physiographically a part of the continent of North America, Greenland has been politically and culturally associated with Europe (specifically Norway and Denmark, the colonial powers, as well as the nearby island of Iceland) for more than a millennium. The majority of its residents are Inuit, whose ancestors began migrating from the Canadian mainland in the 13th century, gradually settling across the island. Greenland is the world's largest island. Australia and Antarctica

of its natural resources, the grant will gradually be diminished. This is generally considered to be a step toward eventual full independence from Denmark. Greenlandic was declared the sole official language of Greenland at the historic ceremony. Greenland is the world's largest non-continental island and the third largest country in North America. It is between latitudes 59° and 83°N, and longitudes 11° and 74°W. The Atlantic Ocean borders Greenland's southeast; the Greenland Sea is to the east; the Arctic Ocean is to the north; and Baffin Bay is to the west. The nearest countries are Canada, to the west and

Geography of Greenland Greenland is located between the Arctic Ocean and the North Atlantic Ocean, northeast of Canada and northwest of Iceland. The territory comprises the island of Greenland–the largest island in the world–and more than a hundred other smaller islands (see ). As an island, Greenland has no land boundaries and 44,087 km of coastline. A sparse population is confined to small settlements along certain sectors of the coast. Greenland possesses the world's second largest ice sheet. Greenland sits atop the Greenland plate, a subplate of the North American plate. The Greenland craton is made up of some of",Greenland is the world's largest island.,Cat5,SUPPORTED,PASS,FAIL,CLEAR,ENTAILED,INVALID,PASS,FAIL,CLEAR,ENTAILED,INVALID,A_B_AGREEMENT,,,,,,PASS,FAIL,CLEAR,ENTAILED,INVALID,SUPPORTED,INVALID,REMOVE,ELIGIBILITY
299,Lochner v. New York and New York v. Ferber where both handled by who?,"New York v. Ferber, 458 U.S. 747 (1982) , is a precedential decision given by the United States Supreme Court, which ruled unanimously that the First Amendment right to free speech did not forbid states from banning the sale of material depicting children engaged in sexual activity, even if the material was not obscene.Lochner v. New York, 198 US 45 (1905) was a landmark US labor law case in the US Supreme Court, holding that limits to working time violated the Fourteenth Amendment.",The United States Supreme Court's decisions are binding on all lower courts.,Cat3,SUPPORTED,PASS,FAIL,CLEAR,NOT_ENOUGH_INFO,INVALID,PASS,FAIL,CLEAR,NOT_ENOUGH_INFO,INVALID,A_B_AGREEMENT,,,,,,PASS,FAIL,CLEAR,NOT_ENOUGH_INFO,INVALID,UNSUPPORTED,INVALID,REMOVE,ELIGIBILITY
300,"Which song was written and produced by Rihanna and Verse Simmonds on Rihanna's fifth studio album ""Loud?"""," The duo has since co-written and produced tracks such as ""Man Down"" by Rihanna and ""Who Gon Stop Me"" by Kanye West and Jay-Z, both of which charted prominently on ""Billboard"".""Man Down"" is a song by Barbadian singer Rihanna from her fifth studio album, ""Loud"" (2010).","""Man Down"" is not a collaboration between Rihanna and Verse Simmonds.",Cat2,SUPPORTED,PASS,PASS,CLEAR,CONTRADICTED,Cat2,PASS,PASS,CLEAR,CONTRADICTED,Cat2,A_B_AGREEMENT,,,,,,PASS,PASS,CLEAR,CONTRADICTED,Cat2,UNSUPPORTED,ELIGIBLE,RELABEL,SUPPORT
301,Who played the onscreen husband of a variety show banjo player?,"Veronica Loretta ""Roni"" Stoneman (born May 5, 1938) is a noted bluegrass banjo player and former member of the television variety show ""Hee Haw"" gang having played the role of Ida Lee Nagger, the ironing, nagging wife of Laverne Nagger (Gordie Tapp).Gordon Robert ""Gordie"" Tapp, CM, O.Ont (June 4, 1922 – December 18, 2016), born in London, Ontario, was a Canadian entertainer, best known as a radio and television presenter, comedian and a CBS broadcaster.","The banjo player is a former member of the television variety show ""Hee Haw"" gang.",Cat7,SUPPORTED,PASS,PASS,CLEAR,ENTAILED,Cat1,PASS,FAIL,CLEAR,ENTAILED,INVALID,THIRD_PERSON_ADJUDICATION,PASS,FAIL,CLEAR,ENTAILED,Cat1,PASS,FAIL,CLEAR,ENTAILED,INVALID,SUPPORTED,INVALID,REMOVE,ELIGIBILITY
302,"What band from Savannah, Georgia did the singer singer John Dyer Bailey sing for?"," Artwork and design were by Baroness singer John Dyer Baizley.Baroness is an American heavy metal band from Savannah, Georgia whose original members grew up together in Lexington, Virginia.",Baroness's music often explores themes of mythology.,Cat3,UNSUPPORTED,PASS,FAIL,CLEAR,NOT_ENOUGH_INFO,INVALID,PASS,FAIL,CLEAR,NOT_ENOUGH_INFO,INVALID,A_B_AGREEMENT,,,,,,PASS,FAIL,CLEAR,NOT_ENOUGH_INFO,INVALID,UNSUPPORTED,INVALID,REMOVE,ELIGIBILITY
303,"Which style of minimalist furniture and housewares from Denmark associated was Hans J. Wegner, one of the leading figures of its movement "," It is the company behind many of the classical furniture designs of Hans J. Wegner, one of the leading figures of the Danish modern movement.Danish modern is a style of minimalist furniture and housewares from Denmark associated with the Danish design movement.",Danish modern originated in Denmark.,Cat1,SUPPORTED,PASS,PASS,CLEAR,ENTAILED,Cat1,PASS,PASS,CLEAR,ENTAILED,Cat1,A_B_AGREEMENT,,,,,,PASS,PASS,CLEAR,ENTAILED,Cat1,SUPPORTED,ELIGIBLE,RETAIN_UNCHANGED,
304,"What British rock band is responsible for bolstering Quiet Riot's hit ""Mental Health?""","Metal Health is the third studio album by American heavy metal band Quiet Riot. It was released on March 11, 1983, bolstered by the No. 5 hit ""Cum On Feel the Noize"" and the No. 31 hit ""Metal Health"".""Cum On Feel the Noize"" is a song by the British rock band Slade, released in 1973 as a non-album single.","Van Halen is responsible for bolstering Quiet Riot's hit ""Metal Health.""",Cat1,UNSUPPORTED,PASS,PASS,CLEAR,CONTRADICTED,Cat1,PASS,PASS,CLEAR,CONTRADICTED,Cat1,A_B_AGREEMENT,,,,,,PASS,PASS,CLEAR,CONTRADICTED,Cat1,UNSUPPORTED,ELIGIBLE,RETAIN_UNCHANGED,
305,"Based on the provided text, how old was Huma Abedin during Hillary Clinton's 2016 presidential campaign?","The Institute of Muslim Minority Affairs is a London-based scholarly institution furthering the study of Muslims in non-Muslim nations. Pakistani-born Dr. Saleha Mahmood Abedin, the mother of Hillary Clinton aide Huma Abedin, is Director of the Institute.Huma Mahmood Abedin (born July 28, 1976) is an American political staffer who was vice chair of Hillary Clinton's 2016 campaign for President of the United States.",40 years old,Cat6,SUPPORTED,FAIL,PASS,CLEAR,ENTAILED,INVALID,FAIL,PASS,AMBIGUOUS,AMBIGUOUS,INVALID,THIRD_PERSON_ADJUDICATION,FAIL,PASS,CLEAR,ENTAILED,INVALID,FAIL,PASS,CLEAR,ENTAILED,INVALID,SUPPORTED,INVALID,REMOVE,ELIGIBILITY
306,When did the last wooly mammoths die out?,"The woolly mammoths of eastern Beringia (modern Alaska and Yukon) had similarly died out about 13,300 years ago, soon (roughly 1000 years) after the first appearance of humans in the area, which parallels the fate of all the other late Pleistocene proboscids (mammoths, gomphotheres and mastodons), as well as most of the rest of the megafauna, of the Americas. In contrast, the St. Paul Island mammoth population apparently died out before human arrival because of habitat shrinkage resulting from the post-ice-age sea-level rise, perhaps in large measure as a result of a consequent reduction in the freshwater supply. Changes in

time. Most populations disappeared between 14,000 and 10,000 years ago. The last mainland population existed in the Kyttyk Peninsula of Siberia 9,650 years ago. A small population of woolly mammoths survived on St. Paul Island, Alaska, well into the Holocene with the most recently published date of extinction being 5,600 years B.P. The last known population remained on Wrangel Island in the Arctic Ocean until 4,000 years ago, well into the start of human civilization and concurrent with the construction of the Great Pyramid of ancient Egypt. DNA sequencing of remains of two mammoths, one from Siberia 44,800 years BP

formed part of the Quaternary extinction event, which began 40,000 years ago and peaked between 14,000 and 11,500 years ago. Scientists are divided over whether hunting or climate change, which led to the shrinkage of its habitat, was the main factor that contributed to the extinction of the woolly mammoth, or whether it was due to a combination of the two. Whatever the cause, large mammals are generally more vulnerable than smaller ones due to their smaller population size and low reproduction rates. Different woolly mammoth populations did not die out simultaneously across their range, but gradually became extinct over","Most woolly mammoth populations disappeared from the woolly mammoth's mainland range between the late Pleistocene and early Holocene periods 10,000 years ago.",Cat4,SUPPORTED,PASS,PASS,CLEAR,ENTAILED,Cat4,PASS,PASS,CLEAR,ENTAILED,Cat4,A_B_AGREEMENT,,,,,,PASS,PASS,CLEAR,ENTAILED,Cat4,SUPPORTED,ELIGIBLE,RETAIN_UNCHANGED,
307,"Based on the birth and death dates provided in the text, how old was Molière when he died?"," The title is a play on the title of Molière's ""Le Médecin malgré lui"" (""The Doctor, in Spite of Himself"").Jean-Baptiste Poquelin, known by his stage name Molière ( or ; ] ; 15 January 162217 February 1673), was a French playwright and actor who is considered to be one of the greatest masters of comedy in Western literature.",51 years old,Cat6,SUPPORTED,FAIL,PASS,CLEAR,ENTAILED,INVALID,FAIL,PASS,CLEAR,ENTAILED,INVALID,A_B_AGREEMENT,,,,,,FAIL,PASS,CLEAR,ENTAILED,INVALID,SUPPORTED,INVALID,REMOVE,ELIGIBILITY
308,"What band from Savannah, Georgia did the singer singer John Dyer Bailey sing for?"," Artwork and design were by Baroness singer John Dyer Baizley.Baroness is an American heavy metal band from Savannah, Georgia whose original members grew up together in Lexington, Virginia.",Baroness has released five studio albums.,Cat6,UNSUPPORTED,PASS,FAIL,CLEAR,NOT_ENOUGH_INFO,INVALID,PASS,FAIL,CLEAR,NOT_ENOUGH_INFO,INVALID,A_B_AGREEMENT,,,,,,PASS,FAIL,CLEAR,NOT_ENOUGH_INFO,INVALID,UNSUPPORTED,INVALID,REMOVE,ELIGIBILITY
309,Which British company whose majority of its business interests are in Asia was related to the London Based Trading house Matheson & Company?,"Matheson & Company was a London-based trading house closely associated with Jardine Matheson of Hong Kong and Jardine Skinner of Calcutta.Jardine Matheson Holdings Limited, also known as Jardines, is a British conglomerate incorporated in Bermuda, with its primary listing on the Singapore Exchange. The majority of its business interests are in Asia, and its subsidiaries include Jardine Pacific, Jardine Motors, Jardine Lloyd Thompson, Hongkong Land, Jardine Strategic Holdings, Dairy Farm, Mandarin Oriental Hotel Group, Jardine Cycle & Carriage and Astra International.",Matheson & Company was founded by Jardine Matheson.,Cat7,UNSUPPORTED,PASS,PASS,CLEAR,CONTRADICTED,Cat1,PASS,PASS,CLEAR,NOT_ENOUGH_INFO,Cat1,THIRD_PERSON_ADJUDICATION,PASS,PASS,CLEAR,NOT_ENOUGH_INFO,Cat1,PASS,PASS,CLEAR,NOT_ENOUGH_INFO,Cat1,UNSUPPORTED,ELIGIBLE,RELABEL,CATEGORY
310,Oliver Boot had a role in the Moliere-based film that was first performed in what year?," His theatre credits include ""Antony and Cleopatra"", ""In Extremis"" (in the role of Abelard), ""Three Musketeers"", ""Hayfever"", ""Tartuffe"", ""Jamaica Inn"" and an award winning world tour of ""Othello"" with Cheek by Jowl.Tartuffe, or The Impostor, or The Hypocrite ( ; French: ""Tartuffe, ou l'Imposteur"" , ] ), first performed in 1664, is one of the most famous theatrical comedies by Molière.",The year is 1664.,Cat4,SUPPORTED,FAIL,PASS,CLEAR,ENTAILED,INVALID,FAIL,PASS,CLEAR,ENTAILED,INVALID,A_B_AGREEMENT,,,,,,FAIL,PASS,CLEAR,ENTAILED,INVALID,SUPPORTED,INVALID,REMOVE,ELIGIBILITY
311,"Abraham Bankier was one of the owners of the Rekord factory that was taken over by a German Industrialist, spy, and member of the Nazi Party who is credited with saving how many Jews during the Holocaust?","Abraham Bankier (1910-1956) was one of the owners of the ""Rekord"" factory on Lipowa street in Cracow, Poland, that Oskar Schindler took over during World War II.Oskar Schindler (28 April 1908 – 9 October 1974) was a German industrialist, spy, and member of the Nazi Party who is credited with saving the lives of 1,200 Jews during the Holocaust by employing them in his enamelware and ammunitions factories, which were located in occupied Poland and the Protectorate of Bohemia and Moravia.","The number is 1,200.",Cat6,SUPPORTED,FAIL,PASS,CLEAR,ENTAILED,INVALID,FAIL,PASS,CLEAR,ENTAILED,INVALID,A_B_AGREEMENT,,,,,,FAIL,PASS,CLEAR,ENTAILED,INVALID,SUPPORTED,INVALID,REMOVE,ELIGIBILITY
312,What was the original name of the gazette that publishes Lytham St Annes Express?," It is published by the Blackpool Gazette and therefore owned by Johnson Press. It was founded as ""The West Lancashire Evening Gazette"" in 1929 before being renamed the ""Evening Gazette"", and then ""Blackpool Gazette"".",The West Lancashire Evening Gazette is a multi-time advertiser.,Cat1,UNSUPPORTED,PASS,PASS,CLEAR,NOT_ENOUGH_INFO,Cat1,FAIL,FAIL,AMBIGUOUS,NOT_ENOUGH_INFO,INVALID,THIRD_PERSON_ADJUDICATION,PASS,FALL,AMBIGUOUS,NOT_ENOUGH_INFO,INVALID,PASS,FAIL,AMBIGUOUS,NOT_ENOUGH_INFO,INVALID,UNSUPPORTED,INVALID,REMOVE,ELIGIBILITY
313,What record was taken from Makes Me Wonder by an American Idol winner 2002?," Upon release, the song set a record for the biggest jump to number-one in the history of the ""Billboard"" Hot 100 chart, rising from number 64 to number-one. She rose to fame in 2002 after winning the inaugural season of the television series ""American Idol"", which earned her a record deal with RCA Records.",The biggest jump to number-one occurred in the history.,Cat5,SUPPORTED,PASS,PASS,CLEAR,ENTAILED,Cat5,PASS,PASS,CLEAR,ENTAILED,Cat5,A_B_AGREEMENT,,,,,,PASS,PASS,CLEAR,ENTAILED,Cat5,SUPPORTED,ELIGIBLE,RETAIN_UNCHANGED,
314,Device – Voice – Drum is the fourth live album by a band that produced how many gold albums?,"Device – Voice – Drum is the fourth live album by American rock band Kansas, released in 2002 (see 2002 in music). The band has produced eight gold albums, three multi-platinum albums (""Leftoverture"", ""Point of Know Return"", ""The Best of Kansas""), one platinum live album (""Two for the Show"") and a million-selling single, ""Dust in the Wind"".",The band produced seven gold albums.,Cat6,UNSUPPORTED,PASS,PASS,CLEAR,CONTRADICTED,Cat6,PASS,PASS,CLEAR,CONTRADICTED,Cat6,A_B_AGREEMENT,,,,,,PASS,PASS,CLEAR,CONTRADICTED,Cat6,UNSUPPORTED,ELIGIBLE,RETAIN_UNCHANGED,
315,who was a character in A midsummer's night dream as well as the name of Carl Maria von Weber's opera?," He is best-remembered for having written the first Bildungsroman (""Geschichte des Agathon""), as well as the epic ""Oberon"", which formed the basis for Carl Maria von Weber's opera of the same name.Oberon is a king of the fairies in medieval and Renaissance literature.",Oberon is the ninth-most massive moon in the Solar System.,Cat5,UNSUPPORTED,PASS,FAIL,CLEAR,ENTAILED,INVALID,PASS,FAIL,CLEAR,NOT_ENOUGH_INFO,INVALID,THIRD_PERSON_ADJUDICATION,PASS,FAIL,CLEAR,NOT_ENOUGH_INFO,INVALID,PASS,FAIL,CLEAR,NOT_ENOUGH_INFO,INVALID,UNSUPPORTED,INVALID,REMOVE,ELIGIBILITY
316,"According to the 2010 census, what was the population of the town loacted approcimately seven miles south of Cave Rock Tunnel?","The Cave Rock Tunnel is a dual bore highway tunnel on U.S. Route 50 (US 50) along the eastern shore of Lake Tahoe approximately seven miles (11.4 km) north of Stateline, in Douglas County, Nevada, United States. The population was 842 at the 2010 census.",The population could not be determined.,Cat2,UNSUPPORTED,PASS,PASS,CLEAR,CONTRADICTED,Cat2,PASS,PASS,CLEAR,CONTRADICTED,Cat2,A_B_AGREEMENT,,,,,,PASS,PASS,CLEAR,CONTRADICTED,Cat2,UNSUPPORTED,ELIGIBLE,RETAIN_UNCHANGED,
317," Which species, Cardwellia or Ochagavia, is native to South America?"," The species Cardwellia sublimis (northern silky oak) grows naturally only (endemic) in the rainforests of the wet tropics region of north eastern Queensland, Australia.Ochagavia is a genus of the botanical family Bromeliaceae, subfamily Bromelioideae. The genus is named for Sylvestris Ochagavia, Chilean minister of education. Endemic to southern and central Chile (including the Juan Fernández Islands), this genus is represented by four accepted species.",Silvestre Ochagavía Errázuriz was a member of the Academy of Restoration Sciences of Chile.,Cat7,UNSUPPORTED,PASS,FAIL,CLEAR,NOT_ENOUGH_INFO,INVALID,PASS,FAIL,CLEAR,NOT_ENOUGH_INFO,INVALID,A_B_AGREEMENT,,,,,,PASS,FAIL,CLEAR,NOT_ENOUGH_INFO,INVALID,UNSUPPORTED,INVALID,REMOVE,ELIGIBILITY
318,What was the original name of the gazette that publishes Lytham St Annes Express?," It is published by the Blackpool Gazette and therefore owned by Johnson Press. It was founded as ""The West Lancashire Evening Gazette"" in 1929 before being renamed the ""Evening Gazette"", and then ""Blackpool Gazette"".",The West Lancashire Evening Gazette is a print advertiser.,Cat1,UNSUPPORTED,PASS,PASS,CLEAR,NOT_ENOUGH_INFO,Cat1,FAIL,FAIL,AMBIGUOUS,NOT_ENOUGH_INFO,INVALID,THIRD_PERSON_ADJUDICATION,PASS,FALL,AMBIGUOUS,CONTRADICTED,Cat1,PASS,FAIL,AMBIGUOUS,CONTRADICTED,Cat1,UNSUPPORTED,ELIGIBLE,RETAIN_UNCHANGED,
319,"What is the nationality of the actress who plays Brittany in ""Sexy""?"," Santana (Naya Rivera) expresses her love for Brittany (Heather Morris), and Burt Hummel (Mike O'Malley) has a talk with his son Kurt (Chris Colfer) about sex.Heather Elizabeth Morris (born February 1, 1987) is an American actress, dancer, singer and model, known for her role as Brittany S. Pierce in the Fox musical comedy-drama series ""Glee"".","The actress who played Brittany in ""Sexy"" is not British.",Cat2,SUPPORTED,PASS,PASS,CLEAR,ENTAILED,Cat2,PASS,PASS,CLEAR,ENTAILED,Cat2,A_B_AGREEMENT,,,,,,PASS,PASS,CLEAR,ENTAILED,Cat2,SUPPORTED,ELIGIBLE,RETAIN_UNCHANGED,
320,Who publishes a horror game with protagonist Ellie?,"Ellie is a fictional character in the 2013 video game ""The Last of Us"", and the main protagonist of the upcoming video game ""The Last of Us Part II"".The Last of Us Part II is an upcoming action-adventure survival horror video game developed by Naughty Dog and published by Sony Interactive Entertainment for PlayStation 4.",Sony Interactive Entertainment only publishes video games that are developed by Naughty Dog.,Cat3,UNSUPPORTED,PASS,PASS,CLEAR,NOT_ENOUGH_INFO,Cat3,PASS,FAIL,CLEAR,NOT_ENOUGH_INFO,INVALID,THIRD_PERSON_ADJUDICATION,PASS,FAIL,CLEAR,NOT_ENOUGH_INFO,Cat3,PASS,FAIL,CLEAR,NOT_ENOUGH_INFO,Cat3,UNSUPPORTED,ELIGIBLE,RETAIN_UNCHANGED,
321,When did toronto host the mlb all-star game?,"1991 Major League Baseball All-Star Game The 1991 Major League Baseball All-Star Game was the 62nd playing of the midsummer classic between the all-stars of the American League (AL) and National League (NL), the two leagues comprising Major League Baseball. The game was held on July 9, 1991, at SkyDome in Toronto, the home of the Toronto Blue Jays of the American League. It was only the second time that the game was played outside the United States, as the National League's Montreal Expos hosted the 1982 Midsummer Classic at Olympic Stadium in Montreal, Quebec. The game resulted in the

1982 Major League Baseball All-Star Game The 1982 Major League Baseball All-Star Game was the 53rd midseason exhibition between the all-stars of the American League (AL) and the National League (NL), the two leagues comprising Major League Baseball. The game was played on July 13, 1982, at Olympic Stadium in Montreal, Quebec, Canada, home of the Montreal Expos of the National League. The game resulted in a 4–1 victory for the NL, and Cincinnati Reds shortstop Dave Concepción was named the MVP. It is notable for being the first All-Star Game ever played outside the United States. This would be

2007 Major League Baseball All-Star Game The 2007 Major League Baseball All-Star Game was the 78th midseason exhibition between the all-stars of the American League (AL) and the National League (NL), the two leagues comprising Major League Baseball. The game was held on July 10, 2007, at AT&T Park, the home of the NL's San Francisco Giants. It marked the third time that the Giants hosted the All Star Game since moving to San Francisco for the 1958 season. The 1961 and 1984 All Star Games were played at the Giants former home Candlestick Park, and the fourth overall in","The 1991 Major League Baseball All-Star Game was played on July 9, 1991.",Cat4,SUPPORTED,PASS,PASS,CLEAR,ENTAILED,Cat4,PASS,PASS,CLEAR,ENTAILED,Cat4,A_B_AGREEMENT,,,,,,PASS,PASS,CLEAR,ENTAILED,Cat4,SUPPORTED,ELIGIBLE,RETAIN_UNCHANGED,
322,What was the name of the Mafia faction headed by the person responsible for the assassination of Placido Rizzotto?,"Placido Rizzotto (Corleone, January 2, 1914 – March 10, 1948) was an Italian socialist peasant and trade union leader from Corleone, who was assassinated by Sicilian Mafia boss Luciano Leggio.Luciano Leggio (] ; 6 January 1925 – 15 November 1993) was an Italian criminal and leading figure of the Sicilian Mafia. He was the head of the Corleonesi, the Mafia faction that originated in the town of Corleone.",Corleonesi's violent campaign resulted in numerous high-profile murders.,Cat7,UNSUPPORTED,PASS,FAIL,CLEAR,NOT_ENOUGH_INFO,INVALID,PASS,FAIL,CLEAR,NOT_ENOUGH_INFO,INVALID,A_B_AGREEMENT,,,,,,PASS,FAIL,CLEAR,NOT_ENOUGH_INFO,INVALID,UNSUPPORTED,INVALID,REMOVE,ELIGIBILITY
323,What British comedy film starred Robin Weaver?,"Robin Weaver is an English actress well known for playing the role of recurring character Pamela Cooper in the E4 sitcom ""The Inbetweeners"" and its feature-length films, ""The Inbetweeners Movie"" and ""The Inbetweeners 2"".The Inbetweeners 2 is a 2014 British comedy film and sequel to ""The Inbetweeners Movie"" (2011), which is based on the E4 sitcom ""The Inbetweeners"".","The phrase is ""Two Birds, One Stone"".",Cat1,UNSUPPORTED,PASS,FAIL,CLEAR,NOT_ENOUGH_INFO,INVALID,FAIL,FAIL,AMBIGUOUS,NOT_ENOUGH_INFO,INVALID,THIRD_PERSON_ADJUDICATION,FAIL,FAIL,AMBIGUOUS,NOT_ENOUGH_INFO,INVALID,FAIL,FAIL,AMBIGUOUS,NOT_ENOUGH_INFO,INVALID,UNSUPPORTED,INVALID,REMOVE,ELIGIBILITY
324,When was the band for which Bob Welch was a guitarist formed ?,"Three Hearts is the second solo album by rock musician and former Fleetwood Mac guitarist Bob Welch.Fleetwood Mac are a British-American rock band, formed in London in 1967.",The year is 1967.,Cat4,SUPPORTED,FAIL,PASS,CLEAR,ENTAILED,INVALID,FAIL,PASS,CLEAR,ENTAILED,INVALID,A_B_AGREEMENT,,,,,,FAIL,PASS,CLEAR,ENTAILED,INVALID,SUPPORTED,INVALID,REMOVE,ELIGIBILITY
325,What is stacey's surname in gavin and stacey?,"from Billericay in Essex, and Stacey, from Barry in the Vale of Glamorgan, Wales. Initially, Gavin lives with his parents, Pam and Mick, and spends most of his time with his best friend, Smithy. Stacey lives with her widowed mother, Gwen, and is frequently visited by her uncle, Bryn, who lives across the road, and by her best friend Nessa. The series follows the key moments in their relationship: their first meeting, meeting each other's families, getting engaged, marrying, looking for a flat, briefly splitting up, looking for new jobs and trying for children. The characters of Gavin and Stacey

Gavin & Stacey Gavin & Stacey is a British sitcom, written by James Corden and Ruth Jones, that follows the long-distance relationship of an Englishman and a Welsh woman. The merging of their quirky families forms the focus of the show. Mathew Horne and Joanna Page play the title characters, while the writers co-star as Gavin and Stacey's friends, Smithy and Nessa. Other prominent cast members include Alison Steadman and Larry Lamb, who play Gavin's parents, Pam and Mick, and Melanie Walters and Rob Brydon, who portray Stacey's mother, Gwen, and her uncle, Bryn. The theme for the series was

to Sullivan as her housemate; a member of the band she initially lives with. Nessa had also claimed to have had an affair with Prescott. The initial series begins with the lives of the title characters, Gavin Shipman (Mathew Horne) and Stacey West (Joanna Page). Gavin is 28 and lives at home in Billericay, Essex, with his parents, Mick (Larry Lamb) and Pam (Alison Steadman). He and Stacey, along with their respective best friends Neil ""Smithy"" Smith (James Corden) and Nessa Jenkins (Ruth Jones), go out on a double date. The night ends with Gavin and Stacey returning to a",A key moment in Gavin Shipman and Stacey Jenkins's relationship is their first meeting.,Cat4,SUPPORTED,PASS,PASS,CLEAR,ENTAILED,Cat1,PASS,PASS,CLEAR,CONTRADICTED,Cat1,THIRD_PERSON_ADJUDICATION,PASS,PASS,CLEAR,ENTAILED,Cat1,PASS,PASS,CLEAR,ENTAILED,Cat1,SUPPORTED,ELIGIBLE,RELABEL,CATEGORY
326,What is the average weekly attendance at the church founded by the author of The Purpose Driven Life ?," Weekly church attendance averages over 20,000 people, currently making it the fifth-largest church in the United States by attendance (this ranking includes multi-site churches). He is perhaps best known for the subsequent book ""The Purpose Driven Life"" which has sold more than 30 million copies, making Warren a ""New York Times bestselling author.","More than 30,000 people attend weekly.",Cat5,UNSUPPORTED,PASS,PASS,CLEAR,CONTRADICTED,Cat3,PASS,PASS,CLEAR,CONTRADICTED,Cat3,A_B_AGREEMENT,,,,,,PASS,PASS,CLEAR,CONTRADICTED,Cat3,UNSUPPORTED,ELIGIBLE,RELABEL,CATEGORY
327,"Californian rock band Lit recorded A Place in the Sun in 1995, but what's their best known song?","A Place in the Sun is the second studio album by the American rock band Lit.Lit is an American rock band, formed in 1995 in Fullerton, California. They are best known for their hit song ""My Own Worst Enemy"".",The two personalities began to overlap.,Cat1,UNSUPPORTED,PASS,FAIL,CLEAR,NOT_ENOUGH_INFO,INVALID,PASS,FAIL,CLEAR,NOT_ENOUGH_INFO,INVALID,A_B_AGREEMENT,,,,,,PASS,FAIL,CLEAR,NOT_ENOUGH_INFO,INVALID,UNSUPPORTED,INVALID,REMOVE,ELIGIBILITY
328,On what record label was Little Richard's highest charting album released?," It was his highest charting album, at 13 on the ""Billboard"" Pop Albums chart. The album contained two of Richard's biggest hits, ""Long Tall Sally"", which reached #6 in the U.S. Pop charts, and ""Jenny, Jenny"", which reached #10 in the U.S. Pop charts.""Long Tall Sally"" is a rock and roll 12-bar blues song written by Robert ""Bumps"" Blackwell, Enotris Johnson, and Little Richard; recorded by Little Richard; and released in March 1956 on the Specialty Records label.",Specialty Records was founded by Art Rupe.,Cat7,UNSUPPORTED,PASS,FAIL,CLEAR,NOT_ENOUGH_INFO,INVALID,PASS,FAIL,CLEAR,NOT_ENOUGH_INFO,INVALID,A_B_AGREEMENT,,,,,,PASS,FAIL,CLEAR,NOT_ENOUGH_INFO,INVALID,UNSUPPORTED,INVALID,REMOVE,ELIGIBILITY
329,Which 20th Century Fox film cast Zazie Beetz as Domino?," In 2016, she also appeared in the Netflix anthology series ""Easy"".Deadpool 2 is an upcoming American superhero film based on the Marvel Comics character Deadpool, distributed by 20th Century Fox.",Deadpool 2 is a film.,Cat1,SUPPORTED,PASS,PASS,CLEAR,ENTAILED,Cat1,PASS,FAIL,CLEAR,ENTAILED,INVALID,THIRD_PERSON_ADJUDICATION,PASS,FAIL,CLEAR,ENTAILED,INVALID,PASS,FAIL,CLEAR,ENTAILED,INVALID,SUPPORTED,INVALID,REMOVE,ELIGIBILITY
330,"King of Queens is the debut studio album by Nigerian singer Yemi Alade, it features guest appearances and skits from which Ghanaian hip hop and hiplife duo from Tema made up of Faisal Hakeem ""(Paedae da Pralem/Omar Sterling)"", and Rashid Mugeez ""(Mugeez)""?"," It features guest appearances and skits from Bovi, R2Bees, Phyno, Chidinma, DIL, Selebobo and Diamond Platnumz.R2Bees is a Ghanaian hip hop and hiplife duo from Tema made up of Faisal Hakeem ""(Paedae da Pralem/Omar Sterling)"" and Rashid Mugeez ""(Mugeez)"".",R2Bees has won several awards.,Cat3,UNSUPPORTED,PASS,PASS,CLEAR,NOT_ENOUGH_INFO,Cat1,PASS,FAIL,CLEAR,NOT_ENOUGH_INFO,INVALID,THIRD_PERSON_ADJUDICATION,PASS,FAIL,CLEAR,NOT_ENOUGH_INFO,Cat1,PASS,FAIL,CLEAR,NOT_ENOUGH_INFO,INVALID,UNSUPPORTED,INVALID,REMOVE,ELIGIBILITY
331,Which mountain in Maine has the third largest ski resort in the state?,"Saddleback Maine is a ski resort located in Sandy River Plantation, near Rangeley, Maine, on the northwestern slopes of Saddleback Mountain. It is the third largest ski area in Maine, in terms of number of trails (66), number of lifts (5), snowmaking percentage (85%), vertical drop (2000 ft) and skier days.Saddleback Mountain is a mountain located in Sandy River Plantation, Franklin County, Maine, near the resort town of Rangeley. Saddleback is one of the highest mountains in the State of Maine, and one of the fourteen with more than 2000 ft of topographic prominence. The mountain is the site of Saddleback ski resort.",Saddleback Mountain Resort is the third largest.,Cat5,SUPPORTED,PASS,PASS,CLEAR,ENTAILED,Cat5,PASS,PASS,CLEAR,ENTAILED,Cat5,A_B_AGREEMENT,,,,,,PASS,PASS,CLEAR,ENTAILED,Cat5,SUPPORTED,ELIGIBLE,RETAIN_UNCHANGED,
332,Which city covers nearly 350 square miles and held the 2013 NASCAR Sprint Cup?,"The 2013 NRA 500 was NASCAR Sprint Cup Series stock car race held on April 13, 2013, at Texas Motor Speedway in Fort Worth, Texas, United States. The city is in North Central Texas and covers nearly 350 sqmi in the counties of Denton, Parker, Wise, and Tarrant, of which it is the county seat.",The 2013 NRA 500 race was held after the month of April 2013.,Cat4,UNSUPPORTED,PASS,FAIL,CLEAR,CONTRADICTED,INVALID,PASS,FAIL,CLEAR,CONTRADICTED,INVALID,A_B_AGREEMENT,,,,,,PASS,FAIL,CLEAR,CONTRADICTED,INVALID,UNSUPPORTED,INVALID,REMOVE,ELIGIBILITY
333,"What railroad company acquired the Johnsonburg, Kane, Warren and Irvine Railroad?"," The JKWI was the designated operator of the Irvine, Warren, Kane & Johnsonburg Railroad, that was a partnership of Brock Railroad (a wholly owned subsidiary of Warren Car Company), Irvine Railroad (a wholly owned subsidiary of National Forge Company) and Struthers Wells Inter-American Corporation (a subsidiary of Struthers Wells), all three being Pennsylvania corporations, and had acquired from Conrail the following railroad line segments: MP 58.52 to MP 66.7 (Irvine to Warren) and MP 92.5 to MP 111.0 (Kane to Johnsonburg).Conrail, the Consolidated Rail Corporation, (reporting mark CR) , was the primary Class I railroad in the Northeastern United States between 1976 and 1999, when its routes were split between the CSX Corporation and Norfolk Southern Railway.",Brock Railroad was a wholly owned subsidiary of Warren Car Company.,Cat7,SUPPORTED,PASS,FAIL,CLEAR,ENTAILED,INVALID,PASS,FAIL,CLEAR,ENTAILED,INVALID,A_B_AGREEMENT,,,,,,PASS,FAIL,CLEAR,ENTAILED,INVALID,SUPPORTED,INVALID,REMOVE,ELIGIBILITY
334," Which species, Cardwellia or Ochagavia, is native to South America?"," The species Cardwellia sublimis (northern silky oak) grows naturally only (endemic) in the rainforests of the wet tropics region of north eastern Queensland, Australia.Ochagavia is a genus of the botanical family Bromeliaceae, subfamily Bromelioideae. The genus is named for Sylvestris Ochagavia, Chilean minister of education. Endemic to southern and central Chile (including the Juan Fernández Islands), this genus is represented by four accepted species.",Silvestre Ochagavía Errázuriz was a member of the Academy of Food Sciences of Chile.,Cat7,UNSUPPORTED,PASS,FAIL,CLEAR,NOT_ENOUGH_INFO,INVALID,PASS,FAIL,CLEAR,NOT_ENOUGH_INFO,INVALID,A_B_AGREEMENT,,,,,,PASS,FAIL,CLEAR,NOT_ENOUGH_INFO,INVALID,UNSUPPORTED,INVALID,REMOVE,ELIGIBILITY
335,"Socialism: Utopian and Scientific,is a book written in 1880 by co-founder of Marxism Friedrich Engels, primarily extracted from his earlier book titled what, a book first published in German in 1878?","Socialism: Utopian and Scientific (German: ""Die Entwicklung des Sozialismus von der Utopie zur Wissenschaft"" ) is a book written in 1880 by co-founder of Marxism Friedrich Engels, primarily extracted from his earlier book ""Anti-Dühring"", particularly from the introduction and Part 3, Chapter 2.Anti-Dühring (German: ""Herrn Eugen Dührings Umwälzung der Wissenschaft"" , ""Herr Eugen Dühring's Revolution in Science"") is a book by Friedrich Engels, first published in German in 1878.",Eugen Dühring was a German philosopher.,Cat1,UNSUPPORTED,PASS,FAIL,CLEAR,NOT_ENOUGH_INFO,INVALID,PASS,FAIL,CLEAR,NOT_ENOUGH_INFO,INVALID,A_B_AGREEMENT,,,,,,PASS,FAIL,CLEAR,NOT_ENOUGH_INFO,INVALID,UNSUPPORTED,INVALID,REMOVE,ELIGIBILITY
336,Who played in the world series in 1989?,"champion Oakland A's, who won 104 games. The Twins eventually sank towards the bottom of the standings, finishing last in 1990. In 1991, the Twins returned to the playoffs by beating the Blue Jays in the ALCS and winning what many call the greatest World Series ever played over the Atlanta Braves. The 1987 World Series featured at least two players who would go on to win ""Manager of the Year"" awards. The Twins' Don Baylor won it in 1995 for his work with the Colorado Rockies while the Cardinals' Tony Peña won it in 2003 for his work with

1989 World Series The 1989 World Series was the 86th edition of Major League Baseball's championship series, and the conclusion of the 1989 Major League Baseball season. A best-of-seven playoff, it was played between the American League (AL) champion Oakland Athletics and the National League (NL) champion San Francisco Giants. The Series ran from October 14 through October 28, with the Athletics sweeping the Giants in four games. It was the first World Series sweep since 1976. The four game sweep by the Athletics at the time would mark only the third time in World Series history that a team

1987 World Series The 1987 World Series was the 84th edition of Major League Baseball's championship series, and the conclusion of the 1987 Major League Baseball season. It was a best-of-seven playoff played between the American League (AL) champion Minnesota Twins and the National League (NL) champion St. Louis Cardinals. The Twins defeated the Cardinals four games to three to win the Series. Twins pitcher Frank Viola was named as the 1987 World Series MVP. Minnesota was victorious in a World Series that was the first to feature games played indoors. It was also the first World Series in which",The Oakland Athletics swept the San Francisco Giants in four games in the 1989 World Series.,Cat4,SUPPORTED,PASS,PASS,CLEAR,ENTAILED,Cat1,PASS,PASS,CLEAR,ENTAILED,Cat1,A_B_AGREEMENT,,,,,,PASS,PASS,CLEAR,ENTAILED,Cat1,SUPPORTED,ELIGIBLE,RELABEL,CATEGORY
337,What is the seating capacity of the stadium in which The 1988 Soviet Cup Final football match that took place?,"The 1988 Soviet Cup Final was a football match that took place at the Lenin's Central Stadium, Moscow on May 28, 1988.Luzhniki Stadium (Russian: Стадион «Лужники» ; ] ), is a sports stadium in Moscow, Russia. Its total seating capacity is 81,000 seats, all covered (upgraded).","The seating capacity of the stadium where The 1988 Soviet Cup Final took place is less than 90,000 seats.",Cat5,SUPPORTED,PASS,PASS,CLEAR,ENTAILED,Cat3,PASS,PASS,CLEAR,ENTAILED,Cat3,A_B_AGREEMENT,,,,,,PASS,PASS,CLEAR,ENTAILED,Cat3,SUPPORTED,ELIGIBLE,RELABEL,CATEGORY
338,How many accepted species represent the botanical genus Ochagavia?," The species Cardwellia sublimis (northern silky oak) grows naturally only (endemic) in the rainforests of the wet tropics region of north eastern Queensland, Australia.Ochagavia is a genus of the botanical family Bromeliaceae, subfamily Bromelioideae. The genus is named for Sylvestris Ochagavia, Chilean minister of education. Endemic to southern and central Chile (including the Juan Fernández Islands), this genus is represented by four accepted species.",6,Cat6,UNSUPPORTED,FAIL,PASS,CLEAR,CONTRADICTED,INVALID,FAIL,PASS,CLEAR,CONTRADICTED,INVALID,A_B_AGREEMENT,,,,,,FAIL,PASS,CLEAR,CONTRADICTED,INVALID,UNSUPPORTED,INVALID,REMOVE,ELIGIBILITY
339,Which star in The Pokrovsky Gate was also a director and occasional singer?," It was directed by Mikhail Kozakov and stars Oleg Menshikov, Leonid Bronevoy, and Inna Ulyanova.Oleg Evgenyevich Menshikov, (Russian: Оле́г Евге́ньевич Ме́ньшиков ; born 8 November 1960) is a Russian actor, theatre director and occasional singer.","The film ""Burnt by the Sun"" won the Oscar for Best Foreign Language Film in 1994 directed by Nikita Mikhalkov.",Cat5,UNSUPPORTED,PASS,FAIL,CLEAR,NOT_ENOUGH_INFO,INVALID,PASS,FAIL,CLEAR,NOT_ENOUGH_INFO,INVALID,A_B_AGREEMENT,,,,,,PASS,FAIL,CLEAR,NOT_ENOUGH_INFO,INVALID,UNSUPPORTED,INVALID,REMOVE,ELIGIBILITY
340,"How many male singers are featured in the duet ""Anything You Can Do""?","Anything You Can Do (I Can Do Better) ""Anything You Can Do"" is a song composed by Irving Berlin for the 1946 Broadway musical ""Annie Get Your Gun"". The song is a duet, with one male singer and one female singer attempting to outdo each other in increasingly complex tasks. In the musical, the song sets the scene for the climactic sharpshooting contest between Annie Oakley and Frank Butler. Its most memorable lines are, ""Anything you can do I can do better; I can do anything better than you."" The song was first performed in ""Annie Get Your Gun"" by

Ethel Merman and Ray Middleton. During the song, they argue playfully about who can, for example, sing softer, sing higher, sing sweeter, and hold a note for longer, and boast of their abilities and accomplishments, such as opening safes and living on bread and cheese, although Annie always seems to counter Frank's argument. Neither can ""bake a pie,"" though. Anything You Can Do (I Can Do Better) ""Anything You Can Do"" is a song composed by Irving Berlin for the 1946 Broadway musical ""Annie Get Your Gun"". The song is a duet, with one male singer and one female singer

choosing the occupation of ""newspaper carrier"" was required to ride a bicycle down a narrow yellow line (without veering from it) and throw several newspapers at targets. She lost control of the bicycle, fell to the studio floor, and apparently broke a bone. Wood mentioned other contestants being injured as well. The title of the show is inspired by a 1946 song called ""Anything You Can Do, I Can Do Better"" from the hit broadway musical ""Annie Get Your Gun"" (composed by Irving Berlin) as a sprirted duet with one male singer and one female singer attempting to outdo each",1,Cat6,SUPPORTED,FAIL,PASS,CLEAR,ENTAILED,INVALID,FAIL,PASS,CLEAR,ENTAILED,INVALID,A_B_AGREEMENT,,,,,,FAIL,PASS,CLEAR,ENTAILED,INVALID,SUPPORTED,INVALID,REMOVE,ELIGIBILITY
341,"Of the film directors Kenji Mizoguchi and Andrzej Żuławski, which one often went against mainstream commercialism in his films?","Kenji Mizoguchi (溝口 健二 , Mizoguchi Kenji , May 16, 1898 – August 24, 1956) was a Japanese film director and screenwriter.Andrzej Żuławski (] ; 22 November 1940 – 17 February 2016) was a Polish film director and writer. Żuławski often went against mainstream commercialism in his films, and enjoyed success mostly with European art-house audiences.",Kenji Mizoguchi never went against mainstream commercialism.,Cat2,UNSUPPORTED,PASS,PASS,CLEAR,ENTAILED,Cat2,PASS,PASS,CLEAR,NOT_ENOUGH_INFO,Cat2,THIRD_PERSON_ADJUDICATION,PASS,PASS,CLEAR,CONTRADICTED,Cat2,PASS,PASS,CLEAR,CONTRADICTED,Cat2,UNSUPPORTED,ELIGIBLE,RETAIN_UNCHANGED,
342,"The author of ""Evolution: A Theory in Crisis"" is a Senior Fellow at what institute?","Evolution: A Theory in Crisis is a 1985 book by Michael Denton arguing that the scientific theory of evolution by natural selection is a ""theory in crisis"". He is a Senior Fellow at the Discovery Institute's Center for Science and Culture.",Discovery Institute's Center for Science and Culture exists.,Cat1,SUPPORTED,PASS,PASS,CLEAR,ENTAILED,Cat1,PASS,FAIL,CLEAR,ENTAILED,INVALID,THIRD_PERSON_ADJUDICATION,PASS,FAIL,CLEAR,ENTAILED,Cat1,PASS,FAIL,CLEAR,ENTAILED,INVALID,SUPPORTED,INVALID,REMOVE,ELIGIBILITY
343,Which of the following airports can be accessed from Fairbanks via the Elliot and Dalton highways: Deadhorse Airport or Evansville Regional Airport?,"Deadhorse Airport (IATA: SCC, ICAO: PASC, FAA LID: SCC) is a public airport located in Deadhorse on the North Slope of Alaska. It can be accessed from Fairbanks via the Elliott and Dalton highways.Evansville Regional Airport (IATA: EVV, ICAO: KEVV, FAA LID: EVV) is three miles north of Evansville, in Vanderburgh County, Indiana, United States.",Neither airport can be accessed from Fairbanks.,Cat2,UNSUPPORTED,PASS,PASS,CLEAR,CONTRADICTED,Cat3,PASS,PASS,CLEAR,CONTRADICTED,Cat2,THIRD_PERSON_ADJUDICATION,PASS,PASS,CLEAR,CONTRADICTED,Cat2,PASS,PASS,CLEAR,CONTRADICTED,Cat2,UNSUPPORTED,ELIGIBLE,RETAIN_UNCHANGED,
344,Who wrote remember me i'm the one who loves you?,"while reaching No. 7 on ""Billboard""s Easy Listening chart, and No. 14 on Canada's R.P.M. Play Sheet. (Remember Me) I'm the One Who Loves You ""(Remember Me) I'm The One Who Loves You"" is a song written and originally sung by Stuart Hamblen, which he released in 1950. The song was also a hit for Ernest Tubb the same year, and Dean Martin in 1965. Hamblen's version reached No. 2 on ""Billboard""s chart of ""Country & Western Records Most Played by Folk Disk Jockeys"", No. 3 on ""Billboard""s chart of ""Best-Selling Retail Folk (Country & Western) Records"", and No. 4

(Remember Me) I'm the One Who Loves You ""(Remember Me) I'm The One Who Loves You"" is a song written and originally sung by Stuart Hamblen, which he released in 1950. The song was also a hit for Ernest Tubb the same year, and Dean Martin in 1965. Hamblen's version reached No. 2 on ""Billboard""s chart of ""Country & Western Records Most Played by Folk Disk Jockeys"", No. 3 on ""Billboard""s chart of ""Best-Selling Retail Folk (Country & Western) Records"", and No. 4 on ""Billboard""s chart of ""Most Played Juke Box Folk (Country & Western) Records."" Hamblen's version was also

chorus."" Ruhlman added that ""...The country market never bit at these records, but Martin had a clutch of material that sounded fresh to pop fans. And, the liner notes notwithstanding, Bowen and Freeman knew that the time had come to vary the formula."" (Remember Me) I'm the One Who Loves You (album) (Remember Me) I'm the One Who Loves You is a 1965 studio album by Dean Martin, produced by Jimmy Bowen and arranged by Ernie Freeman. The album was Martin's fifth album to appear in the Top 40, and peaked at number 12 on the ""Billboard"" Top LP's chart.",Hamblen's version performed best on Billboard's 'Country & Western Records Most Played by Folk Disk Jockeys' chart.,Cat5,UNSUPPORTED,PASS,FAIL,CLEAR,ENTAILED,INVALID,PASS,FAIL,CLEAR,ENTAILED,INVALID,A_B_AGREEMENT,,,,,,PASS,FAIL,CLEAR,ENTAILED,INVALID,SUPPORTED,INVALID,REMOVE,ELIGIBILITY
345,"Regarding its initial release in 1968, 'I Can't Let Maggie Go' was not included on what type of Honeybus record?","I Can't Let Maggie Go ""I Can't Let Maggie Go"" is a song by the British pop group Honeybus from early 1968. Written by band member Pete Dello, it was released as a non-album single. The song became an international Top 20 hit, reaching number 13 in New Zealand and number 11 in Ireland. It did best in their native United Kingdom, where it reached number eight in the UK Singles Chart. ""I Can't Let Maggie Go"" was included on the group's later compilation LPs, ""Honeybus at Their Best"" and ""Old Masters Hidden Treasures"". The song was also a top

with 1968's ""I Can't Let Maggie Go"", which was so popular that it earned the band a cover photo on the popular music magazine, ""Disc and Music Echo"", for which they posed atop a red London bus. ""I Can't Let Maggie Go"" reached Number 8 in the UK Singles Chart, in April 1968, staying in the Top 40 for over two months. Dello resigned in August 1968. The band recruited Jim Kelly on guitar and vocals to replace him and Cane began songwriting and performing lead vocals. This line-up scored minor successes with ""She Sold Blackpool Rock"" and ""Girl Of

10 hit in Italy, with a 1968 version made by Equipe 84, entitled ""Un angelo blu"" (""A blue angel""). It enjoyed an unexpected reprise in popularity in the 1970s, when it was used as the soundtrack for a television advertisement for ""Nimble"", a bread produced for slimmers. ""I Can't Let Maggie Go"" has been covered by J. Vincent Edwards in 1974, as well as by the Sideburns in 1993. David Essex included his own version on the 2005 compilation album, ""The Complete Collection"". I Can't Let Maggie Go ""I Can't Let Maggie Go"" is a song by the British pop","It was not included on a studio album, as it was released as a non-album single.",Cat2,SUPPORTED,PASS,PASS,CLEAR,ENTAILED,Cat2,PASS,PASS,CLEAR,ENTAILED,Cat2,A_B_AGREEMENT,,,,,,PASS,PASS,CLEAR,ENTAILED,Cat2,SUPPORTED,ELIGIBLE,RETAIN_UNCHANGED,
346,Who sang if i were a boy originally?,"If I Were a Boy ""If I Were a Boy"" is a song performed by American singer and songwriter Beyoncé from her third studio album ""I Am... Sasha Fierce"" (2008). ""If I Were a Boy"" was written by BC Jean and Toby Gad, who also handled its production alongside Beyoncé. Inspired by the difficult break-up of a romantic relationship, the song was initially recorded by Jean, whose record company rejected it. Beyoncé then recorded her own version. Jean was upset when she learned that Beyoncé was releasing it as a single, but eventually, they reached an agreement. Columbia Records released

was an artist, so it was, like, 'Oh, this songwriter BC.' "" ""If I Were a Boy"" was the first song she ever recorded, and she initially did not intend to hand it to another singer. Jean said that the fact that Beyoncé recorded the ballad provided many opportunities, and she was approached by many people who wanted to purchase her lyrics. She refused their offers, desiring to use her songs for her own album. However, Jean still intends to write for other artists. ""If I Were a Boy"" is a midtempo pop and R&B ballad, with folk rock and

US. The accompanying music video for ""If I Were a Boy"" was directed by Jake Nava and shot in black-and-white. With a theme of role reversal, it is conceptually similar to the American comedy film ""Freaky Friday"" (1976). A video for the Spanish version of the ballad was edited from the original clip. Beyoncé promoted ""If I Were a Boy"" through live performances at venues including ""The Oprah Winfrey Show"", the 52nd Grammy Awards, and the I Am... World Tour (2009–10). The song has been covered several times on televised music competitions. American singer Reba McEntire sang a country version","""If I Were a Boy"" was written by Toby Gad.",Cat7,SUPPORTED,PASS,FAIL,CLEAR,ENTAILED,INVALID,PASS,FAIL,CLEAR,ENTAILED,INVALID,A_B_AGREEMENT,,,,,,PASS,FAIL,CLEAR,ENTAILED,INVALID,SUPPORTED,INVALID,REMOVE,ELIGIBILITY
347,"Which documentary film was released first, Station to Station or Black Chicks Talking?","Station to Station is the 2014 film of Doug Aitken's 2013 ""Nomadic Happening"", the film is made up of 62 one-minute films.Black Chicks Talking is an arts project by Australian actress Leah Purcell featuring a 2001 documentary film, a 2002 book, a stage production and an art exhibition.",The five Aboriginal women discuss their experiences as Aboriginal women in contemporary Australia.,Cat6,UNSUPPORTED,PASS,FAIL,CLEAR,ENTAILED,INVALID,PASS,FAIL,CLEAR,NOT_ENOUGH_INFO,INVALID,THIRD_PERSON_ADJUDICATION,PASS,FAIL,CLEAR,NOT_ENOUGH_INFO,INVALID,PASS,FAIL,CLEAR,NOT_ENOUGH_INFO,INVALID,UNSUPPORTED,INVALID,REMOVE,ELIGIBILITY
348,When was the  Prime Minister of India after which V. K. Krishna Menon was regarded as the second most powerful man in India born?  ,"Vengalil Krishnan Krishna Menon (3 May 1896 – 6 October 1974) was an Indian nationalist, diplomat and politician, described by some as the second most powerful man in India, after his ally, 1st Prime Minister of India Jawaharlal Nehru.Jawaharlal Nehru ( ; ; 14 November 1889 – 27 May 1964) was the first Prime Minister of India and a central figure in Indian politics before and after independence.",V.K. Krishna Menon was born on 3 May 1896.,Cat4,SUPPORTED,PASS,FAIL,CLEAR,ENTAILED,INVALID,PASS,FAIL,CLEAR,ENTAILED,INVALID,A_B_AGREEMENT,,,,,,PASS,FAIL,CLEAR,ENTAILED,INVALID,SUPPORTED,INVALID,REMOVE,ELIGIBILITY
349,"Based on the span of years provided in the text, for how many years did John Amos play the role of James Evans, Sr. on the series ""Good Times""?"," The film co-stars Bonnie Bedelia (reprising her role as Holly McClane), William Sadler, Art Evans, William Atherton (reprising his role as Richard ""Dick"" Thornburg), Franco Nero, Dennis Franz, Fred Thompson, John Amos and Reginald VelJohnson, returning briefly in his role as Sgt. Al Powell from the first film.John Allen Amos Jr. (born December 27, 1939) is an American actor who is best known for his role as James Evans, Sr. on the CBS television series ""Good Times"" (1974–76).",2 years,Cat6,SUPPORTED,FAIL,PASS,CLEAR,ENTAILED,INVALID,FAIL,PASS,CLEAR,ENTAILED,INVALID,A_B_AGREEMENT,,,,,,FAIL,PASS,CLEAR,ENTAILED,INVALID,SUPPORTED,INVALID,REMOVE,ELIGIBILITY
350,"the head coach of the LSU Tigers football team is Ed Orgeron, who is currently the head coach at what university?",The LSU Tigers football team represents Louisiana State University in the sport of American football. He is currently the head coach at Louisiana State University (LSU).,Ed Orgeron is currently the head coach at Louisiana State Normal School.,Cat4,UNSUPPORTED,PASS,PASS,CLEAR,CONTRADICTED,Cat1,PASS,PASS,CLEAR,CONTRADICTED,Cat1,A_B_AGREEMENT,,,,,,PASS,PASS,CLEAR,CONTRADICTED,Cat1,UNSUPPORTED,ELIGIBLE,RELABEL,CATEGORY
351,E'Shun Melvin was the voice of Young Boyd on Teen Wolf  developed by Jeff Davis for what television network," He is best known for his role as Noah on the BET original comedy television series Real Husbands of Hollywood, and for providing the voice of Young Boyd on Teen Wolf.Teen Wolf is an American television series developed by Jeff Davis for MTV.",MTV must extract atomic facts from this text.,Cat3,UNSUPPORTED,PASS,FAIL,CLEAR,NOT_ENOUGH_INFO,INVALID,FAIL,FAIL,AMBIGUOUS,NOT_ENOUGH_INFO,INVALID,THIRD_PERSON_ADJUDICATION,FAIL,FAIL,AMBIGUOUS,NOT_ENOUGH_INFO,INVALID,FAIL,FAIL,AMBIGUOUS,NOT_ENOUGH_INFO,INVALID,UNSUPPORTED,INVALID,REMOVE,ELIGIBILITY
352,What poem by this writer born in September 1872 was used in devotional and spoken word recordings?,"Max Ehrmann (September 26, 1872 – September 9, 1945) was an American writer, poet, and attorney from Terre Haute, Indiana, widely known for his 1927 prose poem ""Desiderata"" (Latin: ""things desired"").""Desiderata"" (Latin: ""desired things"") is a 1927 prose poem by American writer Max Ehrmann. Largely unknown in the author's lifetime, the text became widely known after its use in devotional and spoken-word recordings in 1971 and 1972.",The prose poem 'Desiderata' became widely known before it was used in devotional recordings.,Cat4,UNSUPPORTED,PASS,PASS,CLEAR,ENTAILED,Cat4,PASS,PASS,CLEAR,CONTRADICTED,Cat4,THIRD_PERSON_ADJUDICATION,PASS,PASS,CLEAR,CONTRADICTED,Cat4,PASS,PASS,CLEAR,CONTRADICTED,Cat4,UNSUPPORTED,ELIGIBLE,RETAIN_UNCHANGED,
353,Who got rid of the romans in britain?,"End of Roman rule in Britain The end of Roman rule in Britain was the transition from Roman Britain to post-Roman Britain. Roman rule ended in different parts of Britain at different times, and under different circumstances. In 383, the usurper Magnus Maximus withdrew troops from northern and western Britain, probably leaving local warlords in charge. Around 410, the Romano-British expelled the magistrates of the usurper Constantine III, ostensibly in response to his failures to use the Roman garrison he had stripped from Britain to protect the island. Roman Emperor Honorius replied to a request for assistance with the ""Rescript

the Romano-Britons to revolt. Regarding the events of 409 and 410 when the Romano-Britons expelled Roman officials and sent a request for aid to Honorius, Michael Jones (""The End of Roman Britain"", 1998) offered a different chronology to the same end result: he suggested that the Britons first appealed to Rome and when no help was forthcoming, they expelled the Roman officials and took charge of their own affairs. One theory that occurs in some modern histories concerns the ""Rescript of Honorius"", holding that it refers to the cities of the Bruttii (who lived at the ""toe"" of Italy in

Roman Britain Roman Britain ( or, later, """", ""the Britains"") was the area of the island of Great Britain that was governed by the Roman Empire, from 43 to 410 AD. It comprised almost all of England and Wales and, for a short period, southern Scotland. Julius Caesar invaded Britain in 55 and 54 BC as part of his Gallic Wars. According to Caesar, the Britons had been overrun or culturally assimilated by other Celtic tribes during the British Iron Age and had been aiding Caesar's enemies. He received tribute, installed a friendly king over the Trinovantes, and returned to","In 383, the usurper Magnus Maximus withdrew troops from northern Britain.",Cat4,SUPPORTED,PASS,PASS,CLEAR,ENTAILED,Cat4,PASS,PASS,CLEAR,ENTAILED,Cat4,A_B_AGREEMENT,,,,,,PASS,PASS,CLEAR,ENTAILED,Cat4,SUPPORTED,ELIGIBLE,RETAIN_UNCHANGED,
354,Essential Montreux is a box-set by a singer known for being a guitar virtuoso in what two genres?,"Essential Montreux is a special edition, five CD box-set, by Northern Irish, blues rock guitarist and singer, Gary Moore.Robert William Gary Moore (4 April 1952 – 6 February 2011) was a Northern Irish musician, most widely recognised as a singer, songwriter, and virtuoso rock and blues guitarist.",blues is a genre of music.,Cat1,SUPPORTED,PASS,FAIL,CLEAR,ENTAILED,INVALID,PASS,FAIL,CLEAR,ENTAILED,INVALID,A_B_AGREEMENT,,,,,,PASS,FAIL,CLEAR,ENTAILED,INVALID,SUPPORTED,INVALID,REMOVE,ELIGIBILITY
355,"Based on its description as a bimonthly publication, the magazine ""Make"" is issued every how many months?","William Gurstelle (born March 29, 1956) is an American nonfiction author, magazine writer, and inventor. He is a feature columnist for ""Make"" magazine and a columnist and contributing editor at ""Popular Science"" magazine.Make: (or ""MAKE:"") is an American bimonthly magazine published by Maker Media which focuses on do it yourself (DIY) and/or DIWO (Do It With Others) projects involving computers, electronics, robotics, metalworking, woodworking and other disciplines.",2 months,Cat6,SUPPORTED,FAIL,PASS,CLEAR,ENTAILED,INVALID,FAIL,PASS,CLEAR,ENTAILED,INVALID,A_B_AGREEMENT,,,,,,FAIL,PASS,CLEAR,ENTAILED,INVALID,SUPPORTED,INVALID,REMOVE,ELIGIBILITY
356,"Based on the release years provided in the text, how many years after ""Beyond the Gates of Splendor"" was the documentary ""Jesus Camp"" released?","Beyond the Gates of Splendor (also Beyond the Gates) is a feature-length documentary film that was released in 2004.Jesus Camp is a 2006 American documentary film directed by Rachel Grady and Heidi Ewing about a Charismatic Christian summer camp, where children spend their summers being taught that they have ""prophetic gifts"" and can ""take back America for Christ"".",2 years,Cat6,UNSUPPORTED,FAIL,PASS,CLEAR,ENTAILED,INVALID,FAIL,PASS,CLEAR,ENTAILED,INVALID,A_B_AGREEMENT,,,,,,FAIL,PASS,CLEAR,ENTAILED,INVALID,SUPPORTED,INVALID,REMOVE,ELIGIBILITY
357," ""Your Love Had Taken Me That High"" is a song recorded by a singer that received a string of Country Music Association awards for duets with who?","""Your Love Had Taken Me That High"" is a song written by Jack Dunham and Galen Raye, and recorded by American country music artist Conway Twitty.Conway Twitty (born Harold Lloyd Jenkins; September 1, 1933 – June 5, 1993) was an American country music singer. From 1971 to 1976, Twitty received a string of Country Music Association awards for duets with Loretta Lynn.",The singer had received many awards.,Cat3,SUPPORTED,PASS,FAIL,CLEAR,NOT_ENOUGH_INFO,INVALID,PASS,FAIL,AMBIGUOUS,ENTAILED,INVALID,THIRD_PERSON_ADJUDICATION,PASS,FAIL,AMBIGUOUS,ENTAILED,INVALID,PASS,FAIL,AMBIGUOUS,ENTAILED,INVALID,SUPPORTED,INVALID,REMOVE,ELIGIBILITY
358,What country does Florida Board of Regents and State University System of Florida have in common?,"The Florida Board of Regents was from 1965 to 2001 the governing body for the State University System of Florida, which includes all public universities in the state of Florida, United States.The State University System of Florida (SUS, or SUSF out-of-state) is a system of twelve public universities in the U.S. state of Florida.",Both are located in the Northern Hemisphere.,Cat3,UNSUPPORTED,PASS,PASS,CLEAR,ENTAILED,Cat1,PASS,FAIL,CLEAR,NOT_ENOUGH_INFO,INVALID,THIRD_PERSON_ADJUDICATION,PASS,FALL,CLEAR,CONTRADICTED,INVALID,PASS,FAIL,CLEAR,CONTRADICTED,INVALID,UNSUPPORTED,INVALID,REMOVE,ELIGIBILITY
359,The Abbey of Saint-Étienne was founded by a descendant of who?,"The Abbey of Saint-Étienne, also known as Abbaye aux Hommes (""Men's Abbey"") by contrast with the Abbaye aux Dames (""Ladies' Abbey""), is a former Benedictine monastery in the French city of Caen, Normandy, dedicated to Saint Stephen. It was founded in 1063 by William the Conqueror and is one of the most important Romanesque buildings in Normandy.William I (c. 1028 – 9 September 1087), usually known as William the Conqueror and sometimes William the Bastard, was the first Norman King of England, reigning from 1066 until his death in 1087. A descendant of Rollo, he was Duke of Normandy (as Duke William II) from 1035 onward.",The Abbey of Saint-Étienne was founded by William the Conqueror.,Cat7,SUPPORTED,PASS,PASS,CLEAR,ENTAILED,Cat1,PASS,PASS,AMBIGUOUS,ENTAILED,Cat1,THIRD_PERSON_ADJUDICATION,PASS,PASS,CLEAR,ENTAILED,Cat1,PASS,PASS,CLEAR,ENTAILED,Cat1,SUPPORTED,ELIGIBLE,RELABEL,CATEGORY
360,The Curzon Ashton L.F.C. consists of which gender?,"Curzon Ashton Ladies Football Club is an English women's football club affiliated with Curzon Ashton F.C..Curzon Ashton Football Club is a semi-professional football club based in the market town of Ashton-under-Lyne, Greater Manchester, England, that competes in the National League North, the sixth-highest division overall in the English football league system, and are members of the Manchester County Football Association.",Ladies is often used as a polite or formal way to address women.,Cat3,UNSUPPORTED,PASS,FAIL,CLEAR,ENTAILED,INVALID,PASS,FAIL,CLEAR,NOT_ENOUGH_INFO,INVALID,THIRD_PERSON_ADJUDICATION,PASS,FAIL,CLEAR,NOT_ENOUGH_INFO,INVALID,PASS,FAIL,CLEAR,NOT_ENOUGH_INFO,INVALID,UNSUPPORTED,INVALID,REMOVE,ELIGIBILITY
361,Who was born first Vladimir Voevodsky or Anatoly Maltsev ,"Vladimir Alexandrovich Voevodsky ( ; Russian: Влади́мир Алекса́ндрович Воево́дский , 4 June 1966 - 30 September 2017) was a Russian mathematician.Anatoly Ivanovich Maltsev (also: Malcev, Mal'cev; Russian: Анато́лий Ива́нович Ма́льцев; 27 November N.S./14 November O.S. 1909, Moscow Governorate – 7 June 1967, Novosibirsk) was born in Misheronsky, near Moscow, and died in Novosibirsk, USSR.",Anatoly Ivanovich Maltsev is a person.,Cat1,SUPPORTED,PASS,FAIL,CLEAR,ENTAILED,INVALID,PASS,FAIL,CLEAR,ENTAILED,INVALID,A_B_AGREEMENT,,,,,,PASS,FAIL,CLEAR,ENTAILED,INVALID,SUPPORTED,INVALID,REMOVE,ELIGIBILITY
362,"According to the text, Breachacha Castle consists of how many structures on the shore of Loch Breachacha?"," Coll is known for its sandy beaches, which rise to form large sand dunes, for its corncrakes, and for Breacachadh Castle.Breachacha Castle (also spelled Breacachadh) is either of two structures on the shore of Loch Breachacha, on the Inner Hebridean island of Coll, Scotland.",4,Cat6,UNSUPPORTED,FAIL,PASS,CLEAR,CONTRADICTED,INVALID,FAIL,PASS,CLEAR,CONTRADICTED,INVALID,A_B_AGREEMENT,,,,,,FAIL,PASS,CLEAR,CONTRADICTED,INVALID,UNSUPPORTED,INVALID,REMOVE,ELIGIBILITY
363,What is a small network appliance and entertainment device that serves as a the media player for the iTunes Store?," It also serves as a media player for television shows and films purchased in the iTunes Store, replacing the ""Videos"" application on earlier versions of iOS.Apple TV is a digital media player and microconsole developed and sold by Apple Inc. It is a small network appliance and entertainment device that can receive digital data from a number of sources and stream it to a capable television.",Apple TV is a client device for content media.,Cat1,SUPPORTED,PASS,PASS,CLEAR,ENTAILED,Cat1,FAIL,PASS,AMBIGUOUS,NOT_ENOUGH_INFO,INVALID,THIRD_PERSON_ADJUDICATION,PASS,PASS,CLEAR,ENTAILED,Cat1,PASS,PASS,CLEAR,ENTAILED,Cat1,SUPPORTED,ELIGIBLE,RETAIN_UNCHANGED,
364,what is the connection between Peter O'Meara and Norman Dike?," Lauded for his work on the London stage he came to the screen in the groundbreaking HBO series ""Band of Brothers"" playing 1st Lt Norman Dike. Dike was portrayed in the HBO miniseries ""Band of Brothers"" by Peter O'Meara.",Easy Company is part of the 101st Airborne Division.,Cat7,UNSUPPORTED,PASS,FAIL,CLEAR,NOT_ENOUGH_INFO,INVALID,PASS,FAIL,CLEAR,NOT_ENOUGH_INFO,INVALID,A_B_AGREEMENT,,,,,,PASS,FAIL,CLEAR,NOT_ENOUGH_INFO,INVALID,UNSUPPORTED,INVALID,REMOVE,ELIGIBILITY
365,Michael Gambon did not portray Professor Albus Dumbledore in the Harry Potter films until after which event?,"Sir Michael John Gambon {'1': "", '2': "", '3': "", '4': ""} (born 19 October 1940) is an Irish-born English actor who has worked in theatre, television and film. Gambon has played the eponymous mystery writer protagonist in the BBC television serial ""The Singing Detective"", Jules Maigret in the 1990s ITV serial ""Maigret"", and Professor Albus Dumbledore in the final six ""Harry Potter"" films after the death of previous actor Richard Harris. For most of the series, he is the headmaster of the wizarding school Hogwarts.",He did not portray the character until after the death of previous actor Richard Harris.,Cat2,SUPPORTED,PASS,PASS,CLEAR,ENTAILED,Cat2,PASS,PASS,CLEAR,ENTAILED,Cat4,THIRD_PERSON_ADJUDICATION,PASS,PASS,CLEAR,ENTAILED,Cat4,PASS,PASS,CLEAR,ENTAILED,Cat4,SUPPORTED,ELIGIBLE,RELABEL,CATEGORY
366,Which ocean covers the most surface area on Earth?,The Pacific Ocean is the largest and deepest of Earth's oceanic divisions. It extends from the Arctic Ocean in the north to the Southern Ocean in the south and covers more surface area than any other ocean.,The Pacific Ocean is the largest ocean on Earth.,Cat5,SUPPORTED,PASS,PASS,CLEAR,ENTAILED,Cat5,PASS,PASS,CLEAR,ENTAILED,Cat5,A_B_AGREEMENT,,,,,,PASS,PASS,CLEAR,ENTAILED,Cat5,SUPPORTED,ELIGIBLE,RETAIN_UNCHANGED,
367,Where did the brown v board of education take place?,"Brown v. Board of Education National Historic Site ""Brown v. Board of Education"" National Historic Site was established in Topeka, Kansas, on October 26, 1992, by the United States Congress to commemorate the landmark U.S. Supreme Court decision aimed at ending racial segregation in public schools. On May 17, 1954, the Supreme Court unanimously declared that ""separate educational facilities are inherently unequal"" and, as such, violated the 14th Amendment to the United States Constitution, which guarantees all citizens ""equal protection of the laws."" The site consists of the Monroe Elementary School, one of the four segregated elementary schools for African

Brown v. Board of Education Brown v. Board of Education of Topeka, 347 U.S. 483 (1954), was a landmark United States Supreme Court case in which the Court declared state laws establishing separate public schools for black and white students to be unconstitutional. The decision effectively overturned the ""Plessy v. Ferguson"" decision of 1896, which allowed state-sponsored segregation, insofar as it applied to public education. Handed down on May 17, 1954, the Warren Court's unanimous (9–0) decision stated that ""separate educational facilities are inherently unequal."" As a result, ""de jure"" racial segregation was ruled a violation of the Equal Protection

Jones, Lance Newman, and Gloria Thompson. The U.S. Supreme Court's ruling in 1954, ""Brown v. Board of Education of Topeka"", Kansas had struck down the previous ruling on racial segregation ""Plessy v. Ferguson"" that held that facilities could be racially ""separate but equal."" ""Brown v. Board of Education"" ruled that ""racially separate educational facilities were inherently unequal."" The elected Arlington County School Board presumed that the state would defer to localities and in January 1956 announced plans to integrate Arlington schools. The state responded by suspending the county's right to an elected school board. The Arlington County Board, the ruling","Brown v. Board of Education did not uphold the ""separate but equal"" doctrine in public education.",Cat2,SUPPORTED,PASS,FAIL,CLEAR,ENTAILED,INVALID,PASS,FAIL,CLEAR,ENTAILED,INVALID,A_B_AGREEMENT,,,,,,PASS,FAIL,CLEAR,ENTAILED,INVALID,SUPPORTED,INVALID,REMOVE,ELIGIBILITY
368,The national flag of Ghana designed by Theodosia Okoh was adopted in which year?,"The national flag of Ghana was designed and adopted in 1957 and was flown until 1962, and then reinstated in 1966.Theodosia Salome Okoh (13 June 1922 – 19 April 2015) was a Ghanaian stateswoman, teacher and artist known for designing Ghana's flag in 1957.",The year is 1957.,Cat4,SUPPORTED,FAIL,PASS,CLEAR,ENTAILED,INVALID,FAIL,PASS,CLEAR,ENTAILED,INVALID,A_B_AGREEMENT,,,,,,FAIL,PASS,CLEAR,ENTAILED,INVALID,SUPPORTED,INVALID,REMOVE,ELIGIBILITY
369,Who is fifa and how many member countries do they have?,"recognised by FIFA which oversee the game in the different continents and regions of the world. National associations, and not the continental confederations, are members of FIFA. The continental confederations are provided for in FIFA's statutes, and membership of a confederation is a prerequisite to FIFA membership. In total, FIFA recognises 211 national associations and their associated men's national teams as well as 129 women's national teams; see the list of national football teams and their respective country codes. FIFA has more member states than the UN as FIFA recognises 23 non-sovereign entities as distinct nations, such as the four

FIFA The Fédération Internationale de Football Association (FIFA ; French for 'International Federation of Association Football') is an organization which describes itself as an international governing body of association football, fútsal, and beach soccer. FIFA is responsible for the organization of football's major international tournaments, notably the World Cup which commenced in 1930 and the Women's World Cup which commenced in 1991. FIFA was founded in 1904 to oversee international competition among the national associations of Belgium, Denmark, France, Germany, the Netherlands, Spain, Sweden, and Switzerland. Headquartered in Zürich, its membership now comprises 211 national associations. Member countries must each

European nations at the FIFA World Cup Association football is the most popular sport in nearly every European country, and UEFA is one of the six confederations of world football's governing body FIFA. UEFA contains 55 national association members, some of which partially or entirely located in Asia. A total of 33 of the current members of UEFA have competed at the men's FIFA World Cup, while the defunct East Germany qualified once. The team ranking in each tournament is according to FIFA. The rankings, apart from the top four positions (top two in 1930), are not a result of",The International Federation of Association Football is the highest governing body of association football.,Cat5,SUPPORTED,PASS,PASS,CLEAR,ENTAILED,Cat1,PASS,PASS,CLEAR,ENTAILED,Cat1,A_B_AGREEMENT,,,,,,PASS,PASS,CLEAR,ENTAILED,Cat1,SUPPORTED,ELIGIBLE,RELABEL,CATEGORY
370,Song at the end of who dat boy?,"accompanied music video was uploaded on June 29, 2017 on Tyler's official YouTube channel. The music video was directed by Tyler under the pseudonym Wolf Haley. The music video features visual allusions to the 2017 film ""Get Out"" and rapper Action Bronson's face being sewn onto Tyler's. It also features a snippet of the song ""911"" at the end of the track. Who Dat Boy ""Who Dat Boy"" is a song by American rapper Tyler, the Creator. It was released on June 30, 2017 alongside, ""911 / Mr. Lonely"" through Columbia Records, as the lead singles from his fourth studio

Who Dat Boy ""Who Dat Boy"" is a song by American rapper Tyler, the Creator. It was released on June 30, 2017 alongside, ""911 / Mr. Lonely"" through Columbia Records, as the lead singles from his fourth studio album ""Flower Boy"". The song features vocals from ASAP Rocky. Tyler, the Creator began a one-week countdown on Twitter and Instagram to promote and release the two dual-singles called ""Who Dat Boy"" and ""911 / Mr. Lonely"" on June 30, 2017. The single is Tyler, the Creator's highest charting single to date debuting at 87 on the ""Billboard"" Hot 100. The song

before the announced release date of July 21. After a one-week countdown on Twitter and Instagram, Tyler, the Creator released a music video, titled ""Who Dat Boy"", to his official YouTube channel on June 29, 2017. The album's lead single, ""Who Dat Boy"" / ""911"", containing two songs: ""Who Dat Boy"" and ""911 / Mr. Lonely"" was released on June 30, 2017. The single peaked at number 87 on the US ""Billboard"" Hot 100. The album's second single, ""Boredom"", was released on July 11, 2017. The album's third single, ""I Ain't Got Time!"", was released on July 19, 2017. The","""911/Mr. Lonely"" was released through Columbia Records.",Cat7,SUPPORTED,PASS,PASS,CLEAR,ENTAILED,Cat1,PASS,FAIL,CLEAR,ENTAILED,INVALID,THIRD_PERSON_ADJUDICATION,PASS,FAIL,CLEAR,ENTAILED,Cat1,PASS,FAIL,CLEAR,ENTAILED,INVALID,SUPPORTED,INVALID,REMOVE,ELIGIBILITY
371,Hamid Ali Khan belongs to which group as a part of Hindustani classical music?," He belongs to the Patiala gharana.The Patiala gharana is one of the ""gharanas"" of vocal Hindustani classical music.",Patiala gharana has produced many notable musicians over the years.,Cat3,UNSUPPORTED,PASS,FAIL,CLEAR,NOT_ENOUGH_INFO,INVALID,PASS,FAIL,CLEAR,NOT_ENOUGH_INFO,INVALID,A_B_AGREEMENT,,,,,,PASS,FAIL,CLEAR,NOT_ENOUGH_INFO,INVALID,UNSUPPORTED,INVALID,REMOVE,ELIGIBILITY
372,Space Island One starred what English actress who is married to roy battersby," A co-production between the UK's Sky One channel and the German Vox channel, it starred Judy Loe as Kathryn McTiernan, the commander of the multinational crew of the space station ""Unity"".Judith Margaret ""Judy"" Loe (born 6 March 1947) is an English actress.",Judy Loe is the actress who starred in Space Island One.,Cat7,SUPPORTED,PASS,PASS,CLEAR,ENTAILED,Cat1,PASS,PASS,CLEAR,ENTAILED,Cat1,A_B_AGREEMENT,,,,,,PASS,PASS,CLEAR,ENTAILED,Cat1,SUPPORTED,ELIGIBLE,RELABEL,CATEGORY
373,Who did doc hudson's voice in cars?,"Doc Hudson Doc Hudson (also known as The Fabulous Hudson Hornet or simply Doc) is an animated, anthropomorphic retired race car who appears in the 2006 Pixar film ""Cars"" as a medical doctor and a local judge. He is voiced by actor Paul Newman in the first and third films and video game, and Corey Burton in all other media. Six-time Turismo Carretera champion Juan María Traverso voiced the character in the Rioplatense Spanish version of the first film. He is modeled after a 1951 Hudson Hornet. Doc Hudson (Voiced by Paul Newman in his last non-documentary film role) was

to win two NASCAR premier series championships (1951 and 1953). Doc Hudson Doc Hudson (also known as The Fabulous Hudson Hornet or simply Doc) is an animated, anthropomorphic retired race car who appears in the 2006 Pixar film ""Cars"" as a medical doctor and a local judge. He is voiced by actor Paul Newman in the first and third films and video game, and Corey Burton in all other media. Six-time Turismo Carretera champion Juan María Traverso voiced the character in the Rioplatense Spanish version of the first film. He is modeled after a 1951 Hudson Hornet. Doc Hudson (Voiced

Russo) in which he played the dissolute father of the protagonist, Miles Roby, and for which he won a Golden Globe and a Primetime Emmy. In 2006, in keeping with his strong interest in car racing, he provided the voice of Doc Hudson, a retired anthropomorphic race car, in Disney/Pixar's ""Cars"" — this was his final role for a major feature film. While not in the sequel ""Cars 2"" (2011), his voice was later used in the third film, ""Cars 3"" (2017), for which he received billing, almost nine years after his death. Newman retired from acting in May 2007,",The voice of Doc Hudson of the Pixar Cars films in all other English media is done by Corey Burton.,Cat3,SUPPORTED,PASS,PASS,CLEAR,ENTAILED,Cat1,PASS,PASS,CLEAR,ENTAILED,Cat3,THIRD_PERSON_ADJUDICATION,PASS,PASS,CLEAR,ENTAILED,Cat3,PASS,PASS,CLEAR,ENTAILED,Cat3,SUPPORTED,ELIGIBLE,RETAIN_UNCHANGED,
374,Guitars for Wounded Warriors is an album that was recorded in the village in which New York county?," All tracks were recorded at Tarquin's Jungle Room Studios in New Paltz (village), New York.New Paltz is a village in Ulster County located in the U.S. state of New York.",Ulster County offers pumpkin picking in the fall.,Cat4,UNSUPPORTED,PASS,FAIL,CLEAR,NOT_ENOUGH_INFO,INVALID,PASS,FAIL,CLEAR,NOT_ENOUGH_INFO,INVALID,A_B_AGREEMENT,,,,,,PASS,FAIL,CLEAR,NOT_ENOUGH_INFO,INVALID,UNSUPPORTED,INVALID,REMOVE,ELIGIBILITY
375,Statistician Walter Francis Willcox received three degrees from a local college in Massachusetts. Which college?," He was graduated from Phillips Academy, Andover, in 1880, from Amherst College in 1884 with an A.B., and in 1888 received an A.M. degree from Amherst College. In 1906 he received an honorary LL.D. degree from Amherst College.Amherst College ( ) is a private liberal arts college located in Amherst, Massachusetts, United States.",Henry Ward Beecher was a prominent 19th-century clergyman.,Cat4,UNSUPPORTED,PASS,FAIL,CLEAR,NOT_ENOUGH_INFO,INVALID,PASS,FAIL,CLEAR,NOT_ENOUGH_INFO,INVALID,A_B_AGREEMENT,,,,,,PASS,FAIL,CLEAR,NOT_ENOUGH_INFO,INVALID,UNSUPPORTED,INVALID,REMOVE,ELIGIBILITY
376,How does the Amazon River compare with the Nile River?,"The Amazon River is one of the longest rivers in the world and carries more water than any other river. It flows through several South American countries, including Peru, Colombia, and Brazil. The Nile River, located in northeastern Africa, has traditionally been regarded as the longest river in the world. For decades, geographers have debated whether the Nile or the Amazon is longer, depending on the measurement method used. Despite this debate, the Amazon remains the largest river by discharge volume and contains the world's largest drainage basin. The river supports a vast ecosystem and is home to thousands of species of fish, birds, and mammals. The Amazon rainforest surrounding the river is one of the most biodiverse regions on Earth and plays a major role in regulating the global climate.",The Amazon River is definitively longer than the Nile River.,Cat5,UNSUPPORTED,PASS,PASS,AMBIGUOUS,NOT_ENOUGH_INFO,Cat5,PASS,PASS,CLEAR,CONTRADICTED,Cat5,THIRD_PERSON_ADJUDICATION,PASS,PASS,CLEAR,CONTRADICTED,Cat5,PASS,PASS,CLEAR,CONTRADICTED,Cat5,UNSUPPORTED,ELIGIBLE,RETAIN_UNCHANGED,
377,"In which newspaper was the short story published, of which the film Maniac is a loose adaptation ?","Maniac, also known as Sex Maniac, is a 1934 black-and-white exploitation/horror film, directed by Dwain Esper and written by Hildagarde Stadie, Esper's wife, as a loose adaptation of the Edgar Allan Poe story ""The Black Cat"", with references to his ""Murders in the Rue Morgue"". It was first published in the August 19, 1843, edition of ""The Saturday Evening Post"".",The Saturday Evening Post was founded by Cyrus H. K. Curtis.,Cat7,UNSUPPORTED,PASS,FAIL,CLEAR,NOT_ENOUGH_INFO,INVALID,PASS,FAIL,CLEAR,NOT_ENOUGH_INFO,INVALID,A_B_AGREEMENT,,,,,,PASS,FAIL,CLEAR,NOT_ENOUGH_INFO,INVALID,UNSUPPORTED,INVALID,REMOVE,ELIGIBILITY
378,When was Fannie Lee Chaney's son born?,"Fannie Lee Chaney (September 4, 1921 – May 22, 2007) was an American baker turned civil rights activist after her son James Chaney was murdered by the Ku Klux Klan during the 1964 Freedom Summer rides in Mississippi.James Earl Chaney (May 30, 1943 – June 21, 1964), from Meridian, Mississippi, was one of three American civil rights workers who were murdered during Freedom Summer by members of the Ku Klux Klan near Philadelphia, Mississippi.","May 30, 1943 is a date.",Cat4,SUPPORTED,FAIL,PASS,CLEAR,ENTAILED,INVALID,PASS,FAIL,CLEAR,ENTAILED,INVALID,THIRD_PERSON_ADJUDICATION,PASS,FAIL,CLEAR,ENTAILED,INVALID,PASS,FAIL,CLEAR,ENTAILED,INVALID,SUPPORTED,INVALID,REMOVE,ELIGIBILITY
379,Puklo srce is an album by a singer who lives where? ,Puklo srce (English translation: My Heart Exploded) is the second studio album by Montenegrin singer Boban Rajović. He has lived in Belgrade since 2000.,Puklo srce is an album.,Cat1,SUPPORTED,PASS,FAIL,CLEAR,ENTAILED,INVALID,PASS,FAIL,CLEAR,ENTAILED,INVALID,A_B_AGREEMENT,,,,,,PASS,FAIL,CLEAR,ENTAILED,INVALID,SUPPORTED,INVALID,REMOVE,ELIGIBILITY
380,"Downton is a civil parish in Herefordshire, located in the north of the county and containing the village of Downton-on-the-Rock, in which manuscript record of the ""Great Survey"" of much of England and parts of Wales completed in 1086, Downton is referred to as ""Duntune"", meaning ""hill settlement""?"," In the Domesday Book Downton is referred to as ""Duntune"", meaning ""hill settlement"".Domesday Book ( or ; Latin: ""Liber de Wintonia"" ""Book of Winchester"") is a manuscript record of the ""Great Survey"" of much of England and parts of Wales completed in 1086 by order of King William the Conqueror.",The Domesday Book does not refer to Downton.,Cat2,UNSUPPORTED,PASS,PASS,CLEAR,CONTRADICTED,Cat2,PASS,PASS,CLEAR,CONTRADICTED,Cat2,A_B_AGREEMENT,,,,,,PASS,PASS,CLEAR,CONTRADICTED,Cat2,UNSUPPORTED,ELIGIBLE,RETAIN_UNCHANGED,
381,"The Sia song ""Never Give Up"" is from the soundtrack of a film that is based on what non-fiction book?","""Never Give Up"" is a song recorded by Sia, from the soundtrack of the Garth Davis-directed film, ""Lion"".Lion is a 2016 biographical film directed by Garth Davis (in his feature debut) and written by Luke Davies, based on the non-fiction book ""A Long Way Home"" by Saroo Brierley with Larry Buttrose.","The film whose soundtrack includes ""Never Give Up"" is not based on a fictional book.",Cat2,SUPPORTED,PASS,PASS,CLEAR,ENTAILED,Cat2,PASS,PASS,CLEAR,ENTAILED,Cat2,A_B_AGREEMENT,,,,,,PASS,PASS,CLEAR,ENTAILED,Cat2,SUPPORTED,ELIGIBLE,RETAIN_UNCHANGED,
382,What commercial starring Vinny Warren first debuted during Monday Night Football in December of 1999?,"Vinny Warren is an Irish-born American advertising creative director, most notable for his iconic ""Whassup? The first spot aired during ""Monday Night Football"", December 20, 1999.","The first commercial starring Vinny Warren was ""What's the deal?"".",Cat4,UNSUPPORTED,PASS,PASS,CLEAR,NOT_ENOUGH_INFO,Cat1,PASS,PASS,CLEAR,CONTRADICTED,Cat1,THIRD_PERSON_ADJUDICATION,PASS,PASS,CLEAR,NOT_ENOUGH_INFO,Cat1,PASS,PASS,CLEAR,NOT_ENOUGH_INFO,Cat1,UNSUPPORTED,ELIGIBLE,RELABEL,CATEGORY
383,"Pandit Kishan Maharaj, was an Indian tabla player of Hindustani classical music, who belonged to which one of the six most common styles of playing of the Indian tabla? ",Pandit Kishan Maharaj (Hindi: किशन महाराज ) (3 September 1923 – 4 May 2008) was an Indian tabla player who belonged to the Benares gharana of Hindustani classical music.Benares gharānā is one of the six most common styles of playing of the Indian tabla.,The Benares gharānā is one of the six most common styles of playing of the Indian tabla.,Cat3,SUPPORTED,PASS,PASS,CLEAR,ENTAILED,Cat3,PASS,PASS,CLEAR,ENTAILED,Cat1,THIRD_PERSON_ADJUDICATION,PASS,PASS,CLEAR,ENTAILED,Cat5,PASS,PASS,CLEAR,ENTAILED,Cat5,SUPPORTED,ELIGIBLE,RELABEL,CATEGORY
384,How long did finding neverland run on broadway?,"Finding Neverland (musical) Finding Neverland is an original musical with music and lyrics by Scott Frankel and Michael Korie and a book by James Graham. Inspired by the 1998 play ""The Man Who Was Peter Pan"" by Allan Knee and his 2004 adaptation ""Finding Neverland"", the musical made its world premiere at the Curve Theatre in Leicester in 2012, with the reworked version making its world premiere in 2014 at the American Repertory Theater in Cambridge, Massachusetts. Following completion of its Cambridge run, the production transferred to Broadway in March 2015. After 17 months on Broadway, the production of ""Finding

Broadway at the Lunt-Fontanne Theatre in March 2015. On 10 November 2014, it was announced that Matthew Morrison would take Jordan's place in the portrayal of J. M. Barrie in the Broadway production. Kelsey Grammer starred as Charles Frohman and Laura Michelle Kelly reprised the role of Sylvia Llewelyn Davies. Previews began 15 March 2015, with the official opening on 15 April. The production did not receive any Tony Award nominations. The Broadway production closed on August 21, 2016 after 565 performances. In early 2016 it was announced that ""Finding Neverland"" would open in London in 2017, starring Alfie Boe

1999 after just over ten years, on its 4,274th performance, having grossed more than £150 million in ticket sales during its London run. Hytner also directed the New York production, where the show recouped its $10.9m investment in 39 weeks. The show, at New York's Broadway Theatre, opened on 11 April 1991 and closed on 28 January 2001 after 4,092 performances. Hytner was on a percentage for both London and New York productions, allowing him (then aged 34) to never need worry about money again. ""It was a huge– a massive stroke of fortune,"" he said in 2010. ""It meant",Finding Neverland had 565 performances.,Cat6,SUPPORTED,PASS,PASS,CLEAR,ENTAILED,Cat6,PASS,PASS,AMBIGUOUS,ENTAILED,Cat6,THIRD_PERSON_ADJUDICATION,PASS,PASS,AMBIGUOUS,ENTAILED,Cat6,PASS,PASS,AMBIGUOUS,ENTAILED,Cat6,SUPPORTED,ELIGIBLE,RETAIN_UNCHANGED,
385,"At the 2011 census, what was he population of the city where Kerry Saxby-Junna was born?"," She was born in Young, New South Wales and grew up in Ballina, New South Wales. At the 2011 census , Young had a population of 6,960.","The number is 6,960.",Cat6,SUPPORTED,FAIL,PASS,CLEAR,ENTAILED,INVALID,FAIL,PASS,CLEAR,ENTAILED,INVALID,A_B_AGREEMENT,,,,,,FAIL,PASS,CLEAR,ENTAILED,INVALID,SUPPORTED,INVALID,REMOVE,ELIGIBILITY
386,At which age Audrey Kathryn Lindvall's super model sister was discover by IMG scout?,"Audrey Kathryn Lindvall (August 11, 1982 – August 2, 2006) was an American model. She was the sister of supermodel Angela Lindvall, and the former face of Coach and Ann Taylor.Angela Lindvall (born January 14, 1979) is an American supermodel and actress. Lindvall was discovered by an IMG scout when she was 14 years old, and immediately signed with IMG New York.",Audrey Kathryn Lindvall was discovered by IMG scout at the age of 14.,Cat6,UNSUPPORTED,PASS,PASS,CLEAR,NOT_ENOUGH_INFO,Cat4,PASS,PASS,CLEAR,CONTRADICTED,Cat1,THIRD_PERSON_ADJUDICATION,PASS,PASS,CLEAR,CONTRADICTED,Cat1,PASS,PASS,CLEAR,CONTRADICTED,Cat1,UNSUPPORTED,ELIGIBLE,RELABEL,CATEGORY
387,How many video games featuring the character Ellie are explicitly mentioned in the text?,"Ellie is a fictional character in the 2013 video game ""The Last of Us"", and the main protagonist of the upcoming video game ""The Last of Us Part II"".The Last of Us Part II is an upcoming action-adventure survival horror video game developed by Naughty Dog and published by Sony Interactive Entertainment for PlayStation 4.",5,Cat6,UNSUPPORTED,FAIL,PASS,CLEAR,CONTRADICTED,INVALID,FAIL,PASS,CLEAR,CONTRADICTED,INVALID,A_B_AGREEMENT,,,,,,FAIL,PASS,CLEAR,CONTRADICTED,INVALID,UNSUPPORTED,INVALID,REMOVE,ELIGIBILITY
388,"Formerly titled the Collegiate Church of St Peter at Westminster, of which church was John Fecknam the last abbot?","John Feckenham (c. 1515 – October, 1584), also known as John Howman of Feckingham and later John de Feckenham or John Fecknam, was an English churchman, the last abbot of Westminster.Westminster Abbey, formally titled the Collegiate Church of St Peter at Westminster, is a large, mainly Gothic abbey church in the City of Westminster, London, just to the west of the Palace of Westminster.",John Feckenham was the last abbot of Westminster Abbey.,Cat5,SUPPORTED,PASS,PASS,CLEAR,ENTAILED,Cat1,PASS,PASS,CLEAR,ENTAILED,Cat1,A_B_AGREEMENT,,,,,,PASS,PASS,CLEAR,ENTAILED,Cat1,SUPPORTED,ELIGIBLE,RELABEL,CATEGORY
389,Kastles Stadium at The Wharf had a ribbon-cutting ceremony attended by the current commissioner of what organization?," The stadium was opened on June 14, 2011, with a ribbon-cutting ceremony attended by Billie Jean King, Ilana Kloss, District of Columbia mayor Vincent Gray, and others.Ilana Sheryl Kloss (born 22 March 1956) is a former professional tennis player, tennis coach, and the current commissioner of World TeamTennis, a position that she has held since 2001.",World TeamTennis features teams of both male and female players.,Cat3,UNSUPPORTED,PASS,FAIL,CLEAR,NOT_ENOUGH_INFO,INVALID,PASS,FAIL,CLEAR,NOT_ENOUGH_INFO,INVALID,A_B_AGREEMENT,,,,,,PASS,FAIL,CLEAR,NOT_ENOUGH_INFO,INVALID,UNSUPPORTED,INVALID,REMOVE,ELIGIBILITY
390,Was Beyond the Gates of Splendor or Jesus Camp released first?,"Beyond the Gates of Splendor (also Beyond the Gates) is a feature-length documentary film that was released in 2004.Jesus Camp is a 2006 American documentary film directed by Rachel Grady and Heidi Ewing about a Charismatic Christian summer camp, where children spend their summers being taught that they have ""prophetic gifts"" and can ""take back America for Christ"".",The five American missionaries were Jim Elliot.,Cat6,UNSUPPORTED,PASS,FAIL,CLEAR,NOT_ENOUGH_INFO,INVALID,PASS,FAIL,CLEAR,NOT_ENOUGH_INFO,INVALID,A_B_AGREEMENT,,,,,,PASS,FAIL,CLEAR,NOT_ENOUGH_INFO,INVALID,UNSUPPORTED,INVALID,REMOVE,ELIGIBILITY
391,"According to the example provided in the text, what is the normal systolic blood pressure value for a resting, healthy adult human?","millimetres of mercury (mmHg), though aneroid and electronic devices do not contain mercury. For each heartbeat, blood pressure varies between systolic and diastolic pressures. Systolic pressure is peak pressure in the arteries, which occurs near the end of the cardiac cycle when the ventricles are contracting. Diastolic pressure is minimum pressure in the arteries, which occurs near the beginning of the cardiac cycle when the ventricles are filled with blood. An example of normal measured values for a resting, healthy adult human is 120 mmHg systolic and 80 mmHg diastolic (written as 120/80 mmHg, and spoken as ""one-twenty over eighty"").

used for routine examinations and monitoring. A minimum systolic value can be roughly estimated by palpation, most often used in emergency situations, but should be used with caution. It has been estimated that, using 50% percentiles, carotid, femoral and radial pulses are present in patients with a systolic blood pressure > 70 mmHg, carotid and femoral pulses alone in patients with systolic blood pressure of > 50 mmHg, and only a carotid pulse in patients with a systolic blood pressure of > 40 mmHg. A more accurate value of systolic blood pressure can be obtained with a sphygmomanometer and palpating

Systolic hypertension In medicine, systolic hypertension is defined as an elevated systolic blood pressure (SBP). If the systolic blood pressure is elevated (>140) with a normal (<90) diastolic blood pressure (DBP), it is called ""isolated systolic hypertension"". Systolic hypertension may be due to reduced compliance of the aorta with increasing age. This increases the load on the ventricle and compromises coronary blood flow, eventually resulting in left ventricular hypertrophy, coronary ischemia, and heart failure. Contemporary science shows an immersed boundary method of computational illustration of a single heartbeat. Applied to physiologic models, immersed boundary theory sees the heart as a",120 mmHg,Cat6,SUPPORTED,FAIL,PASS,CLEAR,ENTAILED,INVALID,FAIL,PASS,CLEAR,ENTAILED,INVALID,A_B_AGREEMENT,,,,,,FAIL,PASS,CLEAR,ENTAILED,INVALID,SUPPORTED,INVALID,REMOVE,ELIGIBILITY
392,Pro kabaddi 2017 how many matches per team?,"of the tradition and culture all over the country. The 12 teams are divided into two zones of six each. Each team plays a total of 22 matches in the league stage: 1. Teams from the same zone play each other thrice, totalling 15 matches in the zone. 2. Then, a team will play an additional of 6 matches with the teams from the other zone. (Each team plays other team from the other zone once). These 6 inter-zone matches for each team will be held on three different weeks. These weeks are known as inter-zone challenge weeks and the

respective weeks are: 3. Then, each team plays one wild card match which is an additional inter-zone match in the penultimate week, selected by a random mid-season draw, totalling 22 matches in the league stage. The top three teams from each zone qualify for the super playoffs and compete for the title. Source: ""prokabaddi.com""<br> The teams are divided into two zones with each zone having six teams based on their geographical proximity. Each team will play 15 intra-zonal matches and 7 inter-zonal matches. Source:""prokabaddi.com"" Source: ""prokabaddi.com"" 2017 Pro Kabaddi League season The 2017 Vivo Pro Kabaddi League season was the

Sports Pro Kabaddi wants to make Pro Kabaddi, a 5-week event, happen 10 weeks a year by having two editions a year. The idea is to play the tournament once in January–February 2016 and once in June–July 2016. It also had 8 teams. Patna Pirates beat U Mumba by 3 Points in the final in Delhi to take home the trophy. Puneri Paltan came third this season. The fourth season took place from June 25 to July 31, with the existing eight teams participating. Patna Pirates beat Jaipur Pink Panthers in the men's final. Season 4 also saw the launch",Each team plays a total of 22 matches in the league stage.,Cat6,SUPPORTED,PASS,PASS,CLEAR,ENTAILED,Cat6,PASS,PASS,CLEAR,ENTAILED,Cat6,A_B_AGREEMENT,,,,,,PASS,PASS,CLEAR,ENTAILED,Cat6,SUPPORTED,ELIGIBLE,RETAIN_UNCHANGED,
393,"The rock band Lit was formed in 1995. As of the current year 2026, how many years has it been since the band was formed?","A Place in the Sun is the second studio album by the American rock band Lit.Lit is an American rock band, formed in 1995 in Fullerton, California. They are best known for their hit song ""My Own Worst Enemy"".",33 years,Cat6,UNSUPPORTED,FAIL,PASS,CLEAR,CONTRADICTED,INVALID,PASS,PASS,CLEAR,CONTRADICTED,Cat6,THIRD_PERSON_ADJUDICATION,FAIL,PASS,CLEAR,CONTRADICTED,INVALID,FAIL,PASS,CLEAR,CONTRADICTED,INVALID,UNSUPPORTED,INVALID,REMOVE,ELIGIBILITY
394,Who publishes a horror game with protagonist Ellie?,"Ellie is a fictional character in the 2013 video game ""The Last of Us"", and the main protagonist of the upcoming video game ""The Last of Us Part II"".The Last of Us Part II is an upcoming action-adventure survival horror video game developed by Naughty Dog and published by Sony Interactive Entertainment for PlayStation 4.",Sony Interactive Entertainment's notable studios include PlayStation All-Stars 34.,Cat7,UNSUPPORTED,PASS,FAIL,CLEAR,NOT_ENOUGH_INFO,INVALID,PASS,FAIL,AMBIGUOUS,NOT_ENOUGH_INFO,INVALID,THIRD_PERSON_ADJUDICATION,PASS,FAIL,AMBIGUOUS,NOT_ENOUGH_INFO,INVALID,PASS,FAIL,AMBIGUOUS,NOT_ENOUGH_INFO,INVALID,UNSUPPORTED,INVALID,REMOVE,ELIGIBILITY
395,Where does anything you can do i can do better come from?,"Anything You Can Do (I Can Do Better) ""Anything You Can Do"" is a song composed by Irving Berlin for the 1946 Broadway musical ""Annie Get Your Gun"". The song is a duet, with one male singer and one female singer attempting to outdo each other in increasingly complex tasks. In the musical, the song sets the scene for the climactic sharpshooting contest between Annie Oakley and Frank Butler. Its most memorable lines are, ""Anything you can do I can do better; I can do anything better than you."" The song was first performed in ""Annie Get Your Gun"" by

Ethel Merman and Ray Middleton. During the song, they argue playfully about who can, for example, sing softer, sing higher, sing sweeter, and hold a note for longer, and boast of their abilities and accomplishments, such as opening safes and living on bread and cheese, although Annie always seems to counter Frank's argument. Neither can ""bake a pie,"" though. Anything You Can Do (I Can Do Better) ""Anything You Can Do"" is a song composed by Irving Berlin for the 1946 Broadway musical ""Annie Get Your Gun"". The song is a duet, with one male singer and one female singer

choosing the occupation of ""newspaper carrier"" was required to ride a bicycle down a narrow yellow line (without veering from it) and throw several newspapers at targets. She lost control of the bicycle, fell to the studio floor, and apparently broke a bone. Wood mentioned other contestants being injured as well. The title of the show is inspired by a 1946 song called ""Anything You Can Do, I Can Do Better"" from the hit broadway musical ""Annie Get Your Gun"" (composed by Irving Berlin) as a sprirted duet with one male singer and one female singer attempting to outdo each","Irving Berlin composed ""Anything You Can Do (I Can Do Better)"".",Cat7,SUPPORTED,PASS,PASS,CLEAR,ENTAILED,Cat1,PASS,FAIL,CLEAR,ENTAILED,INVALID,THIRD_PERSON_ADJUDICATION,PASS,FAIL,CLEAR,ENTAILED,Cat1,PASS,FAIL,CLEAR,ENTAILED,INVALID,SUPPORTED,INVALID,REMOVE,ELIGIBILITY
396,Who made the song total eclipse of the heart?,"Total Eclipse of the Heart ""Total Eclipse of the Heart"" is a song recorded by Welsh singer Bonnie Tyler. It was written and produced by Jim Steinman, and released on Tyler's fifth studio album, ""Faster Than the Speed of Night"" (1983). The song was released as a single by Columbia Records on 11 February 1983 in the United Kingdom and on 31 May 1983 in the United States. The song became Tyler's biggest career hit, topping the UK Singles Chart, and becoming the fifth-best-selling single in 1983 in the United Kingdom. In the United States, the single spent four weeks

spine. ... I couldn't wait to actually get in and record it."" According to Meat Loaf, Steinman had written the song, along with ""Making Love Out of Nothing at All"", for Meat Loaf's album ""Midnight at the Lost and Found""; however, Meat Loaf's record company refused to pay Steinman and he wrote separate songs himself. ""Total Eclipse of the Heart"" was then given to Bonnie Tyler and ""Making Love Out of Nothing at All"" to Air Supply. Tyler has denied this claim. ""Meat Loaf was apparently very annoyed that Jim gave that to me,"" Tyler stated. ""But Jim said he

using the pseudonym Persephone Maewyn. In 2010, Tyler appeared in an advertisement for MasterCard, performing a short parody of the song with its noted new lyric ""Turn around, Neville."" She performed the original song in a similar advertisement for Westpac in 2012. Warby Parker produced a parody video in anticipation of the solar eclipse of August 21, 2017. Total Eclipse of the Heart ""Total Eclipse of the Heart"" is a song recorded by Welsh singer Bonnie Tyler. It was written and produced by Jim Steinman, and released on Tyler's fifth studio album, ""Faster Than the Speed of Night"" (1983). The","""Total Eclipse of the Heart"" was not recorded by Meat Loaf.",Cat2,SUPPORTED,PASS,PASS,CLEAR,ENTAILED,Cat2,PASS,PASS,CLEAR,ENTAILED,Cat2,A_B_AGREEMENT,,,,,,PASS,PASS,CLEAR,ENTAILED,Cat2,SUPPORTED,ELIGIBLE,RETAIN_UNCHANGED,
397,Chris Taylor stared in a film directed by who?,"Chris Taylor, known as ""The Glove"", is a pioneer DJ and producer on the West Coast hip hop scene in the 1980s and 1990s. Taylor is known for his appearance in the film ""Breakin'"" alongside Ice-T.Breakin' (also known as Breakdance: the Movie or Break Street '84) is a 1984 American breakdancing-themed comedy-drama film directed by Joel Silberg and written by Charles Parker and Allen DeBevoise based on a story by Parker, DeBevoise, and Gerald Scaife.",The 1990 sci-fi film was directed by Joel Silberg.,Cat4,UNSUPPORTED,PASS,PASS,CLEAR,CONTRADICTED,Cat1,PASS,PASS,CLEAR,CONTRADICTED,Cat1,A_B_AGREEMENT,,,,,,PASS,PASS,CLEAR,CONTRADICTED,Cat1,UNSUPPORTED,ELIGIBLE,RELABEL,CATEGORY
398,Who sang i don't want to live without your love?,"I Don't Wanna Live Without Your Love ""I Don't Wanna Live Without Your Love"" is a hit song written by Diane Warren and Albert Hammond for the group Chicago and recorded for their album ""Chicago 19"" (1988), with Bill Champlin singing lead vocals. It is the first Chicago single to feature Champlin performing all lead vocals himself. The first single released from ""Chicago 19"", it reached number three on the U.S. ""Billboard"" Hot 100 chart. The B-side of the single was ""I Stand Up"" written by Robert Lamm and Gerard McMahon. The song was featured in the Netflix original movie

""Death Note"", which is based on the anime of the same name. I Don't Wanna Live Without Your Love ""I Don't Wanna Live Without Your Love"" is a hit song written by Diane Warren and Albert Hammond for the group Chicago and recorded for their album ""Chicago 19"" (1988), with Bill Champlin singing lead vocals. It is the first Chicago single to feature Champlin performing all lead vocals himself. The first single released from ""Chicago 19"", it reached number three on the U.S. ""Billboard"" Hot 100 chart. The B-side of the single was ""I Stand Up"" written by Robert Lamm

album 'Waterloo Road' released on the Plastic Fantastic label, PFLR 3001. In 2017, the song was used in an advert for Heathrow Airport, following the tale of 2 bears who met on a flight and how their relationship blossomed over the years. I Couldn't Live Without Your Love ""I Couldn't Live Without Your Love"" is a 1966 single written by Tony Hatch and Jackie Trent and recorded by Petula Clark. It was inspired by the affair the songwriters were having at the time. Clark has cited ""I Couldn't Live Without Your Love"" along with ""Don't Sleep in the Subway"" as","""I Don't Wanna Live Without Your Love"" is the first Chicago single to feature Bill Champlin performing all lead vocals himself.",Cat4,SUPPORTED,PASS,PASS,CLEAR,ENTAILED,Cat1,PASS,PASS,CLEAR,ENTAILED,Cat1,A_B_AGREEMENT,,,,,,PASS,PASS,CLEAR,ENTAILED,Cat1,SUPPORTED,ELIGIBLE,RELABEL,CATEGORY
399,Talking Smack is an American talk show whose past hosts have included the current Intercontinental Champion in his what?,"Talking Smack is an American talk show produced by WWE and currently airing on their subscription based streaming service, the WWE Network. Past hosts have included Daniel Bryan, Shane McMahon, The Miz and Jerry Lawler.Michael Gregory Mizanin (born October 8, 1980) is an American professional wrestler, reality television star, and actor. He is signed to WWE, where he performs on the Raw brand under the ring name The Miz and is the current Intercontinental Champion in his seventh reign.",The first reign in WWE is often associated with the first WWE Champion.,Cat4,UNSUPPORTED,PASS,FAIL,CLEAR,NOT_ENOUGH_INFO,INVALID,FAIL,FAIL,AMBIGUOUS,NOT_ENOUGH_INFO,INVALID,THIRD_PERSON_ADJUDICATION,FAIL,FAIL,AMBIGUOUS,NOT_ENOUGH_INFO,INVALID,FAIL,FAIL,AMBIGUOUS,NOT_ENOUGH_INFO,INVALID,UNSUPPORTED,INVALID,REMOVE,ELIGIBILITY
400,Who sang if i were a boy originally?,"If I Were a Boy ""If I Were a Boy"" is a song performed by American singer and songwriter Beyoncé from her third studio album ""I Am... Sasha Fierce"" (2008). ""If I Were a Boy"" was written by BC Jean and Toby Gad, who also handled its production alongside Beyoncé. Inspired by the difficult break-up of a romantic relationship, the song was initially recorded by Jean, whose record company rejected it. Beyoncé then recorded her own version. Jean was upset when she learned that Beyoncé was releasing it as a single, but eventually, they reached an agreement. Columbia Records released

was an artist, so it was, like, 'Oh, this songwriter BC.' "" ""If I Were a Boy"" was the first song she ever recorded, and she initially did not intend to hand it to another singer. Jean said that the fact that Beyoncé recorded the ballad provided many opportunities, and she was approached by many people who wanted to purchase her lyrics. She refused their offers, desiring to use her songs for her own album. However, Jean still intends to write for other artists. ""If I Were a Boy"" is a midtempo pop and R&B ballad, with folk rock and

US. The accompanying music video for ""If I Were a Boy"" was directed by Jake Nava and shot in black-and-white. With a theme of role reversal, it is conceptually similar to the American comedy film ""Freaky Friday"" (1976). A video for the Spanish version of the ballad was edited from the original clip. Beyoncé promoted ""If I Were a Boy"" through live performances at venues including ""The Oprah Winfrey Show"", the 52nd Grammy Awards, and the I Am... World Tour (2009–10). The song has been covered several times on televised music competitions. American singer Reba McEntire sang a country version","""If I Were a Boy"" is from Beyoncé's third studio album I Am... Sasha Fierce (2008).",Cat7,SUPPORTED,PASS,FAIL,CLEAR,ENTAILED,INVALID,PASS,FAIL,CLEAR,ENTAILED,INVALID,A_B_AGREEMENT,,,,,,PASS,FAIL,CLEAR,ENTAILED,INVALID,SUPPORTED,INVALID,REMOVE,ELIGIBILITY
401,Who sang i don't want to live without your love?,"I Don't Wanna Live Without Your Love ""I Don't Wanna Live Without Your Love"" is a hit song written by Diane Warren and Albert Hammond for the group Chicago and recorded for their album ""Chicago 19"" (1988), with Bill Champlin singing lead vocals. It is the first Chicago single to feature Champlin performing all lead vocals himself. The first single released from ""Chicago 19"", it reached number three on the U.S. ""Billboard"" Hot 100 chart. The B-side of the single was ""I Stand Up"" written by Robert Lamm and Gerard McMahon. The song was featured in the Netflix original movie

""Death Note"", which is based on the anime of the same name. I Don't Wanna Live Without Your Love ""I Don't Wanna Live Without Your Love"" is a hit song written by Diane Warren and Albert Hammond for the group Chicago and recorded for their album ""Chicago 19"" (1988), with Bill Champlin singing lead vocals. It is the first Chicago single to feature Champlin performing all lead vocals himself. The first single released from ""Chicago 19"", it reached number three on the U.S. ""Billboard"" Hot 100 chart. The B-side of the single was ""I Stand Up"" written by Robert Lamm

album 'Waterloo Road' released on the Plastic Fantastic label, PFLR 3001. In 2017, the song was used in an advert for Heathrow Airport, following the tale of 2 bears who met on a flight and how their relationship blossomed over the years. I Couldn't Live Without Your Love ""I Couldn't Live Without Your Love"" is a 1966 single written by Tony Hatch and Jackie Trent and recorded by Petula Clark. It was inspired by the affair the songwriters were having at the time. Clark has cited ""I Couldn't Live Without Your Love"" along with ""Don't Sleep in the Subway"" as","Diane Warren did not sing the lead vocals on ""I Don't Wanna Live Without Your Love"".",Cat2,SUPPORTED,PASS,PASS,CLEAR,ENTAILED,Cat2,PASS,PASS,CLEAR,ENTAILED,Cat2,A_B_AGREEMENT,,,,,,PASS,PASS,CLEAR,ENTAILED,Cat2,SUPPORTED,ELIGIBLE,RETAIN_UNCHANGED,
402,"Which private, nonsectarian institution has a famous artist featured in major museum solo shows?"," Swoon has since been featured in major museums including a 2014 solo show, ""Submerged Motherlands"", at the Brooklyn Museum.Pratt Institute is a private, nonsectarian, non-profit institution of higher learning located in the Clinton Hill neighborhood of Brooklyn, New York, United States, with a satellite campus located at 14th Street in Manhattan and an extension campus in Utica, New York (Pratt MWP).",Pratt Institute is a member of the Association of Independent Colleges of Art and Design.,Cat7,UNSUPPORTED,PASS,PASS,CLEAR,NOT_ENOUGH_INFO,Cat1,PASS,FAIL,CLEAR,NOT_ENOUGH_INFO,INVALID,THIRD_PERSON_ADJUDICATION,PASS,FAIL,CLEAR,NOT_ENOUGH_INFO,Cat1,PASS,FAIL,CLEAR,NOT_ENOUGH_INFO,INVALID,UNSUPPORTED,INVALID,REMOVE,ELIGIBILITY
403,"Rock im Park 2001 is a live album and DVD by the American nu metal band Limp Bizkit, released in 2008,  it features a performance from June 1, 2001 by the band at which festival in Nuremberg, that are two simultaneous rock music festivals held annually?"," Released in 2008, it features a performance from June 1, 2001 by the band at the Rock im Park festival in Nuremberg, Germany.The Rock am Ring (German: ""Rock at the Ring"" ) and Rock im Park (German: ""Rock in the Park"" ) festivals are two simultaneous rock music festivals held annually.",Rock am Ring camping areas are filled with partying all weekend long.,Cat4,UNSUPPORTED,PASS,FAIL,CLEAR,NOT_ENOUGH_INFO,INVALID,PASS,FAIL,CLEAR,NOT_ENOUGH_INFO,INVALID,A_B_AGREEMENT,,,,,,PASS,FAIL,CLEAR,NOT_ENOUGH_INFO,INVALID,UNSUPPORTED,INVALID,REMOVE,ELIGIBILITY
404,"The band who released ""Take It All Back"" also released what EP themed around worship?","""Take It All Back"" is a song written and recorded by American folk band Judah & the Lion, released as a single from their second studio album ""Folk Hop N' Roll"". Their debut EP First Fruits was themed around worship.",Take It All Back was not released on their worship-themed EP.,Cat2,SUPPORTED,PASS,PASS,CLEAR,ENTAILED,Cat2,PASS,FAIL,CLEAR,ENTAILED,INVALID,THIRD_PERSON_ADJUDICATION,PASS,FAIL,CLEAR,ENTAILED,Cat2,PASS,FAIL,CLEAR,ENTAILED,INVALID,SUPPORTED,INVALID,REMOVE,ELIGIBILITY
405,"Hot Coffee, Mississippi sometimes shares a zipcode with a nearby city with what population at the 2010 census?","Hot Coffee is a locale in Covington County, Mississippi, celebrated in local Mississippi lore. It is sometimes assigned the same zipcode as nearby Collins.Collins is a city in Covington County, Mississippi, United States. The population was 2,586 at the 2010 census.","The number is 2,586.",Cat6,SUPPORTED,FAIL,PASS,CLEAR,ENTAILED,INVALID,FAIL,PASS,CLEAR,ENTAILED,INVALID,A_B_AGREEMENT,,,,,,FAIL,PASS,CLEAR,ENTAILED,INVALID,SUPPORTED,INVALID,REMOVE,ELIGIBILITY
406,"In between The Joy Formidable and The Lumineers which consists of Rhiannon ""Ritzy"" Bryan (lead vocals, guitar),?","The Joy Formidable is a Welsh alternative rock band, formed in 2007 in North Wales and currently based in London, England. The band consists of Rhiannon ""Ritzy"" Bryan (lead vocals, guitar), Rhydian Dafydd (bass, vocals) and Matthew James Thomas (drums, percussion).The Lumineers are an American folk rock/Americana band based in Denver, Colorado.","The Joy Formidable consists of Ritzy Bryan, Rhydian Dafydd, and Matt Thomas.",Cat7,SUPPORTED,PASS,PASS,CLEAR,ENTAILED,Cat1,PASS,PASS,CLEAR,ENTAILED,Cat1,A_B_AGREEMENT,,,,,,PASS,PASS,CLEAR,ENTAILED,Cat1,SUPPORTED,ELIGIBLE,RELABEL,CATEGORY
407,Greenland is the largest island in the world in which continent it is situated?,"Greenland Greenland (, ; , ) is an autonomous constituent country of the Kingdom of Denmark between the Arctic and Atlantic Oceans, east of the Canadian Arctic Archipelago. Though physiographically a part of the continent of North America, Greenland has been politically and culturally associated with Europe (specifically Norway and Denmark, the colonial powers, as well as the nearby island of Iceland) for more than a millennium. The majority of its residents are Inuit, whose ancestors began migrating from the Canadian mainland in the 13th century, gradually settling across the island. Greenland is the world's largest island. Australia and Antarctica

of its natural resources, the grant will gradually be diminished. This is generally considered to be a step toward eventual full independence from Denmark. Greenlandic was declared the sole official language of Greenland at the historic ceremony. Greenland is the world's largest non-continental island and the third largest country in North America. It is between latitudes 59° and 83°N, and longitudes 11° and 74°W. The Atlantic Ocean borders Greenland's southeast; the Greenland Sea is to the east; the Arctic Ocean is to the north; and Baffin Bay is to the west. The nearest countries are Canada, to the west and

Geography of Greenland Greenland is located between the Arctic Ocean and the North Atlantic Ocean, northeast of Canada and northwest of Iceland. The territory comprises the island of Greenland–the largest island in the world–and more than a hundred other smaller islands (see ). As an island, Greenland has no land boundaries and 44,087 km of coastline. A sparse population is confined to small settlements along certain sectors of the coast. Greenland possesses the world's second largest ice sheet. Greenland sits atop the Greenland plate, a subplate of the North American plate. The Greenland craton is made up of some of",Greenland has been politically and culturally associated with Europe for more than a millennium.,Cat4,SUPPORTED,PASS,PASS,CLEAR,ENTAILED,Cat1,PASS,PASS,CLEAR,ENTAILED,Cat1,A_B_AGREEMENT,,,,,,PASS,PASS,CLEAR,ENTAILED,Cat1,SUPPORTED,ELIGIBLE,RELABEL,CATEGORY
408,Who did doc hudson's voice in cars?,"Doc Hudson Doc Hudson (also known as The Fabulous Hudson Hornet or simply Doc) is an animated, anthropomorphic retired race car who appears in the 2006 Pixar film ""Cars"" as a medical doctor and a local judge. He is voiced by actor Paul Newman in the first and third films and video game, and Corey Burton in all other media. Six-time Turismo Carretera champion Juan María Traverso voiced the character in the Rioplatense Spanish version of the first film. He is modeled after a 1951 Hudson Hornet. Doc Hudson (Voiced by Paul Newman in his last non-documentary film role) was

to win two NASCAR premier series championships (1951 and 1953). Doc Hudson Doc Hudson (also known as The Fabulous Hudson Hornet or simply Doc) is an animated, anthropomorphic retired race car who appears in the 2006 Pixar film ""Cars"" as a medical doctor and a local judge. He is voiced by actor Paul Newman in the first and third films and video game, and Corey Burton in all other media. Six-time Turismo Carretera champion Juan María Traverso voiced the character in the Rioplatense Spanish version of the first film. He is modeled after a 1951 Hudson Hornet. Doc Hudson (Voiced

Russo) in which he played the dissolute father of the protagonist, Miles Roby, and for which he won a Golden Globe and a Primetime Emmy. In 2006, in keeping with his strong interest in car racing, he provided the voice of Doc Hudson, a retired anthropomorphic race car, in Disney/Pixar's ""Cars"" — this was his final role for a major feature film. While not in the sequel ""Cars 2"" (2011), his voice was later used in the third film, ""Cars 3"" (2017), for which he received billing, almost nine years after his death. Newman retired from acting in May 2007,","In the Rioplatense Spanish version of the first movie, the voice of Doc Hudson is voiced by Juan María Traverso.",Cat7,SUPPORTED,PASS,PASS,CLEAR,ENTAILED,Cat1,PASS,PASS,CLEAR,ENTAILED,Cat1,A_B_AGREEMENT,,,,,,PASS,PASS,CLEAR,ENTAILED,Cat1,SUPPORTED,ELIGIBLE,RELABEL,CATEGORY
409,When was the host that Renee Montagne succeeded born?," Montagne and Inskeep succeeded longtime host Bob Edwards, initially as interim replacements, and Greene joined the team in 2012.Robert Alan ""Bob"" Edwards (born May 16, 1947) is an American broadcast journalist, a Peabody Award-winning member of the National Radio Hall of Fame.",Renee Montagne succeeded a host.,Cat7,SUPPORTED,PASS,FAIL,CLEAR,ENTAILED,INVALID,PASS,FAIL,CLEAR,ENTAILED,INVALID,A_B_AGREEMENT,,,,,,PASS,FAIL,CLEAR,ENTAILED,INVALID,SUPPORTED,INVALID,REMOVE,ELIGIBILITY
410,Who publishes a horror game with protagonist Ellie?,"Ellie is a fictional character in the 2013 video game ""The Last of Us"", and the main protagonist of the upcoming video game ""The Last of Us Part II"".The Last of Us Part II is an upcoming action-adventure survival horror video game developed by Naughty Dog and published by Sony Interactive Entertainment for PlayStation 4.",Sony Interactive Entertainment's notable studios include PlayStation 5.,Cat7,UNSUPPORTED,PASS,FAIL,CLEAR,NOT_ENOUGH_INFO,INVALID,PASS,FAIL,AMBIGUOUS,NOT_ENOUGH_INFO,INVALID,THIRD_PERSON_ADJUDICATION,PASS,FAIL,AMBIGUOUS,NOT_ENOUGH_INFO,INVALID,PASS,FAIL,AMBIGUOUS,NOT_ENOUGH_INFO,INVALID,UNSUPPORTED,INVALID,REMOVE,ELIGIBILITY
411,E'Shun Melvin was the voice of Young Boyd on Teen Wolf  developed by Jeff Davis for what television network," He is best known for his role as Noah on the BET original comedy television series Real Husbands of Hollywood, and for providing the voice of Young Boyd on Teen Wolf.Teen Wolf is an American television series developed by Jeff Davis for MTV.",MTV must not rewrite any part of the input.,Cat2,UNSUPPORTED,PASS,FAIL,CLEAR,NOT_ENOUGH_INFO,INVALID,FAIL,FAIL,AMBIGUOUS,NOT_ENOUGH_INFO,INVALID,THIRD_PERSON_ADJUDICATION,FAIL,FAIL,AMBIGUOUS,NOT_ENOUGH_INFO,INVALID,FAIL,FAIL,AMBIGUOUS,NOT_ENOUGH_INFO,INVALID,UNSUPPORTED,INVALID,REMOVE,ELIGIBILITY
412,What is the length of the River which has Wild Horse Creek as a tributary ?,"Wild Horse Creek is a tributary of the Powder River in Wyoming.Powder River is a tributary of the Yellowstone River, approximately 375 mi long in northeastern Wyoming and southeastern Montana in the United States.",The length is 375 miles.,Cat6,SUPPORTED,PASS,PASS,CLEAR,ENTAILED,Cat6,FAIL,PASS,CLEAR,ENTAILED,INVALID,THIRD_PERSON_ADJUDICATION,FAIL,PASS,CLEAR,ENTAILED,INVALID,FAIL,PASS,CLEAR,ENTAILED,INVALID,SUPPORTED,INVALID,REMOVE,ELIGIBILITY
413,"Was John Travolta the only star of the film ""Moment by Moment""?","""Moment by Moment"" is the title theme song to the 1978 Universal Pictures film ""Moment by Moment"" starring Lily Tomlin and John Travolta.Mary Jean ""Lily"" Tomlin (born September 1, 1939) is an American actress, comedian, writer, singer, and producer.","The film ""Moment by Moment"" did not star only John Travolta.",Cat2,SUPPORTED,PASS,PASS,CLEAR,ENTAILED,Cat3,PASS,PASS,CLEAR,ENTAILED,Cat2,THIRD_PERSON_ADJUDICATION,PASS,PASS,CLEAR,ENTAILED,Cat2,PASS,PASS,CLEAR,ENTAILED,Cat2,SUPPORTED,ELIGIBLE,RETAIN_UNCHANGED,
414,"What shopping centre located in Kuala Lumpur, Malaysia does KLCC District Cooling provide district cooling for?","KLCC District Cooling is a building that is used to provide district cooling for the KLCC vicinity. It is a 30,000 ton gas-powered turbine-driven chilled water unit providing cool air not only to Petronas Twin Towers and Suria KLCC, but also to Maxis Tower, Menara Exxon Mobil, Kuala Lumpur Convention Centre, and Mandarin Oriental Kuala Lumpur as well as As Syakirin Mosque.Suria KLCC is a shopping centre located in central Kuala Lumpur, Malaysia.",Suria KLCC is a shopping mall.,Cat1,SUPPORTED,PASS,PASS,CLEAR,ENTAILED,Cat1,PASS,PASS,CLEAR,ENTAILED,Cat1,A_B_AGREEMENT,,,,,,PASS,PASS,CLEAR,ENTAILED,Cat1,SUPPORTED,ELIGIBLE,RETAIN_UNCHANGED,
415,Which novenario are part of The Guadalupe-Reyes Marathon?," In Mexico, posadas are part of what has recently been called The Guadalupe-Reyes Marathon.Las Posadas is a novenario (nine days of religious observance) celebrated chiefly in Mexico and by Mexican-Americans in the United States, beginning December 16 and ending December 24.",Las Posadas commemorates the journey of Mary and Joseph to Bethlehem.,Cat1,SUPPORTED,PASS,PASS,CLEAR,ENTAILED,Cat1,PASS,PASS,CLEAR,ENTAILED,Cat1,A_B_AGREEMENT,,,,,,PASS,PASS,CLEAR,ENTAILED,Cat1,SUPPORTED,ELIGIBLE,RETAIN_UNCHANGED,
416,What is the name of this policy of favoring members of a disadvantaged group who suffer or have suffered from discrimination within a culture of which Black Economic Empowerment is a form? ,"Black Economic Empowerment (BEE) is a racially selective programme launched by the South African government to redress the inequalities of Apartheid by giving certain previously disadvantaged groups (Blacks, Coloureds, Indians, and Chinese) of South African citizens economic privileges previously not available to them under White rule. It is a form of Affirmative action.Affirmative action, also known as reservation in India and Nepal, positive action in the UK, and employment equity (in a narrower context) in Canada and South Africa, is the policy of favoring members of a disadvantaged group who suffer or have suffered from discrimination within a culture.",Affirmative action is debated in many countries.,Cat3,SUPPORTED,PASS,FAIL,CLEAR,NOT_ENOUGH_INFO,INVALID,PASS,FAIL,CLEAR,NOT_ENOUGH_INFO,INVALID,A_B_AGREEMENT,,,,,,PASS,FAIL,CLEAR,NOT_ENOUGH_INFO,INVALID,UNSUPPORTED,INVALID,REMOVE,ELIGIBILITY
417,"Songs I Wrote with Amy is an extended play, independently released on which date, by Edward Christopher Sheeran, an English singer-songwriter, guitarist, and record producer?","Songs I Wrote with Amy is an extended play, independently released by Ed Sheeran on April 4, 2010.Edward Christopher Sheeran, {'1': "", '2': "", '3': "", '4': ""} (born 17 February 1991) is an English singer-songwriter, guitarist, and record producer.","The extended play Edward Christopher Sheeran released in 2010 is called ""Songs I Wrote with Amy.""",Cat4,SUPPORTED,PASS,PASS,CLEAR,ENTAILED,Cat4,PASS,PASS,CLEAR,ENTAILED,Cat4,A_B_AGREEMENT,,,,,,PASS,PASS,CLEAR,ENTAILED,Cat4,SUPPORTED,ELIGIBLE,RETAIN_UNCHANGED,
418,"What is the population of the small town with an Air Force Base 7 mi northeast of Sacramento, California?","McClellan Park is a census-designated place in Sacramento County, California. The 2010 United States census reported McClellan Park's population was 743. It is the site of the former McClellan Air Force Base, closed by the federal government in 2003.McClellan Air Force Base (1935–2001) is a former United States Air Force base located in the North Highlands area of Sacramento County, 7 mi northeast of Sacramento, California.",The small town has less population than 744.,Cat6,SUPPORTED,PASS,PASS,CLEAR,ENTAILED,Cat3,PASS,PASS,CLEAR,ENTAILED,Cat3,A_B_AGREEMENT,,,,,,PASS,PASS,CLEAR,ENTAILED,Cat3,SUPPORTED,ELIGIBLE,RELABEL,CATEGORY
419,"What is the name of this infantry regiment of the United States Army, whose captain was John McCunn?","John H. McCunn (Nov. 2, 1820–Jul. 6, 1872) belonged to a poor Irish immigrant family who arrived in New York City in the 19th century. When the American Civil War began in 1861 he joined the Union Army as a Captain in the 69th New York Infantry Regiment before he recruited the 37th New York Infantry which he commanded as colonel.The 69th Infantry Regiment is an infantry regiment of the United States Army.",The 69th Infantry Regiment is a military unit.,Cat1,SUPPORTED,PASS,PASS,CLEAR,ENTAILED,Cat1,PASS,PASS,CLEAR,ENTAILED,Cat1,A_B_AGREEMENT,,,,,,PASS,PASS,CLEAR,ENTAILED,Cat1,SUPPORTED,ELIGIBLE,RETAIN_UNCHANGED,
420,Who sang if i were a boy originally?,"If I Were a Boy ""If I Were a Boy"" is a song performed by American singer and songwriter Beyoncé from her third studio album ""I Am... Sasha Fierce"" (2008). ""If I Were a Boy"" was written by BC Jean and Toby Gad, who also handled its production alongside Beyoncé. Inspired by the difficult break-up of a romantic relationship, the song was initially recorded by Jean, whose record company rejected it. Beyoncé then recorded her own version. Jean was upset when she learned that Beyoncé was releasing it as a single, but eventually, they reached an agreement. Columbia Records released

was an artist, so it was, like, 'Oh, this songwriter BC.' "" ""If I Were a Boy"" was the first song she ever recorded, and she initially did not intend to hand it to another singer. Jean said that the fact that Beyoncé recorded the ballad provided many opportunities, and she was approached by many people who wanted to purchase her lyrics. She refused their offers, desiring to use her songs for her own album. However, Jean still intends to write for other artists. ""If I Were a Boy"" is a midtempo pop and R&B ballad, with folk rock and

US. The accompanying music video for ""If I Were a Boy"" was directed by Jake Nava and shot in black-and-white. With a theme of role reversal, it is conceptually similar to the American comedy film ""Freaky Friday"" (1976). A video for the Spanish version of the ballad was edited from the original clip. Beyoncé promoted ""If I Were a Boy"" through live performances at venues including ""The Oprah Winfrey Show"", the 52nd Grammy Awards, and the I Am... World Tour (2009–10). The song has been covered several times on televised music competitions. American singer Reba McEntire sang a country version","""If I Were a Boy"" was written by BC Jean.",Cat7,SUPPORTED,PASS,FAIL,CLEAR,ENTAILED,INVALID,PASS,FAIL,CLEAR,ENTAILED,INVALID,A_B_AGREEMENT,,,,,,PASS,FAIL,CLEAR,ENTAILED,INVALID,SUPPORTED,INVALID,REMOVE,ELIGIBILITY
421,The Monson Historical Society Museum is located in the town in what Maine county?,"The Monson Historical Society Museum is located on Main Street in the center of Monson, Maine.Monson is a town in Piscataquis County, Maine, United States.",Piscataquis County is the second least populous county in Maine.,Cat5,UNSUPPORTED,PASS,PASS,CLEAR,NOT_ENOUGH_INFO,Cat5,PASS,FAIL,CLEAR,NOT_ENOUGH_INFO,INVALID,THIRD_PERSON_ADJUDICATION,PASS,FAIL,CLEAR,NOT_ENOUGH_INFO,Cat5,PASS,FAIL,CLEAR,NOT_ENOUGH_INFO,Cat5,UNSUPPORTED,ELIGIBLE,RETAIN_UNCHANGED,
422,Where do they film the tv show the crossing?,"a threat. Set in the fictional town of Port Canaan, Oregon and in Seattle, the series was filmed in coastal areas of British Columbia and in the city of Vancouver in 2017. The beach where the refugees arrive is near Ucluelet on Vancouver Island while the sheriff's office and some other locations were filmed in and around the village of Britannia Beach, north of Vancouver. The Oceanic Plaza in Vancouver was the setting for the Seattle offices of the show's Homeland Security and other scenes were filmed in and around the city. Additional shooting locations in BC were in Steveston,

British Columbia and in New Westminster. The first camp footage was filmed at Camp McLean. Filming in Vancouver started in July and wrapped in late-November 2017. On May 11, 2018, ABC canceled the show after one season. On the review aggregator website Rotten Tomatoes, the series has an approval rating of 69% based on 16 reviews, with an average rating of 6.1/10. Metacritic, which uses a weighted average, assigned a score of 59 out of 100 based on 12 critics, indicating ""mixed or average reviews"". The Crossing (TV series) The Crossing is an American science fiction thriller series that aired

The Crossing (TV series) The Crossing is an American science fiction thriller series that aired on ABC. The series debuted on April 2, 2018, and aired its final episode on June 9, 2018 On March 19, 2018, ABC released the pilot episode on their website. The series was filmed in British Columbia, Canada. On May 11, 2018, ABC cancelled the show after one season. Refugees fleeing a war seek asylum in an American town—but they claim to be from America, 180 years in the future. Moreover, at least one of the refugees exhibits apparently superhuman powers that may make her",Some other locations were filmed in and around the village of Britannia Beach.,Cat3,SUPPORTED,PASS,PASS,CLEAR,ENTAILED,Cat1,PASS,PASS,CLEAR,ENTAILED,Cat1,A_B_AGREEMENT,,,,,,PASS,PASS,CLEAR,ENTAILED,Cat1,SUPPORTED,ELIGIBLE,RELABEL,CATEGORY
423,"Which English couriter was married to the daughter of Gilbert Talbot, 7th Earl of Shrewsbury?","Alethea Howard, 13th Baroness Furnivall, Countess of Arundel (1585 – 3 June [O.S. 24 May] 1654 ), née Lady Alethea Talbot (pronounced ""Al-ee-thia""), was the wife of Thomas Howard, 21st Earl of Arundel. She was the youngest daughter of Gilbert Talbot, 7th Earl of Shrewsbury and his wife Mary Cavendish; and the sister of two other countesses: Mary Herbert, Countess of Pembroke and Elizabeth Grey, Countess of Kent.Thomas Howard, 21st Earl of Arundel KG, (7 July 1586 – 4 October 1646) was a prominent English courtier during the reigns of King James I and King Charles I, but he made his name as a Grand Tourist and art collector rather than as a politician.",Thomas Talbot is the 21st Earl of Arundel.,Cat6,UNSUPPORTED,PASS,PASS,CLEAR,CONTRADICTED,Cat1,PASS,PASS,CLEAR,CONTRADICTED,Cat1,A_B_AGREEMENT,,,,,,PASS,PASS,CLEAR,CONTRADICTED,Cat1,UNSUPPORTED,ELIGIBLE,RELABEL,CATEGORY
424,Greenland is the largest island in the world in which continent it is situated?,"Greenland Greenland (, ; , ) is an autonomous constituent country of the Kingdom of Denmark between the Arctic and Atlantic Oceans, east of the Canadian Arctic Archipelago. Though physiographically a part of the continent of North America, Greenland has been politically and culturally associated with Europe (specifically Norway and Denmark, the colonial powers, as well as the nearby island of Iceland) for more than a millennium. The majority of its residents are Inuit, whose ancestors began migrating from the Canadian mainland in the 13th century, gradually settling across the island. Greenland is the world's largest island. Australia and Antarctica

of its natural resources, the grant will gradually be diminished. This is generally considered to be a step toward eventual full independence from Denmark. Greenlandic was declared the sole official language of Greenland at the historic ceremony. Greenland is the world's largest non-continental island and the third largest country in North America. It is between latitudes 59° and 83°N, and longitudes 11° and 74°W. The Atlantic Ocean borders Greenland's southeast; the Greenland Sea is to the east; the Arctic Ocean is to the north; and Baffin Bay is to the west. The nearest countries are Canada, to the west and

Geography of Greenland Greenland is located between the Arctic Ocean and the North Atlantic Ocean, northeast of Canada and northwest of Iceland. The territory comprises the island of Greenland–the largest island in the world–and more than a hundred other smaller islands (see ). As an island, Greenland has no land boundaries and 44,087 km of coastline. A sparse population is confined to small settlements along certain sectors of the coast. Greenland possesses the world's second largest ice sheet. Greenland sits atop the Greenland plate, a subplate of the North American plate. The Greenland craton is made up of some of",Greenland is the world's largest island.,Cat5,SUPPORTED,PASS,FAIL,CLEAR,ENTAILED,INVALID,PASS,FAIL,CLEAR,ENTAILED,INVALID,A_B_AGREEMENT,,,,,,PASS,FAIL,CLEAR,ENTAILED,INVALID,SUPPORTED,INVALID,REMOVE,ELIGIBILITY
425,"Which American guitarist and bluegrass musician from Danville, Virginia did Rebecca Rippy play or share the stage with?"," She has played or shared the stage with such well-known acts and artists as REM producer Don Dixon, Leon Russell, Lucy Kaplansky, Tony Rice, Donna the Buffalo, Jim Lauderdale, Bill Mallonee and the Vigilantes of Love, blues legend Tinsley Ellis, John Cowan, Rhonda Vincent, Danielle Howle, and Old Crow Medicine Show, and has become a regular performer at such prestigious songwriter venues as the Bluebird Café in Nashville, TN, and at the Neighborhood Theater in Charlotte, NC.Tony Rice (born David Anthony Rice, June 8, 1951, Danville, Virginia, United States) is an American guitarist and bluegrass musician.",Rebecca Rippy shared the stage with several well-known acts and artists.,Cat3,SUPPORTED,PASS,PASS,CLEAR,ENTAILED,Cat3,PASS,FAIL,CLEAR,ENTAILED,INVALID,THIRD_PERSON_ADJUDICATION,PASS,FAIL,CLEAR,ENTAILED,Cat3,PASS,FAIL,CLEAR,ENTAILED,Cat3,SUPPORTED,ELIGIBLE,RETAIN_UNCHANGED,
426,"Edwin Forrest's feud with William Charles Macready was the cause of what event that occurred on May 10, 1849, in Manhattan?"," His feud with the British actor William Charles Macready was the cause of the deadly Astor Place Riot of 1849.The Astor Place Riot occurred on May 10, 1849, at the now-demolished Astor Opera House in Manhattan, New York City and left at least 25 dead and more than 120 injured.",At least 22 people were killed in the Astor Place Riot.,Cat3,SUPPORTED,PASS,PASS,CLEAR,ENTAILED,Cat3,PASS,PASS,CLEAR,ENTAILED,Cat3,A_B_AGREEMENT,,,,,,PASS,PASS,CLEAR,ENTAILED,Cat3,SUPPORTED,ELIGIBLE,RETAIN_UNCHANGED,
427,"When was the American fitness guru, actor, and comedian born who is known for his eccentric, flamboyant, and energetic personality and also a star of Rudolph the Red-Nosed Reindeer: The Movie?","Rudolph the Red-Nosed Reindeer: The Movie is a 1998 American animated musical film about Rudolph the Red-Nosed Reindeer, who first appeared in a 1939 story by Robert L. May. It stars John Goodman, Eric Idle, Whoopi Goldberg, Debbie Reynolds, Richard Simmons and Bob Newhart.Milton Teagle ""Richard"" Simmons (born July 12, 1948) is an American fitness guru, actor, and comedian. He promotes weight-loss programs, prominently through his ""Sweatin' to the Oldies"" line of aerobics videos and is known for his eccentric, flamboyant, and energetic personality.","July 12, 1948 is a date.",Cat4,SUPPORTED,FAIL,PASS,CLEAR,ENTAILED,INVALID,PASS,FAIL,CLEAR,ENTAILED,INVALID,THIRD_PERSON_ADJUDICATION,PASS,FAIL,CLEAR,ENTAILED,INVALID,PASS,FAIL,CLEAR,ENTAILED,INVALID,SUPPORTED,INVALID,REMOVE,ELIGIBILITY
428,Lochner v. New York and New York v. Ferber where both handled by who?,"New York v. Ferber, 458 U.S. 747 (1982) , is a precedential decision given by the United States Supreme Court, which ruled unanimously that the First Amendment right to free speech did not forbid states from banning the sale of material depicting children engaged in sexual activity, even if the material was not obscene.Lochner v. New York, 198 US 45 (1905) was a landmark US labor law case in the US Supreme Court, holding that limits to working time violated the Fourteenth Amendment.",The United States Supreme Court is the highest court in the United States.,Cat5,SUPPORTED,PASS,PASS,CLEAR,ENTAILED,Cat1,PASS,FAIL,CLEAR,NOT_ENOUGH_INFO,INVALID,THIRD_PERSON_ADJUDICATION,PASS,FALL,CLEAR,ENTAILED,Cat1,PASS,FAIL,CLEAR,ENTAILED,Cat1,SUPPORTED,ELIGIBLE,RELABEL,CATEGORY
429,Where does anything you can do i can do better come from?,"Anything You Can Do (I Can Do Better) ""Anything You Can Do"" is a song composed by Irving Berlin for the 1946 Broadway musical ""Annie Get Your Gun"". The song is a duet, with one male singer and one female singer attempting to outdo each other in increasingly complex tasks. In the musical, the song sets the scene for the climactic sharpshooting contest between Annie Oakley and Frank Butler. Its most memorable lines are, ""Anything you can do I can do better; I can do anything better than you."" The song was first performed in ""Annie Get Your Gun"" by

Ethel Merman and Ray Middleton. During the song, they argue playfully about who can, for example, sing softer, sing higher, sing sweeter, and hold a note for longer, and boast of their abilities and accomplishments, such as opening safes and living on bread and cheese, although Annie always seems to counter Frank's argument. Neither can ""bake a pie,"" though. Anything You Can Do (I Can Do Better) ""Anything You Can Do"" is a song composed by Irving Berlin for the 1946 Broadway musical ""Annie Get Your Gun"". The song is a duet, with one male singer and one female singer

choosing the occupation of ""newspaper carrier"" was required to ride a bicycle down a narrow yellow line (without veering from it) and throw several newspapers at targets. She lost control of the bicycle, fell to the studio floor, and apparently broke a bone. Wood mentioned other contestants being injured as well. The title of the show is inspired by a 1946 song called ""Anything You Can Do, I Can Do Better"" from the hit broadway musical ""Annie Get Your Gun"" (composed by Irving Berlin) as a sprirted duet with one male singer and one female singer attempting to outdo each","The male singer and the female singer in the duet ""Anything You Can Do (I Can Do Better)"" attempt to outdo each other in increasingly complex tasks.",Cat5,SUPPORTED,PASS,FAIL,CLEAR,ENTAILED,INVALID,PASS,FAIL,CLEAR,ENTAILED,INVALID,A_B_AGREEMENT,,,,,,PASS,FAIL,CLEAR,ENTAILED,INVALID,SUPPORTED,INVALID,REMOVE,ELIGIBILITY
430,"The album ""Faster Than the Speed of Night"" was released in 1983. As of the current year 2026, how many years has it been since the album was released?","Total Eclipse of the Heart ""Total Eclipse of the Heart"" is a song recorded by Welsh singer Bonnie Tyler. It was written and produced by Jim Steinman, and released on Tyler's fifth studio album, ""Faster Than the Speed of Night"" (1983). The song was released as a single by Columbia Records on 11 February 1983 in the United Kingdom and on 31 May 1983 in the United States. The song became Tyler's biggest career hit, topping the UK Singles Chart, and becoming the fifth-best-selling single in 1983 in the United Kingdom. In the United States, the single spent four weeks

spine. ... I couldn't wait to actually get in and record it."" According to Meat Loaf, Steinman had written the song, along with ""Making Love Out of Nothing at All"", for Meat Loaf's album ""Midnight at the Lost and Found""; however, Meat Loaf's record company refused to pay Steinman and he wrote separate songs himself. ""Total Eclipse of the Heart"" was then given to Bonnie Tyler and ""Making Love Out of Nothing at All"" to Air Supply. Tyler has denied this claim. ""Meat Loaf was apparently very annoyed that Jim gave that to me,"" Tyler stated. ""But Jim said he

using the pseudonym Persephone Maewyn. In 2010, Tyler appeared in an advertisement for MasterCard, performing a short parody of the song with its noted new lyric ""Turn around, Neville."" She performed the original song in a similar advertisement for Westpac in 2012. Warby Parker produced a parody video in anticipation of the solar eclipse of August 21, 2017. Total Eclipse of the Heart ""Total Eclipse of the Heart"" is a song recorded by Welsh singer Bonnie Tyler. It was written and produced by Jim Steinman, and released on Tyler's fifth studio album, ""Faster Than the Speed of Night"" (1983). The",55 years,Cat6,UNSUPPORTED,FAIL,PASS,CLEAR,CONTRADICTED,INVALID,PASS,PASS,CLEAR,CONTRADICTED,Cat6,THIRD_PERSON_ADJUDICATION,FAIL,PASS,CLEAR,CONTRADICTED,INVALID,FAIL,PASS,CLEAR,CONTRADICTED,INVALID,UNSUPPORTED,INVALID,REMOVE,ELIGIBILITY
431,Girard city is located in a county with how many inhabitants ?,"Girard is a city in and the county seat of Crawford County, Kansas, United States. As of the 2010 census, the county population was 39,134.","The number is 39,134.",Cat6,SUPPORTED,FAIL,PASS,CLEAR,ENTAILED,INVALID,FAIL,PASS,CLEAR,ENTAILED,INVALID,A_B_AGREEMENT,,,,,,FAIL,PASS,CLEAR,ENTAILED,INVALID,SUPPORTED,INVALID,REMOVE,ELIGIBILITY
432, Teri W. Odom is a member of a scientific journal first published in 2007 by who?,"Teri W. Odom is an American chemist and materials scientist. Odom is a member of the editorial advisory board of ACS Nano, Chemical Physics Letters, Journal of Physical Chemistry, and Nano Letters.ACS Nano is a monthly, peer-reviewed, scientific journal, first published in August 2007 by the American Chemical Society.",The American Chemical Society is based in the United States.,Cat1,SUPPORTED,PASS,FAIL,CLEAR,NOT_ENOUGH_INFO,INVALID,PASS,FAIL,CLEAR,NOT_ENOUGH_INFO,INVALID,A_B_AGREEMENT,,,,,,PASS,FAIL,CLEAR,NOT_ENOUGH_INFO,INVALID,UNSUPPORTED,INVALID,REMOVE,ELIGIBILITY
433,Who was You Make Loving Fun written about?,"You Make Loving Fun ""You Make Loving Fun"" is a song written and sung by Christine McVie of the British-American band Fleetwood Mac. It was released as the fourth and final 45 rpm single from the band's album ""Rumours"" in 1977; its fourth top-ten hit, the song peaked at number nine on the ""Billboard"" Hot 100. The song was inspired by an affair McVie had with the band's lighting director, Curry Grant. ""To avoid flare-ups"", she told her then-husband John McVie that the song was about her dog; he found out later what it was really about. On the American

""New York Post"" she remarked that she wanted it to be the third US single from the album, but instead ""Don't Stop"" was chosen, which boosted the album's commercial success in the US and the UK. The song also utilizes descending seconds in its chord progression. ""You Make Loving Fun"" was a concert staple for Fleetwood Mac and was played during every tour involving Christine McVie from 1976 until 1997, a year before McVie's departure from the band and retirement from touring. It has since been revived for Fleetwood Mac's 2014-2015 tour when McVie rejoined the band. You Make Loving

troubled, relationships. According to Christine McVie, the fact that the lyricists were extensively focusing on the various separations became apparent to the band only with hindsight. ""You Make Loving Fun"" is about her boyfriend, Fleetwood Mac's lighting director, after she split from John. Nicks' ""Dreams"" details a breakup and has a hopeful message, while Buckingham's similar effort in ""Go Your Own Way"" is more pessimistic. After a short fling with a New England woman, he was inspired to write ""Never Going Back Again"", a song about the illusion of thinking that sadness will never occur again once feeling content with","""You Make Loving Fun"" was not actually written about Christine McVie's dog.",Cat2,SUPPORTED,PASS,PASS,CLEAR,NOT_ENOUGH_INFO,Cat2,PASS,PASS,CLEAR,ENTAILED,Cat2,THIRD_PERSON_ADJUDICATION,PASS,PASS,CLEAR,ENTAILED,Cat2,PASS,PASS,CLEAR,ENTAILED,Cat2,SUPPORTED,ELIGIBLE,RETAIN_UNCHANGED,
434,Who sang i can't let maggie go?,"I Can't Let Maggie Go ""I Can't Let Maggie Go"" is a song by the British pop group Honeybus from early 1968. Written by band member Pete Dello, it was released as a non-album single. The song became an international Top 20 hit, reaching number 13 in New Zealand and number 11 in Ireland. It did best in their native United Kingdom, where it reached number eight in the UK Singles Chart. ""I Can't Let Maggie Go"" was included on the group's later compilation LPs, ""Honeybus at Their Best"" and ""Old Masters Hidden Treasures"". The song was also a top

with 1968's ""I Can't Let Maggie Go"", which was so popular that it earned the band a cover photo on the popular music magazine, ""Disc and Music Echo"", for which they posed atop a red London bus. ""I Can't Let Maggie Go"" reached Number 8 in the UK Singles Chart, in April 1968, staying in the Top 40 for over two months. Dello resigned in August 1968. The band recruited Jim Kelly on guitar and vocals to replace him and Cane began songwriting and performing lead vocals. This line-up scored minor successes with ""She Sold Blackpool Rock"" and ""Girl Of

10 hit in Italy, with a 1968 version made by Equipe 84, entitled ""Un angelo blu"" (""A blue angel""). It enjoyed an unexpected reprise in popularity in the 1970s, when it was used as the soundtrack for a television advertisement for ""Nimble"", a bread produced for slimmers. ""I Can't Let Maggie Go"" has been covered by J. Vincent Edwards in 1974, as well as by the Sideburns in 1993. David Essex included his own version on the 2005 compilation album, ""The Complete Collection"". I Can't Let Maggie Go ""I Can't Let Maggie Go"" is a song by the British pop","The song ""I Can't Let Maggie Go"" has been covered by David Essex in 2005.",Cat7,SUPPORTED,PASS,FAIL,CLEAR,ENTAILED,INVALID,PASS,PASS,CLEAR,ENTAILED,Cat1,THIRD_PERSON_ADJUDICATION,PASS,PASS,CLEAR,ENTAILED,Cat1,PASS,PASS,CLEAR,ENTAILED,Cat1,SUPPORTED,ELIGIBLE,RELABEL,CATEGORY
435,Gareth Lewis's second short starred an actor best known for his roles in what Alan Bennett play?,"Gareth Lewis (born 25 January 1973 in London) is an English film director. Lewis' first film was a 2001 short, ""Tears of a Clown"", which he followed in 2006 with a second short ""Normal for Norfolk"" which starred Stephen Campbell Moore and Tim Pigott-Smith.Stephen Campbell Moore (born Stephen Moore Thorpe; 30 November 1977) is an English actor, best known for his roles in the Alan Bennett play ""The History Boys"" and its subsequent film.",The History Boys won the 2006 Tony Award for Best Play.,Cat5,UNSUPPORTED,PASS,FAIL,CLEAR,NOT_ENOUGH_INFO,INVALID,PASS,FAIL,CLEAR,NOT_ENOUGH_INFO,INVALID,A_B_AGREEMENT,,,,,,PASS,FAIL,CLEAR,NOT_ENOUGH_INFO,INVALID,UNSUPPORTED,INVALID,REMOVE,ELIGIBILITY
436,At which age Audrey Kathryn Lindvall's super model sister was discover by IMG scout?,"Audrey Kathryn Lindvall (August 11, 1982 – August 2, 2006) was an American model. She was the sister of supermodel Angela Lindvall, and the former face of Coach and Ann Taylor.Angela Lindvall (born January 14, 1979) is an American supermodel and actress. Lindvall was discovered by an IMG scout when she was 14 years old, and immediately signed with IMG New York.",The person is 14 years old.,Cat6,UNSUPPORTED,FAIL,PASS,CLEAR,NOT_ENOUGH_INFO,INVALID,FAIL,PASS,CLEAR,ENTAILED,INVALID,THIRD_PERSON_ADJUDICATION,FAIL,PASS,CLEAR,NOT_ENOUGH_INFO,INVALID,FAIL,PASS,CLEAR,NOT_ENOUGH_INFO,INVALID,UNSUPPORTED,INVALID,REMOVE,ELIGIBILITY
437,Sky living nashville season 6 how many episodes?,"Nashville (season 6) The sixth and final season of the American television musical drama series ""Nashville"", created by Callie Khouri, premiered on January 4, 2018, on CMT. The season consisted of 16 episodes. As with seasons three through five, the episodes are named after songs from a variety of country artists, including Miranda Lambert (""New Strings""), George Jones (""Sometimes You Just Can't Win""), Tanya Tucker (""Two Sparrows in a Hurricane""), and Hank Williams (""Beyond the Sunset""). In April 2017, it was announced that the series had been renewed for a sixth season, with a 16-episode order. In an interview following

""Nashville"" for a 16-episode sixth season that debuted on January 4, 2018. Filming began on September 27, 2017. On November 17, 2017, it was announced that the sixth season would be the show's final season, as CMT moved to all unscripted programming. The 124th and final episode aired on July 26, 2018. In the first episode, the series focuses on the rivalry of Rayna Jaymes and Juliette Barnes. Rayna Jaymes is the established ""Queen of Country Music"". However, her latest album is not selling well and her tour is playing to half empty venues. Her record label suggests that she

the initial airing on CMT. TVLand discontinued reruns of the series after episode five, but returned for the second half of the season. The season, like season five, was aired in two parts with the final eight episodes airing in the summer. The final eight episodes returned on June 7 and the season wrapped on July 26, 2018. The season wrap party was held on April 7, 2018. Filming wrapped on the finale three days later. The series received $5.7million in tax incentives from the state of Tennessee, the lowest of all seasons. <onlyinclude></onlyinclude> Nashville (season 6) The sixth and",Season 6 of the American musical soap opera television series Nashville has 8 episodes in each part.,Cat3,SUPPORTED,PASS,PASS,CLEAR,ENTAILED,Cat6,PASS,PASS,CLEAR,NOT_ENOUGH_INFO,Cat6,THIRD_PERSON_ADJUDICATION,PASS,PASS,CLEAR,ENTAILED,Cat6,PASS,PASS,CLEAR,ENTAILED,Cat6,SUPPORTED,ELIGIBLE,RELABEL,CATEGORY
438,Which singer whose stage name references a New York City subway station debuted her first album at number two on the Billboard 200 chart?," ""Badlands"" debuted at number two on the ""Billboard"" 200 chart with first-week sales of 97,000 copies. Her stage name is a reference to the Halsey Street station of the New York City Subway in Brooklyn, and an anagram of her first name.",The singer's first album ranked at number three.,Cat5,UNSUPPORTED,PASS,PASS,CLEAR,CONTRADICTED,Cat3,PASS,PASS,CLEAR,CONTRADICTED,Cat5,THIRD_PERSON_ADJUDICATION,PASS,PASS,CLEAR,CONTRADICTED,Cat5,PASS,PASS,CLEAR,CONTRADICTED,Cat5,UNSUPPORTED,ELIGIBLE,RETAIN_UNCHANGED,
439,When did the fur trade began in canada?,"North American fur trade The North American fur trade was the industry and activities related to the acquisition, trade, exchange, and sale of animal furs in North America. Aboriginal peoples in Canada and Native Americans in the United States of different regions traded among themselves in the pre–Columbian Era, but Europeans participated in the trade beginning from the time of their arrival in the New World and extended its reach to Europe. The French started trading in the 16th century, the English established trading posts on Hudson Bay in present-day Canada in the 17th century, and the Dutch had trade

(now called New York) fell into English hands with the 1667 Treaty of Breda. In 1668 the English fur trade entered a new phase. Two French citizens, Pierre-Esprit Radisson and Médard des Groseilliers, had traded with great success west of Lake Superior in 1659–60, but upon their return to Canada, most of their furs were seized by the authorities. Their trading voyage had convinced them that the best fur country was far to the north and west, and could best be reached by ships sailing into Hudson Bay. Their treatment in Canada suggested that they would not find support from

these two groups would lead to the creation of the Métis people, who would be considered the offspring of the fur trade. The North American fur trade began in the seventeenth century when European and Aboriginal people began meeting at the Saint Lawrence River to trade goods. The Europeans were mainly interested in buying furs for the luxury fur and felt market in Europe. Beaver pelts for use in millinery were particularly sought after. Aboriginal people knew the best places and methods for trapping, and therefore became valuable procurers for the Europeans. Because European traders had no knowledge of the",The French started trading in the 17th century.,Cat4,UNSUPPORTED,PASS,PASS,CLEAR,CONTRADICTED,Cat4,PASS,PASS,AMBIGUOUS,CONTRADICTED,Cat4,THIRD_PERSON_ADJUDICATION,PASS,PASS,CLEAR,CONTRADICTED,Cat4,PASS,PASS,CLEAR,CONTRADICTED,Cat4,UNSUPPORTED,ELIGIBLE,RETAIN_UNCHANGED,
440,"Who has spent more time in the heavy metal music industry, Kevin DuBrow or Lance King?","Kevin Mark DuBrow (October 29, 1955 November 19, 2007) was an American heavy metal singer, best known as the lead vocalist of the heavy metal band Quiet Riot from 1975 until 1987, and again from 1990 until his death in 2007.Lance King (born November 23, 1962) is an American heavy metal vocalist specializing in melodic rock progressive and power metal. Lance has sung with many groups over the last 35 years and started the record label Nightmare in 1990 to release his own music and is presently still at the helm of the label.",Lance King spent only a few years in the heavy metal music industry.,Cat3,UNSUPPORTED,PASS,PASS,CLEAR,NOT_ENOUGH_INFO,Cat3,PASS,PASS,CLEAR,CONTRADICTED,Cat3,THIRD_PERSON_ADJUDICATION,PASS,PASS,CLEAR,CONTRADICTED,Cat3,PASS,PASS,CLEAR,CONTRADICTED,Cat3,UNSUPPORTED,ELIGIBLE,RETAIN_UNCHANGED,
441," Which species, Cardwellia or Ochagavia, is native to South America?"," The species Cardwellia sublimis (northern silky oak) grows naturally only (endemic) in the rainforests of the wet tropics region of north eastern Queensland, Australia.Ochagavia is a genus of the botanical family Bromeliaceae, subfamily Bromelioideae. The genus is named for Sylvestris Ochagavia, Chilean minister of education. Endemic to southern and central Chile (including the Juan Fernández Islands), this genus is represented by four accepted species.",Silvestre Ochagavía Errázuriz was a member of the Academy of Literary Sciences of Chile.,Cat7,UNSUPPORTED,PASS,FAIL,CLEAR,NOT_ENOUGH_INFO,INVALID,PASS,FAIL,CLEAR,NOT_ENOUGH_INFO,INVALID,A_B_AGREEMENT,,,,,,PASS,FAIL,CLEAR,NOT_ENOUGH_INFO,INVALID,UNSUPPORTED,INVALID,REMOVE,ELIGIBILITY
442,"Simone Kirby is an Irish actress, her credits include as Tracey Moynihan in which Irish dramatic television series broadcast, on RTÉ Television, the show aired between 2010 and 2014?"," Grace in ""Houdini and Doyle"" (2016), Maria Roche in ""The Truth Commissioner"" (2016), Annette Rane in ""Clean Break"" (2015), Tracey Moynihan in ""Love/Hate"" (2014) and Geraldine Grehan in the RTÉ series ""Pure Mule"".Love/Hate is an Irish dramatic television series broadcast on RTÉ Television.",The television series 'Love/Hate' was broadcast after the series 'Clean Break'.,Cat4,UNSUPPORTED,PASS,PASS,CLEAR,CONTRADICTED,Cat4,PASS,PASS,CLEAR,CONTRADICTED,Cat4,A_B_AGREEMENT,,,,,,PASS,PASS,CLEAR,CONTRADICTED,Cat4,UNSUPPORTED,ELIGIBLE,RETAIN_UNCHANGED,
443,"Who is the former professional tennis player from Italy, Chris Evert or Mara Santangelo?","Christine Marie Evert (born December 21, 1954), known as Chris Evert Lloyd from 1979 to 1987, is a former World No. 1 professional tennis player from the United States.Mara Santangelo (born 28 June 1981) is a former professional tennis player from Italy.",Chris Evert is not from Italy.,Cat2,SUPPORTED,PASS,PASS,CLEAR,ENTAILED,Cat2,PASS,PASS,CLEAR,ENTAILED,Cat2,A_B_AGREEMENT,,,,,,PASS,PASS,CLEAR,ENTAILED,Cat2,SUPPORTED,ELIGIBLE,RETAIN_UNCHANGED,
444,What is the name of the album that was released by David Bowie that was recorded in secret?,"On 10 January 2016, English singer, songwriter and actor David Bowie died at his New York City apartment, having suffered from liver cancer for the previous 18 months. His death occurred two days after the release of his twenty-fifth studio album, ""Blackstar"", which coincided with his 69th birthday. The album was largely recorded in secret between The Magic Shop and Human Worldwide Studios in New York City with Bowie's longtime co-producer Tony Visconti and a group of local jazz musicians.",The majority of the album Blackstar was recorded in secret.,Cat3,SUPPORTED,PASS,PASS,CLEAR,ENTAILED,Cat3,PASS,PASS,CLEAR,ENTAILED,Cat3,A_B_AGREEMENT,,,,,,PASS,PASS,CLEAR,ENTAILED,Cat3,SUPPORTED,ELIGIBLE,RETAIN_UNCHANGED,
445,What is the difference in years between the birth years of Peter Chelsom and Billy Bob Thornton?,"Peter Chelsom (born 20 April 1956) is a British film director, writer, and actor.William Robert ""Billy Bob"" Thornton (born August 4, 1955) is an American actor, filmmaker, singer, songwriter, and musician.",1 year,Cat6,SUPPORTED,FAIL,PASS,CLEAR,ENTAILED,INVALID,FAIL,PASS,CLEAR,ENTAILED,INVALID,A_B_AGREEMENT,,,,,,FAIL,PASS,CLEAR,ENTAILED,INVALID,SUPPORTED,INVALID,REMOVE,ELIGIBILITY
446,Who is fifa and how many member countries do they have?,"recognised by FIFA which oversee the game in the different continents and regions of the world. National associations, and not the continental confederations, are members of FIFA. The continental confederations are provided for in FIFA's statutes, and membership of a confederation is a prerequisite to FIFA membership. In total, FIFA recognises 211 national associations and their associated men's national teams as well as 129 women's national teams; see the list of national football teams and their respective country codes. FIFA has more member states than the UN as FIFA recognises 23 non-sovereign entities as distinct nations, such as the four

FIFA The Fédération Internationale de Football Association (FIFA ; French for 'International Federation of Association Football') is an organization which describes itself as an international governing body of association football, fútsal, and beach soccer. FIFA is responsible for the organization of football's major international tournaments, notably the World Cup which commenced in 1930 and the Women's World Cup which commenced in 1991. FIFA was founded in 1904 to oversee international competition among the national associations of Belgium, Denmark, France, Germany, the Netherlands, Spain, Sweden, and Switzerland. Headquartered in Zürich, its membership now comprises 211 national associations. Member countries must each

European nations at the FIFA World Cup Association football is the most popular sport in nearly every European country, and UEFA is one of the six confederations of world football's governing body FIFA. UEFA contains 55 national association members, some of which partially or entirely located in Asia. A total of 33 of the current members of UEFA have competed at the men's FIFA World Cup, while the defunct East Germany qualified once. The team ranking in each tournament is according to FIFA. The rankings, apart from the top four positions (top two in 1930), are not a result of",FIFA has more member states than the United Nations.,Cat5,SUPPORTED,PASS,PASS,CLEAR,ENTAILED,Cat5,PASS,PASS,CLEAR,ENTAILED,Cat5,A_B_AGREEMENT,,,,,,PASS,PASS,CLEAR,ENTAILED,Cat5,SUPPORTED,ELIGIBLE,RETAIN_UNCHANGED,
447,How many episodes in season 2 of wynonna earp?,"second season, Melanie Scrofano found out that she was pregnant. Emily Andras decided to incorporate her pregnancy in the arc of the titular character, she informed IDW Entertainment of the prospective storyline, and Syfy added two more episodes, increasing Season 2 from 10 to 12 episodes. Season 2 began filming in Calgary and surrounding areas from December 12, 2016, to April 13, 2017. Additional location shooting took place in Springbank, Alberta. The recurring cast was joined by Varun Saranga in the role of Jeremy Chetri and Tamara Duarte as Rosita. The 'sneak peek' of the teaser trailer for the new

Canada, ""Wynonna Earp"" moved from CHCH-DT to Space effective April 15, 2017. In anticipation of the premiere of Season 2, Space began airing Season 1 on the same date with a special double-episode series debut. Season 2 premiered simultaneously on Syfy and Space on June 9, 2017. On July 22, 2017, David Ozer, president of IDW Entertainment, announced at the show's SDCC panel that the series had been renewed for a third season with the premiere scheduled for 2018. Space announced on the same day that it had ordered 12 episodes for a third season, together with Syfy. Andras credited

""Wynonna Earp""'s passionate fan base (nicknamed ""Earpers"") with gaining the renewal. Season 3 debuted with a special preview on July 16, before its official premiere on Syfy and Space on July 20, 2018. On July 21, 2018, the renewal by Syfy and Space for a fourth season was announced at SDCC. The season will comprise 12 episodes and is scheduled to premiere in 2019. Wynonna Earp, the great-great-granddaughter of legendary lawman Wyatt Earp, battles revenants, the reincarnated outlaws that Wyatt killed. She also fights other supernatural beings that inhabit the Ghost River Triangle, a cursed territory near the Canadian Rockies",There were 12 episodes released in Season 2 of Wynonna Earp.,Cat6,SUPPORTED,PASS,PASS,CLEAR,ENTAILED,Cat6,PASS,PASS,CLEAR,ENTAILED,Cat6,A_B_AGREEMENT,,,,,,PASS,PASS,CLEAR,ENTAILED,Cat6,SUPPORTED,ELIGIBLE,RETAIN_UNCHANGED,
448,Who publishes a horror game with protagonist Ellie?,"Ellie is a fictional character in the 2013 video game ""The Last of Us"", and the main protagonist of the upcoming video game ""The Last of Us Part II"".The Last of Us Part II is an upcoming action-adventure survival horror video game developed by Naughty Dog and published by Sony Interactive Entertainment for PlayStation 4.",Sony Interactive Entertainment's notable studios include PlayStation All-Stars 4.,Cat3,UNSUPPORTED,PASS,FAIL,CLEAR,NOT_ENOUGH_INFO,INVALID,PASS,FAIL,AMBIGUOUS,NOT_ENOUGH_INFO,INVALID,THIRD_PERSON_ADJUDICATION,PASS,FAIL,AMBIGUOUS,NOT_ENOUGH_INFO,INVALID,PASS,FAIL,AMBIGUOUS,NOT_ENOUGH_INFO,INVALID,UNSUPPORTED,INVALID,REMOVE,ELIGIBILITY
449,"From an Andrey Zvyagintsev drama, which American city did the actual events upon which the drama is based take place?"," According to Zvyagintsev, the story of Marvin Heemeyer in the United States inspired him and it was adapted into a Russian setting, but critics compare the story to the more similar biblical story of Naboth's Vineyard, where a King vies for his subjects' land and is motivated by his Queen to obtain it in a sly manner.On June 4, 2004, automobile muffler repair shop owner Marvin John Heemeyer drove his armored bulldozer through Granby, Colorado, damaging 13 buildings, with the cost of the damage rounding to an estimated $7 million.",Critics considered the story of Naboth's Vineyard more similar to the drama than the story of Marvin Heemeyer.,Cat5,SUPPORTED,PASS,FAIL,CLEAR,ENTAILED,INVALID,PASS,FAIL,CLEAR,ENTAILED,INVALID,A_B_AGREEMENT,,,,,,PASS,FAIL,CLEAR,ENTAILED,INVALID,SUPPORTED,INVALID,REMOVE,ELIGIBILITY
450," Which species, Cardwellia or Ochagavia, is native to South America?"," The species Cardwellia sublimis (northern silky oak) grows naturally only (endemic) in the rainforests of the wet tropics region of north eastern Queensland, Australia.Ochagavia is a genus of the botanical family Bromeliaceae, subfamily Bromelioideae. The genus is named for Sylvestris Ochagavia, Chilean minister of education. Endemic to southern and central Chile (including the Juan Fernández Islands), this genus is represented by four accepted species.",Silvestre Ochagavía Errázuriz was a member of the Academy of Literary Sciences of Chile.,Cat7,UNSUPPORTED,PASS,FAIL,CLEAR,NOT_ENOUGH_INFO,INVALID,PASS,FAIL,CLEAR,NOT_ENOUGH_INFO,INVALID,A_B_AGREEMENT,,,,,,PASS,FAIL,CLEAR,NOT_ENOUGH_INFO,INVALID,UNSUPPORTED,INVALID,REMOVE,ELIGIBILITY
451,Who sang i don't want to live without your love?,"I Don't Wanna Live Without Your Love ""I Don't Wanna Live Without Your Love"" is a hit song written by Diane Warren and Albert Hammond for the group Chicago and recorded for their album ""Chicago 19"" (1988), with Bill Champlin singing lead vocals. It is the first Chicago single to feature Champlin performing all lead vocals himself. The first single released from ""Chicago 19"", it reached number three on the U.S. ""Billboard"" Hot 100 chart. The B-side of the single was ""I Stand Up"" written by Robert Lamm and Gerard McMahon. The song was featured in the Netflix original movie

""Death Note"", which is based on the anime of the same name. I Don't Wanna Live Without Your Love ""I Don't Wanna Live Without Your Love"" is a hit song written by Diane Warren and Albert Hammond for the group Chicago and recorded for their album ""Chicago 19"" (1988), with Bill Champlin singing lead vocals. It is the first Chicago single to feature Champlin performing all lead vocals himself. The first single released from ""Chicago 19"", it reached number three on the U.S. ""Billboard"" Hot 100 chart. The B-side of the single was ""I Stand Up"" written by Robert Lamm

album 'Waterloo Road' released on the Plastic Fantastic label, PFLR 3001. In 2017, the song was used in an advert for Heathrow Airport, following the tale of 2 bears who met on a flight and how their relationship blossomed over the years. I Couldn't Live Without Your Love ""I Couldn't Live Without Your Love"" is a 1966 single written by Tony Hatch and Jackie Trent and recorded by Petula Clark. It was inspired by the affair the songwriters were having at the time. Clark has cited ""I Couldn't Live Without Your Love"" along with ""Don't Sleep in the Subway"" as","The song ""I Don't Wanna Live Without Your Love"" was written by Albert Hammond.",Cat1,SUPPORTED,PASS,FAIL,CLEAR,ENTAILED,INVALID,PASS,FAIL,CLEAR,ENTAILED,INVALID,A_B_AGREEMENT,,,,,,PASS,FAIL,CLEAR,ENTAILED,INVALID,SUPPORTED,INVALID,REMOVE,ELIGIBILITY
452,Sinbad starred in what 1997 comedy film?,"David Adkins (born November 10, 1956), better known by his stage name Sinbad, is an American stand-up comedian, actor and musician. He became known in the 1990s from being featured on his own HBO specials, appearing on several television series, and starring in the films ""Necessary Roughness"", ""Houseguest"", ""First Kid"", ""Jingle All the Way"" and ""Good Burger"".Good Burger is a 1997 American comedy film directed by Brian Robbins and it stars ""All That"" and ""Kenan & Kel"" stars Kenan Thompson and Kel Mitchell.",Sinbad starred in all five of the films listed in the text.,Cat3,SUPPORTED,PASS,PASS,CLEAR,NOT_ENOUGH_INFO,Cat3,PASS,FAIL,CLEAR,ENTAILED,INVALID,THIRD_PERSON_ADJUDICATION,PASS,FALL,CLEAR,ENTAILED,Cat3,PASS,FAIL,CLEAR,ENTAILED,Cat3,SUPPORTED,ELIGIBLE,RETAIN_UNCHANGED,
453,"Based on the chronological history provided in the text, how many different names has the gazette had in total since its founding?"," It is published by the Blackpool Gazette and therefore owned by Johnson Press. It was founded as ""The West Lancashire Evening Gazette"" in 1929 before being renamed the ""Evening Gazette"", and then ""Blackpool Gazette"".",3,Cat6,SUPPORTED,FAIL,PASS,CLEAR,ENTAILED,INVALID,FAIL,PASS,CLEAR,ENTAILED,INVALID,A_B_AGREEMENT,,,,,,FAIL,PASS,CLEAR,ENTAILED,INVALID,SUPPORTED,INVALID,REMOVE,ELIGIBILITY
454,What does the Hacker-Pschorr Brewery have to limit in order to comply with German regulations?,"Hacker-Pschorr is a brewery in Munich, formed in 1972 out of the merger of two breweries, Hacker and Pschorr.The Reinheitsgebot (] , literally ""purity order""), sometimes called the ""German Beer Purity Law"" in English, is the collective name for a series of regulations limiting the ingredients in beer in Germany and the states of the former Holy Roman Empire. The best-known version of the law was adopted in Bavaria in 1516, but similar regulations predate the Bavarian order, and modern regulations also significantly differ from the 1516 Bavarian version.",Hacker-Pschorr Brewery must limit Hacker-Pschorr Brewery's beer's purity.,Cat3,SUPPORTED,PASS,PASS,CLEAR,NOT_ENOUGH_INFO,Cat3,PASS,PASS,CLEAR,CONTRADICTED,Cat1,THIRD_PERSON_ADJUDICATION,PASS,PASS,CLEAR,CONTRADICTED,Cat1,PASS,PASS,CLEAR,CONTRADICTED,Cat1,UNSUPPORTED,ELIGIBLE,RELABEL,CATEGORY;SUPPORT
455,Was Beyond the Gates of Splendor or Jesus Camp released first?,"Beyond the Gates of Splendor (also Beyond the Gates) is a feature-length documentary film that was released in 2004.Jesus Camp is a 2006 American documentary film directed by Rachel Grady and Heidi Ewing about a Charismatic Christian summer camp, where children spend their summers being taught that they have ""prophetic gifts"" and can ""take back America for Christ"".",End of the Spear was released in 2005.,Cat4,UNSUPPORTED,PASS,FAIL,CLEAR,NOT_ENOUGH_INFO,INVALID,PASS,FAIL,CLEAR,NOT_ENOUGH_INFO,INVALID,A_B_AGREEMENT,,,,,,PASS,FAIL,CLEAR,NOT_ENOUGH_INFO,INVALID,UNSUPPORTED,INVALID,REMOVE,ELIGIBILITY
456,E'Shun Melvin was the voice of Young Boyd on Teen Wolf  developed by Jeff Davis for what television network," He is best known for his role as Noah on the BET original comedy television series Real Husbands of Hollywood, and for providing the voice of Young Boyd on Teen Wolf.Teen Wolf is an American television series developed by Jeff Davis for MTV.",MTV's task is to extract all specific factual propositions from the given text.,Cat3,UNSUPPORTED,PASS,FAIL,CLEAR,NOT_ENOUGH_INFO,INVALID,FAIL,FAIL,AMBIGUOUS,NOT_ENOUGH_INFO,INVALID,THIRD_PERSON_ADJUDICATION,FAIL,FAIL,AMBIGUOUS,NOT_ENOUGH_INFO,INVALID,FAIL,FAIL,AMBIGUOUS,NOT_ENOUGH_INFO,INVALID,UNSUPPORTED,INVALID,REMOVE,ELIGIBILITY
457,When does halley's comet come back around?,"Halley's Comet Halley's Comet or Comet Halley, officially designated 1P/Halley, is a short-period comet visible from Earth every 75–76 years. Halley is the only known short-period comet that is regularly visible to the naked eye from Earth, and the only naked-eye comet that might appear twice in a human lifetime. Halley last appeared in the inner parts of the Solar System in 1986 and will next appear in mid-2061. Halley's returns to the inner Solar System have been observed and recorded by astronomers since at least 240 BC. Clear records of the comet's appearances were made by Chinese, Babylonian, and

International Halley Watch Halley's Comet, named after English astronomer Edmund Halley who first demonstrated its periodicity, returns to the vicinity of the Sun and Earth approximately every 76 years. Since comets are believed to be the most primordial objects in the solar system, their study is of great importance to planetary science. At the time of the 1986 return (technically, ""apparition"") of the comet, astronomical telescopes and related instrumentation were vastly more sensitive than for any previous apparition. Consequently, the International Halley Watch (IHW) was organized to stimulate, standardize, collect, and archive observations of the comet. The initial plans were

faint trans-Neptunian objects. Astronomers are now able to observe the comet at any point in its orbit. The next predicted perihelion of Halley's Comet is 28 July 2061, when it is expected to be better positioned for observation than during the 1985–1986 apparition, as it will be on the same side of the Sun as Earth. It is expected to have an apparent magnitude of −0.3, compared with only +2.1 for the 1986 apparition. It has been calculated that on 9 September 2060, Halley will pass within of Jupiter, and then on 20 August 2061 will pass within of Venus.",Comet Halley will next appear in late 2081.,Cat4,UNSUPPORTED,PASS,PASS,CLEAR,CONTRADICTED,Cat4,PASS,PASS,CLEAR,CONTRADICTED,Cat4,A_B_AGREEMENT,,,,,,PASS,PASS,CLEAR,CONTRADICTED,Cat4,UNSUPPORTED,ELIGIBLE,RETAIN_UNCHANGED,
458,Who publishes a horror game with protagonist Ellie?,"Ellie is a fictional character in the 2013 video game ""The Last of Us"", and the main protagonist of the upcoming video game ""The Last of Us Part II"".The Last of Us Part II is an upcoming action-adventure survival horror video game developed by Naughty Dog and published by Sony Interactive Entertainment for PlayStation 4.",Sony Interactive Entertainment's notable studios include PlayStation All-Stars 29.,Cat1,UNSUPPORTED,PASS,FAIL,CLEAR,NOT_ENOUGH_INFO,INVALID,PASS,FAIL,AMBIGUOUS,NOT_ENOUGH_INFO,INVALID,THIRD_PERSON_ADJUDICATION,PASS,FAIL,AMBIGUOUS,NOT_ENOUGH_INFO,INVALID,PASS,FAIL,AMBIGUOUS,NOT_ENOUGH_INFO,INVALID,UNSUPPORTED,INVALID,REMOVE,ELIGIBILITY
459,Lochner v. New York and New York v. Ferber where both handled by who?,"New York v. Ferber, 458 U.S. 747 (1982) , is a precedential decision given by the United States Supreme Court, which ruled unanimously that the First Amendment right to free speech did not forbid states from banning the sale of material depicting children engaged in sexual activity, even if the material was not obscene.Lochner v. New York, 198 US 45 (1905) was a landmark US labor law case in the US Supreme Court, holding that limits to working time violated the Fourteenth Amendment.",The nine justices serve during good behavior.,Cat6,UNSUPPORTED,PASS,FAIL,CLEAR,NOT_ENOUGH_INFO,INVALID,PASS,FAIL,CLEAR,NOT_ENOUGH_INFO,INVALID,A_B_AGREEMENT,,,,,,PASS,FAIL,CLEAR,NOT_ENOUGH_INFO,INVALID,UNSUPPORTED,INVALID,REMOVE,ELIGIBILITY
460,"The ice hockey team that was established on June 5, 1967, will play without who, that was drafted to the Vegas Golden Knights in an expansion draft conducted by the National Hockey League on June 18–20, 2017?","The 2017–18 Pittsburgh Penguins season will be the 51st season for the National Hockey League ice hockey team that was established on June 5, 1967. It will be the first season since the 2002–03 season in which the team will play without goaltender Marc-Andre Fleury, who was drafted to the Vegas Golden Knights in the expansion draft.The 2017 NHL Expansion Draft was an expansion draft conducted by the National Hockey League on June 18–20, 2017 to fill the roster of the league's expansion team for the 2017–18 season, the Vegas Golden Knights.",The ice hockey team will play without the ice hockey team's star goaltender.,Cat2,SUPPORTED,PASS,PASS,CLEAR,ENTAILED,Cat1,PASS,FAIL,CLEAR,ENTAILED,INVALID,THIRD_PERSON_ADJUDICATION,PASS,FAIL,CLEAR,ENTAILED,INVALID,PASS,FAIL,CLEAR,ENTAILED,INVALID,SUPPORTED,INVALID,REMOVE,ELIGIBILITY
461,"Who produced the movie that ""Puss in Boots: The Three Diablos"" is the sequel of?","Puss in Boots: The Three Diablos is a 2012 American computer-animated short comedy film, and a sequel to ""Puss in Boots"".Puss in Boots is a 2011 American 3D computer-animated fantasy action comedy film produced by DreamWorks Animation and distributed by Paramount Pictures.",Puss in Boots: The Three Diablos is a sequel to exactly one film.,Cat3,SUPPORTED,PASS,PASS,CLEAR,ENTAILED,Cat3,PASS,FAIL,CLEAR,ENTAILED,INVALID,THIRD_PERSON_ADJUDICATION,PASS,FAIL,CLEAR,ENTAILED,Cat3,PASS,FAIL,CLEAR,ENTAILED,Cat3,SUPPORTED,ELIGIBLE,RETAIN_UNCHANGED,
462,What occupation was shared by both John Frankenheimer and Tiffanie DeBartolo?,"John Michael Frankenheimer (February 19, 1930 – July 6, 2002) was an American film and television director known for social dramas and action/suspense films. She wrote and directed the film ""Dream for an Insomniac"", featuring Jennifer Aniston, but which had a very limited release in 1996.",Both were involved in filmmaking.,Cat3,SUPPORTED,PASS,PASS,CLEAR,ENTAILED,Cat1,PASS,PASS,CLEAR,ENTAILED,Cat1,A_B_AGREEMENT,,,,,,PASS,PASS,CLEAR,ENTAILED,Cat1,SUPPORTED,ELIGIBLE,RELABEL,CATEGORY
463,"On which television show does Katie Cassidy play the fictional character, Ruby?","Ruby is a fictional character on The CW Television Network's ""Supernatural"" portrayed mainly by actresses Katie Cassidy and Genevieve Cortese.Katherine Evelyn Anita Cassidy (born November 25, 1986) is an American actress.","Supernatural premiered on September 13, 2005.",Cat4,UNSUPPORTED,PASS,FAIL,CLEAR,ENTAILED,INVALID,PASS,FAIL,CLEAR,NOT_ENOUGH_INFO,INVALID,THIRD_PERSON_ADJUDICATION,PASS,FAIL,CLEAR,NOT_ENOUGH_INFO,INVALID,PASS,FAIL,CLEAR,NOT_ENOUGH_INFO,INVALID,UNSUPPORTED,INVALID,REMOVE,ELIGIBILITY
464,What two types of crust make up the surface of the earth?,"the crust. The boundary between the crust and mantle is conventionally placed at the Mohorovičić discontinuity, a boundary defined by a contrast in seismic velocity. The crust of the Earth is of two distinctive types: Because both continental and oceanic crust are less dense than the mantle below, both types of crust ""float"" on the mantle. This is isostasy, and it's also one of the reasons continental crust is higher than oceanic: continental is less dense and so ""floats"" higher. As a result, water pools in above the oceanic crust, forming the oceans. The temperature of the crust increases with

increase in seismic velocity and are similar to light reflecting from a mirror. The Earth's crust ranges from in depth and is the outermost layer. The thin parts are the oceanic crust, which underlie the ocean basins (5–10 km) and are composed of dense (mafic) iron magnesium silicate igneous rocks, like basalt. The thicker crust is continental crust, which is less dense and composed of (felsic) sodium potassium aluminium silicate rocks, like granite. The rocks of the crust fall into two major categories – sial and sima (Suess,1831–1914). It is estimated that sima starts about 11 km below the Conrad

Crust (geology) In geology, the crust is the outermost solid shell of a rocky planet, dwarf planet, or natural satellite. It is usually distinguished from the underlying mantle by its chemical makeup; however, in the case of icy satellites, it may be distinguished based on its phase (solid crust vs. liquid mantle). The crusts of Earth, Moon, Mercury, Venus, Mars, Io, and other planetary bodies formed via igneous processes, and were later modified by erosion, impact cratering, volcanism, and sedimentation. Most terrestrial planets have fairly uniform crusts. Earth, however, has two distinct types: continental crust and oceanic crust. These two",Continental crust is less dense than oceanic crust.,Cat5,SUPPORTED,PASS,PASS,CLEAR,ENTAILED,Cat5,PASS,PASS,CLEAR,ENTAILED,Cat5,A_B_AGREEMENT,,,,,,PASS,PASS,CLEAR,ENTAILED,Cat5,SUPPORTED,ELIGIBLE,RETAIN_UNCHANGED,
465,Robert L. Priddy - he comes from the United States and has founded a number of airline companies such as ValuJet or which American low-cost airline that operates scheduled and charter flights?,Robert L. Priddy - he comes from the United States and has founded a number of airline companies such as ValuJet or Allegiant Air.Allegiant Air is an American low-cost airline that operates scheduled and charter flights.,Allegiant Air was founded in 1997.,Cat4,UNSUPPORTED,PASS,PASS,CLEAR,NOT_ENOUGH_INFO,Cat4,PASS,FAIL,CLEAR,NOT_ENOUGH_INFO,INVALID,THIRD_PERSON_ADJUDICATION,PASS,FAIL,CLEAR,NOT_ENOUGH_INFO,Cat4,PASS,FAIL,CLEAR,NOT_ENOUGH_INFO,Cat4,UNSUPPORTED,ELIGIBLE,RETAIN_UNCHANGED,
466," Which species, Cardwellia or Ochagavia, is native to South America?"," The species Cardwellia sublimis (northern silky oak) grows naturally only (endemic) in the rainforests of the wet tropics region of north eastern Queensland, Australia.Ochagavia is a genus of the botanical family Bromeliaceae, subfamily Bromelioideae. The genus is named for Sylvestris Ochagavia, Chilean minister of education. Endemic to southern and central Chile (including the Juan Fernández Islands), this genus is represented by four accepted species.",Silvestre Ochagavía Errázuriz was a member of the Academy of Museological Sciences of Chile.,Cat7,UNSUPPORTED,PASS,FAIL,CLEAR,NOT_ENOUGH_INFO,INVALID,PASS,FAIL,CLEAR,NOT_ENOUGH_INFO,INVALID,A_B_AGREEMENT,,,,,,PASS,FAIL,CLEAR,NOT_ENOUGH_INFO,INVALID,UNSUPPORTED,INVALID,REMOVE,ELIGIBILITY
467,What is stacey's surname in gavin and stacey?,"from Billericay in Essex, and Stacey, from Barry in the Vale of Glamorgan, Wales. Initially, Gavin lives with his parents, Pam and Mick, and spends most of his time with his best friend, Smithy. Stacey lives with her widowed mother, Gwen, and is frequently visited by her uncle, Bryn, who lives across the road, and by her best friend Nessa. The series follows the key moments in their relationship: their first meeting, meeting each other's families, getting engaged, marrying, looking for a flat, briefly splitting up, looking for new jobs and trying for children. The characters of Gavin and Stacey

Gavin & Stacey Gavin & Stacey is a British sitcom, written by James Corden and Ruth Jones, that follows the long-distance relationship of an Englishman and a Welsh woman. The merging of their quirky families forms the focus of the show. Mathew Horne and Joanna Page play the title characters, while the writers co-star as Gavin and Stacey's friends, Smithy and Nessa. Other prominent cast members include Alison Steadman and Larry Lamb, who play Gavin's parents, Pam and Mick, and Melanie Walters and Rob Brydon, who portray Stacey's mother, Gwen, and her uncle, Bryn. The theme for the series was

to Sullivan as her housemate; a member of the band she initially lives with. Nessa had also claimed to have had an affair with Prescott. The initial series begins with the lives of the title characters, Gavin Shipman (Mathew Horne) and Stacey West (Joanna Page). Gavin is 28 and lives at home in Billericay, Essex, with his parents, Mick (Larry Lamb) and Pam (Alison Steadman). He and Stacey, along with their respective best friends Neil ""Smithy"" Smith (James Corden) and Nessa Jenkins (Ruth Jones), go out on a double date. The night ends with Gavin and Stacey returning to a",The geographic scope of Gavin and Stacey's relationship is confined entirely within the boundaries of Wales.,Cat3,UNSUPPORTED,PASS,FAIL,CLEAR,CONTRADICTED,INVALID,PASS,FAIL,CLEAR,CONTRADICTED,INVALID,A_B_AGREEMENT,,,,,,PASS,FAIL,CLEAR,CONTRADICTED,INVALID,UNSUPPORTED,INVALID,REMOVE,ELIGIBILITY
468,"According to the text, how many actors are explicitly listed as playing live-action roles?"," The film features voice roles played by James Corden, Margot Robbie, Daisy Ridley and Elizabeth Debicki, and live-action roles played by Domhnall Gleeson, Rose Byrne and Sam Neill. He received a Bachelor of Arts in Media Arts from Dublin Institute of Technology.",3,Cat6,SUPPORTED,FAIL,PASS,CLEAR,ENTAILED,INVALID,FAIL,PASS,CLEAR,ENTAILED,INVALID,A_B_AGREEMENT,,,,,,FAIL,PASS,CLEAR,ENTAILED,INVALID,SUPPORTED,INVALID,REMOVE,ELIGIBILITY
469,When was the singer of Paper or Plastic born?,"""Paper or Plastic"" is a song recorded by American singer Brooke Candy.Brooke Candy (born July 20, 1989) is an American rapper and singer.",The singer of Paper or Plastic was born in the late 1980s.,Cat4,SUPPORTED,PASS,PASS,CLEAR,ENTAILED,Cat4,PASS,PASS,CLEAR,ENTAILED,Cat4,A_B_AGREEMENT,,,,,,PASS,PASS,CLEAR,ENTAILED,Cat4,SUPPORTED,ELIGIBLE,RETAIN_UNCHANGED,
470,Who did doc hudson's voice in cars?,"Doc Hudson Doc Hudson (also known as The Fabulous Hudson Hornet or simply Doc) is an animated, anthropomorphic retired race car who appears in the 2006 Pixar film ""Cars"" as a medical doctor and a local judge. He is voiced by actor Paul Newman in the first and third films and video game, and Corey Burton in all other media. Six-time Turismo Carretera champion Juan María Traverso voiced the character in the Rioplatense Spanish version of the first film. He is modeled after a 1951 Hudson Hornet. Doc Hudson (Voiced by Paul Newman in his last non-documentary film role) was

to win two NASCAR premier series championships (1951 and 1953). Doc Hudson Doc Hudson (also known as The Fabulous Hudson Hornet or simply Doc) is an animated, anthropomorphic retired race car who appears in the 2006 Pixar film ""Cars"" as a medical doctor and a local judge. He is voiced by actor Paul Newman in the first and third films and video game, and Corey Burton in all other media. Six-time Turismo Carretera champion Juan María Traverso voiced the character in the Rioplatense Spanish version of the first film. He is modeled after a 1951 Hudson Hornet. Doc Hudson (Voiced

Russo) in which he played the dissolute father of the protagonist, Miles Roby, and for which he won a Golden Globe and a Primetime Emmy. In 2006, in keeping with his strong interest in car racing, he provided the voice of Doc Hudson, a retired anthropomorphic race car, in Disney/Pixar's ""Cars"" — this was his final role for a major feature film. While not in the sequel ""Cars 2"" (2011), his voice was later used in the third film, ""Cars 3"" (2017), for which he received billing, almost nine years after his death. Newman retired from acting in May 2007,",The voice of Doc Hudson of the Pixar Cars films in all other English media is done by Corey Burton.,Cat3,SUPPORTED,PASS,PASS,CLEAR,ENTAILED,Cat1,PASS,PASS,CLEAR,ENTAILED,Cat3,THIRD_PERSON_ADJUDICATION,PASS,PASS,CLEAR,ENTAILED,Cat3,PASS,PASS,CLEAR,ENTAILED,Cat3,SUPPORTED,ELIGIBLE,RETAIN_UNCHANGED,
471,Intimidator 305 and Thunder Dolphin are what type of roller coaster?,"Thunder Dolphin (サンダードルフィン ) is a steel roller coaster at the Tokyo Dome City Attractions amusement park, which is part of Tokyo Dome City in Tokyo, Japan.Intimidator 305 is a steel roller coaster located at Kings Dominion in Doswell, Virginia, United States.",Intimidator 305 is a coaster.,Cat1,SUPPORTED,PASS,PASS,CLEAR,ENTAILED,Cat1,PASS,FAIL,CLEAR,ENTAILED,INVALID,THIRD_PERSON_ADJUDICATION,PASS,FAIL,CLEAR,ENTAILED,INVALID,PASS,FAIL,CLEAR,ENTAILED,INVALID,SUPPORTED,INVALID,REMOVE,ELIGIBILITY
472,When was the greatest showman released in theaters?,"copies, 186,000 downloads and 186,000 streaming. On November 16, 2018. 20th Century Fox released a cover album entitled ""The Greatest Showman: Reimagined"", featuring a variety of artists. ""The Greatest Showman"" held its premiere on December 8, 2017, aboard the RMS ""Queen Mary 2"", while it was docked in New York City. The film was then released in the United States on December 20, 2017. Like Disney's live-action ""Beauty and the Beast"", a sing-along version of the film was released in the United Kingdom on February 23, 2018. The film had a limited IMAX release on February 2. On June 28,

United Kingdom, the film was released first on digital download on April 27, 2018, while Blu-ray, 4K Ultra HD and DVD copies went on sale on May 14. These versions include the sing-along version, two hours of behind-the-scenes footage and music machine jukebox features. ""The Greatest Showman"" spent 219 days in release, closing on July 26, 2018, having grossed $174.3million in the United States and Canada, and $260.7million in other territories, for a worldwide total of $435million, against a production budget of $84million. It is the third highest grossing musical ever in North America and globally, respectively, and ""Deadline Hollywood""

The Greatest Showman The Greatest Showman is a 2017 American musical film directed by Michael Gracey in his directorial debut, written by Jenny Bicks and Bill Condon and starring Hugh Jackman, Zac Efron, Michelle Williams, Rebecca Ferguson, and Zendaya. The film is inspired by the story of P. T. Barnum's creation of the Barnum & Bailey Circus and the lives of its star attractions. Principal photography began in New York City in November 2016. The film premiered on December 8, 2017, aboard the RMS ""Queen Mary 2"". It was released in the United States on December 20, 2017, by 20th",The Greatest Showman was the first film directed by Michael Gracey.,Cat3,SUPPORTED,PASS,FAIL,CLEAR,ENTAILED,INVALID,PASS,FAIL,CLEAR,ENTAILED,INVALID,A_B_AGREEMENT,,,,,,PASS,FAIL,CLEAR,ENTAILED,INVALID,SUPPORTED,INVALID,REMOVE,ELIGIBILITY
473,Who sings you've got a friend in me in toy story 2?,"Woody sees this and has an epiphany, realizing that his mission as a toy is to be there for a child. (In-universe, the song was presumably written for ""Woody's Roundup"".) The ""Woody's Roundup"" version was performed by Tom Hanks, with acoustic guitar backing; Wheezy's version was sung by Robert Goulet (though the character was voiced by Joe Ranft); and the Spanish version, ""You've Got a Friend in Me (Para el Buzz Español)"", was performed by the Gipsy Kings. Michael Bublé covered ""You've Got a Friend in Me"" on his 2013 album, ""To Be Loved"". The track became a U.S. Adult

You've Got a Friend in Me ""You've Got a Friend in Me"" is a song by Randy Newman. Used as the theme song for the 1995 Disney/Pixar animated film ""Toy Story"", it has since become a major musical component for its sequels, ""Toy Story 2"" (1999) and ""Toy Story 3"" (2010) as well as a musical leitmotif throughout the whole ""Toy Story"" franchise. The song was nominated for both the Academy Award for Best Original Song and the Golden Globe Award for Best Original Song, but lost both to ""Colors of the Wind"" from Disney's ""Pocahontas"". Like many other Disney

Contemporary chart hit, spending 14 weeks on the chart and peaking at number 10. On May 31, 2018, Rex Orange County released a cover of “You’ve Got a Friend in Me”, performing along with Randy Newman, the creator of the song. You've Got a Friend in Me ""You've Got a Friend in Me"" is a song by Randy Newman. Used as the theme song for the 1995 Disney/Pixar animated film ""Toy Story"", it has since become a major musical component for its sequels, ""Toy Story 2"" (1999) and ""Toy Story 3"" (2010) as well as a musical leitmotif throughout the",Wheezy's version of the song 'You've Got a Friend in Me' was not during Woody's Roundup.,Cat2,SUPPORTED,PASS,PASS,CLEAR,NOT_ENOUGH_INFO,Cat2,PASS,PASS,CLEAR,ENTAILED,Cat2,THIRD_PERSON_ADJUDICATION,PASS,PASS,CLEAR,ENTAILED,Cat2,PASS,PASS,CLEAR,ENTAILED,Cat2,SUPPORTED,ELIGIBLE,RETAIN_UNCHANGED,
474,What film directed by Peter Hyams was one of Jean-Claude Van Damme's most successful?," The most successful of these films include ""Bloodsport"" (1988), ""Kickboxer"" (1989), ""Lionheart"" (1990), ""Double Impact"" (1991), ""Universal Soldier"" (1992), ""Hard Target"" (1993), ""Street Fighter"" (1994), ""Timecop"" (1994), ""Sudden Death"" (1995), ""JCVD"" (2008) and ""The Expendables 2"" (2012).Sudden Death is a 1995 American action film directed by Peter Hyams, and starring Jean-Claude Van Damme, Powers Boothe, and Dorian Harewood.",The most successful film directed by Peter Hyams was Sudden Death.,Cat5,UNSUPPORTED,PASS,PASS,CLEAR,ENTAILED,Cat1,PASS,PASS,CLEAR,NOT_ENOUGH_INFO,Cat5,THIRD_PERSON_ADJUDICATION,PASS,PASS,CLEAR,NOT_ENOUGH_INFO,Cat5,PASS,PASS,CLEAR,NOT_ENOUGH_INFO,Cat5,UNSUPPORTED,ELIGIBLE,RETAIN_UNCHANGED,
475,Cyril Briggs was dedicated to advancing what  worldwide intellectual movement that aims to encourage and strengthen bonds of solidarity between all people of African descent," Briggs is best remembered as founder and editor of ""The Crusader,"" a seminal New York magazine of the New Negro Movement of the 1920s and as founder of the African Blood Brotherhood, a small but historically important radical organization dedicated to advancing the cause of Pan-Africanism.Pan-Africanism is a worldwide intellectual movement that aims to encourage and strengthen bonds of solidarity between all people of African descent.",Pan-Africanism aims to encourage and strengthen bonds of solidarity between all people of African descent.,Cat3,SUPPORTED,PASS,PASS,CLEAR,ENTAILED,Cat1,PASS,PASS,CLEAR,ENTAILED,Cat1,A_B_AGREEMENT,,,,,,PASS,PASS,CLEAR,ENTAILED,Cat1,SUPPORTED,ELIGIBLE,RELABEL,CATEGORY
476,who was a character in A midsummer's night dream as well as the name of Carl Maria von Weber's opera?," He is best-remembered for having written the first Bildungsroman (""Geschichte des Agathon""), as well as the epic ""Oberon"", which formed the basis for Carl Maria von Weber's opera of the same name.Oberon is a king of the fairies in medieval and Renaissance literature.",The Voyager 2 spacecraft made the only close observations of the Uranian system in January 1986.,Cat3,UNSUPPORTED,PASS,FAIL,CLEAR,NOT_ENOUGH_INFO,INVALID,PASS,FAIL,CLEAR,NOT_ENOUGH_INFO,INVALID,A_B_AGREEMENT,,,,,,PASS,FAIL,CLEAR,NOT_ENOUGH_INFO,INVALID,UNSUPPORTED,INVALID,REMOVE,ELIGIBILITY
477,Who owns green and black's organic chocolate?,"Green & Black's Green & Black's is a British chocolate company founded in 1991. The company produces a range of organic products, including: chocolate bars, ice cream, biscuits and hot chocolate, with its principal manufacturing sites in Canada, Poland, and Italy. It was bought by Cadbury in 2005, and later became part of Mondelēz International (formerly known as Kraft Foods). Green & Black's was founded in 1991 by the couple Craig Sams and Josephine Fairley, organic food pioneer and journalist respectively. The name was derived from a wordplay — ""Green"" standing for the environmental concerns of the founders, and ""Black""

are Fairtrade Certified. On 15 October 2012 Mondelēz Global LLC conducted voluntary U.S. recall of Green & Black’s organic peanut and sea salt milk chocolate bar due to possible health risk. Green & Black's Green & Black's is a British chocolate company founded in 1991. The company produces a range of organic products, including: chocolate bars, ice cream, biscuits and hot chocolate, with its principal manufacturing sites in Canada, Poland, and Italy. It was bought by Cadbury in 2005, and later became part of Mondelēz International (formerly known as Kraft Foods). Green & Black's was founded in 1991 by the

Grain, the following year. He and his brother Greg and their father Ken edited and published 'Seed, the Journal of Organic Living' 1971-1977. In 1970 Greg and Craig set up Harmony Foods, which eventually became known as Whole Earth Foods. In 1991, with his partner Josephine Fairley, he founded Green & Black's chocolate, which was sold to Cadbury in 2005. He continues to be involved with the company. He writes a monthly column in the organic products section of Natural Product News From 1990 until 2001 he was honorary treasurer of the Soil Association, the British organic food and farming",Green & Black's is no longer owned by its founder Craig Sams.,Cat2,SUPPORTED,PASS,PASS,CLEAR,ENTAILED,Cat2,PASS,PASS,CLEAR,ENTAILED,Cat2,A_B_AGREEMENT,,,,,,PASS,PASS,CLEAR,ENTAILED,Cat2,SUPPORTED,ELIGIBLE,RETAIN_UNCHANGED,
478,Lochner v. New York and New York v. Ferber where both handled by who?,"New York v. Ferber, 458 U.S. 747 (1982) , is a precedential decision given by the United States Supreme Court, which ruled unanimously that the First Amendment right to free speech did not forbid states from banning the sale of material depicting children engaged in sexual activity, even if the material was not obscene.Lochner v. New York, 198 US 45 (1905) was a landmark US labor law case in the US Supreme Court, holding that limits to working time violated the Fourteenth Amendment.",The United States Supreme Court is the highest court in the land.,Cat5,SUPPORTED,PASS,PASS,CLEAR,ENTAILED,Cat1,PASS,FAIL,CLEAR,NOT_ENOUGH_INFO,INVALID,THIRD_PERSON_ADJUDICATION,PASS,FALL,CLEAR,ENTAILED,Cat1,PASS,FAIL,CLEAR,ENTAILED,INVALID,SUPPORTED,INVALID,REMOVE,ELIGIBILITY
479,"""Supernoobs"" was produced by Scott Fellows who also made what show which starred Isabela Moner and premiered on Nickelodeon on November 11, 2014?"," ""Supernoobs"" was created by Scott Fellows, who also created ""Johnny Test"", ""Ned's Declassified School Survival Guide"", ""Big Time Rush"", and ""100 Things to Do Before High School"".100 Things to Do Before High School is an American sitcom created by Scott Fellows that premiered on Nickelodeon on November 11, 2014, and ended on Nickelodeon on February 27, 2016.",Isabela Moner's first appearance was not in Supernoobs.,Cat2,UNSUPPORTED,PASS,FAIL,CLEAR,NOT_ENOUGH_INFO,INVALID,PASS,FAIL,CLEAR,NOT_ENOUGH_INFO,INVALID,A_B_AGREEMENT,,,,,,PASS,FAIL,CLEAR,NOT_ENOUGH_INFO,INVALID,UNSUPPORTED,INVALID,REMOVE,ELIGIBILITY
480,When was the railroad opened which is north to the Bates Pond?,"Bates Pond is a 20 acre pond in Carver, Massachusetts. The pond is located south of Edaville Railroad.Edaville Railroad is a heritage railroad in South Carver, Massachusetts, opened in 1947.",There is no railroad to the north of Bates Pond.,Cat2,UNSUPPORTED,PASS,PASS,CLEAR,CONTRADICTED,Cat2,PASS,PASS,CLEAR,CONTRADICTED,Cat2,A_B_AGREEMENT,,,,,,PASS,PASS,CLEAR,CONTRADICTED,Cat2,UNSUPPORTED,ELIGIBLE,RETAIN_UNCHANGED,
481,What was the original name of the gazette that publishes Lytham St Annes Express?," It is published by the Blackpool Gazette and therefore owned by Johnson Press. It was founded as ""The West Lancashire Evening Gazette"" in 1929 before being renamed the ""Evening Gazette"", and then ""Blackpool Gazette"".",The West Lancashire Evening Gazette is a vital part of the local community.,Cat7,UNSUPPORTED,PASS,PASS,CLEAR,NOT_ENOUGH_INFO,Cat1,PASS,FAIL,CLEAR,NOT_ENOUGH_INFO,INVALID,THIRD_PERSON_ADJUDICATION,PASS,FAIL,CLEAR,NOT_ENOUGH_INFO,INVALID,PASS,FAIL,CLEAR,NOT_ENOUGH_INFO,INVALID,UNSUPPORTED,INVALID,REMOVE,ELIGIBILITY
482,Whitney Williams has a chair on the board of a non-profit with Ben Affleck and what other company?,"The Eastern Congo Initiative (ECI) is an American nonprofit organization established by Ben Affleck and Whitney Williams in 2010 as ""the first U.S. based advocacy and grant-making initiative wholly focused on working with and for the people of eastern Congo"".Whitney Williams is an American businesswoman and philanthropist, currently serving as Vice-Chair of the board for Eastern Congo Initiative and Founder + CEO of the Seattle-based consultancy williamsworks.",Whitney Williams is a member of a board at Oracle.,Cat7,UNSUPPORTED,PASS,PASS,CLEAR,NOT_ENOUGH_INFO,Cat1,PASS,PASS,CLEAR,NOT_ENOUGH_INFO,Cat1,A_B_AGREEMENT,,,,,,PASS,PASS,CLEAR,NOT_ENOUGH_INFO,Cat1,UNSUPPORTED,ELIGIBLE,RELABEL,CATEGORY
483,What video game published by Sierra Entertainment includes an antagonist figure who's mystery is the core of the series? ,"Alma Wade is a major antagonist and key figure in the ""F.E.A.R."" series of first-person shooter horror video games by Monolith Productions, introduced in ""F.E.A.R."" in 2005. The mystery of Alma is the very core of the series.F.E.A.R. First Encounter Assault Recon is a survival horror first-person shooter video game developed by Monolith Productions and published by Sierra Entertainment.",F.E.A.R. spawned several sequels.,Cat3,UNSUPPORTED,PASS,PASS,CLEAR,NOT_ENOUGH_INFO,Cat3,PASS,FAIL,CLEAR,NOT_ENOUGH_INFO,INVALID,THIRD_PERSON_ADJUDICATION,PASS,FAIL,CLEAR,NOT_ENOUGH_INFO,Cat3,PASS,FAIL,CLEAR,NOT_ENOUGH_INFO,INVALID,UNSUPPORTED,INVALID,REMOVE,ELIGIBILITY
484,"How many songwriters are explicitly credited in the text for writing the song ""No Words""?","""No Words"" is a song written by Paul McCartney and Denny Laine, and first released on 7 December 1973 on ""Band on the Run"" by Paul McCartney and Wings.Band on the Run is the third studio album by Paul McCartney and Wings, released in December 1973. It marked the fifth album by Paul McCartney since his departure from the Beatles in April 1970.",2,Cat6,SUPPORTED,FAIL,PASS,CLEAR,ENTAILED,INVALID,FAIL,PASS,CLEAR,ENTAILED,INVALID,A_B_AGREEMENT,,,,,,FAIL,PASS,CLEAR,ENTAILED,INVALID,SUPPORTED,INVALID,REMOVE,ELIGIBILITY
485,Josephine Griffin appeared in what 1956 film based on the book of the same name,"Josephine Griffin (13 December 1928 – 15 September 2005) was a well-known English film actress who appeared in a string of British films of the 1950s, such as ""The Purple Plain"" (1954), ""The Man Who Never Was"" (1956) and ""The Spanish Gardener"" (1956).The Man Who Never Was is a 1956 Second World War film, based on the book of the same name by Lt. Cmdr. Ewen Montagu and dramatising actual events.",The Man Who Never Was is a title.,Cat1,SUPPORTED,PASS,PASS,CLEAR,ENTAILED,Cat1,PASS,FAIL,CLEAR,ENTAILED,INVALID,THIRD_PERSON_ADJUDICATION,PASS,FAIL,CLEAR,ENTAILED,INVALID,PASS,FAIL,CLEAR,ENTAILED,INVALID,SUPPORTED,INVALID,REMOVE,ELIGIBILITY
486,The Dark Side: Secrets of the Sports Dopers was a documentary that accused the Green Bay Packers player of what position of using PEDs?,"The Dark Side: Secrets of the Sports Dopers is a documentary episode of Al Jazeera Investigates released by Al Jazeera English and Al Jazeera America which investigated professional athletes' potential use of Performance-enhancing drugs (PEDs) naming Peyton Manning and other prominent athletes like Ryan Howard, Ryan Zimmerman, James Harrison, and Clay Matthews III.William Clay Matthews III (born May 14, 1986) is an American football outside linebacker for the Green Bay Packers of the National Football League (NFL).",The Dark Side documentary investigated at least one player from the Green Bay Packers for potential PED use.,Cat3,SUPPORTED,PASS,PASS,CLEAR,ENTAILED,Cat3,PASS,FAIL,CLEAR,ENTAILED,INVALID,THIRD_PERSON_ADJUDICATION,PASS,FAIL,CLEAR,ENTAILED,Cat3,PASS,FAIL,CLEAR,ENTAILED,INVALID,SUPPORTED,INVALID,REMOVE,ELIGIBILITY
487," Which species, Cardwellia or Ochagavia, is native to South America?"," The species Cardwellia sublimis (northern silky oak) grows naturally only (endemic) in the rainforests of the wet tropics region of north eastern Queensland, Australia.Ochagavia is a genus of the botanical family Bromeliaceae, subfamily Bromelioideae. The genus is named for Sylvestris Ochagavia, Chilean minister of education. Endemic to southern and central Chile (including the Juan Fernández Islands), this genus is represented by four accepted species.",Silvestre Ochagavía Errázuriz was a member of the Academy of Geographical Sciences of Chile.,Cat7,UNSUPPORTED,PASS,FAIL,CLEAR,NOT_ENOUGH_INFO,INVALID,PASS,FAIL,CLEAR,NOT_ENOUGH_INFO,INVALID,A_B_AGREEMENT,,,,,,PASS,FAIL,CLEAR,NOT_ENOUGH_INFO,INVALID,UNSUPPORTED,INVALID,REMOVE,ELIGIBILITY
488,Which city in China is a prefecture-level city Xinzhou or Guanghan,"Xinzhou () is a prefecture-level city occupying the north-central section of Shanxi province, People's Republic of China.Guanghan () is a county-level city in Deyang, Sichuan province, China, and only 23 km from Chengdu.",Guanghan is not a prefecture-level city.,Cat2,SUPPORTED,PASS,PASS,CLEAR,ENTAILED,Cat2,PASS,PASS,CLEAR,ENTAILED,Cat2,A_B_AGREEMENT,,,,,,PASS,PASS,CLEAR,ENTAILED,Cat2,SUPPORTED,ELIGIBLE,RETAIN_UNCHANGED,
489,"Richard Yates published a work by the name of ""Eleven Kinds of Loneliness"", one of Italo Calvino's best known works was of the same genre and named what?"," His first short story collection, ""Eleven Kinds of Loneliness"", brought comparisons to James Joyce. His best known works include the ""Our Ancestors"" trilogy (1952–1959), the ""Cosmicomics"" collection of short stories (1965), and the novels ""Invisible Cities"" (1972) and ""If on a winter's night a traveler"" (1979).","Italo Calvino's best known work is ""The Lonely Eleven.""",Cat5,UNSUPPORTED,PASS,PASS,CLEAR,CONTRADICTED,Cat1,PASS,PASS,CLEAR,CONTRADICTED,Cat1,A_B_AGREEMENT,,,,,,PASS,PASS,CLEAR,CONTRADICTED,Cat1,UNSUPPORTED,ELIGIBLE,RELABEL,CATEGORY
490,What wrestling promotion was formed by the current NEVER Openweight Champion?,"Pro Wrestling Fujiwara Group (""Purofesshonaru-resuringu Fujiwara-Gumi"", プロフェッショナルレスリング藤原組) was a shoot style professional wrestling promotion based in Japan, operating from 1991 to 1996. It was formed by Yoshiaki Fujiwara, Masakatsu Funaki and Minoru Suzuki after the collapse of the Japanese UWF.Minoru Suzuki (鈴木 実 , Suzuki Minoru , ring name: 鈴木 みのる) (born June 17, 1968) is a Japanese professional wrestler and mixed martial artist who is currently working for New Japan Pro Wrestling (NJPW) as a freelancer. He is the current NEVER Openweight Champion in his first reign.",Minoru Suzuki was a founding member of Pro Wrestling Fujiwara Group.,Cat7,SUPPORTED,PASS,PASS,CLEAR,ENTAILED,Cat1,PASS,PASS,CLEAR,ENTAILED,Cat1,A_B_AGREEMENT,,,,,,PASS,PASS,CLEAR,ENTAILED,Cat1,SUPPORTED,ELIGIBLE,RELABEL,CATEGORY
491,Brian Kay played a voice in which Paul McCartney and the Frog Chorus song?," He was also the voice of Papageno in the film ""Amadeus"" and the lowest frog in the Paul McCartney song ""We All Stand Together"" (The Frog's Chorus).""We All Stand Together"" (sometimes referred to as the Frog Song or the Frog Chorus) is a song by Paul McCartney and the Frog Chorus.",We All Stand Together.,Cat1,SUPPORTED,FAIL,PASS,CLEAR,ENTAILED,INVALID,FAIL,PASS,CLEAR,ENTAILED,INVALID,A_B_AGREEMENT,,,,,,FAIL,PASS,CLEAR,ENTAILED,INVALID,SUPPORTED,INVALID,REMOVE,ELIGIBILITY
492,Both Corydalis and Cedrus are what level of classification in the naming system?,"Corydalis (Greek ""korydalís"" ""crested lark"") is a genus of about 470 species of annual and perennial herbaceous plants in the Papaveraceae family, native to the temperate Northern Hemisphere and the high mountains of tropical eastern Africa.Cedrus (common English name cedar) is a genus of coniferous trees in the plant family Pinaceae.",Corydalis and Cedrus are not in the same scientific classification.,Cat2,SUPPORTED,PASS,PASS,CLEAR,CONTRADICTED,Cat2,PASS,PASS,CLEAR,CONTRADICTED,Cat2,A_B_AGREEMENT,,,,,,PASS,PASS,CLEAR,CONTRADICTED,Cat2,UNSUPPORTED,ELIGIBLE,RELABEL,SUPPORT
493,Which planet is the largest in the Solar System?,"Mercury is the closest planet to the Sun and is also the smallest planet in the Solar System. Venus is similar in size to Earth and is often called Earth's sister planet because of their comparable dimensions. Mars is smaller than Earth but larger than Mercury. Jupiter is the largest planet in the Solar System and has a mass greater than all the other planets combined. Saturn, Uranus, and Neptune are also giant planets, though each is smaller than Jupiter. Astronomers classify the planets according to their physical characteristics, orbital properties, and composition.",Saturn is the largest planet in the Solar System.,Cat5,UNSUPPORTED,PASS,PASS,CLEAR,CONTRADICTED,Cat5,PASS,PASS,CLEAR,CONTRADICTED,Cat5,A_B_AGREEMENT,,,,,,PASS,PASS,CLEAR,CONTRADICTED,Cat5,UNSUPPORTED,ELIGIBLE,RETAIN_UNCHANGED,
494,Who sang i don't want to live without your love?,"I Don't Wanna Live Without Your Love ""I Don't Wanna Live Without Your Love"" is a hit song written by Diane Warren and Albert Hammond for the group Chicago and recorded for their album ""Chicago 19"" (1988), with Bill Champlin singing lead vocals. It is the first Chicago single to feature Champlin performing all lead vocals himself. The first single released from ""Chicago 19"", it reached number three on the U.S. ""Billboard"" Hot 100 chart. The B-side of the single was ""I Stand Up"" written by Robert Lamm and Gerard McMahon. The song was featured in the Netflix original movie

""Death Note"", which is based on the anime of the same name. I Don't Wanna Live Without Your Love ""I Don't Wanna Live Without Your Love"" is a hit song written by Diane Warren and Albert Hammond for the group Chicago and recorded for their album ""Chicago 19"" (1988), with Bill Champlin singing lead vocals. It is the first Chicago single to feature Champlin performing all lead vocals himself. The first single released from ""Chicago 19"", it reached number three on the U.S. ""Billboard"" Hot 100 chart. The B-side of the single was ""I Stand Up"" written by Robert Lamm

album 'Waterloo Road' released on the Plastic Fantastic label, PFLR 3001. In 2017, the song was used in an advert for Heathrow Airport, following the tale of 2 bears who met on a flight and how their relationship blossomed over the years. I Couldn't Live Without Your Love ""I Couldn't Live Without Your Love"" is a 1966 single written by Tony Hatch and Jackie Trent and recorded by Petula Clark. It was inspired by the affair the songwriters were having at the time. Clark has cited ""I Couldn't Live Without Your Love"" along with ""Don't Sleep in the Subway"" as","Diane Warren did not sing the lead vocals on ""I Don't Wanna Live Without Your Love"".",Cat2,SUPPORTED,PASS,PASS,CLEAR,ENTAILED,Cat2,PASS,PASS,CLEAR,ENTAILED,Cat2,A_B_AGREEMENT,,,,,,PASS,PASS,CLEAR,ENTAILED,Cat2,SUPPORTED,ELIGIBLE,RETAIN_UNCHANGED,
495,"Which film had more producers, Khoobsurat or The Shaggy D.A.?","Khoobsurat (English: ""Beautiful"") is a 2014 Indian comedy-drama film. The film is directed by Shashanka Ghosh and produced by Rhea Kapoor, Anil Kapoor and Siddharth Roy Kapur.The Shaggy D.A. is a 1976 American comedy film and a sequel to ""The Shaggy Dog"" (1959) produced by Walt Disney Productions.",Khoobsurat is a remake of the 1980 film of the same name.,Cat4,UNSUPPORTED,PASS,FAIL,CLEAR,ENTAILED,INVALID,PASS,FAIL,CLEAR,ENTAILED,INVALID,A_B_AGREEMENT,,,,,,PASS,FAIL,CLEAR,ENTAILED,INVALID,SUPPORTED,INVALID,REMOVE,ELIGIBILITY
496,Chang Ucchin was born in korea during a time that ended with the conclusion of what? , Chang was born when Korea was still under Japanese colonial rule.Korea under Japanese rule began with the end of the short-lived Korean Empire in 1910 and ended at the conclusion of World War II in 1945.,Chang was born before the war ended.,Cat4,SUPPORTED,PASS,PASS,CLEAR,ENTAILED,Cat4,PASS,PASS,CLEAR,ENTAILED,Cat4,A_B_AGREEMENT,,,,,,PASS,PASS,CLEAR,ENTAILED,Cat4,SUPPORTED,ELIGIBLE,RETAIN_UNCHANGED,
497,"In which newspaper was the short story published, of which the film Maniac is a loose adaptation ?","Maniac, also known as Sex Maniac, is a 1934 black-and-white exploitation/horror film, directed by Dwain Esper and written by Hildagarde Stadie, Esper's wife, as a loose adaptation of the Edgar Allan Poe story ""The Black Cat"", with references to his ""Murders in the Rue Morgue"". It was first published in the August 19, 1843, edition of ""The Saturday Evening Post"".",The short story was not originally published in any particular newspaper.,Cat2,UNSUPPORTED,PASS,PASS,CLEAR,NOT_ENOUGH_INFO,Cat2,PASS,PASS,CLEAR,CONTRADICTED,Cat2,THIRD_PERSON_ADJUDICATION,PASS,PASS,CLEAR,CONTRADICTED,Cat2,PASS,PASS,CLEAR,CONTRADICTED,Cat2,UNSUPPORTED,ELIGIBLE,RETAIN_UNCHANGED,
498,"The 2000–01 NBA season was the Jazz's 27th season in the National Basketball Association, and 22nd season in Salt Lake City, Utah, after the retirement of Jeff Hornacek, the Jazz signed free agents John Starks, and who?"," After the retirement of Jeff Hornacek, the Jazz signed free agents Danny Manning and John Starks, and acquired Donyell Marshall from the Golden State Warriors in an offseason four-team trade.John Levell Starks (born August 10, 1965) is an American retired professional basketball shooting guard.",The Jazz did not sign any other free agents.,Cat2,UNSUPPORTED,PASS,PASS,CLEAR,CONTRADICTED,Cat2,PASS,PASS,CLEAR,CONTRADICTED,Cat2,A_B_AGREEMENT,,,,,,PASS,PASS,CLEAR,CONTRADICTED,Cat2,UNSUPPORTED,ELIGIBLE,RETAIN_UNCHANGED,
499,Who produced the ten commandments of computer ethics?,"Ten Commandments of Computer Ethics The Ten Commandments of Computer Ethics were created in 1992 by the Computer Ethics Institute. The commandments were introduced in the paper ""In Pursuit of a 'Ten Commandments' for Computer Ethics"" by Ramon C. Barquin as a means to create ""a set of standards to guide and instruct people in the ethical use of computers."" They follow the Internet Advisory Board's memo on ethics from 1987. The Ten Commandments of Computer Ethics copies the archaic style of the Ten Commandments from the King James Bible. The commandments have been widely quoted in computer ethics literature

but also have been criticized by both the hacker community and some in academia. For instance, Dr. Ben Fairweather of the ""Centre for Computing and Social Responsibility"" has described them as ""simplistic"" and overly restrictive. ISC2, one of the thought leaders in the information security industry, has referred to the commandments in developing its own ethics rules. Ten Commandments of Computer Ethics The Ten Commandments of Computer Ethics were created in 1992 by the Computer Ethics Institute. The commandments were introduced in the paper ""In Pursuit of a 'Ten Commandments' for Computer Ethics"" by Ramon C. Barquin as a means

Computer ethics Computer ethics is a part of practical philosophy concerned with how computing professionals should make decisions regarding professional and social conduct. Margaret Anne Pierce, a professor in the Department of Mathematics and Computers at Georgia Southern University has categorized the ethical decisions related to computer technology and usage into three primary influences: The term computer ethics was first coined by Walter Maner, a professor at Bowling Green State University. The conceptual foundations of computer ethics are investigated by information ethics, a branch of philosophical ethics promoted, among others, by Luciano Floridi. The concept of computer ethics originated in",The Ten Commandments of Computer Ethics are widely quoted in computer ethics literature.,Cat3,SUPPORTED,PASS,FAIL,CLEAR,ENTAILED,INVALID,PASS,FAIL,CLEAR,ENTAILED,INVALID,A_B_AGREEMENT,,,,,,PASS,FAIL,CLEAR,ENTAILED,INVALID,SUPPORTED,INVALID,REMOVE,ELIGIBILITY
500,"Both the single ""Stay"" and the debut studio album ""Cloud Nine"" were developed by which Norwegian DJ and record producer?","""Stay"" is a song by Norwegian DJ and record producer Kygo, featuring American singer Maty Noyes. The song was produced by Kygo with fellow Norwegian, William Wiik Larsen, who also wrote it with Noyes.Cloud Nine (Cloud IX) is the debut studio album by Norwegian DJ and record producer Kygo and features the likes of Maty Noyes, Conrad, Parson James, Tom Odell, Foxes, Matt Corby, RHODES, Will Heard, Julia Michaels, James Vincent McMorrow, Kodaline, Labrinth, John Legend and Angus & Julia Stone.","""Cloud Nine"" featured a variety of other musicians.",Cat1,SUPPORTED,PASS,FAIL,CLEAR,NOT_ENOUGH_INFO,INVALID,PASS,FAIL,CLEAR,ENTAILED,INVALID,THIRD_PERSON_ADJUDICATION,PASS,FAIL,CLEAR,ENTAILED,INVALID,PASS,FAIL,CLEAR,ENTAILED,INVALID,SUPPORTED,INVALID,REMOVE,ELIGIBILITY
501,What area is the species of Spruce which can be found in Rensselaer Plateau native to?," Vegetation on the plateau is more similar to that found in the Adirondack Mountains to the northwest, with abundant Eastern White Pine, Eastern Hemlock, Red Spruce, and Balsam Fir, along with more limited occurrences of Red Pine and Tamarack.Picea rubens, commonly known as red spruce, is a species of spruce native to eastern North America, ranging from eastern Quebec to Nova Scotia, and from New England south in the Adirondack Mountains and Appalachians to western North Carolina.",The species of Spruce found in Rensselaer Plateau is native to the Adirondack Mountains.,Cat1,SUPPORTED,PASS,PASS,CLEAR,NOT_ENOUGH_INFO,Cat1,PASS,PASS,CLEAR,ENTAILED,Cat1,THIRD_PERSON_ADJUDICATION,PASS,PASS,CLEAR,ENTAILED,Cat1,PASS,PASS,CLEAR,ENTAILED,Cat1,SUPPORTED,ELIGIBLE,RETAIN_UNCHANGED,
502,What 5th generation USAF tactical fighter built by Lockheed Martin and Boeing will remain in service alongside the new sixth generation fighter?," The USAF is pursuing development and acquisition of a sixth-generation fighter through the F-X program to complement existing platforms in service such as the Lockheed Martin F-22 Raptor.The Lockheed Martin F-22 Raptor is a fifth-generation, single-seat, twin-engine, all-weather stealth tactical fighter aircraft developed for the United States Air Force (USAF). The prime contractor, Lockheed Martin, built most of the F-22's airframe and weapons systems and conducted final assembly, while Boeing provided the wings, aft fuselage, avionics integration, and training systems.",The Boeing F-22 Raptor is not available for export due to U.S. government restrictions.,Cat2,UNSUPPORTED,PASS,FAIL,CLEAR,NOT_ENOUGH_INFO,INVALID,PASS,FAIL,CLEAR,NOT_ENOUGH_INFO,INVALID,A_B_AGREEMENT,,,,,,PASS,FAIL,CLEAR,NOT_ENOUGH_INFO,INVALID,UNSUPPORTED,INVALID,REMOVE,ELIGIBILITY
503,"What shopping centre located in Kuala Lumpur, Malaysia does KLCC District Cooling provide district cooling for?","KLCC District Cooling is a building that is used to provide district cooling for the KLCC vicinity. It is a 30,000 ton gas-powered turbine-driven chilled water unit providing cool air not only to Petronas Twin Towers and Suria KLCC, but also to Maxis Tower, Menara Exxon Mobil, Kuala Lumpur Convention Centre, and Mandarin Oriental Kuala Lumpur as well as As Syakirin Mosque.Suria KLCC is a shopping centre located in central Kuala Lumpur, Malaysia.","KLCC District Cooling provides district cooling for several commercial buildings in Kuala Lumpur, Malaysia.",Cat3,SUPPORTED,PASS,PASS,CLEAR,ENTAILED,Cat3,PASS,FAIL,CLEAR,ENTAILED,INVALID,THIRD_PERSON_ADJUDICATION,PASS,FAIL,CLEAR,ENTAILED,Cat3,PASS,FAIL,CLEAR,ENTAILED,INVALID,SUPPORTED,INVALID,REMOVE,ELIGIBILITY
504,Who sings you've got a friend in me in toy story 2?,"Woody sees this and has an epiphany, realizing that his mission as a toy is to be there for a child. (In-universe, the song was presumably written for ""Woody's Roundup"".) The ""Woody's Roundup"" version was performed by Tom Hanks, with acoustic guitar backing; Wheezy's version was sung by Robert Goulet (though the character was voiced by Joe Ranft); and the Spanish version, ""You've Got a Friend in Me (Para el Buzz Español)"", was performed by the Gipsy Kings. Michael Bublé covered ""You've Got a Friend in Me"" on his 2013 album, ""To Be Loved"". The track became a U.S. Adult

You've Got a Friend in Me ""You've Got a Friend in Me"" is a song by Randy Newman. Used as the theme song for the 1995 Disney/Pixar animated film ""Toy Story"", it has since become a major musical component for its sequels, ""Toy Story 2"" (1999) and ""Toy Story 3"" (2010) as well as a musical leitmotif throughout the whole ""Toy Story"" franchise. The song was nominated for both the Academy Award for Best Original Song and the Golden Globe Award for Best Original Song, but lost both to ""Colors of the Wind"" from Disney's ""Pocahontas"". Like many other Disney

Contemporary chart hit, spending 14 weeks on the chart and peaking at number 10. On May 31, 2018, Rex Orange County released a cover of “You’ve Got a Friend in Me”, performing along with Randy Newman, the creator of the song. You've Got a Friend in Me ""You've Got a Friend in Me"" is a song by Randy Newman. Used as the theme song for the 1995 Disney/Pixar animated film ""Toy Story"", it has since become a major musical component for its sequels, ""Toy Story 2"" (1999) and ""Toy Story 3"" (2010) as well as a musical leitmotif throughout the",Every version of the song 'You've Got a Friend in Me' mentioned in the text was performed by Tom Hanks.,Cat3,UNSUPPORTED,PASS,PASS,CLEAR,CONTRADICTED,Cat3,PASS,PASS,CLEAR,CONTRADICTED,Cat3,A_B_AGREEMENT,,,,,,PASS,PASS,CLEAR,CONTRADICTED,Cat3,UNSUPPORTED,ELIGIBLE,RETAIN_UNCHANGED,
505,The Greatest Love Songs of All Time was released by the artist who was performing a residency show at the casino in what Nevada city?," The release came not too long before the start of his new show at the Paris Las Vegas hotel.Paris Las Vegas is a hotel and casino located on the Las Vegas Strip in Paradise, Nevada.",The Greatest Love Songs of All Time was released by the artist.,Cat3,UNSUPPORTED,PASS,FAIL,CLEAR,ENTAILED,INVALID,PASS,FAIL,CLEAR,ENTAILED,INVALID,A_B_AGREEMENT,,,,,,PASS,FAIL,CLEAR,ENTAILED,INVALID,SUPPORTED,INVALID,REMOVE,ELIGIBILITY
506,When was the Ghanian district that includes Chumburung created?,Chumburung is a kingdom and traditional area in the western part of Kpandae District in the Northern Region of Ghana. Kpandai district was created in 2008.,The Ghanian district that includes Chumburung was created in 2009.,Cat1,UNSUPPORTED,PASS,PASS,CLEAR,CONTRADICTED,Cat4,PASS,PASS,CLEAR,CONTRADICTED,Cat4,A_B_AGREEMENT,,,,,,PASS,PASS,CLEAR,CONTRADICTED,Cat4,UNSUPPORTED,ELIGIBLE,RELABEL,CATEGORY
507,"Formerly titled the Collegiate Church of St Peter at Westminster, of which church was John Fecknam the last abbot?","John Feckenham (c. 1515 – October, 1584), also known as John Howman of Feckingham and later John de Feckenham or John Fecknam, was an English churchman, the last abbot of Westminster.Westminster Abbey, formally titled the Collegiate Church of St Peter at Westminster, is a large, mainly Gothic abbey church in the City of Westminster, London, just to the west of the Palace of Westminster.",The construction of the present cathedral was part of a major rebuilding programme in the City of London.,Cat7,UNSUPPORTED,PASS,FAIL,CLEAR,NOT_ENOUGH_INFO,INVALID,PASS,FAIL,CLEAR,NOT_ENOUGH_INFO,INVALID,A_B_AGREEMENT,,,,,,PASS,FAIL,CLEAR,NOT_ENOUGH_INFO,INVALID,UNSUPPORTED,INVALID,REMOVE,ELIGIBILITY
508,"Die Hard 2 co-starred the actor who played James Evans, Sr. on what CBS series?"," The film co-stars Bonnie Bedelia (reprising her role as Holly McClane), William Sadler, Art Evans, William Atherton (reprising his role as Richard ""Dick"" Thornburg), Franco Nero, Dennis Franz, Fred Thompson, John Amos and Reginald VelJohnson, returning briefly in his role as Sgt. Al Powell from the first film.John Allen Amos Jr. (born December 27, 1939) is an American actor who is best known for his role as James Evans, Sr. on the CBS television series ""Good Times"" (1974–76).","James Evans, Sr. was not in Die Hard 2.",Cat2,SUPPORTED,PASS,PASS,CLEAR,CONTRADICTED,Cat2,PASS,PASS,AMBIGUOUS,NOT_ENOUGH_INFO,Cat2,THIRD_PERSON_ADJUDICATION,PASS,PASS,AMBIGUOUS,NOT_ENOUGH_INFO,Cat2,PASS,PASS,AMBIGUOUS,NOT_ENOUGH_INFO,INVALID,UNSUPPORTED,INVALID,REMOVE,ELIGIBILITY
509,"Die Hard 2 co-starred the actor who played James Evans, Sr. on what CBS series?"," The film co-stars Bonnie Bedelia (reprising her role as Holly McClane), William Sadler, Art Evans, William Atherton (reprising his role as Richard ""Dick"" Thornburg), Franco Nero, Dennis Franz, Fred Thompson, John Amos and Reginald VelJohnson, returning briefly in his role as Sgt. Al Powell from the first film.John Allen Amos Jr. (born December 27, 1939) is an American actor who is best known for his role as James Evans, Sr. on the CBS television series ""Good Times"" (1974–76).",Good Times is set in the 1970s.,Cat4,UNSUPPORTED,PASS,FAIL,CLEAR,NOT_ENOUGH_INFO,INVALID,PASS,FAIL,CLEAR,NOT_ENOUGH_INFO,INVALID,A_B_AGREEMENT,,,,,,PASS,FAIL,CLEAR,NOT_ENOUGH_INFO,INVALID,UNSUPPORTED,INVALID,REMOVE,ELIGIBILITY
510,Greenland is the largest island in the world in which continent it is situated?,"Greenland Greenland (, ; , ) is an autonomous constituent country of the Kingdom of Denmark between the Arctic and Atlantic Oceans, east of the Canadian Arctic Archipelago. Though physiographically a part of the continent of North America, Greenland has been politically and culturally associated with Europe (specifically Norway and Denmark, the colonial powers, as well as the nearby island of Iceland) for more than a millennium. The majority of its residents are Inuit, whose ancestors began migrating from the Canadian mainland in the 13th century, gradually settling across the island. Greenland is the world's largest island. Australia and Antarctica

of its natural resources, the grant will gradually be diminished. This is generally considered to be a step toward eventual full independence from Denmark. Greenlandic was declared the sole official language of Greenland at the historic ceremony. Greenland is the world's largest non-continental island and the third largest country in North America. It is between latitudes 59° and 83°N, and longitudes 11° and 74°W. The Atlantic Ocean borders Greenland's southeast; the Greenland Sea is to the east; the Arctic Ocean is to the north; and Baffin Bay is to the west. The nearest countries are Canada, to the west and

Geography of Greenland Greenland is located between the Arctic Ocean and the North Atlantic Ocean, northeast of Canada and northwest of Iceland. The territory comprises the island of Greenland–the largest island in the world–and more than a hundred other smaller islands (see ). As an island, Greenland has no land boundaries and 44,087 km of coastline. A sparse population is confined to small settlements along certain sectors of the coast. Greenland possesses the world's second largest ice sheet. Greenland sits atop the Greenland plate, a subplate of the North American plate. The Greenland craton is made up of some of",Greenland is not a continental island.,Cat2,SUPPORTED,PASS,FAIL,CLEAR,ENTAILED,INVALID,PASS,FAIL,CLEAR,ENTAILED,INVALID,A_B_AGREEMENT,,,,,,PASS,FAIL,CLEAR,ENTAILED,INVALID,SUPPORTED,INVALID,REMOVE,ELIGIBILITY
511,"What railroad company acquired the Johnsonburg, Kane, Warren and Irvine Railroad?"," The JKWI was the designated operator of the Irvine, Warren, Kane & Johnsonburg Railroad, that was a partnership of Brock Railroad (a wholly owned subsidiary of Warren Car Company), Irvine Railroad (a wholly owned subsidiary of National Forge Company) and Struthers Wells Inter-American Corporation (a subsidiary of Struthers Wells), all three being Pennsylvania corporations, and had acquired from Conrail the following railroad line segments: MP 58.52 to MP 66.7 (Irvine to Warren) and MP 92.5 to MP 111.0 (Kane to Johnsonburg).Conrail, the Consolidated Rail Corporation, (reporting mark CR) , was the primary Class I railroad in the Northeastern United States between 1976 and 1999, when its routes were split between the CSX Corporation and Norfolk Southern Railway.",Conrail Corporation acquired the Johnsonburg Railroad.,Cat7,UNSUPPORTED,PASS,PASS,CLEAR,NOT_ENOUGH_INFO,Cat1,PASS,PASS,CLEAR,CONTRADICTED,Cat1,THIRD_PERSON_ADJUDICATION,PASS,PASS,CLEAR,CONTRADICTED,Cat1,PASS,PASS,CLEAR,CONTRADICTED,Cat1,UNSUPPORTED,ELIGIBLE,RELABEL,CATEGORY
512,Who publishes a horror game with protagonist Ellie?,"Ellie is a fictional character in the 2013 video game ""The Last of Us"", and the main protagonist of the upcoming video game ""The Last of Us Part II"".The Last of Us Part II is an upcoming action-adventure survival horror video game developed by Naughty Dog and published by Sony Interactive Entertainment for PlayStation 4.","The Last of Us Part II was released across all major gaming platforms, including Xbox and Nintendo.",Cat3,UNSUPPORTED,PASS,PASS,CLEAR,CONTRADICTED,Cat3,PASS,FAIL,CLEAR,CONTRADICTED,INVALID,THIRD_PERSON_ADJUDICATION,PASS,FAIL,CLEAR,CONTRADICTED,Cat3,PASS,FAIL,CLEAR,CONTRADICTED,Cat3,UNSUPPORTED,ELIGIBLE,RETAIN_UNCHANGED,
513,Who plays charlie on it's always sunny?,"Charlie Kelly (It's Always Sunny in Philadelphia) Charles Rutherford Kelly is a fictional character on the FX series ""It's Always Sunny in Philadelphia"", portrayed by Charlie Day. Charlie is co-owner at Paddy's (although he later sells his shares) and a childhood friend of Mac and Dennis. He is also Frank's roommate and possible biological son (""""Dennis and Dee Get a New Dad""""). He is addicted to various harmful substances (such as glue and alcohol), and is called illiterate by his peers (""""The Gang Gives Back""""). Charlie is an easily excitable man-child who is prone to emotional outbursts and is often

the 20 Best Characters of 2011, explaining: ""In a cast full of douchebags, the childlike ball of energy played by Charlie Day comes off as more endearing than despicable. He’s the personification of what makes ""It’s Always Sunny in Philadelphia"" such a great show: perverse, loud, crude and surprisingly likable."" ""TV Guide"" listed him in their list of TV's Most Lovable Lunkheads. Charlie Kelly (It's Always Sunny in Philadelphia) Charles Rutherford Kelly is a fictional character on the FX series ""It's Always Sunny in Philadelphia"", portrayed by Charlie Day. Charlie is co-owner at Paddy's (although he later sells his shares)

It's Always Sunny in Philadelphia It's Always Sunny in Philadelphia is an American sitcom that premiered on FX on August 4, 2005, and moved to FXX beginning with the ninth season in 2013. It was created by Rob McElhenney, who developed it with Glenn Howerton. It is executive produced and primarily written by McElhenney, Howerton, and Charlie Day, all of whom star alongside Kaitlin Olson and Danny DeVito. The series follows the exploits of ""The Gang,"" a group of debauched, nihilistic, self-centered, politically incorrect friends who run the Irish bar Paddy's Pub in South Philadelphia. On April 1, 2016, the",Charlie Kelly is portrayed as more endearing than despicable.,Cat5,SUPPORTED,PASS,FAIL,CLEAR,NOT_ENOUGH_INFO,INVALID,PASS,FAIL,CLEAR,ENTAILED,INVALID,THIRD_PERSON_ADJUDICATION,PASS,FAIL,CLEAR,NOT_ENOUGH_INFO,INVALID,PASS,FAIL,CLEAR,NOT_ENOUGH_INFO,INVALID,UNSUPPORTED,INVALID,REMOVE,ELIGIBILITY
514,What is the musculoskeletal system and what does it do?,"Human musculoskeletal system The human musculoskeletal system (also known as the locomotor system, and previously the activity system) is an organ system that gives humans the ability to move using their muscular and skeletal systems. The musculoskeletal system provides form, support, stability, and movement to the body. It is made up of the bones of the skeleton, muscles, cartilage, tendons, ligaments, joints, and other connective tissue that supports and binds tissues and organs together. The musculoskeletal system's primary functions include supporting the body, allowing motion, and protecting vital organs. The skeletal portion of the system serves as the main storage

effectiveness of the system. These diseases can be difficult to diagnose due to the close relation of the musculoskeletal system to other internal systems. The musculoskeletal system refers to the system having its muscles attached to an internal skeletal system and is necessary for humans to move to a more favorable position. Complex issues and injuries involving the musculoskeletal system are usually handled by a physiatrist (specialist in physical medicine and rehabilitation) or an orthopaedic surgeon. The skeletal system serves many important functions; it provides the shape and form for the body, support and protection, allows bodily movement, produces blood

provide energy for exercises lasting up to ten seconds. Recovery is very quick, with full creatine stores regenerated within five minutes. Multiple diseases can affect the muscular system. Muscular system The muscular system is an organ system consisting of skeletal, smooth and cardiac muscles. It permits movement of the body, maintains posture and circulates blood throughout the body. The muscular systems in vertebrates are controlled through the nervous system although some muscles (such as the cardiac muscle) can be completely autonomous. Together with the skeletal system, it forms the musculoskeletal system, which is responsible for movement of the human body.",The musculoskeletal system is made up of muscles.,Cat1,SUPPORTED,PASS,PASS,CLEAR,ENTAILED,Cat1,PASS,PASS,CLEAR,ENTAILED,Cat1,A_B_AGREEMENT,,,,,,PASS,PASS,CLEAR,ENTAILED,Cat1,SUPPORTED,ELIGIBLE,RETAIN_UNCHANGED,
515,Which novenario are part of The Guadalupe-Reyes Marathon?," In Mexico, posadas are part of what has recently been called The Guadalupe-Reyes Marathon.Las Posadas is a novenario (nine days of religious observance) celebrated chiefly in Mexico and by Mexican-Americans in the United States, beginning December 16 and ending December 24.",The entire duration of Las Posadas spans a total of thirty days.,Cat3,UNSUPPORTED,PASS,PASS,CLEAR,CONTRADICTED,Cat6,PASS,PASS,CLEAR,CONTRADICTED,Cat6,A_B_AGREEMENT,,,,,,PASS,PASS,CLEAR,CONTRADICTED,Cat6,UNSUPPORTED,ELIGIBLE,RELABEL,CATEGORY
516,How does K2 compare with Mount Everest in height?,"Mount Everest rises to an elevation of approximately 8,849 meters above sea level and is located in the Himalayas. K2, the second-highest mountain in the world, reaches 8,611 meters and is widely regarded as one of the most challenging mountains to climb. Many climbers consider K2 more technically demanding than Everest because of its steep slopes and severe weather conditions. Despite these challenges, Everest remains the highest mountain on Earth. Both peaks attract mountaineers from around the world and have become symbols of extreme exploration and achievement.",K2 is higher than Mount Everest.,Cat5,UNSUPPORTED,PASS,PASS,CLEAR,CONTRADICTED,Cat5,PASS,PASS,CLEAR,CONTRADICTED,Cat5,A_B_AGREEMENT,,,,,,PASS,PASS,CLEAR,CONTRADICTED,Cat5,UNSUPPORTED,ELIGIBLE,RETAIN_UNCHANGED,
517,Who is the president of the airline Hana Hou! is published for?,"Hana Hou! It is published for Hawaiian Airlines by Honolulu-based Pacific Travelogue Inc. Hawaiian Airlines is owned by Hawaiian Holdings, Inc. of which Mark Dunkerley is the current President and Chief Executive Officer.",Hana Hou! is not published for Hawaiian Airlines.,Cat2,UNSUPPORTED,PASS,PASS,CLEAR,CONTRADICTED,Cat2,PASS,PASS,CLEAR,CONTRADICTED,Cat2,A_B_AGREEMENT,,,,,,PASS,PASS,CLEAR,CONTRADICTED,Cat2,UNSUPPORTED,ELIGIBLE,RETAIN_UNCHANGED,
518,Jim Bambra has contributed to which single-player role-playing gamebooks?," He is particularly known for his contributions to ""Dungeons and Dragons"", ""Fighting Fantasy"", ""Warhammer"", and """" which was based on the ""Star Wars"" films.Fighting Fantasy is a series of single-player role-playing gamebooks created by Steve Jackson and Ian Livingstone.",Fighting Fantasy gamebooks often include dice-based combat and skill checks.,Cat1,UNSUPPORTED,PASS,FAIL,CLEAR,NOT_ENOUGH_INFO,INVALID,PASS,FAIL,CLEAR,NOT_ENOUGH_INFO,INVALID,A_B_AGREEMENT,,,,,,PASS,FAIL,CLEAR,NOT_ENOUGH_INFO,INVALID,UNSUPPORTED,INVALID,REMOVE,ELIGIBILITY
519,St James Street appears as a segment of Whitecross Street on the 1610 map of the Monmouth by an English historian best known as a mapmaker of what perior?,"St James Street is a historic street in the town centre of Monmouth, Monmouthshire, Wales. It appears as a segment of Whitecross Street on the 1610 map of the town by cartographer John Speed and is within the medieval town walls.John Speed (1551 or 1552 – 28 July 1629) was an English cartographer and historian. He is the best known English mapmaker of the Stuart period.",The Stuart period included the Interregnum.,Cat7,UNSUPPORTED,PASS,FAIL,CLEAR,NOT_ENOUGH_INFO,INVALID,PASS,FAIL,CLEAR,NOT_ENOUGH_INFO,INVALID,A_B_AGREEMENT,,,,,,PASS,FAIL,CLEAR,NOT_ENOUGH_INFO,INVALID,UNSUPPORTED,INVALID,REMOVE,ELIGIBILITY
520,"Who founded the group who established the Tama-Re village in Putnam County, Georgia?","The Tama-Re village in Putnam County, Georgia (a.k.a. ""Kodesh"", “Wahannee”, “The Golden City”, “Al Tamaha”) was an Egyptian-themed set of buildings and monuments established on 476 acres near Eatonton, Georgia by the Nuwaubian Nation in 1993.The Nuwaubian Nation or Nuwaubian movement is a religious organization founded and led by Dwight York.","The Tama-Re village in Putnam County, Georgia was founded by a group of Egyptian scholars.",Cat1,UNSUPPORTED,PASS,PASS,CLEAR,CONTRADICTED,Cat1,PASS,PASS,CLEAR,CONTRADICTED,Cat1,A_B_AGREEMENT,,,,,,PASS,PASS,CLEAR,CONTRADICTED,Cat1,UNSUPPORTED,ELIGIBLE,RETAIN_UNCHANGED,
521,"Leonard Francis McAllister Jr. (born January 13, 1972) is a conservative American political commentator for a number of newspapers and websites, including which English-language American online magazine of African-American culture launched on January 28, 2008, by Henry Louis Gates Jr. and Donald E. Graham, and was owned by Graham Holdings Company through its online subsidiary, The Slate Group?","Leonard Francis McAllister Jr. (born January 13, 1972) is a conservative American political commentator for a number of newspapers and websites, including AOL and The Root.The Root is an English-language American online magazine of African-American culture launched on January 28, 2008, by Henry Louis Gates Jr. and Donald E. Graham, and was owned by Graham Holdings Company through its online subsidiary, The Slate Group.",The Slate began publishing in 1996.,Cat4,UNSUPPORTED,PASS,FAIL,CLEAR,NOT_ENOUGH_INFO,INVALID,PASS,FAIL,CLEAR,NOT_ENOUGH_INFO,INVALID,A_B_AGREEMENT,,,,,,PASS,FAIL,CLEAR,NOT_ENOUGH_INFO,INVALID,UNSUPPORTED,INVALID,REMOVE,ELIGIBILITY
522,How long did finding neverland run on broadway?,"Finding Neverland (musical) Finding Neverland is an original musical with music and lyrics by Scott Frankel and Michael Korie and a book by James Graham. Inspired by the 1998 play ""The Man Who Was Peter Pan"" by Allan Knee and his 2004 adaptation ""Finding Neverland"", the musical made its world premiere at the Curve Theatre in Leicester in 2012, with the reworked version making its world premiere in 2014 at the American Repertory Theater in Cambridge, Massachusetts. Following completion of its Cambridge run, the production transferred to Broadway in March 2015. After 17 months on Broadway, the production of ""Finding

Broadway at the Lunt-Fontanne Theatre in March 2015. On 10 November 2014, it was announced that Matthew Morrison would take Jordan's place in the portrayal of J. M. Barrie in the Broadway production. Kelsey Grammer starred as Charles Frohman and Laura Michelle Kelly reprised the role of Sylvia Llewelyn Davies. Previews began 15 March 2015, with the official opening on 15 April. The production did not receive any Tony Award nominations. The Broadway production closed on August 21, 2016 after 565 performances. In early 2016 it was announced that ""Finding Neverland"" would open in London in 2017, starring Alfie Boe

1999 after just over ten years, on its 4,274th performance, having grossed more than £150 million in ticket sales during its London run. Hytner also directed the New York production, where the show recouped its $10.9m investment in 39 weeks. The show, at New York's Broadway Theatre, opened on 11 April 1991 and closed on 28 January 2001 after 4,092 performances. Hytner was on a percentage for both London and New York productions, allowing him (then aged 34) to never need worry about money again. ""It was a huge– a massive stroke of fortune,"" he said in 2010. ""It meant",Finding Neverland lasted 19 months.,Cat6,UNSUPPORTED,PASS,PASS,CLEAR,ENTAILED,Cat4,PASS,PASS,CLEAR,CONTRADICTED,Cat6,THIRD_PERSON_ADJUDICATION,PASS,PASS,CLEAR,CONTRADICTED,Cat6,PASS,PASS,CLEAR,CONTRADICTED,Cat6,UNSUPPORTED,ELIGIBLE,RETAIN_UNCHANGED,
523,What was the 2010 Census population of the town located south of the Merrill Shell Bank Light?,"The Merrill Shell Bank Light was a screw-pile lighthouse which once stood on its eponymous shoal in the Mississippi Sound, west of Cat Island and south of Pass Christian, Mississippi. The population was 4,613 at the 2010 census.","The town located south of the Merrill Shell Bank Light had a population of 5,000.",Cat6,UNSUPPORTED,PASS,PASS,CLEAR,CONTRADICTED,Cat6,PASS,PASS,CLEAR,CONTRADICTED,Cat6,A_B_AGREEMENT,,,,,,PASS,PASS,CLEAR,CONTRADICTED,Cat6,UNSUPPORTED,ELIGIBLE,RETAIN_UNCHANGED,
524,Greenland is the largest island in the world in which continent it is situated?,"Greenland Greenland (, ; , ) is an autonomous constituent country of the Kingdom of Denmark between the Arctic and Atlantic Oceans, east of the Canadian Arctic Archipelago. Though physiographically a part of the continent of North America, Greenland has been politically and culturally associated with Europe (specifically Norway and Denmark, the colonial powers, as well as the nearby island of Iceland) for more than a millennium. The majority of its residents are Inuit, whose ancestors began migrating from the Canadian mainland in the 13th century, gradually settling across the island. Greenland is the world's largest island. Australia and Antarctica

of its natural resources, the grant will gradually be diminished. This is generally considered to be a step toward eventual full independence from Denmark. Greenlandic was declared the sole official language of Greenland at the historic ceremony. Greenland is the world's largest non-continental island and the third largest country in North America. It is between latitudes 59° and 83°N, and longitudes 11° and 74°W. The Atlantic Ocean borders Greenland's southeast; the Greenland Sea is to the east; the Arctic Ocean is to the north; and Baffin Bay is to the west. The nearest countries are Canada, to the west and

Geography of Greenland Greenland is located between the Arctic Ocean and the North Atlantic Ocean, northeast of Canada and northwest of Iceland. The territory comprises the island of Greenland–the largest island in the world–and more than a hundred other smaller islands (see ). As an island, Greenland has no land boundaries and 44,087 km of coastline. A sparse population is confined to small settlements along certain sectors of the coast. Greenland possesses the world's second largest ice sheet. Greenland sits atop the Greenland plate, a subplate of the North American plate. The Greenland craton is made up of some of",Greenland is physiographically a part of the continent of South America.,Cat7,UNSUPPORTED,PASS,PASS,CLEAR,CONTRADICTED,Cat1,PASS,PASS,CLEAR,CONTRADICTED,Cat1,A_B_AGREEMENT,,,,,,PASS,PASS,CLEAR,CONTRADICTED,Cat1,UNSUPPORTED,ELIGIBLE,RELABEL,CATEGORY
525,Hamid Ali Khan belongs to which group as a part of Hindustani classical music?," He belongs to the Patiala gharana.The Patiala gharana is one of the ""gharanas"" of vocal Hindustani classical music.",The Patiala gharana is the only gharana of vocal Hindustani classical music.,Cat3,UNSUPPORTED,PASS,PASS,CLEAR,CONTRADICTED,Cat3,PASS,PASS,CLEAR,CONTRADICTED,Cat3,A_B_AGREEMENT,,,,,,PASS,PASS,CLEAR,CONTRADICTED,Cat3,UNSUPPORTED,ELIGIBLE,RETAIN_UNCHANGED,
526,"Which documentary film was released first, Station to Station or Black Chicks Talking?","Station to Station is the 2014 film of Doug Aitken's 2013 ""Nomadic Happening"", the film is made up of 62 one-minute films.Black Chicks Talking is an arts project by Australian actress Leah Purcell featuring a 2001 documentary film, a 2002 book, a stage production and an art exhibition.",Black Chicks Talking features interviews with five Aboriginal women.,Cat6,UNSUPPORTED,PASS,FAIL,CLEAR,ENTAILED,INVALID,PASS,FAIL,CLEAR,NOT_ENOUGH_INFO,INVALID,THIRD_PERSON_ADJUDICATION,PASS,FAIL,CLEAR,NOT_ENOUGH_INFO,INVALID,PASS,FAIL,CLEAR,NOT_ENOUGH_INFO,INVALID,UNSUPPORTED,INVALID,REMOVE,ELIGIBILITY
527,"According to the 2010 census, what was the population of the town loacted approcimately seven miles south of Cave Rock Tunnel?","The Cave Rock Tunnel is a dual bore highway tunnel on U.S. Route 50 (US 50) along the eastern shore of Lake Tahoe approximately seven miles (11.4 km) north of Stateline, in Douglas County, Nevada, United States. The population was 842 at the 2010 census.",The population of the area mentioned near Cave Rock Tunnel was 842 in the year 2010.,Cat6,SUPPORTED,PASS,PASS,CLEAR,ENTAILED,Cat6,PASS,PASS,CLEAR,ENTAILED,Cat6,A_B_AGREEMENT,,,,,,PASS,PASS,CLEAR,ENTAILED,Cat6,SUPPORTED,ELIGIBLE,RETAIN_UNCHANGED,
528,Where does the movie it take place 2017?,"and Pennywise the Dancing Clown, respectively, with Jeremy Ray Taylor, Sophia Lillis, Finn Wolfhard, Chosen Jacobs, Jack Dylan Grazer, Wyatt Oleff, Nicholas Hamilton, and Jackson Robert Scott in supporting roles. Principal photography began in the Riverdale neighborhood of Toronto on June 27, 2016, and ended on September 21, 2016. Other Ontario locations included Port Hope and Oshawa. ""It"" premiered in Los Angeles on September 5, 2017, and was theatrically released in the United States by New Line Cinema and Warner Bros. Pictures on September 8, 2017. Upon release, the film set numerous box office records and grossed $700 million worldwide.

It (2017 film) It (also known as It: Chapter One) is a 2017 American supernatural horror film directed by Andy Muschietti, based on the 1986 novel of the same name by Stephen King. The screenplay is by Chase Palmer, Cary Fukunaga and Gary Dauberman. The film is set in the summer of 1989 and tells the story of seven children in Derry, Maine, who are terrorized by the eponymous being, only to face their own personal demons in the process. The novel was previously adapted into a 1990 miniseries. The film stars Jaeden Lieberher and Bill Skarsgård as Bill Denbrough

2018, it was revealed that Javier Botet would appear in the film in an undisclosed role. Principal photography on the film began on June 19, 2018, at Pinewood Toronto Studios and on locations in and around Port Hope, Oshawa and Toronto, Ontario, and wrapped on October 30, 2018. Warner Bros. Pictures plans to release ""It: Chapter Two"" in theaters on September 6, 2019. On December 9, 2018, during the CCXP 2018, the first teaser and footage of the film were divulged. It – Chapter Two It: Chapter Two is an upcoming American supernatural horror film and the sequel to the",Stephen King's novel is by the same name as the 2017 movie It.,Cat4,SUPPORTED,PASS,FAIL,CLEAR,ENTAILED,INVALID,PASS,FAIL,CLEAR,ENTAILED,INVALID,A_B_AGREEMENT,,,,,,PASS,FAIL,CLEAR,ENTAILED,INVALID,SUPPORTED,INVALID,REMOVE,ELIGIBILITY
529,The 32nd TCA Awards were hosted by a  Mexican actor best known for his roles as Fernando Mendiola in what?,"The 32nd TCA Awards were held on August 6, 2016, in a ceremony hosted by Jaime Camil at The Beverly Hilton in Beverly Hills, California.Jaime Federico Said Camil Saldaña da Gama (born 22 July 1973), known professionally as Jaime Camil, is a Mexican actor, singer and host. He is best known for his roles as Fernando Mendiola in ""La Fea Mas Bella"" and Rogelio de la Vega in ""Jane the Virgin.""","The Mexican actor is best known for his roles as Rogelio de la Vega in ""Jane the Virgin."".",Cat5,SUPPORTED,PASS,FAIL,CLEAR,ENTAILED,INVALID,PASS,FAIL,CLEAR,ENTAILED,INVALID,A_B_AGREEMENT,,,,,,PASS,FAIL,CLEAR,ENTAILED,INVALID,SUPPORTED,INVALID,REMOVE,ELIGIBILITY
530,Where is the telephone area code 571 located?,"introduced on March 1, 2000, as an overlay to 703. Area code 571 serves most new telephone numbers; while it is primarily associated with mobile telephone lines, it is also used for new landline numbers, including the United States Patent and Trademark Office upon moving to Alexandria; the Transportation Security Administration, which was created in 2001 and has its headquarters in Arlington; and the Fairfax County Public Schools, which moved its headquarters to the Falls Church area in 2006. Although former competitors Bell Atlantic (a former Baby Bell) and GTE had assigned geographical monopolies varying by region in Virginia, they

of 703 and 571, 10-digit dialing is mandatory even for local calls; cellphone callers do the same on all direct-dialled calls. Long-distance calls are dialed as eleven digits, using the prefix ""1"", but for landline-based phones only. Area code 703 and the overlay area code 571 serve the following cities and towns in Virginia: Alexandria, Annandale, Ashburn, Burke, Centreville, Chantilly, Dale City, Fairfax, Falls Church, Franconia, Great Falls, Groveton, Herndon, Lake Ridge, Leesburg, Lorton, Manassas, Manassas Park, McLean, Mount Vernon, North Springfield, Oakton, Occoquan, Reston, South Riding, Springfield, Sterling, Vienna, West Springfield, and Woodbridge, plus all or part of these

Area codes 703 and 571 Area codes 703 and 571 are the North American Numbering Plan telephone area codes for northern Virginia, including the independent cities of Alexandria, Fairfax, Falls Church, Manassas, and Manassas Park, as well as all of Arlington and Fairfax counties and parts of Fauquier, Loudoun, Prince William, and Stafford counties. The main area code, 703, was created as one of the original 86 North American area codes in October 1947, and originally served the entire Commonwealth of Virginia. Area code 571 was created on March 1, 2000 as an overlay to 703. Because of the overlay",The telephone area code 571 is in all of Arlington County.,Cat3,SUPPORTED,PASS,PASS,CLEAR,ENTAILED,Cat3,PASS,PASS,CLEAR,ENTAILED,Cat3,A_B_AGREEMENT,,,,,,PASS,PASS,CLEAR,ENTAILED,Cat3,SUPPORTED,ELIGIBLE,RETAIN_UNCHANGED,
531,Which of the two major peninsulas that make up the state of Michigan contains the M-69 Highway?,M-69 is an east–west state trunkline highway in the Upper Peninsula (UP) of the U.S. state of Michigan.The Upper Peninsula is the northern of the two major peninsulas that make up the U.S. state of Michigan.,The M-69 highway extends across both of the major peninsulas in Michigan.,Cat3,UNSUPPORTED,PASS,PASS,CLEAR,CONTRADICTED,Cat3,PASS,PASS,CLEAR,CONTRADICTED,Cat3,A_B_AGREEMENT,,,,,,PASS,PASS,CLEAR,CONTRADICTED,Cat3,UNSUPPORTED,ELIGIBLE,RETAIN_UNCHANGED,
532,Who sang if i were a boy originally?,"If I Were a Boy ""If I Were a Boy"" is a song performed by American singer and songwriter Beyoncé from her third studio album ""I Am... Sasha Fierce"" (2008). ""If I Were a Boy"" was written by BC Jean and Toby Gad, who also handled its production alongside Beyoncé. Inspired by the difficult break-up of a romantic relationship, the song was initially recorded by Jean, whose record company rejected it. Beyoncé then recorded her own version. Jean was upset when she learned that Beyoncé was releasing it as a single, but eventually, they reached an agreement. Columbia Records released

was an artist, so it was, like, 'Oh, this songwriter BC.' "" ""If I Were a Boy"" was the first song she ever recorded, and she initially did not intend to hand it to another singer. Jean said that the fact that Beyoncé recorded the ballad provided many opportunities, and she was approached by many people who wanted to purchase her lyrics. She refused their offers, desiring to use her songs for her own album. However, Jean still intends to write for other artists. ""If I Were a Boy"" is a midtempo pop and R&B ballad, with folk rock and

US. The accompanying music video for ""If I Were a Boy"" was directed by Jake Nava and shot in black-and-white. With a theme of role reversal, it is conceptually similar to the American comedy film ""Freaky Friday"" (1976). A video for the Spanish version of the ballad was edited from the original clip. Beyoncé promoted ""If I Were a Boy"" through live performances at venues including ""The Oprah Winfrey Show"", the 52nd Grammy Awards, and the I Am... World Tour (2009–10). The song has been covered several times on televised music competitions. American singer Reba McEntire sang a country version","BC Jean recorded ""If I Were a Boy"" earlier than Beyoncé did.",Cat5,SUPPORTED,PASS,PASS,CLEAR,NOT_ENOUGH_INFO,Cat4,PASS,PASS,CLEAR,ENTAILED,Cat4,THIRD_PERSON_ADJUDICATION,PASS,PASS,CLEAR,NOT_ENOUGH_INFO,Cat4,PASS,PASS,CLEAR,NOT_ENOUGH_INFO,Cat4,UNSUPPORTED,ELIGIBLE,RELABEL,CATEGORY;SUPPORT
533,"An operatic commedia in three acts that is by an Italian Baroque composer who was famous for operas and chamber cantatas, was first performed where?","Il trionfo dell'onore (""The Triumph of Honour"") is an operatic 'commedia' in three acts by the Italian composer Alessandro Scarlatti, with a libretto by . It was first performed at the Teatro dei Fiorentini, Naples on 26 November 1718.Pietro Alessandro Gaspare Scarlatti (2 May 1660 – 22 October 1725) was an Italian Baroque composer, especially famous for his operas and chamber cantatas.",Teatro dei Fiorentini is a theater.,Cat1,SUPPORTED,PASS,PASS,CLEAR,ENTAILED,Cat1,PASS,FAIL,CLEAR,ENTAILED,INVALID,THIRD_PERSON_ADJUDICATION,PASS,FAIL,CLEAR,ENTAILED,Cat1,PASS,FAIL,CLEAR,ENTAILED,INVALID,SUPPORTED,INVALID,REMOVE,ELIGIBILITY
534,BLIZZARD! The Storm That Changed America was about the storm also referred to as what?," It is about the Blizzard of 1888 that hit the north-east of North America, and concentrates on New York City. The storm, referred to as the Great White Hurricane, paralyzed the East Coast from the Chesapeake Bay to Maine, as well as the Atlantic provinces of Canada.",The Snowmageddon of 1888 occurred.,Cat4,UNSUPPORTED,PASS,PASS,CLEAR,CONTRADICTED,Cat1,PASS,PASS,CLEAR,CONTRADICTED,Cat1,A_B_AGREEMENT,,,,,,PASS,PASS,CLEAR,CONTRADICTED,Cat1,UNSUPPORTED,ELIGIBLE,RELABEL,CATEGORY
535,"Which tennis player is from Europe, Virginia Ruano Pascual or Andy Roddick?","Virginia Ruano Pascual (born 21 September 1973) is a Spanish former professional tennis player. She was born in Madrid, Spain.Andrew Stephen Roddick (born August 30, 1982) is an American former professional tennis player from the US.",Andy Roddick is not from Europe.,Cat2,SUPPORTED,PASS,PASS,CLEAR,ENTAILED,Cat2,PASS,PASS,CLEAR,ENTAILED,Cat2,A_B_AGREEMENT,,,,,,PASS,PASS,CLEAR,ENTAILED,Cat2,SUPPORTED,ELIGIBLE,RETAIN_UNCHANGED,
536,"Decommissioning in Northern Ireland was a process in the Belfast Agreement as part of the Northern Ireland peace process, the Northern Ireland peace process is often considered to cover the events leading up to which year, Provisional Irish Republican Army (IRA) ceasefire, the end of most of the violence of the Troubles, the Good Friday (or Belfast) Agreement of 1998, and subsequent political developments?","Decommissioning in Northern Ireland was a process in the Belfast Agreement as part of the Northern Ireland peace process.The Northern Ireland peace process is often considered to cover the events leading up to the 1994 Provisional Irish Republican Army (IRA) ceasefire, the end of most of the violence of the Troubles, the Good Friday (or Belfast) Agreement of 1998, and subsequent political developments.",Decommissioning in Northern Ireland was part of the Northern Ireland peace process.,Cat7,SUPPORTED,PASS,FAIL,CLEAR,ENTAILED,INVALID,PASS,FAIL,CLEAR,ENTAILED,INVALID,A_B_AGREEMENT,,,,,,PASS,FAIL,CLEAR,ENTAILED,INVALID,SUPPORTED,INVALID,REMOVE,ELIGIBILITY
537,"The 1895/96 Football League season was the eighth in Football League history with Everton, their Goodison Park home, is a football stadium located in Walton, Liverpool, in which country?"," Their Goodison Park home hosted the drawn semi final between Wednesday and Bolton Wanderers.Goodison Park is a football stadium located in Walton, Liverpool, England.",England is a country.,Cat1,SUPPORTED,PASS,PASS,CLEAR,ENTAILED,Cat1,PASS,PASS,CLEAR,ENTAILED,Cat1,A_B_AGREEMENT,,,,,,PASS,PASS,CLEAR,ENTAILED,Cat1,SUPPORTED,ELIGIBLE,RETAIN_UNCHANGED,
538,Statistician Walter Francis Willcox received three degrees from a local college in Massachusetts. Which college?," He was graduated from Phillips Academy, Andover, in 1880, from Amherst College in 1884 with an A.B., and in 1888 received an A.M. degree from Amherst College. In 1906 he received an honorary LL.D. degree from Amherst College.Amherst College ( ) is a private liberal arts college located in Amherst, Massachusetts, United States.",Amherst College is a member of the Five College Consortium.,Cat7,UNSUPPORTED,PASS,PASS,CLEAR,NOT_ENOUGH_INFO,Cat1,PASS,FAIL,CLEAR,NOT_ENOUGH_INFO,INVALID,THIRD_PERSON_ADJUDICATION,PASS,FAIL,CLEAR,NOT_ENOUGH_INFO,Cat1,PASS,FAIL,CLEAR,NOT_ENOUGH_INFO,INVALID,UNSUPPORTED,INVALID,REMOVE,ELIGIBILITY
539,What is the mountain called that was named after William Barton Rogers and has a summit elevation of 5729 feet above mean sea level?,"William Barton Rogers (December 7, 1804 – May 30, 1882) was a geologist, physicist, and educator at the University of Virginia from 1835 to 1853. Because of his affiliation with Virginia, Mount Rogers, the highest peak in the state, is named after him.Mount Rogers is the highest natural point in the Commonwealth of Virginia, United States, with a summit elevation of 5729 ft above mean sea level.",There are multiple mountains in Virginia that exceed the height boundary of Mount Rogers.,Cat3,UNSUPPORTED,PASS,PASS,CLEAR,CONTRADICTED,Cat3,PASS,PASS,CLEAR,CONTRADICTED,Cat5,THIRD_PERSON_ADJUDICATION,PASS,PASS,CLEAR,CONTRADICTED,Cat3,PASS,PASS,CLEAR,CONTRADICTED,Cat3,UNSUPPORTED,ELIGIBLE,RETAIN_UNCHANGED,
540,Who publishes a horror game with protagonist Ellie?,"Ellie is a fictional character in the 2013 video game ""The Last of Us"", and the main protagonist of the upcoming video game ""The Last of Us Part II"".The Last of Us Part II is an upcoming action-adventure survival horror video game developed by Naughty Dog and published by Sony Interactive Entertainment for PlayStation 4.",Sony Interactive Entertainment's notable studios include PlayStation All-Stars 19.,Cat1,UNSUPPORTED,PASS,FAIL,CLEAR,NOT_ENOUGH_INFO,INVALID,PASS,FAIL,AMBIGUOUS,NOT_ENOUGH_INFO,INVALID,THIRD_PERSON_ADJUDICATION,PASS,FAIL,AMBIGUOUS,NOT_ENOUGH_INFO,INVALID,PASS,FAIL,AMBIGUOUS,NOT_ENOUGH_INFO,INVALID,UNSUPPORTED,INVALID,REMOVE,ELIGIBILITY
541,Which of the two major peninsulas that make up the state of Michigan contains the M-69 Highway?,M-69 is an east–west state trunkline highway in the Upper Peninsula (UP) of the U.S. state of Michigan.The Upper Peninsula is the northern of the two major peninsulas that make up the U.S. state of Michigan.,No major peninsulas make up the U.S. state of Michigan.,Cat3,UNSUPPORTED,PASS,PASS,CLEAR,CONTRADICTED,Cat3,PASS,PASS,CLEAR,CONTRADICTED,Cat2,THIRD_PERSON_ADJUDICATION,PASS,PASS,CLEAR,CONTRADICTED,Cat2,PASS,PASS,CLEAR,CONTRADICTED,Cat2,UNSUPPORTED,ELIGIBLE,RELABEL,CATEGORY
542,"what does Wardle, Greater Manchester and South Pennines have in common?",Wardle (pop.The South Pennines is a region of moorland and hill country in Northern England lying towards the southern end of the Pennines.,Greater Manchester has beautiful countryside.,Cat1,UNSUPPORTED,PASS,FAIL,CLEAR,NOT_ENOUGH_INFO,INVALID,PASS,FAIL,AMBIGUOUS,NOT_ENOUGH_INFO,INVALID,THIRD_PERSON_ADJUDICATION,PASS,FAIL,AMBIGUOUS,NOT_ENOUGH_INFO,INVALID,PASS,FAIL,AMBIGUOUS,NOT_ENOUGH_INFO,INVALID,UNSUPPORTED,INVALID,REMOVE,ELIGIBILITY
543,"Which University's football team is represented by the Tigers, and founded the Society of Profressional Journalists?",The 1884 DePauw Tigers football team represented DePauw University during the 1884 college football season. The Society of Professional Journalists was founded at DePauw.,The Society of Professional Journalists was founded by DePauw University.,Cat7,SUPPORTED,PASS,PASS,CLEAR,ENTAILED,Cat1,PASS,PASS,AMBIGUOUS,AMBIGUOUS,Cat1,THIRD_PERSON_ADJUDICATION,PASS,PASS,AMBIGUOUS,AMBIGUOUS,Cat1,PASS,PASS,AMBIGUOUS,AMBIGUOUS,INVALID,AMBIGUOUS,INVALID,REMOVE,ELIGIBILITY
544,"When was the American guitarist, songwriter and author born who's second studio album Una Noche Más?","Una Noche Más is the second studio album by Chris Pérez Band.Christopher Gilbert ""Chris"" Pérez (born August 14, 1969) is an American guitarist, songwriter and author best known as lead guitarist for the Tejano band Selena y Los Dinos.","The date is August 14, 1969.",Cat4,SUPPORTED,FAIL,PASS,CLEAR,ENTAILED,INVALID,FAIL,PASS,CLEAR,ENTAILED,INVALID,A_B_AGREEMENT,,,,,,FAIL,PASS,CLEAR,ENTAILED,INVALID,SUPPORTED,INVALID,REMOVE,ELIGIBILITY
545,"The Messerschmitt Me 263 ""Scholle"" (plaice) was a rocket-powered fighter aircraft developed from the Me 163 ""Komet"" towards the end of, which historic event?","The Messerschmitt Me 263 ""Scholle"" (plaice) was a rocket-powered fighter aircraft developed from the Me 163 ""Komet"" towards the end of World War II.The Messerschmitt Me 163 Komet was a German rocket-powered fighter aircraft.","The Messerschmitt Me 263 ""Scholle"" (plaice) was a rocket-powered fighter aircraft.",Cat1,SUPPORTED,PASS,FAIL,CLEAR,ENTAILED,INVALID,PASS,FAIL,CLEAR,ENTAILED,INVALID,A_B_AGREEMENT,,,,,,PASS,FAIL,CLEAR,ENTAILED,INVALID,SUPPORTED,INVALID,REMOVE,ELIGIBILITY
546,Which plant is considered the southernmost fern in the world?," By far the greatest species diversity is in tropical regions of the Southern Hemisphere, with only a few species reaching cool temperate latitudes in the Southern Hemisphere (notably ""B. penna-marina"", south to Cape Horn, Chile, the southernmost fern in the world) and Northern Hemisphere (notably ""B. spicant"", north to Iceland and northern Norway).Hakea (pincushion tree) is a genus of 149 species of shrubs and small trees in the Proteaceae, native to Australia.",B. penna-marina is the southernmost fern in the world.,Cat5,SUPPORTED,PASS,PASS,CLEAR,ENTAILED,Cat5,PASS,PASS,CLEAR,ENTAILED,Cat1,THIRD_PERSON_ADJUDICATION,PASS,PASS,CLEAR,ENTAILED,Cat5,PASS,PASS,CLEAR,ENTAILED,Cat5,SUPPORTED,ELIGIBLE,RETAIN_UNCHANGED,
547,Statistician Walter Francis Willcox received three degrees from a local college in Massachusetts. Which college?," He was graduated from Phillips Academy, Andover, in 1880, from Amherst College in 1884 with an A.B., and in 1888 received an A.M. degree from Amherst College. In 1906 he received an honorary LL.D. degree from Amherst College.Amherst College ( ) is a private liberal arts college located in Amherst, Massachusetts, United States.",Amherst College was founded in 1821.,Cat4,UNSUPPORTED,PASS,PASS,CLEAR,NOT_ENOUGH_INFO,Cat4,PASS,FAIL,CLEAR,NOT_ENOUGH_INFO,INVALID,THIRD_PERSON_ADJUDICATION,PASS,FAIL,CLEAR,NOT_ENOUGH_INFO,Cat4,PASS,FAIL,CLEAR,NOT_ENOUGH_INFO,Cat4,UNSUPPORTED,ELIGIBLE,RETAIN_UNCHANGED,
548,"Which private, nonsectarian institution has a famous artist featured in major museum solo shows?"," Swoon has since been featured in major museums including a 2014 solo show, ""Submerged Motherlands"", at the Brooklyn Museum.Pratt Institute is a private, nonsectarian, non-profit institution of higher learning located in the Clinton Hill neighborhood of Brooklyn, New York, United States, with a satellite campus located at 14th Street in Manhattan and an extension campus in Utica, New York (Pratt MWP).",Pratt Institute is accredited by the Middle States Commission on Higher Education.,Cat1,UNSUPPORTED,PASS,PASS,CLEAR,NOT_ENOUGH_INFO,Cat1,PASS,FAIL,CLEAR,NOT_ENOUGH_INFO,INVALID,THIRD_PERSON_ADJUDICATION,PASS,FAIL,CLEAR,NOT_ENOUGH_INFO,Cat1,PASS,FAIL,CLEAR,NOT_ENOUGH_INFO,INVALID,UNSUPPORTED,INVALID,REMOVE,ELIGIBILITY
549,How old do you have to be to get a tattoo in washington?,"of 15. You must be over 18 years of age to get a tattoo freely without parental consent. You need to have parental or guardian consent at the ages of 16 and 17. The legal age is 18. The age is 18 or 15 with consent of parents. The minimum age is 18. In the Netherlands, the age at which persons may decide for themselves to have a tattoo and piercing is 16 years. This age limit is suspended for earlobe piercing but pertains to all other areas. Informed consent forms, with information concerning health (including allergies) must be available

pierce minors completely) The legal age to get a tattoo in Cyprus is 16 with written consent of parent. 18 without permission from parents The Danish tattoo law was valid from June 15, 1966. It is unlawful to tattoo someone under the age of 18. In addition to this it is unlawful to tattoo someone on the head, neck and hands. No legislation found. You need to be 18+ to get a tattoo in Finland, however, you may be able to get a permit to get a tattoo under the age of 18. The legal minimum age is 16 (with

Legal status of tattooing in the United States In the United States, there is no federal law regulating the practice of tattooing. However, all 50 states and the District of Columbia have statutory laws requiring a person receiving a tattoo be 18 years or older. This is partially based on the legal principle that a minor cannot enter into a legal contract or otherwise render informed consent for a procedure. Most states permit a person under the age of 18 to receive a tattoo with permission of a parent or guardian, but some states outright prohibit tattooing under a certain",The District of Columbia has statutory laws requiring a person receiving a tattoo be at least 18 years old.,Cat3,SUPPORTED,PASS,PASS,CLEAR,ENTAILED,Cat3,PASS,PASS,CLEAR,ENTAILED,Cat3,A_B_AGREEMENT,,,,,,PASS,PASS,CLEAR,ENTAILED,Cat3,SUPPORTED,ELIGIBLE,RETAIN_UNCHANGED,
550,"Which dog type is of the spitz type, Ariegeois or Norwegian Buhund?","The Ariegeois is a breed of dog from the ""département"" of Ariège in the Midi-Pyrenées region of southern France.The Norwegian Buhund is a breed of dog of the spitz type.",Ariegeois is not of the spitz type.,Cat2,SUPPORTED,PASS,PASS,CLEAR,ENTAILED,Cat2,PASS,PASS,CLEAR,ENTAILED,Cat2,A_B_AGREEMENT,,,,,,PASS,PASS,CLEAR,ENTAILED,Cat2,SUPPORTED,ELIGIBLE,RETAIN_UNCHANGED,
551,Beatles do you want to know a secret singer?,"Do You Want to Know a Secret ""Do You Want to Know a Secret?"" is a song by English rock group the Beatles from the 1963 album ""Please Please Me"", sung by George Harrison. In the United States, it was the first top ten song to feature Harrison as a lead singer, reaching No. 2 on the Billboard chart in 1964 as a single released by Vee-Jay, VJ 587. ""Do You Want to Know a Secret?"", written in autumn 1962, was primarily composed by John Lennon but credited to Lennon–McCartney. The 1963 version by Billy J. Kramer and the Dakotas

but Lennon, who always claimed the song as his own, explained in a 1980 interview that he had realized as soon as he had finished writing the song that it best suited Harrison. In 1980, Lennon said that he gave ""Do You Want to Know a Secret?"" to Harrison to sing because ""it only had three notes and he wasn't the best singer in the world"", but added ""he has improved a lot since then."" The song was recorded as part of their marathon ten-hour recording session on 11 February 1963 along with nine other songs for ""Please Please Me"".

Harrison sang two songs on ""Please Please Me""—this song by Lennon–McCartney and ""Chains"" by Goffin/King. ""Don't Bother Me"" would be Harrison's debut composition and appeared on the Beatles' next UK album ""With The Beatles"". ""Do You Want to Know a Secret?"" was released a year later as a single by Vee-Jay in the United States on 23 March 1964, reaching the number two spot behind another Beatles song, ""Can't Buy Me Love"" in ""Billboard"", reaching number three on the ""Cash Box"" chart, but reaching number one for two weeks in the chart published by the Teletheatre Research Institute. In the","George Harrison became a better singer than he had been when he first recorded ""Do You Want to Know a Secret"".",Cat5,SUPPORTED,PASS,PASS,CLEAR,NOT_ENOUGH_INFO,Cat5,PASS,PASS,CLEAR,ENTAILED,Cat5,THIRD_PERSON_ADJUDICATION,PASS,PASS,CLEAR,NOT_ENOUGH_INFO,Cat5,PASS,PASS,CLEAR,NOT_ENOUGH_INFO,Cat5,UNSUPPORTED,ELIGIBLE,RELABEL,SUPPORT
552,"What was the screenplay novelist, Caroline Thompson, base in an Victorian era village for Victor and Emily?","Caroline Thompson (born April 23, 1956) is an American novelist, screenwriter, film director, and producer. She wrote the screenplays for Tim Burton's films ""Edward Scissorhands"", ""The Nightmare Before Christmas"", and ""Corpse Bride"".Corpse Bride is a 2005 British-American stop-motion-animated musical fantasy film directed by Mike Johnson and Tim Burton with a screenplay by John August, Caroline Thompson and Pamela Pettler based on characters created by Burton and Carlos Grangel. The plot is set in a fictional Victorian era village in Europe. ""Corpse Bride"" is the third stop-motion feature film produced by Burton and the first directed by him (the previous two films, ""The Nightmare Before Christmas"" and ""James and the Giant Peach"", were directed by Henry Selick).",Corpse Bride is a 2005 stop-motion animated musical fantasy film.,Cat4,SUPPORTED,PASS,PASS,CLEAR,ENTAILED,Cat1,PASS,PASS,CLEAR,ENTAILED,Cat1,A_B_AGREEMENT,,,,,,PASS,PASS,CLEAR,ENTAILED,Cat1,SUPPORTED,ELIGIBLE,RELABEL,CATEGORY
553,Was Beyond the Gates of Splendor or Jesus Camp released first?,"Beyond the Gates of Splendor (also Beyond the Gates) is a feature-length documentary film that was released in 2004.Jesus Camp is a 2006 American documentary film directed by Rachel Grady and Heidi Ewing about a Charismatic Christian summer camp, where children spend their summers being taught that they have ""prophetic gifts"" and can ""take back America for Christ"".",Beyond the Gates of Splendor tells the story of five American missionaries.,Cat3,UNSUPPORTED,PASS,FAIL,CLEAR,NOT_ENOUGH_INFO,INVALID,PASS,FAIL,CLEAR,NOT_ENOUGH_INFO,INVALID,A_B_AGREEMENT,,,,,,PASS,FAIL,CLEAR,NOT_ENOUGH_INFO,INVALID,UNSUPPORTED,INVALID,REMOVE,ELIGIBILITY
554,"Björn Ulvaeus was a part of a Swedish pop group, formed in Stockholm in 1972, as well as co-producer on the film ""Mamma Mia!"" with who?","ABBA (] ) were a Swedish pop group, formed in Stockholm in 1972 by members Agnetha Fältskog, Björn Ulvaeus, Benny Andersson, and Anni-Frid Lyngstad.Björn Kristian Ulvaeus (] ) (born 25 April 1945; credited as Björn Ulvæus) is a Swedish songwriter, producer, a former member of the Swedish musical group ABBA (1972–1982), and co-composer of the musicals ""Chess"", ""Kristina från Duvemåla"", and ""Mamma Mia! He co-produced the film ""Mamma Mia!"" with fellow ABBA member and close friend Benny Andersson.",Benny Andersson is a member of the pop group ABBA.,Cat7,SUPPORTED,PASS,PASS,CLEAR,ENTAILED,Cat1,PASS,PASS,CLEAR,ENTAILED,Cat1,A_B_AGREEMENT,,,,,,PASS,PASS,CLEAR,ENTAILED,Cat1,SUPPORTED,ELIGIBLE,RELABEL,CATEGORY
555,Ryōishi Station is a railway that stopped service after what 9.0–9.1 magnitude event?,"Following the 2011 Tōhoku earthquake and tsunami, operations at the station were suspended and have been replaced by a provisional Bus Rapid Transit line.The 2011 earthquake off the Pacific coast of Tōhoku (東北地方太平洋沖地震 , Tōhoku-chihō Taiheiyō Oki Jishin ) was a magnitude 9.0–9.1 (M) undersea megathrust earthquake off the coast of Japan that occurred at 14:46 JST (05:46 UTC) on Friday 11 March 2011, with the epicentre approximately 70 km east of the Oshika Peninsula of Tōhoku and the hypocenter at an underwater depth of approximately 29 km .",Operations at the station did not continue after the 2011 Tōhoku earthquake and tsunami.,Cat2,SUPPORTED,PASS,PASS,CLEAR,ENTAILED,Cat2,PASS,PASS,CLEAR,ENTAILED,Cat4,THIRD_PERSON_ADJUDICATION,PASS,PASS,CLEAR,ENTAILED,Cat2,PASS,PASS,CLEAR,ENTAILED,Cat2,SUPPORTED,ELIGIBLE,RETAIN_UNCHANGED,
556,Madge Ryan had a film role in which CinemaScope and Technicolor musical film featuring Cliff Richard?," Her film appearances included ""Summer Holiday"" (1963), ""A Clockwork Orange"" (1971), ""Frenzy"" (1972), and ""Who Is Killing the Great Chefs of Europe?Summer Holiday is a British CinemaScope and Technicolor musical film featuring singer Cliff Richard.","Madge Ryan did not feature in ""Summer Holiday"".",Cat2,UNSUPPORTED,PASS,PASS,CLEAR,CONTRADICTED,Cat2,PASS,PASS,CLEAR,CONTRADICTED,Cat2,A_B_AGREEMENT,,,,,,PASS,PASS,CLEAR,CONTRADICTED,Cat2,UNSUPPORTED,ELIGIBLE,RETAIN_UNCHANGED,
557,When was the greatest showman released in theaters?,"copies, 186,000 downloads and 186,000 streaming. On November 16, 2018. 20th Century Fox released a cover album entitled ""The Greatest Showman: Reimagined"", featuring a variety of artists. ""The Greatest Showman"" held its premiere on December 8, 2017, aboard the RMS ""Queen Mary 2"", while it was docked in New York City. The film was then released in the United States on December 20, 2017. Like Disney's live-action ""Beauty and the Beast"", a sing-along version of the film was released in the United Kingdom on February 23, 2018. The film had a limited IMAX release on February 2. On June 28,

United Kingdom, the film was released first on digital download on April 27, 2018, while Blu-ray, 4K Ultra HD and DVD copies went on sale on May 14. These versions include the sing-along version, two hours of behind-the-scenes footage and music machine jukebox features. ""The Greatest Showman"" spent 219 days in release, closing on July 26, 2018, having grossed $174.3million in the United States and Canada, and $260.7million in other territories, for a worldwide total of $435million, against a production budget of $84million. It is the third highest grossing musical ever in North America and globally, respectively, and ""Deadline Hollywood""

The Greatest Showman The Greatest Showman is a 2017 American musical film directed by Michael Gracey in his directorial debut, written by Jenny Bicks and Bill Condon and starring Hugh Jackman, Zac Efron, Michelle Williams, Rebecca Ferguson, and Zendaya. The film is inspired by the story of P. T. Barnum's creation of the Barnum & Bailey Circus and the lives of its star attractions. Principal photography began in New York City in November 2016. The film premiered on December 8, 2017, aboard the RMS ""Queen Mary 2"". It was released in the United States on December 20, 2017, by 20th",The Greatest Showman is a 2016 American musical drama film.,Cat4,UNSUPPORTED,PASS,PASS,CLEAR,CONTRADICTED,Cat4,PASS,PASS,CLEAR,CONTRADICTED,Cat4,A_B_AGREEMENT,,,,,,PASS,PASS,CLEAR,CONTRADICTED,Cat4,UNSUPPORTED,ELIGIBLE,RETAIN_UNCHANGED,
558,"Which lines are described as the most memorable lines of the song ""Anything You Can Do""?","Anything You Can Do (I Can Do Better) ""Anything You Can Do"" is a song composed by Irving Berlin for the 1946 Broadway musical ""Annie Get Your Gun"". The song is a duet, with one male singer and one female singer attempting to outdo each other in increasingly complex tasks. In the musical, the song sets the scene for the climactic sharpshooting contest between Annie Oakley and Frank Butler. Its most memorable lines are, ""Anything you can do I can do better; I can do anything better than you."" The song was first performed in ""Annie Get Your Gun"" by

Ethel Merman and Ray Middleton. During the song, they argue playfully about who can, for example, sing softer, sing higher, sing sweeter, and hold a note for longer, and boast of their abilities and accomplishments, such as opening safes and living on bread and cheese, although Annie always seems to counter Frank's argument. Neither can ""bake a pie,"" though. Anything You Can Do (I Can Do Better) ""Anything You Can Do"" is a song composed by Irving Berlin for the 1946 Broadway musical ""Annie Get Your Gun"". The song is a duet, with one male singer and one female singer

choosing the occupation of ""newspaper carrier"" was required to ride a bicycle down a narrow yellow line (without veering from it) and throw several newspapers at targets. She lost control of the bicycle, fell to the studio floor, and apparently broke a bone. Wood mentioned other contestants being injured as well. The title of the show is inspired by a 1946 song called ""Anything You Can Do, I Can Do Better"" from the hit broadway musical ""Annie Get Your Gun"" (composed by Irving Berlin) as a sprirted duet with one male singer and one female singer attempting to outdo each","The lines ""Anything you can do I can do better; I can do anything better than you"" are the most memorable lines of the song.",Cat5,SUPPORTED,PASS,PASS,CLEAR,ENTAILED,Cat5,PASS,PASS,CLEAR,ENTAILED,Cat5,A_B_AGREEMENT,,,,,,PASS,PASS,CLEAR,ENTAILED,Cat5,SUPPORTED,ELIGIBLE,RETAIN_UNCHANGED,
559,What was the original name of the gazette that publishes Lytham St Annes Express?," It is published by the Blackpool Gazette and therefore owned by Johnson Press. It was founded as ""The West Lancashire Evening Gazette"" in 1929 before being renamed the ""Evening Gazette"", and then ""Blackpool Gazette"".",Every name used by the gazette since 1929 has contained the word 'Blackpool'.,Cat3,UNSUPPORTED,PASS,PASS,CLEAR,CONTRADICTED,Cat3,PASS,PASS,CLEAR,CONTRADICTED,Cat3,A_B_AGREEMENT,,,,,,PASS,PASS,CLEAR,CONTRADICTED,Cat3,UNSUPPORTED,ELIGIBLE,RETAIN_UNCHANGED,
560,"the head coach of the LSU Tigers football team is Ed Orgeron, who is currently the head coach at what university?",The LSU Tigers football team represents Louisiana State University in the sport of American football. He is currently the head coach at Louisiana State University (LSU).,Louisiana State's largest city is New Orleans.,Cat5,UNSUPPORTED,PASS,FAIL,CLEAR,NOT_ENOUGH_INFO,INVALID,PASS,FAIL,CLEAR,NOT_ENOUGH_INFO,INVALID,A_B_AGREEMENT,,,,,,PASS,FAIL,CLEAR,NOT_ENOUGH_INFO,INVALID,UNSUPPORTED,INVALID,REMOVE,ELIGIBILITY
561,What is a small network appliance and entertainment device that serves as a the media player for the iTunes Store?," It also serves as a media player for television shows and films purchased in the iTunes Store, replacing the ""Videos"" application on earlier versions of iOS.Apple TV is a digital media player and microconsole developed and sold by Apple Inc. It is a small network appliance and entertainment device that can receive digital data from a number of sources and stream it to a capable television.",Apple TV is similar to a set-top box.,Cat1,UNSUPPORTED,PASS,PASS,CLEAR,ENTAILED,Cat1,PASS,PASS,CLEAR,NOT_ENOUGH_INFO,Cat1,THIRD_PERSON_ADJUDICATION,PASS,PASS,CLEAR,NOT_ENOUGH_INFO,Cat1,PASS,PASS,CLEAR,NOT_ENOUGH_INFO,Cat1,UNSUPPORTED,ELIGIBLE,RETAIN_UNCHANGED,
562,Who is buried in santa croce in florence?,"Santa Croce, Florence The Basilica di Santa Croce (Basilica of the Holy Cross) is the principal Franciscan church in Florence, Italy, and a minor basilica of the Roman Catholic Church. It is situated on the Piazza di Santa Croce, about 800 meters south-east of the Duomo. The site, when first chosen, was in marshland outside the city walls. It is the burial place of some of the most illustrious Italians, such as Michelangelo, Galileo, Machiavelli, the poet Foscolo, the philosopher Gentile and the composer Rossini, thus it is known also as the Temple of the Italian Glories (""Tempio dell'Itale Glorie"").

of worship and patronage and it became customary for greatly honoured Florentines to be buried or commemorated there. Some were in chapels ""owned"" by wealthy families such as the Bardi and Peruzzi. As time progressed, space was also granted to notable Italians from elsewhere. For 500 years monuments were erected in the church including those to: A Room with a View (1908), E.M. Forster, chapter 2 Romola (1863), George Eliot <br> Santa Croce, Florence The Basilica di Santa Croce (Basilica of the Holy Cross) is the principal Franciscan church in Florence, Italy, and a minor basilica of the Roman Catholic

Piazza Santa Croce Piazza Santa Croce is one of the main plazas or squares located in the central neighborhood of Florence, region of Tuscany, Italy. It is located near piazza della Signoria and the National Central Library, and takes its name from the Basilica of Santa Croce that overlooks the square. The most notable features of the basilica are its sixteen chapels, many of them decorated with frescoes by Giotto and his pupils, and its tombs and cenotaphs. It is the burial place of many illustrious Italians, such as Michelangelo, Machiavelli, Enrico Fermi, Galileo, Ugo Foscolo, Guglielmo Marconi, Luigi Cherubini,",There are many famous Italians that are buried in Santa Croce in Florence.,Cat3,SUPPORTED,PASS,PASS,CLEAR,ENTAILED,Cat3,PASS,FAIL,CLEAR,ENTAILED,INVALID,THIRD_PERSON_ADJUDICATION,PASS,FAIL,CLEAR,ENTAILED,Cat3,PASS,FAIL,CLEAR,ENTAILED,INVALID,SUPPORTED,INVALID,REMOVE,ELIGIBILITY
563,Martin & Orloff is a film featuring a cast member who also voiced Crane in what film franchise?,"Martin & Orloff is a 2002 feature film written by and starring Matt Walsh and Ian Roberts (Walsh & Roberts are best known as half of the Upright Citizens Brigade comedy troupe) along with Ian's wife Katie Roberts. The film was produced and directed by Lawrence Blume and features an ensemble cast of alternative comedians including H. Jon Benjamin, David Cross, Andy Richter, Matt Besser, Amy Poehler, Tina Fey, Janeane Garofalo and Rachel Dratch, as well as actress Kim Raver as Orloff's girlfriend.David Cross (born April 4, 1964) is an American stand-up comedian, actor, director and writer, known primarily for his stand-up performances, the HBO sketch comedy series ""Mr. Show"", and his role as Tobias Fünke in the sitcom ""Arrested Development"". Cross created, wrote, executive produced, and starred in ""The Increasingly Poor Decisions of Todd Margaret"", developed and had a prominent role in ""Freak Show"", appeared on ""Modern Family"", portrayed Ian Hawke in the ""Alvin and the Chipmunks"" film franchise, and voiced Crane in the ""Kung Fu Panda"" film franchise.",The second feature film is Kung Fu Panda 2.,Cat1,UNSUPPORTED,PASS,FAIL,CLEAR,NOT_ENOUGH_INFO,INVALID,PASS,PASS,CLEAR,NOT_ENOUGH_INFO,Cat4,THIRD_PERSON_ADJUDICATION,PASS,PASS,CLEAR,NOT_ENOUGH_INFO,Cat4,PASS,PASS,CLEAR,NOT_ENOUGH_INFO,Cat4,UNSUPPORTED,ELIGIBLE,RELABEL,CATEGORY
564,Where does anything you can do i can do better come from?,"Anything You Can Do (I Can Do Better) ""Anything You Can Do"" is a song composed by Irving Berlin for the 1946 Broadway musical ""Annie Get Your Gun"". The song is a duet, with one male singer and one female singer attempting to outdo each other in increasingly complex tasks. In the musical, the song sets the scene for the climactic sharpshooting contest between Annie Oakley and Frank Butler. Its most memorable lines are, ""Anything you can do I can do better; I can do anything better than you."" The song was first performed in ""Annie Get Your Gun"" by

Ethel Merman and Ray Middleton. During the song, they argue playfully about who can, for example, sing softer, sing higher, sing sweeter, and hold a note for longer, and boast of their abilities and accomplishments, such as opening safes and living on bread and cheese, although Annie always seems to counter Frank's argument. Neither can ""bake a pie,"" though. Anything You Can Do (I Can Do Better) ""Anything You Can Do"" is a song composed by Irving Berlin for the 1946 Broadway musical ""Annie Get Your Gun"". The song is a duet, with one male singer and one female singer

choosing the occupation of ""newspaper carrier"" was required to ride a bicycle down a narrow yellow line (without veering from it) and throw several newspapers at targets. She lost control of the bicycle, fell to the studio floor, and apparently broke a bone. Wood mentioned other contestants being injured as well. The title of the show is inspired by a 1946 song called ""Anything You Can Do, I Can Do Better"" from the hit broadway musical ""Annie Get Your Gun"" (composed by Irving Berlin) as a sprirted duet with one male singer and one female singer attempting to outdo each","The song ""Anything You Can Do"", originating from the musical ""Annie Get Your Gun"", involves two singers arguing over who can sing higher, softer, and sweeter.",Cat5,SUPPORTED,PASS,PASS,CLEAR,ENTAILED,Cat1,PASS,PASS,CLEAR,ENTAILED,Cat1,A_B_AGREEMENT,,,,,,PASS,PASS,CLEAR,ENTAILED,Cat1,SUPPORTED,ELIGIBLE,RELABEL,CATEGORY
565,The city in which Abdelghani Bousta was born is the fourth largest city in the Country of Morocco after which three cities?,"Abdelghani Bousta (18 February 1949 in Marrakesh, Morocco – 21 September 1998, buried at Père-Lachaise cemetery in Paris, France) was a Moroccan politician who opposed the monarchical power of his country.Marrakesh ( or ; Arabic: مراكش‎ ‎ ""Murrākuš""; Berber: ""Meṛṛakec""), also known by the French spelling Marrakech, is a major city of the Kingdom of Morocco. It is the fourth largest city in the country, after Casablanca, Fez and Tangier.",The three largest Moroccan cities after Marrakesh are Rabat.,Cat5,UNSUPPORTED,PASS,PASS,AMBIGUOUS,CONTRADICTED,Cat3,FAIL,FAIL,AMBIGUOUS,CONTRADICTED,INVALID,THIRD_PERSON_ADJUDICATION,PASS,FALL,AMBIGUOUS,CONTRADICTED,Cat3,PASS,FAIL,AMBIGUOUS,CONTRADICTED,Cat3,UNSUPPORTED,ELIGIBLE,RELABEL,CATEGORY
566,Where was the first north american indigenous games held?,"Aboriginal people could come together to excel in their athletic field of endeavour and to come together to do other things: to make new friendships, to renew old ones, and so on..."" (Charles Wood, 1990 Chairperson) The dream became a reality in 1990. The first Indigenous Games (or ""NAIG"") were held in 1990 in Edmonton, Alberta, followed by Games in Prince Albert, Saskatchewan in 1993, Blaine, Minnesota in 1995, Victoria, British Columbia in 1997, and Winnipeg, Manitoba in 2002. Denver, Colorado in 2006 and Cowichan, British Columbia in 2008. The 2011 games were to be held in Milwaukee, Wisconsin, but

North American Indigenous Games The North American Indigenous Games is a multi-sport event involving indigenous North American athletes staged intermittently since 1990. The Games are governed by the North American Indigenous Games Council, a 26-member council of representatives from 13 provinces and territories in Canada and 13 regions in the United States. The dream to hold a Games for the Indigenous Peoples of North America began in the 1970s. In 1971, the Native Summer Games held in Enoch, Alberta, Canada drew 3,000 participants competing in 13 sports and many cultural events. In 1973, the Western Canada Native Winter Games were

2017 North American Indigenous Games The 2017 North American Indigenous Games were held in Toronto, Ontario, Canada July 16 to 23. The event featured 5000 athletes aged 13 to 19 in 14 sports. The 2017 North American Indigenous Games bidding process began on January 12, 2015 and Toronto submitted its bid on January 30, 2015. The bid to host the Games in Toronto, led by the Aboriginal Sport & Wellness Council of Ontario and the Mississaugas of New Credit First Nation, received unanimous support from the NAIG's International Governing Body. The Games was awarded to Toronto on June 26, 2015","The first North American Indigenous Games were held exclusively in Edmonton, Alberta.",Cat3,SUPPORTED,PASS,PASS,CLEAR,ENTAILED,Cat1,PASS,PASS,CLEAR,ENTAILED,Cat3,THIRD_PERSON_ADJUDICATION,PASS,PASS,CLEAR,ENTAILED,Cat3,PASS,PASS,CLEAR,ENTAILED,Cat3,SUPPORTED,ELIGIBLE,RETAIN_UNCHANGED,
567,"An American professional basketball player for the New York Knicks, who was born in 1983,  attended a college preparatory, non-denominational, co-educational day school in what North Carolina city?","Mount Zion Christian Academy (MZCA) is a college preparatory, non-denominational, co-educational day school (grades K-12) and boarding school (grades 9-12) located in Durham, North Carolina. The NBA players Tracy McGrady, Brandon Rush, Chris Garnett, Rodney White, Marquis Daniels, Jarrett Jack and Steven Hunter all attended Mount Zion Christian Academy.Jarrett Matthew Jack (born October 28, 1983) is an American professional basketball player for the New York Knicks of the National Basketball Association (NBA).",The American professional basketball player was born in 1983.,Cat4,SUPPORTED,PASS,FAIL,CLEAR,ENTAILED,INVALID,PASS,FAIL,CLEAR,ENTAILED,INVALID,A_B_AGREEMENT,,,,,,PASS,FAIL,CLEAR,ENTAILED,INVALID,SUPPORTED,INVALID,REMOVE,ELIGIBILITY
568,"Restoration literature is the English literature written during the historical period commonly referred to as the English Restoration (1660–1689), which corresponds to the last years of the direct Stuart reign, it saw Locke's ""Treatises of Government"", the founding of the Royal Society, the experiments and holy meditations of Robert William Boyle, was an Anglo-Irish natural philosopher, chemist, physicist and inventor born in Lismore, County Waterford, in which location?"," It saw Locke's ""Treatises of Government"", the founding of the Royal Society, the experiments and holy meditations of Robert Boyle, the hysterical attacks on theaters from Jeremy Collier, and the pioneering of literary criticism from John Dryden and John Dennis.Robert William Boyle {'1': "", '2': "", '3': "", '4': ""} (25 January 1627 – 31 December 1691) was an Anglo-Irish natural philosopher, chemist, physicist and inventor born in Lismore, County Waterford, Ireland.",County Kerry is in Ireland.,Cat1,UNSUPPORTED,PASS,FAIL,CLEAR,ENTAILED,INVALID,PASS,PASS,CLEAR,CONTRADICTED,Cat1,THIRD_PERSON_ADJUDICATION,PASS,PASS,CLEAR,CONTRADICTED,Cat1,PASS,PASS,CLEAR,CONTRADICTED,Cat1,UNSUPPORTED,ELIGIBLE,RETAIN_UNCHANGED,
569,Which village near the Holy Trinity Church in England has a population of 776 as of 2011?,"Holy Trinity Church stands in a country lane near the hamlet of Howgill, between Sedbergh and Tebay, Cumbria, England. Tebay had a population of 776 at the 2011 Census.",Allegiant Air is the largest airline founded by Robert L. Priddy.,Cat5,UNSUPPORTED,PASS,FAIL,CLEAR,NOT_ENOUGH_INFO,INVALID,PASS,FAIL,CLEAR,NOT_ENOUGH_INFO,INVALID,A_B_AGREEMENT,,,,,,PASS,FAIL,CLEAR,NOT_ENOUGH_INFO,INVALID,UNSUPPORTED,INVALID,REMOVE,ELIGIBILITY
570,Robert L. Priddy - he comes from the United States and has founded a number of airline companies such as ValuJet or which American low-cost airline that operates scheduled and charter flights?,Robert L. Priddy - he comes from the United States and has founded a number of airline companies such as ValuJet or Allegiant Air.Allegiant Air is an American low-cost airline that operates scheduled and charter flights.,Allegiant Air is more profitable than ValuJet.,Cat5,UNSUPPORTED,PASS,PASS,CLEAR,NOT_ENOUGH_INFO,Cat5,PASS,FAIL,CLEAR,NOT_ENOUGH_INFO,INVALID,THIRD_PERSON_ADJUDICATION,PASS,FAIL,CLEAR,NOT_ENOUGH_INFO,Cat5,PASS,FAIL,CLEAR,NOT_ENOUGH_INFO,Cat5,UNSUPPORTED,ELIGIBLE,RETAIN_UNCHANGED,
571,Who plays charlie on it's always sunny?,"Charlie Kelly (It's Always Sunny in Philadelphia) Charles Rutherford Kelly is a fictional character on the FX series ""It's Always Sunny in Philadelphia"", portrayed by Charlie Day. Charlie is co-owner at Paddy's (although he later sells his shares) and a childhood friend of Mac and Dennis. He is also Frank's roommate and possible biological son (""""Dennis and Dee Get a New Dad""""). He is addicted to various harmful substances (such as glue and alcohol), and is called illiterate by his peers (""""The Gang Gives Back""""). Charlie is an easily excitable man-child who is prone to emotional outbursts and is often

the 20 Best Characters of 2011, explaining: ""In a cast full of douchebags, the childlike ball of energy played by Charlie Day comes off as more endearing than despicable. He’s the personification of what makes ""It’s Always Sunny in Philadelphia"" such a great show: perverse, loud, crude and surprisingly likable."" ""TV Guide"" listed him in their list of TV's Most Lovable Lunkheads. Charlie Kelly (It's Always Sunny in Philadelphia) Charles Rutherford Kelly is a fictional character on the FX series ""It's Always Sunny in Philadelphia"", portrayed by Charlie Day. Charlie is co-owner at Paddy's (although he later sells his shares)

It's Always Sunny in Philadelphia It's Always Sunny in Philadelphia is an American sitcom that premiered on FX on August 4, 2005, and moved to FXX beginning with the ninth season in 2013. It was created by Rob McElhenney, who developed it with Glenn Howerton. It is executive produced and primarily written by McElhenney, Howerton, and Charlie Day, all of whom star alongside Kaitlin Olson and Danny DeVito. The series follows the exploits of ""The Gang,"" a group of debauched, nihilistic, self-centered, politically incorrect friends who run the Irish bar Paddy's Pub in South Philadelphia. On April 1, 2016, the",The character Charlie Kelly is portrayed solely by Charlie Day.,Cat3,SUPPORTED,PASS,PASS,CLEAR,ENTAILED,Cat3,PASS,PASS,CLEAR,ENTAILED,Cat3,A_B_AGREEMENT,,,,,,PASS,PASS,CLEAR,ENTAILED,Cat3,SUPPORTED,ELIGIBLE,RETAIN_UNCHANGED,
572,Who made the song total eclipse of the heart?,"Total Eclipse of the Heart ""Total Eclipse of the Heart"" is a song recorded by Welsh singer Bonnie Tyler. It was written and produced by Jim Steinman, and released on Tyler's fifth studio album, ""Faster Than the Speed of Night"" (1983). The song was released as a single by Columbia Records on 11 February 1983 in the United Kingdom and on 31 May 1983 in the United States. The song became Tyler's biggest career hit, topping the UK Singles Chart, and becoming the fifth-best-selling single in 1983 in the United Kingdom. In the United States, the single spent four weeks

spine. ... I couldn't wait to actually get in and record it."" According to Meat Loaf, Steinman had written the song, along with ""Making Love Out of Nothing at All"", for Meat Loaf's album ""Midnight at the Lost and Found""; however, Meat Loaf's record company refused to pay Steinman and he wrote separate songs himself. ""Total Eclipse of the Heart"" was then given to Bonnie Tyler and ""Making Love Out of Nothing at All"" to Air Supply. Tyler has denied this claim. ""Meat Loaf was apparently very annoyed that Jim gave that to me,"" Tyler stated. ""But Jim said he

using the pseudonym Persephone Maewyn. In 2010, Tyler appeared in an advertisement for MasterCard, performing a short parody of the song with its noted new lyric ""Turn around, Neville."" She performed the original song in a similar advertisement for Westpac in 2012. Warby Parker produced a parody video in anticipation of the solar eclipse of August 21, 2017. Total Eclipse of the Heart ""Total Eclipse of the Heart"" is a song recorded by Welsh singer Bonnie Tyler. It was written and produced by Jim Steinman, and released on Tyler's fifth studio album, ""Faster Than the Speed of Night"" (1983). The",Total Eclipse of the Heart is Bonnie Tyler's biggest career hit.,Cat5,SUPPORTED,PASS,PASS,CLEAR,ENTAILED,Cat5,PASS,FAIL,CLEAR,NOT_ENOUGH_INFO,INVALID,THIRD_PERSON_ADJUDICATION,PASS,PASS,CLEAR,ENTAILED,Cat5,PASS,PASS,CLEAR,ENTAILED,Cat5,SUPPORTED,ELIGIBLE,RETAIN_UNCHANGED,
573,Which author of Superman: The Wedding Album is known for creating the superhero Booster Gold?," The story was written by the five principal writers for the ""Superman"" titles at the time: Dan Jurgens, Karl Kesel, David Michelinie, Louise Simonson, and Roger Stern. He is known for creating the superhero Booster Gold, and for his lengthy runs on the Superman titles ""The Adventures of Superman"" and ""Superman"" (vol.",The creator of Booster Gold is one of the five principal writers for the Superman titles.,Cat6,SUPPORTED,PASS,PASS,CLEAR,ENTAILED,Cat3,FAIL,FAIL,AMBIGUOUS,ENTAILED,INVALID,THIRD_PERSON_ADJUDICATION,PASS,FALL,CLEAR,ENTAILED,Cat3,PASS,FAIL,CLEAR,ENTAILED,Cat3,SUPPORTED,ELIGIBLE,RELABEL,CATEGORY
574,Where was the first north american indigenous games held?,"Aboriginal people could come together to excel in their athletic field of endeavour and to come together to do other things: to make new friendships, to renew old ones, and so on..."" (Charles Wood, 1990 Chairperson) The dream became a reality in 1990. The first Indigenous Games (or ""NAIG"") were held in 1990 in Edmonton, Alberta, followed by Games in Prince Albert, Saskatchewan in 1993, Blaine, Minnesota in 1995, Victoria, British Columbia in 1997, and Winnipeg, Manitoba in 2002. Denver, Colorado in 2006 and Cowichan, British Columbia in 2008. The 2011 games were to be held in Milwaukee, Wisconsin, but

North American Indigenous Games The North American Indigenous Games is a multi-sport event involving indigenous North American athletes staged intermittently since 1990. The Games are governed by the North American Indigenous Games Council, a 26-member council of representatives from 13 provinces and territories in Canada and 13 regions in the United States. The dream to hold a Games for the Indigenous Peoples of North America began in the 1970s. In 1971, the Native Summer Games held in Enoch, Alberta, Canada drew 3,000 participants competing in 13 sports and many cultural events. In 1973, the Western Canada Native Winter Games were

2017 North American Indigenous Games The 2017 North American Indigenous Games were held in Toronto, Ontario, Canada July 16 to 23. The event featured 5000 athletes aged 13 to 19 in 14 sports. The 2017 North American Indigenous Games bidding process began on January 12, 2015 and Toronto submitted its bid on January 30, 2015. The bid to host the Games in Toronto, led by the Aboriginal Sport & Wellness Council of Ontario and the Mississaugas of New Credit First Nation, received unanimous support from the NAIG's International Governing Body. The Games was awarded to Toronto on June 26, 2015","The first North American Indigenous Games were held solely in Edmonton, Alberta.",Cat3,SUPPORTED,PASS,PASS,CLEAR,ENTAILED,Cat3,PASS,PASS,CLEAR,ENTAILED,Cat3,A_B_AGREEMENT,,,,,,PASS,PASS,CLEAR,ENTAILED,Cat3,SUPPORTED,ELIGIBLE,RETAIN_UNCHANGED,
575,"Which mine in California, lasting from 1873 to 1883, became one of the most noted mercury producers in the world?"," During the days of the first quicksilver operations of the Sulphur Bank Mine, lasting from 1873 to 1883, rapid town growth and the urgent need for civil order necessitated the building of a jail. The 150 acre mine became one of the most noted mercury producers in the world.",Sulphur Bank Mine became one of the most noted mercury producers in the world.,Cat5,SUPPORTED,PASS,PASS,CLEAR,ENTAILED,Cat5,PASS,PASS,CLEAR,ENTAILED,Cat5,A_B_AGREEMENT,,,,,,PASS,PASS,CLEAR,ENTAILED,Cat5,SUPPORTED,ELIGIBLE,RETAIN_UNCHANGED,
576,"What church based in Egypt, Northeast Africa and the Middle East, also features the former Christian diocese, Diocese of Buto? ","The Diocese of Buto (Latin Butus, Greek Butos) is a former Christian diocese and titular see of both the Roman Catholic and Coptic Orthodox Churches, with see in the Ancient City of Buto in the Nile Delta of Egypt.The Coptic Orthodox Church of Alexandria is an Oriental Orthodox Christian church based in Egypt, Northeast Africa and the Middle East.",The Coptic Orthodox Church of Alexandria is based in exactly five distinct regions.,Cat6,UNSUPPORTED,PASS,PASS,CLEAR,NOT_ENOUGH_INFO,Cat3,PASS,PASS,CLEAR,CONTRADICTED,Cat3,THIRD_PERSON_ADJUDICATION,PASS,PASS,CLEAR,NOT_ENOUGH_INFO,Cat3,PASS,PASS,CLEAR,NOT_ENOUGH_INFO,Cat3,UNSUPPORTED,ELIGIBLE,RELABEL,CATEGORY
577,What is the name of the segment of US 78 that was designed to allow more direct connections between cities in the southeast?," A segment of US 78 from near Memphis, Tennessee, to Birmingham, Alabama, is designated as Interstate 22. When designated in 2012, it was designed to close a gap in the Interstate network allowing more direct connections between cities in the southeast (such as Atlanta and Birmingham) with those of the Great Plains (such as Oklahoma City and St. Louis).",The segment designed for direct connections was designated as Interstate 22 in 2012.,Cat6,SUPPORTED,PASS,PASS,CLEAR,ENTAILED,Cat4,PASS,PASS,CLEAR,ENTAILED,Cat1,THIRD_PERSON_ADJUDICATION,PASS,PASS,CLEAR,ENTAILED,Cat4,PASS,PASS,CLEAR,ENTAILED,Cat4,SUPPORTED,ELIGIBLE,RELABEL,CATEGORY
578,"Die Hard 2 co-starred the actor who played James Evans, Sr. on what CBS series?"," The film co-stars Bonnie Bedelia (reprising her role as Holly McClane), William Sadler, Art Evans, William Atherton (reprising his role as Richard ""Dick"" Thornburg), Franco Nero, Dennis Franz, Fred Thompson, John Amos and Reginald VelJohnson, returning briefly in his role as Sgt. Al Powell from the first film.John Allen Amos Jr. (born December 27, 1939) is an American actor who is best known for his role as James Evans, Sr. on the CBS television series ""Good Times"" (1974–76).",Johnny Brown played Nathan Bookman.,Cat1,UNSUPPORTED,PASS,FAIL,CLEAR,NOT_ENOUGH_INFO,INVALID,PASS,FAIL,CLEAR,NOT_ENOUGH_INFO,INVALID,A_B_AGREEMENT,,,,,,PASS,FAIL,CLEAR,NOT_ENOUGH_INFO,INVALID,UNSUPPORTED,INVALID,REMOVE,ELIGIBILITY
579,How tall is a Struthio camelus?," Birds live worldwide and range in size from the 5 cm bee hummingbird to the 2.75 m ostrich.The ostrich or common ostrich (""Struthio camelus"") is either one or two species of large flightless birds native to Africa, the only living member(s) of the genus ""Struthio"", which is in the ratite family.",The text states a measurement of 2.75 meters.,Cat6,SUPPORTED,PASS,PASS,CLEAR,ENTAILED,Cat6,FAIL,PASS,CLEAR,ENTAILED,INVALID,THIRD_PERSON_ADJUDICATION,FAIL,PASS,CLEAR,ENTAILED,INVALID,FAIL,PASS,CLEAR,ENTAILED,INVALID,SUPPORTED,INVALID,REMOVE,ELIGIBILITY
580,"What is the population of the town where RBx Capital, LP is located? "," Currently, he serves as the Managing Partner of RBx Capital, LP.Philadelphia ( ) is the largest city in the Commonwealth of Pennsylvania and the sixth-most populous city in the United States, with an estimated population of 1,567,872 and more than 6 million in the seventh-largest metropolitan statistical area, as of 2016 .","The number is 1,567,872.",Cat6,SUPPORTED,FAIL,PASS,CLEAR,ENTAILED,INVALID,FAIL,PASS,CLEAR,ENTAILED,INVALID,A_B_AGREEMENT,,,,,,FAIL,PASS,CLEAR,ENTAILED,INVALID,SUPPORTED,INVALID,REMOVE,ELIGIBILITY
581," Which species, Cardwellia or Ochagavia, is native to South America?"," The species Cardwellia sublimis (northern silky oak) grows naturally only (endemic) in the rainforests of the wet tropics region of north eastern Queensland, Australia.Ochagavia is a genus of the botanical family Bromeliaceae, subfamily Bromelioideae. The genus is named for Sylvestris Ochagavia, Chilean minister of education. Endemic to southern and central Chile (including the Juan Fernández Islands), this genus is represented by four accepted species.",The genus endemic to Chile is native to Australia.,Cat7,UNSUPPORTED,PASS,PASS,CLEAR,CONTRADICTED,Cat1,PASS,PASS,CLEAR,CONTRADICTED,Cat1,A_B_AGREEMENT,,,,,,PASS,PASS,CLEAR,CONTRADICTED,Cat1,UNSUPPORTED,ELIGIBLE,RELABEL,CATEGORY
582,Eugene Isaac Meyer was the father of a publisher whose memoir won what in 1998?,"Eugene Isaac Meyer (October 31, 1875 – July 17, 1959) was an American financier, public official, and newspaper publisher. He was the father of publisher Katharine Graham and portrait photographer Florence Meyer.Katharine Meyer Graham (June 16, 1917 – July 17, 2001) was an American publisher. Her memoir, ""Personal History"", won the Pulitzer Prize in 1998.",The publisher's memoir won a book award in 1998.,Cat4,SUPPORTED,PASS,PASS,CLEAR,NOT_ENOUGH_INFO,Cat1,PASS,FAIL,CLEAR,ENTAILED,INVALID,THIRD_PERSON_ADJUDICATION,PASS,FAIL,CLEAR,ENTAILED,Cat1,PASS,FAIL,CLEAR,ENTAILED,INVALID,SUPPORTED,INVALID,REMOVE,ELIGIBILITY
583,United 300 and 300 were both made in what country?,"United 300 is an American short film that parodies ""United 93"" (2006) and ""300"" (2007).300 is a 2006 American epic war film based on the 1998 comic series ""300"" by Frank Miller and Lynn Varley.",The country United 300 was made in is different from the country 300 was made in.,Cat5,UNSUPPORTED,PASS,PASS,CLEAR,CONTRADICTED,Cat5,PASS,PASS,CLEAR,CONTRADICTED,Cat5,A_B_AGREEMENT,,,,,,PASS,PASS,CLEAR,CONTRADICTED,Cat5,UNSUPPORTED,ELIGIBLE,RETAIN_UNCHANGED,
584,"How many times did the star of the film  ""Beau James"" host the Academy Awards show ?"," The musical describes the rise and fall of New York City Mayor Jimmy Walker, whose career was marred by corruption it was a romanticized version of Walker's tenure as mayor as presented in the 1957 film ""Beau James"", starring Bob Hope. In addition to hosting the Academy Awards show nineteen times, more than any other host, he appeared in many stage productions and television roles, and was the author of 14 books.","The star of ""Beau James"" hosted several Academy Awards shows.",Cat3,SUPPORTED,PASS,PASS,CLEAR,NOT_ENOUGH_INFO,Cat3,PASS,FAIL,AMBIGUOUS,ENTAILED,INVALID,THIRD_PERSON_ADJUDICATION,PASS,FALL,CLEAR,NOT_ENOUGH_INFO,INVALID,PASS,FAIL,CLEAR,NOT_ENOUGH_INFO,INVALID,UNSUPPORTED,INVALID,REMOVE,ELIGIBILITY
585,"What is the name of the movie in which Edwin Brown plays a man that executed at least 400 people, including William Joyce and John Amery?"," His film roles included a prison warder in the comedy ""Two-Way Stretch"" (1960), and Albert Pierrepoint, the hangman, in ""10 Rillington Place"" (1971). He executed at least 400 people, including William Joyce (""Lord Haw-Haw"") and John Amery.","In the movie 10 Rillington Place, the character executed fewer than 400 people.",Cat6,UNSUPPORTED,PASS,PASS,CLEAR,CONTRADICTED,Cat3,PASS,PASS,CLEAR,CONTRADICTED,Cat3,A_B_AGREEMENT,,,,,,PASS,PASS,CLEAR,CONTRADICTED,Cat3,UNSUPPORTED,ELIGIBLE,RELABEL,CATEGORY
586,Who publishes a horror game with protagonist Ellie?,"Ellie is a fictional character in the 2013 video game ""The Last of Us"", and the main protagonist of the upcoming video game ""The Last of Us Part II"".The Last of Us Part II is an upcoming action-adventure survival horror video game developed by Naughty Dog and published by Sony Interactive Entertainment for PlayStation 4.",The horror game with protagonist Ellie is published exclusively by Microsoft.,Cat3,UNSUPPORTED,PASS,PASS,CLEAR,CONTRADICTED,Cat3,PASS,PASS,CLEAR,CONTRADICTED,Cat1,THIRD_PERSON_ADJUDICATION,PASS,PASS,CLEAR,CONTRADICTED,Cat3,PASS,PASS,CLEAR,CONTRADICTED,Cat3,UNSUPPORTED,ELIGIBLE,RETAIN_UNCHANGED,
587,Logan Lerman starred in which 2017 drama directed by Shawn Christensen?," He subsequently played d'Artagnan in 2011's ""The Three Musketeers"", starred in the coming-of-age dramas ""The Perks of Being a Wallflower"" (2012), ""Indignation"" (2016) and ""Sidney Hall"" (2017), and had major roles in the 2014 films ""Noah"" and ""Fury"".Sidney Hall is a 2017 American drama film directed and co-written by Shawn Christensen.",Sidney Hall is a building.,Cat1,UNSUPPORTED,PASS,PASS,CLEAR,CONTRADICTED,Cat1,PASS,PASS,CLEAR,CONTRADICTED,Cat1,A_B_AGREEMENT,,,,,,PASS,PASS,CLEAR,CONTRADICTED,Cat1,UNSUPPORTED,ELIGIBLE,RETAIN_UNCHANGED,
588,"Which band's song was used as the theme at the Pepsi Arena on January 8, 2006?","""Stricken"" is a song by the American heavy metal band Disturbed. ""Stricken"" was used as official theme for WWE's PPV New Year's Revolution, in 2006.New Year's Revolution (2006) was the second annual New Year's Revolution pay-per-view (PPV) event produced by World Wrestling Entertainment (WWE). It took place on January 8, 2006, at the Pepsi Arena in Albany, New York and starred talent from the Raw brand.",The song used at Pepsi Arena was not from Disturbed.,Cat2,UNSUPPORTED,PASS,PASS,CLEAR,CONTRADICTED,Cat2,PASS,PASS,CLEAR,CONTRADICTED,Cat2,A_B_AGREEMENT,,,,,,PASS,PASS,CLEAR,CONTRADICTED,Cat2,UNSUPPORTED,ELIGIBLE,RETAIN_UNCHANGED,
589,Hong Kong Macau cultural exchange was a trip that tested which law who's purpose was to fulfil Article 23 of the Macau Basic Law?,"Hong Kong Macau cultural exchange was a trip that took place on the Sunday morning of March 15, 2009. The goal was to have Pan-democracy camp members test the newly enacted Macau national security law by going from Hong Kong to Macau to see who gets banned.The Macau's national security law (, Portuguese: Lei relative à defesa da segurança do Estado) is a law in Macau which prohibits and punishes acts of ""treason, secession, and subversion"" against the Central government, as well as ""preparatory acts"" leading to any of the three acts. Taken into effect on 3 March 2009, the purpose of the law is to fulfil Article 23 of the Macau Basic Law, the constitutional document of the Macau Special Administration Region.",The law tested during the Hong Kong Macau cultural exchange was designed to fulfil Article 23 of the Hong Kong Basic Law.,Cat7,UNSUPPORTED,PASS,PASS,CLEAR,CONTRADICTED,Cat1,PASS,PASS,CLEAR,CONTRADICTED,Cat1,A_B_AGREEMENT,,,,,,PASS,PASS,CLEAR,CONTRADICTED,Cat1,UNSUPPORTED,ELIGIBLE,RELABEL,CATEGORY
590,Where is the telephone area code 571 located?,"introduced on March 1, 2000, as an overlay to 703. Area code 571 serves most new telephone numbers; while it is primarily associated with mobile telephone lines, it is also used for new landline numbers, including the United States Patent and Trademark Office upon moving to Alexandria; the Transportation Security Administration, which was created in 2001 and has its headquarters in Arlington; and the Fairfax County Public Schools, which moved its headquarters to the Falls Church area in 2006. Although former competitors Bell Atlantic (a former Baby Bell) and GTE had assigned geographical monopolies varying by region in Virginia, they

of 703 and 571, 10-digit dialing is mandatory even for local calls; cellphone callers do the same on all direct-dialled calls. Long-distance calls are dialed as eleven digits, using the prefix ""1"", but for landline-based phones only. Area code 703 and the overlay area code 571 serve the following cities and towns in Virginia: Alexandria, Annandale, Ashburn, Burke, Centreville, Chantilly, Dale City, Fairfax, Falls Church, Franconia, Great Falls, Groveton, Herndon, Lake Ridge, Leesburg, Lorton, Manassas, Manassas Park, McLean, Mount Vernon, North Springfield, Oakton, Occoquan, Reston, South Riding, Springfield, Sterling, Vienna, West Springfield, and Woodbridge, plus all or part of these

Area codes 703 and 571 Area codes 703 and 571 are the North American Numbering Plan telephone area codes for northern Virginia, including the independent cities of Alexandria, Fairfax, Falls Church, Manassas, and Manassas Park, as well as all of Arlington and Fairfax counties and parts of Fauquier, Loudoun, Prince William, and Stafford counties. The main area code, 703, was created as one of the original 86 North American area codes in October 1947, and originally served the entire Commonwealth of Virginia. Area code 571 was created on March 1, 2000 as an overlay to 703. Because of the overlay",The telephone area code 571 is in all of Fairfax County.,Cat3,SUPPORTED,PASS,PASS,CLEAR,ENTAILED,Cat3,PASS,PASS,CLEAR,ENTAILED,Cat3,A_B_AGREEMENT,,,,,,PASS,PASS,CLEAR,ENTAILED,Cat3,SUPPORTED,ELIGIBLE,RETAIN_UNCHANGED,
591,Greenland is the largest island in the world in which continent it is situated?,"Greenland Greenland (, ; , ) is an autonomous constituent country of the Kingdom of Denmark between the Arctic and Atlantic Oceans, east of the Canadian Arctic Archipelago. Though physiographically a part of the continent of North America, Greenland has been politically and culturally associated with Europe (specifically Norway and Denmark, the colonial powers, as well as the nearby island of Iceland) for more than a millennium. The majority of its residents are Inuit, whose ancestors began migrating from the Canadian mainland in the 13th century, gradually settling across the island. Greenland is the world's largest island. Australia and Antarctica

of its natural resources, the grant will gradually be diminished. This is generally considered to be a step toward eventual full independence from Denmark. Greenlandic was declared the sole official language of Greenland at the historic ceremony. Greenland is the world's largest non-continental island and the third largest country in North America. It is between latitudes 59° and 83°N, and longitudes 11° and 74°W. The Atlantic Ocean borders Greenland's southeast; the Greenland Sea is to the east; the Arctic Ocean is to the north; and Baffin Bay is to the west. The nearest countries are Canada, to the west and

Geography of Greenland Greenland is located between the Arctic Ocean and the North Atlantic Ocean, northeast of Canada and northwest of Iceland. The territory comprises the island of Greenland–the largest island in the world–and more than a hundred other smaller islands (see ). As an island, Greenland has no land boundaries and 44,087 km of coastline. A sparse population is confined to small settlements along certain sectors of the coast. Greenland possesses the world's second largest ice sheet. Greenland sits atop the Greenland plate, a subplate of the North American plate. The Greenland craton is made up of some of",Greenland has been politically and culturally associated with the nearby island of Iceland for more than a millennium.,Cat5,SUPPORTED,PASS,FAIL,CLEAR,ENTAILED,INVALID,PASS,FAIL,CLEAR,ENTAILED,INVALID,A_B_AGREEMENT,,,,,,PASS,FAIL,CLEAR,ENTAILED,INVALID,SUPPORTED,INVALID,REMOVE,ELIGIBILITY
592,"In which theatre in Los Angeles did the late-night talk show host of ""Chelsea Lately"" host the 2010 MTV Video Music Awards?","The 2010 MTV Video Music Awards took place on September 12, 2010 at Nokia Theatre in Los Angeles, honoring the best music videos from the previous year. Chelsea Handler hosted the event, the first woman in sixteen years – since the 1994 MTV Video Music Awards – to do so. She hosted the late-night talk show ""Chelsea Lately"" on the E! network from 2007 to 2014, and released a documentary series, ""Chelsea Does"", on Netflix in January 2016.",Nokia Theatre is part of the L.A. Live entertainment complex.,Cat7,UNSUPPORTED,PASS,PASS,CLEAR,NOT_ENOUGH_INFO,Cat1,PASS,PASS,CLEAR,NOT_ENOUGH_INFO,Cat1,A_B_AGREEMENT,,,,,,PASS,PASS,CLEAR,NOT_ENOUGH_INFO,Cat1,UNSUPPORTED,ELIGIBLE,RELABEL,CATEGORY
593,"""Movin'"" is a song by Swedish-Congolese singer-songwriter Mohombi, it is the lead singer from his second studio album, ""Universe"", it features Birdman, KMC and ""Movin'"" is a song by Swedish-Congolese singer-songwriter Mohombi, it is the lead singer from his second studio album, ""Universe"", it features Birdman, KMC and Brandon Caskey, an American rapper, from which organization?"," The song features Birdman, Caskey from Cash Money Records, and KMC.Brandon Caskey is an American rapper better known by the mononym Caskey.",Brandon Caskey is not a part of any organization.,Cat2,UNSUPPORTED,PASS,PASS,CLEAR,CONTRADICTED,Cat2,PASS,PASS,CLEAR,CONTRADICTED,Cat2,A_B_AGREEMENT,,,,,,PASS,PASS,CLEAR,CONTRADICTED,Cat2,UNSUPPORTED,ELIGIBLE,RETAIN_UNCHANGED,
594,What British painter and musician was the bass player included on Anthology 1?," It features rarities, outtakes and live performances from the period 1958–1964, including songs with original bass player Stuart Sutcliffe and drummer Pete Best.Stuart Fergusson Victor Sutcliffe (23 June 1940 – 10 April 1962) was a British painter and musician best known as the original bass guitarist for the Beatles.",Anthology 1 features a total of ten live performances.,Cat6,UNSUPPORTED,PASS,FAIL,CLEAR,NOT_ENOUGH_INFO,INVALID,PASS,FAIL,CLEAR,NOT_ENOUGH_INFO,INVALID,A_B_AGREEMENT,,,,,,PASS,FAIL,CLEAR,NOT_ENOUGH_INFO,INVALID,UNSUPPORTED,INVALID,REMOVE,ELIGIBILITY
595," Which species, Cardwellia or Ochagavia, is native to South America?"," The species Cardwellia sublimis (northern silky oak) grows naturally only (endemic) in the rainforests of the wet tropics region of north eastern Queensland, Australia.Ochagavia is a genus of the botanical family Bromeliaceae, subfamily Bromelioideae. The genus is named for Sylvestris Ochagavia, Chilean minister of education. Endemic to southern and central Chile (including the Juan Fernández Islands), this genus is represented by four accepted species.",Silvestre Ochagavía Errázuriz was a member of the Academy of Archival Sciences of Chile.,Cat7,UNSUPPORTED,PASS,FAIL,CLEAR,NOT_ENOUGH_INFO,INVALID,PASS,FAIL,CLEAR,NOT_ENOUGH_INFO,INVALID,A_B_AGREEMENT,,,,,,PASS,FAIL,CLEAR,NOT_ENOUGH_INFO,INVALID,UNSUPPORTED,INVALID,REMOVE,ELIGIBILITY
596,"Abraham Bankier was one of the owners of the Rekord factory that was taken over by a German Industrialist, spy, and member of the Nazi Party who is credited with saving how many Jews during the Holocaust?","Abraham Bankier (1910-1956) was one of the owners of the ""Rekord"" factory on Lipowa street in Cracow, Poland, that Oskar Schindler took over during World War II.Oskar Schindler (28 April 1908 – 9 October 1974) was a German industrialist, spy, and member of the Nazi Party who is credited with saving the lives of 1,200 Jews during the Holocaust by employing them in his enamelware and ammunitions factories, which were located in occupied Poland and the Protectorate of Bohemia and Moravia.",The German Industrialist was a member of the Nazi Party.,Cat7,SUPPORTED,PASS,FAIL,CLEAR,ENTAILED,INVALID,PASS,FAIL,CLEAR,ENTAILED,INVALID,A_B_AGREEMENT,,,,,,PASS,FAIL,CLEAR,ENTAILED,INVALID,SUPPORTED,INVALID,REMOVE,ELIGIBILITY
597,Which group won the 2011 Grammy Award for Best Hard Rock Performance?,"Them Crooked Vultures is a rock supergroup formed in Los Angeles in 2009 by John Paul Jones (former member of Led Zeppelin) on bass and keyboards, Dave Grohl (of Foo Fighters and formerly of Nirvana) on drums and backing vocals, and Josh Homme (of Queens of the Stone Age, Eagles of Death Metal and formerly of Kyuss) on guitar and vocals. The group won the 2011 Grammy Award for Best Hard Rock Performance for ""New Fang"".The Vines are an Australian rock band formed in 1994 in Sydney.",Them Crooked Vultures won the 2011 Grammy Award for Best Hard Rock Performance.,Cat5,SUPPORTED,PASS,PASS,CLEAR,ENTAILED,Cat1,PASS,PASS,CLEAR,ENTAILED,Cat1,A_B_AGREEMENT,,,,,,PASS,PASS,CLEAR,ENTAILED,Cat1,SUPPORTED,ELIGIBLE,RELABEL,CATEGORY
598,What is the connection between Félix du Temple de la Croix and Early flying machines?," He developed some of the first flying machines and is credited with the first successful flight of a powered aircraft of any sort, a powered model plane, in 1857, and is sometimes credited with the first manned powered flight in history onboard his Monoplane in 1874,Early flying machines include all forms of aircraft studied or constructed before the development of the modern aeroplane by 1910.",aircraft of any sort exist.,Cat3,SUPPORTED,PASS,FAIL,CLEAR,ENTAILED,INVALID,PASS,FAIL,CLEAR,ENTAILED,INVALID,A_B_AGREEMENT,,,,,,PASS,FAIL,CLEAR,ENTAILED,INVALID,SUPPORTED,INVALID,REMOVE,ELIGIBILITY
599,"John Spalvins, born Janis Gunnars Spalvins, in 1936, in Latvia, was Managing Director of the Adelaide Steamship Company from 1977 until the company's collapse in 1991, it was formed by a group of South Australian businessmen in which year?","John Spalvins, born Janis Gunnars Spalvins, in 1936, in Latvia, was Managing Director of the Adelaide Steamship Company from 1977 until the company's collapse in 1991.The Adelaide Steamship Company was formed by a group of South Australian businessmen in 1875.",The Adelaide Steamship Company was not founded by John Spalvins.,Cat2,SUPPORTED,PASS,PASS,CLEAR,ENTAILED,Cat2,PASS,FAIL,CLEAR,ENTAILED,INVALID,THIRD_PERSON_ADJUDICATION,PASS,FAIL,CLEAR,ENTAILED,Cat2,PASS,FAIL,CLEAR,ENTAILED,INVALID,SUPPORTED,INVALID,REMOVE,ELIGIBILITY
600,Who won the Best Character Actress award at the Asianet Television Awards 2016?," Her daughter Thara Kalyan is also an actress in Malayalam movies.Currently she is playing lead role in Malayalam Soap opera Karuthamuthu and she won ""Best Character Actress"" at Asianet Television Awards 2016",Thara Kalyan won the Best Character Actress award at the Asianet Television Awards 2016.,Cat5,SUPPORTED,PASS,PASS,CLEAR,ENTAILED,Cat1,PASS,PASS,CLEAR,ENTAILED,Cat1,A_B_AGREEMENT,,,,,,PASS,PASS,CLEAR,ENTAILED,Cat1,SUPPORTED,ELIGIBLE,RELABEL,CATEGORY
601,"""The Real Slim Shady"" is a song taken from the eighth studio album ""The Marshall Mathers LP 2"" (2013)  of what hip hop recording artist?","""So Far..."" is a song by American hip hop recording artist Eminem, taken from his eighth studio album ""The Marshall Mathers LP 2"" (2013).""The Real Slim Shady"" is a song by American rapper Eminem from his third album ""The Marshall Mathers LP"" (2000).","""The Real Slim Shady"" is not included in the eighth studio album ""The Marshall Mathers LP 2"" (2013) of any hip hop recording artist.",Cat2,SUPPORTED,PASS,PASS,CLEAR,ENTAILED,Cat2,PASS,PASS,CLEAR,ENTAILED,Cat2,A_B_AGREEMENT,,,,,,PASS,PASS,CLEAR,ENTAILED,Cat2,SUPPORTED,ELIGIBLE,RETAIN_UNCHANGED,
602,"What is the other name for the area at which Ranney Hill, Northwest Territories anomaly  rose? "," It is an anomaly rising from the relatively flat Canadian Shield.The Canadian Shield, also called the Laurentian Plateau, or ""Bouclier canadien "" (French), is a large area of exposed Precambrian igneous and high-grade metamorphic rocks (geological shield) that forms the ancient geological core of the North American continent (the North American Craton or Laurentia).",The Laurentian Plateau is one of the world's largest geological regions.,Cat5,UNSUPPORTED,PASS,FAIL,CLEAR,NOT_ENOUGH_INFO,INVALID,PASS,FAIL,CLEAR,NOT_ENOUGH_INFO,INVALID,A_B_AGREEMENT,,,,,,PASS,FAIL,CLEAR,NOT_ENOUGH_INFO,INVALID,UNSUPPORTED,INVALID,REMOVE,ELIGIBILITY
603,"Which American singer, songwriter and record producer born in 1977 sang at the 2014 Billboard Music Awards?","""Get Her Back"" is a song by American recording artist Robin Thicke. Thicke performed and premiered the song live at the 2014 Billboard Music Awards, which generated attention before and after the awards ceremony.Robin Charles Thicke (born March 10, 1977) is an American singer, songwriter and record producer.",Robin Thicke is a person.,Cat1,SUPPORTED,PASS,PASS,CLEAR,ENTAILED,Cat1,PASS,FAIL,CLEAR,ENTAILED,INVALID,THIRD_PERSON_ADJUDICATION,PASS,FAIL,CLEAR,ENTAILED,INVALID,PASS,FAIL,CLEAR,ENTAILED,INVALID,SUPPORTED,INVALID,REMOVE,ELIGIBILITY
604,"Who wrote and directed ""Tiger and Crane Fist"", a parody of a martial arts film, which usually contain numerous martial arts fights?"," Written, directed by and starring Steve Oedekerk, it uses footage from the 1976 Hong Kong martial arts film ""Tiger and Crane Fist"" (also called ""Savage Killers""), along with new footage shot by Oedekerk, to create an original, unrelated plot. A subgenre of the action film, martial arts films contain numerous martial arts fights between characters.",Steve Oedekerk shot his new footage before the film 'Tiger and Crane Fist' was released.,Cat4,UNSUPPORTED,PASS,PASS,CLEAR,NOT_ENOUGH_INFO,Cat4,PASS,FAIL,CLEAR,NOT_ENOUGH_INFO,INVALID,THIRD_PERSON_ADJUDICATION,PASS,PASS,CLEAR,NOT_ENOUGH_INFO,Cat4,PASS,PASS,CLEAR,NOT_ENOUGH_INFO,Cat4,UNSUPPORTED,ELIGIBLE,RETAIN_UNCHANGED,
605,Who sang i can't let maggie go?,"I Can't Let Maggie Go ""I Can't Let Maggie Go"" is a song by the British pop group Honeybus from early 1968. Written by band member Pete Dello, it was released as a non-album single. The song became an international Top 20 hit, reaching number 13 in New Zealand and number 11 in Ireland. It did best in their native United Kingdom, where it reached number eight in the UK Singles Chart. ""I Can't Let Maggie Go"" was included on the group's later compilation LPs, ""Honeybus at Their Best"" and ""Old Masters Hidden Treasures"". The song was also a top

with 1968's ""I Can't Let Maggie Go"", which was so popular that it earned the band a cover photo on the popular music magazine, ""Disc and Music Echo"", for which they posed atop a red London bus. ""I Can't Let Maggie Go"" reached Number 8 in the UK Singles Chart, in April 1968, staying in the Top 40 for over two months. Dello resigned in August 1968. The band recruited Jim Kelly on guitar and vocals to replace him and Cane began songwriting and performing lead vocals. This line-up scored minor successes with ""She Sold Blackpool Rock"" and ""Girl Of

10 hit in Italy, with a 1968 version made by Equipe 84, entitled ""Un angelo blu"" (""A blue angel""). It enjoyed an unexpected reprise in popularity in the 1970s, when it was used as the soundtrack for a television advertisement for ""Nimble"", a bread produced for slimmers. ""I Can't Let Maggie Go"" has been covered by J. Vincent Edwards in 1974, as well as by the Sideburns in 1993. David Essex included his own version on the 2005 compilation album, ""The Complete Collection"". I Can't Let Maggie Go ""I Can't Let Maggie Go"" is a song by the British pop","The song ""I Can't Let Maggie Go"" has been covered by the Sideburns in 1993.",Cat4,SUPPORTED,PASS,FAIL,CLEAR,ENTAILED,INVALID,PASS,PASS,CLEAR,ENTAILED,Cat1,THIRD_PERSON_ADJUDICATION,PASS,PASS,CLEAR,ENTAILED,Cat1,PASS,PASS,CLEAR,ENTAILED,Cat1,SUPPORTED,ELIGIBLE,RELABEL,CATEGORY
606,"This ""New York Herald Tribune"" and the ""Chicago Daily News"" figure had a Pulitzer Prize in the 1960s for what category that pertains to a type of two-dimensional illustration, possibly animated?","John R. Fischetti (September 27, 1916 – November 18, 1980) was an editorial cartoonist for the ""New York Herald Tribune"" and the ""Chicago Daily News"". He received a Pulitzer Prize for Editorial Cartooning in 1969 and numerous awards from the National Cartoonists Society.A cartoon is a type of two-dimensional illustration, possibly animated.",John R. Fischetti won a Pulitzer Prize for his work in animated illustration.,Cat1,UNSUPPORTED,PASS,PASS,CLEAR,CONTRADICTED,Cat1,PASS,PASS,CLEAR,CONTRADICTED,Cat1,A_B_AGREEMENT,,,,,,PASS,PASS,CLEAR,CONTRADICTED,Cat1,UNSUPPORTED,ELIGIBLE,RETAIN_UNCHANGED,
607,Renne Montagne and Steve Inskeep successed which Peabody Award-winning member of the National Radio Hall of Fame on NPR's Morning Edition?,"Renée Montagne (pronounced Mon-TAIN) is an American radio journalist and was the co-host (with Steve Inskeep and David Greene) of National Public Radio's weekday morning news program, ""Morning Edition"", from May 2004 to November 11, 2016. Montagne and Inskeep succeeded longtime host Bob Edwards, initially as interim replacements, and Greene joined the team in 2012.Robert Alan ""Bob"" Edwards (born May 16, 1947) is an American broadcast journalist, a Peabody Award-winning member of the National Radio Hall of Fame.",Steve Inskeep succeeded a member of the National Radio Hall of Fame on NPR's Morning Edition.,Cat7,SUPPORTED,PASS,PASS,CLEAR,ENTAILED,Cat1,PASS,FAIL,CLEAR,ENTAILED,INVALID,THIRD_PERSON_ADJUDICATION,PASS,FAIL,CLEAR,ENTAILED,INVALID,PASS,FAIL,CLEAR,ENTAILED,INVALID,SUPPORTED,INVALID,REMOVE,ELIGIBILITY
608,Jo Ann Terry won the 80m hurdles event at what Sao Paulo-based event from 1963?," Affiliated with the Tennessee State University she won the 80 m hurdles event at the 1963 Pan American Games.The 4th Pan American Games were held from April 20 to May 5, 1963, in São Paulo, Brazil.",The Pan American Games are held every four years.,Cat3,UNSUPPORTED,PASS,FAIL,CLEAR,NOT_ENOUGH_INFO,INVALID,PASS,FAIL,CLEAR,NOT_ENOUGH_INFO,INVALID,A_B_AGREEMENT,,,,,,PASS,FAIL,CLEAR,NOT_ENOUGH_INFO,INVALID,UNSUPPORTED,INVALID,REMOVE,ELIGIBILITY
609,"""The Twentieth Century is Almost Over"" was re-recorded five years later by Cash and Waylon Jennings, Kris Kristofferson, and Willie Nelson, one of the most recognized artists in what type of music?"," ""The Twentieth Century is Almost Over"" was re-recorded five years later by Cash and Waylon Jennings, Willie Nelson and Kris Kristofferson, collectively known as The Highwaymen, on their first album entitled ""Highwayman"", though it was, in essence, a duet with Nelson. The critical success of the album ""Shotgun Willie"" (1973), combined with the critical and commercial success of ""Red Headed Stranger"" (1975) and ""Stardust"" (1978), made Nelson one of the most recognized artists in country music.","""The Twentieth Century Is Almost Over"" was not re-recorded by Willie Nelson alone.",Cat2,SUPPORTED,PASS,PASS,CLEAR,ENTAILED,Cat2,PASS,FAIL,CLEAR,ENTAILED,INVALID,THIRD_PERSON_ADJUDICATION,PASS,FAIL,CLEAR,ENTAILED,Cat2,PASS,FAIL,CLEAR,ENTAILED,INVALID,SUPPORTED,INVALID,REMOVE,ELIGIBILITY
610,Which Grand Prix is described as one of the oldest motor races in the world?,"The 1924 Grand Prix season again saw Grand Prix motor racing in Europe and North America. The Indianapolis 500 was again designated a Grand Épreuve by the International Sporting Commission of the AIACR, along with the French Grand Prix, held in Lyon and the Italian Grand Prix at Monza.The French Grand Prix (French: ""Grand Prix de France"" ), formerly known as the Grand Prix de l'ACF, is a race held as part of the Fédération Internationale de l'Automobile's annual Formula One automobile racing championships. It is one of the oldest motor races in the world.",The French Grand Prix is one of the oldest motor races in the world.,Cat5,SUPPORTED,PASS,PASS,CLEAR,ENTAILED,Cat5,PASS,PASS,CLEAR,ENTAILED,Cat5,A_B_AGREEMENT,,,,,,PASS,PASS,CLEAR,ENTAILED,Cat5,SUPPORTED,ELIGIBLE,RETAIN_UNCHANGED,
611,E'Shun Melvin was the voice of Young Boyd on Teen Wolf  developed by Jeff Davis for what television network," He is best known for his role as Noah on the BET original comedy television series Real Husbands of Hollywood, and for providing the voice of Young Boyd on Teen Wolf.Teen Wolf is an American television series developed by Jeff Davis for MTV.",An atomic fact cannot be split into simpler factual statements.,Cat2,UNSUPPORTED,PASS,FAIL,CLEAR,NOT_ENOUGH_INFO,INVALID,PASS,FAIL,CLEAR,NOT_ENOUGH_INFO,INVALID,A_B_AGREEMENT,,,,,,PASS,FAIL,CLEAR,NOT_ENOUGH_INFO,INVALID,UNSUPPORTED,INVALID,REMOVE,ELIGIBILITY
612,What year was the thesis supervisor of Jocelyn Bell Burnell awarded the Eddington Medal?,"Dame Susan Jocelyn Bell Burnell, (born 15 July 1943) is a Northern Irish astrophysicist. As a postgraduate student, she discovered the first radio pulsars while studying and advised by her thesis supervisor Antony Hewish, for which Hewish shared the Nobel Prize in Physics with astronomer Martin Ryle. He was also awarded the Eddington Medal of the Royal Astronomical Society in 1969.",The year is 1969.,Cat4,SUPPORTED,FAIL,PASS,CLEAR,ENTAILED,INVALID,FAIL,PASS,CLEAR,ENTAILED,INVALID,A_B_AGREEMENT,,,,,,FAIL,PASS,CLEAR,ENTAILED,INVALID,SUPPORTED,INVALID,REMOVE,ELIGIBILITY
613,"Who founded the college attended by Thomas Balston, member of the Whatman paper-making family?","Thomas Balston (1883–1967) was a member of the Whatman paper-making family, a director of the publishers Duckworth and Co., and a noted scholar of English book production and illustration. Balston was educated at Eton and New College, Oxford, and prior to being called to the bar in 1909, served as tutor to Count Gianbattista Spaletti and his brother Count Cesare Spaletti in Italy. Founded in 1379 by William of Wykeham, the full name of the college is The Warden and Scholars of St Mary's College of Winchester in Oxford.",Thomas Balston was a member of the Whatman paper-making family.,Cat7,SUPPORTED,PASS,FAIL,CLEAR,ENTAILED,INVALID,PASS,FAIL,CLEAR,ENTAILED,INVALID,A_B_AGREEMENT,,,,,,PASS,FAIL,CLEAR,ENTAILED,INVALID,SUPPORTED,INVALID,REMOVE,ELIGIBILITY
614,When was the latest joint session of the Indian Parliament convened?,"Joint Session of Indian Parliament The Parliament of India is bicameral. Concurrence of both houses are required to pass any bill. However, the makers of the Constitution of India visualised situations of deadlock between the upper house i.e. Rajya Sabha and the lower house i.e. Lok Sabha. Therefore, the Constitution of India provides for Joint sittings of both the Houses to break this deadlock. The joint sitting of the Parliament is called by the President (Article 108) and is presided over by the Speaker or, in his absence, by the Deputy Speaker of the Lok Sabha or in his absence,

influence in a joint sitting of Parliament. A joint session is chaired by the Speaker of Lok Sabha. Also, because the joint session is convened by the President on advice of the government, which already has a majority in Lok Sabha, the joint session is usually convened to get bills passed through a Rajya Sabha in which the government has a minority. Joint sessions of Parliament are a rarity, and have been convened three times in last 71 years, for the purpose of passage of a specific legislative act, the latest time being in 2002: Unlike the Lok Sabha, a

the President of Germany. It includes members from the Bundestag and representatives of the States of Germany. In India, if an ordinary bill has been rejected by any house of the parliament and if more than six months have elapsed, the President may summon a joint session for purpose of passing the bill. The bill is passed by a simple majority of a joint sitting. Since the lower house (Lok Sabha) has more than twice the members of the upper house (Rajya Sabha), a group commanding a majority in the lower house of the Government of India can pass such",The latest joint session of the Indian Parliament was convened in 2002.,Cat5,SUPPORTED,PASS,PASS,CLEAR,ENTAILED,Cat4,PASS,PASS,CLEAR,ENTAILED,Cat4,A_B_AGREEMENT,,,,,,PASS,PASS,CLEAR,ENTAILED,Cat4,SUPPORTED,ELIGIBLE,RELABEL,CATEGORY
615,When did toronto host the mlb all-star game?,"1991 Major League Baseball All-Star Game The 1991 Major League Baseball All-Star Game was the 62nd playing of the midsummer classic between the all-stars of the American League (AL) and National League (NL), the two leagues comprising Major League Baseball. The game was held on July 9, 1991, at SkyDome in Toronto, the home of the Toronto Blue Jays of the American League. It was only the second time that the game was played outside the United States, as the National League's Montreal Expos hosted the 1982 Midsummer Classic at Olympic Stadium in Montreal, Quebec. The game resulted in the

1982 Major League Baseball All-Star Game The 1982 Major League Baseball All-Star Game was the 53rd midseason exhibition between the all-stars of the American League (AL) and the National League (NL), the two leagues comprising Major League Baseball. The game was played on July 13, 1982, at Olympic Stadium in Montreal, Quebec, Canada, home of the Montreal Expos of the National League. The game resulted in a 4–1 victory for the NL, and Cincinnati Reds shortstop Dave Concepción was named the MVP. It is notable for being the first All-Star Game ever played outside the United States. This would be

2007 Major League Baseball All-Star Game The 2007 Major League Baseball All-Star Game was the 78th midseason exhibition between the all-stars of the American League (AL) and the National League (NL), the two leagues comprising Major League Baseball. The game was held on July 10, 2007, at AT&T Park, the home of the NL's San Francisco Giants. It marked the third time that the Giants hosted the All Star Game since moving to San Francisco for the 1958 season. The 1961 and 1984 All Star Games were played at the Giants former home Candlestick Park, and the fourth overall in",The 1982 Major League Baseball All-Star Game was the 53rd playing of the midsummer classic.,Cat4,SUPPORTED,PASS,FAIL,CLEAR,ENTAILED,INVALID,PASS,FAIL,CLEAR,ENTAILED,INVALID,A_B_AGREEMENT,,,,,,PASS,FAIL,CLEAR,ENTAILED,INVALID,SUPPORTED,INVALID,REMOVE,ELIGIBILITY
616,"The Seattle Fighter Wing was a unit of the United States Air Force, active during the Pacific War of which span of years, it was based in the Northwestern United States?","The Seattle Fighter Wing was a unit of the United States Air Force, active during the Pacific War of 1942-45.The Northwestern United States is an informal geographic region of the United States.",The Seattle Fighter Wing was active during the Civil War.,Cat4,UNSUPPORTED,PASS,PASS,CLEAR,CONTRADICTED,Cat4,PASS,PASS,CLEAR,CONTRADICTED,Cat1,THIRD_PERSON_ADJUDICATION,PASS,PASS,CLEAR,CONTRADICTED,Cat4,PASS,PASS,CLEAR,CONTRADICTED,Cat4,UNSUPPORTED,ELIGIBLE,RETAIN_UNCHANGED,
617,Jo Ann Terry won the 80m hurdles event at what Sao Paulo-based event from 1963?," Affiliated with the Tennessee State University she won the 80 m hurdles event at the 1963 Pan American Games.The 4th Pan American Games were held from April 20 to May 5, 1963, in São Paulo, Brazil.",The Pan American Games are the world's largest multi-sport event for athletes from the Americas.,Cat5,UNSUPPORTED,PASS,FAIL,CLEAR,NOT_ENOUGH_INFO,INVALID,PASS,FAIL,CLEAR,NOT_ENOUGH_INFO,INVALID,A_B_AGREEMENT,,,,,,PASS,FAIL,CLEAR,NOT_ENOUGH_INFO,INVALID,UNSUPPORTED,INVALID,REMOVE,ELIGIBILITY
618,"What band from Savannah, Georgia did the singer singer John Dyer Bailey sing for?"," Artwork and design were by Baroness singer John Dyer Baizley.Baroness is an American heavy metal band from Savannah, Georgia whose original members grew up together in Lexington, Virginia.",Baroness's albums are named after colors.,Cat1,UNSUPPORTED,PASS,FAIL,CLEAR,NOT_ENOUGH_INFO,INVALID,PASS,FAIL,CLEAR,NOT_ENOUGH_INFO,INVALID,A_B_AGREEMENT,,,,,,PASS,FAIL,CLEAR,NOT_ENOUGH_INFO,INVALID,UNSUPPORTED,INVALID,REMOVE,ELIGIBILITY
619,E'Shun Melvin was the voice of Young Boyd on Teen Wolf  developed by Jeff Davis for what television network," He is best known for his role as Noah on the BET original comedy television series Real Husbands of Hollywood, and for providing the voice of Young Boyd on Teen Wolf.Teen Wolf is an American television series developed by Jeff Davis for MTV.",MTV must extract every distinct factual statement present in the input.,Cat3,UNSUPPORTED,PASS,FAIL,CLEAR,NOT_ENOUGH_INFO,INVALID,FAIL,FAIL,AMBIGUOUS,NOT_ENOUGH_INFO,INVALID,THIRD_PERSON_ADJUDICATION,PASS,FAIL,CLEAR,NOT_ENOUGH_INFO,INVALID,PASS,FAIL,CLEAR,NOT_ENOUGH_INFO,INVALID,UNSUPPORTED,INVALID,REMOVE,ELIGIBILITY
620,Pro kabaddi 2017 how many matches per team?,"of the tradition and culture all over the country. The 12 teams are divided into two zones of six each. Each team plays a total of 22 matches in the league stage: 1. Teams from the same zone play each other thrice, totalling 15 matches in the zone. 2. Then, a team will play an additional of 6 matches with the teams from the other zone. (Each team plays other team from the other zone once). These 6 inter-zone matches for each team will be held on three different weeks. These weeks are known as inter-zone challenge weeks and the

respective weeks are: 3. Then, each team plays one wild card match which is an additional inter-zone match in the penultimate week, selected by a random mid-season draw, totalling 22 matches in the league stage. The top three teams from each zone qualify for the super playoffs and compete for the title. Source: ""prokabaddi.com""<br> The teams are divided into two zones with each zone having six teams based on their geographical proximity. Each team will play 15 intra-zonal matches and 7 inter-zonal matches. Source:""prokabaddi.com"" Source: ""prokabaddi.com"" 2017 Pro Kabaddi League season The 2017 Vivo Pro Kabaddi League season was the

Sports Pro Kabaddi wants to make Pro Kabaddi, a 5-week event, happen 10 weeks a year by having two editions a year. The idea is to play the tournament once in January–February 2016 and once in June–July 2016. It also had 8 teams. Patna Pirates beat U Mumba by 3 Points in the final in Delhi to take home the trophy. Puneri Paltan came third this season. The fourth season took place from June 25 to July 31, with the existing eight teams participating. Patna Pirates beat Jaipur Pink Panthers in the men's final. Season 4 also saw the launch","Teams from the same zone play each other twice, totaling 12 matches in the zone.",Cat6,UNSUPPORTED,PASS,PASS,CLEAR,CONTRADICTED,Cat6,PASS,PASS,CLEAR,CONTRADICTED,Cat6,A_B_AGREEMENT,,,,,,PASS,PASS,CLEAR,CONTRADICTED,Cat6,UNSUPPORTED,ELIGIBLE,RETAIN_UNCHANGED,
621," ""The Twentieth Century is Almost Over"" was re-recorded five years later by Cash and Waylon Jennings,  Kris Kristofferson, and  Willie Nelson, one of the most recognized artists in what type of music?"," ""The Twentieth Century is Almost Over"" was re-recorded five years later by Cash and Waylon Jennings, Willie Nelson and Kris Kristofferson, collectively known as The Highwaymen, on their first album entitled ""Highwayman"", though it was, in essence, a duet with Nelson. The critical success of the album ""Shotgun Willie"" (1973), combined with the critical and commercial success of ""Red Headed Stranger"" (1975) and ""Stardust"" (1978), made Nelson one of the most recognized artists in country music.",Kristofferson is one of the most recognized artists in folk music.,Cat5,UNSUPPORTED,PASS,PASS,CLEAR,NOT_ENOUGH_INFO,Cat1,PASS,FAIL,CLEAR,NOT_ENOUGH_INFO,INVALID,THIRD_PERSON_ADJUDICATION,PASS,FAIL,CLEAR,CONTRADICTED,Cat1,PASS,FAIL,CLEAR,CONTRADICTED,INVALID,UNSUPPORTED,INVALID,REMOVE,ELIGIBILITY
622,"King of Queens is the debut studio album by Nigerian singer Yemi Alade, it features guest appearances and skits from which Ghanaian hip hop and hiplife duo from Tema made up of Faisal Hakeem ""(Paedae da Pralem/Omar Sterling)"", and Rashid Mugeez ""(Mugeez)""?"," It features guest appearances and skits from Bovi, R2Bees, Phyno, Chidinma, DIL, Selebobo and Diamond Platnumz.R2Bees is a Ghanaian hip hop and hiplife duo from Tema made up of Faisal Hakeem ""(Paedae da Pralem/Omar Sterling)"" and Rashid Mugeez ""(Mugeez)"".",R2Bees was formed in 2007.,Cat4,UNSUPPORTED,PASS,FAIL,CLEAR,NOT_ENOUGH_INFO,INVALID,PASS,FAIL,CLEAR,NOT_ENOUGH_INFO,INVALID,A_B_AGREEMENT,,,,,,PASS,FAIL,CLEAR,NOT_ENOUGH_INFO,INVALID,UNSUPPORTED,INVALID,REMOVE,ELIGIBILITY
623,Lochner v. New York and New York v. Ferber where both handled by who?,"New York v. Ferber, 458 U.S. 747 (1982) , is a precedential decision given by the United States Supreme Court, which ruled unanimously that the First Amendment right to free speech did not forbid states from banning the sale of material depicting children engaged in sexual activity, even if the material was not obscene.Lochner v. New York, 198 US 45 (1905) was a landmark US labor law case in the US Supreme Court, holding that limits to working time violated the Fourteenth Amendment.",The United States Supreme Court hears a limited number of cases each year.,Cat3,UNSUPPORTED,PASS,FAIL,CLEAR,NOT_ENOUGH_INFO,INVALID,PASS,FAIL,CLEAR,NOT_ENOUGH_INFO,INVALID,A_B_AGREEMENT,,,,,,PASS,FAIL,CLEAR,NOT_ENOUGH_INFO,INVALID,UNSUPPORTED,INVALID,REMOVE,ELIGIBILITY
624,Battle Born Studios is located in the unincorporated town that is part of what county?,"Battle Born Studios, located in the Winchester, Nevada, is a 2000 sqft recording studio owned by The Killers.Winchester is an unincorporated town and census-designated place (CDP) and part of Las Vegas Township in Clark County, Nevada, United States that contains part of the Las Vegas Strip.",Clark County is the most populous county in the United States without a major league sports team.,Cat5,UNSUPPORTED,PASS,PASS,CLEAR,NOT_ENOUGH_INFO,Cat5,PASS,FAIL,CLEAR,NOT_ENOUGH_INFO,INVALID,THIRD_PERSON_ADJUDICATION,PASS,FAIL,CLEAR,CONTRADICTED,Cat5,PASS,FAIL,CLEAR,CONTRADICTED,INVALID,UNSUPPORTED,INVALID,REMOVE,ELIGIBILITY
625,Who publishes a horror game with protagonist Ellie?,"Ellie is a fictional character in the 2013 video game ""The Last of Us"", and the main protagonist of the upcoming video game ""The Last of Us Part II"".The Last of Us Part II is an upcoming action-adventure survival horror video game developed by Naughty Dog and published by Sony Interactive Entertainment for PlayStation 4.",Naughty Dog only develops video games for PlayStation 4.,Cat3,UNSUPPORTED,PASS,PASS,CLEAR,NOT_ENOUGH_INFO,Cat3,PASS,FAIL,CLEAR,NOT_ENOUGH_INFO,INVALID,THIRD_PERSON_ADJUDICATION,PASS,FAIL,CLEAR,NOT_ENOUGH_INFO,Cat3,PASS,FAIL,CLEAR,NOT_ENOUGH_INFO,INVALID,UNSUPPORTED,INVALID,REMOVE,ELIGIBILITY
626,"Heidi Newfield and Tim Rushlow, have which nationality?","Heidi Newfield (born October 4, 1970) is an American country music artist.Timothy Ray ""Tim"" Rushlow (born October 6, 1966) is an American country music artist.",Heidi Newfield is not of the same nationality as Tim Rushlow.,Cat2,UNSUPPORTED,PASS,PASS,CLEAR,CONTRADICTED,Cat2,PASS,PASS,CLEAR,CONTRADICTED,Cat2,A_B_AGREEMENT,,,,,,PASS,PASS,CLEAR,CONTRADICTED,Cat2,UNSUPPORTED,ELIGIBLE,RETAIN_UNCHANGED,
627,E'Shun Melvin was the voice of Young Boyd on Teen Wolf  developed by Jeff Davis for what television network," He is best known for his role as Noah on the BET original comedy television series Real Husbands of Hollywood, and for providing the voice of Young Boyd on Teen Wolf.Teen Wolf is an American television series developed by Jeff Davis for MTV.",MTV must not omit any statements regardless of their factual accuracy.,Cat2,UNSUPPORTED,PASS,FAIL,CLEAR,NOT_ENOUGH_INFO,INVALID,FAIL,FAIL,AMBIGUOUS,NOT_ENOUGH_INFO,INVALID,THIRD_PERSON_ADJUDICATION,FAIL,FAIL,AMBIGUOUS,NOT_ENOUGH_INFO,INVALID,FAIL,FAIL,AMBIGUOUS,NOT_ENOUGH_INFO,INVALID,UNSUPPORTED,INVALID,REMOVE,ELIGIBILITY
628,Where does anything you can do i can do better come from?,"Anything You Can Do (I Can Do Better) ""Anything You Can Do"" is a song composed by Irving Berlin for the 1946 Broadway musical ""Annie Get Your Gun"". The song is a duet, with one male singer and one female singer attempting to outdo each other in increasingly complex tasks. In the musical, the song sets the scene for the climactic sharpshooting contest between Annie Oakley and Frank Butler. Its most memorable lines are, ""Anything you can do I can do better; I can do anything better than you."" The song was first performed in ""Annie Get Your Gun"" by

Ethel Merman and Ray Middleton. During the song, they argue playfully about who can, for example, sing softer, sing higher, sing sweeter, and hold a note for longer, and boast of their abilities and accomplishments, such as opening safes and living on bread and cheese, although Annie always seems to counter Frank's argument. Neither can ""bake a pie,"" though. Anything You Can Do (I Can Do Better) ""Anything You Can Do"" is a song composed by Irving Berlin for the 1946 Broadway musical ""Annie Get Your Gun"". The song is a duet, with one male singer and one female singer

choosing the occupation of ""newspaper carrier"" was required to ride a bicycle down a narrow yellow line (without veering from it) and throw several newspapers at targets. She lost control of the bicycle, fell to the studio floor, and apparently broke a bone. Wood mentioned other contestants being injured as well. The title of the show is inspired by a 1946 song called ""Anything You Can Do, I Can Do Better"" from the hit broadway musical ""Annie Get Your Gun"" (composed by Irving Berlin) as a sprirted duet with one male singer and one female singer attempting to outdo each","The song ""Anything You Can Do (I Can Do Better)"" is a duet.",Cat1,SUPPORTED,PASS,FAIL,CLEAR,ENTAILED,INVALID,PASS,FAIL,CLEAR,ENTAILED,INVALID,A_B_AGREEMENT,,,,,,PASS,FAIL,CLEAR,ENTAILED,INVALID,SUPPORTED,INVALID,REMOVE,ELIGIBILITY
629,What is the nationality of the singer-songwriter who wrote the poetry collection Early Work ?,"Early Work is a poetry collection by Patti Smith, published in 1994.Patricia Lee Smith (born December 30, 1946) is an American singer-songwriter, poet, and visual artist who became an influential component of the New York City punk rock movement with her 1975 debut album ""Horses"".",Early Work is the only poetry collection written by Patti Smith.,Cat3,UNSUPPORTED,PASS,PASS,CLEAR,NOT_ENOUGH_INFO,Cat3,PASS,FAIL,CLEAR,NOT_ENOUGH_INFO,INVALID,THIRD_PERSON_ADJUDICATION,PASS,FAIL,CLEAR,NOT_ENOUGH_INFO,Cat3,PASS,FAIL,CLEAR,NOT_ENOUGH_INFO,INVALID,UNSUPPORTED,INVALID,REMOVE,ELIGIBILITY
630,"What structure does Proctor, North Carolina and Fontana Lake have in common?"," The town was flooded by Fontana Lake, which was created by the construction of the Fontana Dam, and remains submerged unless lake levels are very low.Fontana Lake is a reservoir impounded by Fontana Dam on the Little Tennessee River located in Graham and Swain counties in North Carolina.","The structure of Proctor, North Carolina is different from the structure of Fontana Lake.",Cat5,UNSUPPORTED,PASS,PASS,CLEAR,CONTRADICTED,Cat5,PASS,PASS,AMBIGUOUS,AMBIGUOUS,Cat5,THIRD_PERSON_ADJUDICATION,PASS,PASS,AMBIGUOUS,CONTRADICTED,Cat5,PASS,PASS,AMBIGUOUS,CONTRADICTED,Cat5,UNSUPPORTED,ELIGIBLE,RETAIN_UNCHANGED,
631,"What film director is from Great Britain, Miloš Forman or Alex Cox?","Jan Tomáš Forman (] ; born 18 February 1932), known as Miloš Forman (] ), is a Czech film director, screenwriter, actor, and professor, who until 1968 lived and worked primarily in Czechoslovakia.Alexander ""Alex"" Cox (born 15 December 1954 in Bebington, Cheshire) is a British film director, screenwriter, nonfiction author, broadcaster and sometime actor, notable for his idiosyncratic style and approach to scripts.",Miloš Forman is not from Great Britain.,Cat2,SUPPORTED,PASS,PASS,CLEAR,ENTAILED,Cat2,PASS,PASS,CLEAR,ENTAILED,Cat2,A_B_AGREEMENT,,,,,,PASS,PASS,CLEAR,ENTAILED,Cat2,SUPPORTED,ELIGIBLE,RETAIN_UNCHANGED,
632,"Which magazine, In These Times or Tall Timber Short Lines, is an American politically progressive/democratic socialist monthly magazine of news and opinion published in Chicago, Illinois?","In These Times is an American politically progressive/democratic socialist monthly magazine of news and opinion published in Chicago, Illinois.Tall Timber Short Lines was a magazine dedicated to logging railroads and short line railroads, and was published by Oso Publications.",In These Times was founded by James Weinstein.,Cat7,UNSUPPORTED,PASS,FAIL,CLEAR,NOT_ENOUGH_INFO,INVALID,PASS,FAIL,CLEAR,NOT_ENOUGH_INFO,INVALID,A_B_AGREEMENT,,,,,,PASS,FAIL,CLEAR,NOT_ENOUGH_INFO,INVALID,UNSUPPORTED,INVALID,REMOVE,ELIGIBILITY
633,"The Little River and Gorham, Maine reside in what county?","The Little River is an 18.8 mi tributary of the Presumpscot River in the U.S. state of Maine.Gorham is a town in Cumberland County, Maine, United States.",The town of Gorham is located along the Presumpscot River.,Cat7,UNSUPPORTED,PASS,FAIL,CLEAR,NOT_ENOUGH_INFO,INVALID,PASS,FAIL,CLEAR,NOT_ENOUGH_INFO,INVALID,A_B_AGREEMENT,,,,,,PASS,FAIL,CLEAR,NOT_ENOUGH_INFO,INVALID,UNSUPPORTED,INVALID,REMOVE,ELIGIBILITY
634,"What year did the man, who was impersonated by Roger Kitter in the Lego advertisement, die of a heart attack?"," He was also an impressionist, who provided the voice of Tommy Cooper in the Lego 'Kipper' advertisement. On 15 April 1984, Cooper collapsed with a heart attack on live national television, and died soon afterwards.",The year is 1984.,Cat4,SUPPORTED,FAIL,PASS,CLEAR,ENTAILED,INVALID,FAIL,PASS,CLEAR,ENTAILED,INVALID,A_B_AGREEMENT,,,,,,FAIL,PASS,CLEAR,ENTAILED,INVALID,SUPPORTED,INVALID,REMOVE,ELIGIBILITY
635,Who chaired the ceremony in which the film written by Canet and Philippe Lefebvre won the award for Best Film?," The ceremony was chaired by Isabelle Mergault. ""Tell No One"" won the award for Best Film. Written by Canet and Philippe Lefebvre and starring François Cluzet, the film won four categories at the 2007 César Awards in France: Best Director (Guillaume Canet), Best Actor (François Cluzet), Best Editing and Best Music Written for a Film.",Isabelle Mergault has directed several other films.,Cat3,UNSUPPORTED,PASS,PASS,CLEAR,NOT_ENOUGH_INFO,Cat1,PASS,FAIL,CLEAR,NOT_ENOUGH_INFO,INVALID,THIRD_PERSON_ADJUDICATION,PASS,FAIL,CLEAR,NOT_ENOUGH_INFO,Cat1,PASS,FAIL,CLEAR,NOT_ENOUGH_INFO,INVALID,UNSUPPORTED,INVALID,REMOVE,ELIGIBILITY
636,"Heartbreak Express, Dolly Parton's 24th solo studio album, featured this re-recording of what song, originally recorded in 1973 and featured in the ""Best Little Whorehouse in Texas Soundtrack""?","Heartbreak Express is Dolly Parton's 24th solo studio album. ""Do I Ever Cross Your Mind"" (a song Parton had written in the early 1970s but had never ""officially"" recorded) appeared as a double-A-sided single (along with Parton's rerecording of ""I Will Always Love You"" from the ""Best Little Whorehouse in Texas Soundtrack""), and reached #1 on the country charts in August 1982.The song, ""I Will Always Love You"" was originally written and recorded in 1973 by American singer-songwriter, Dolly Parton.",Dolly Parton has released at least 24 solo studio albums.,Cat3,SUPPORTED,PASS,FAIL,CLEAR,ENTAILED,INVALID,PASS,FAIL,CLEAR,ENTAILED,INVALID,A_B_AGREEMENT,,,,,,PASS,FAIL,CLEAR,ENTAILED,INVALID,SUPPORTED,INVALID,REMOVE,ELIGIBILITY
637,"Editors and Working for a Nuclear Free City, is of which nationality?","Editors are an English rock band, formed in 2002 in Birmingham.Working for a Nuclear Free City (sometimes abbreviated to WFANFC) was an indie nu gaze band from Manchester, England.",Both are from the United Kingdom.,Cat3,SUPPORTED,PASS,PASS,CLEAR,ENTAILED,Cat1,PASS,PASS,CLEAR,ENTAILED,Cat1,A_B_AGREEMENT,,,,,,PASS,PASS,CLEAR,ENTAILED,Cat1,SUPPORTED,ELIGIBLE,RELABEL,CATEGORY
638,"King of Queens is the debut studio album by Nigerian singer Yemi Alade, it features guest appearances and skits from which Ghanaian hip hop and hiplife duo from Tema made up of Faisal Hakeem ""(Paedae da Pralem/Omar Sterling)"", and Rashid Mugeez ""(Mugeez)""?"," It features guest appearances and skits from Bovi, R2Bees, Phyno, Chidinma, DIL, Selebobo and Diamond Platnumz.R2Bees is a Ghanaian hip hop and hiplife duo from Tema made up of Faisal Hakeem ""(Paedae da Pralem/Omar Sterling)"" and Rashid Mugeez ""(Mugeez)"".",The guest appearance was not by Faisal Hakeem alone.,Cat2,SUPPORTED,PASS,PASS,CLEAR,ENTAILED,Cat2,PASS,PASS,CLEAR,ENTAILED,Cat2,A_B_AGREEMENT,,,,,,PASS,PASS,CLEAR,ENTAILED,Cat2,SUPPORTED,ELIGIBLE,RETAIN_UNCHANGED,
639,Who sings better than i in joseph king of dreams?,"companion to the video"", also written by Mackall. ""Joseph, King of Dreams: read-along"" (8 Mar 2001) was a full-color storybook and accompanying cassette which ""capture[d] all the emotional and dramatic high points"". Written by Catherine McCafferty, it included the song ""Better Than I"" and dialogue from the film. A fourth book was published as well. The film received mixed to positive reviews from critics. While praising the film's merits including animation, storytelling, and music, much of the criticism came with comparing it negatively to its theatrically released predecessor ""The Prince of Egypt"". The song ""You Know Better Than I"" was

You Know Better Than I ""You Know Better Than I"" (aka ""Better Than I"") is a song from the 2000 direct-to-video film """". It is performed by Joseph (David Campbell). The song is performed when Joseph is at his lowest point, almost giving up on his faith. He decides to trust fully in God and acknowledge that he is the master of the universe who has an ultimate plan, even if things seem bad at present and he doesn't fully understand why. PluggedIn explains the song's meaning: ""Persevering through dark times can yield great rewards. God’s role in Joseph’s comeback

yet never feel sentimental or generic"". You Know Better Than I ""You Know Better Than I"" (aka ""Better Than I"") is a song from the 2000 direct-to-video film """". It is performed by Joseph (David Campbell). The song is performed when Joseph is at his lowest point, almost giving up on his faith. He decides to trust fully in God and acknowledge that he is the master of the universe who has an ultimate plan, even if things seem bad at present and he doesn't fully understand why. PluggedIn explains the song's meaning: ""Persevering through dark times can yield great",The song is performed when Joseph is at his lowest point.,Cat5,SUPPORTED,PASS,FAIL,CLEAR,ENTAILED,INVALID,PASS,FAIL,CLEAR,ENTAILED,INVALID,A_B_AGREEMENT,,,,,,PASS,FAIL,CLEAR,ENTAILED,INVALID,SUPPORTED,INVALID,REMOVE,ELIGIBILITY
640,A systolic bp value is the pressure when?,"millimetres of mercury (mmHg), though aneroid and electronic devices do not contain mercury. For each heartbeat, blood pressure varies between systolic and diastolic pressures. Systolic pressure is peak pressure in the arteries, which occurs near the end of the cardiac cycle when the ventricles are contracting. Diastolic pressure is minimum pressure in the arteries, which occurs near the beginning of the cardiac cycle when the ventricles are filled with blood. An example of normal measured values for a resting, healthy adult human is 120 mmHg systolic and 80 mmHg diastolic (written as 120/80 mmHg, and spoken as ""one-twenty over eighty"").

used for routine examinations and monitoring. A minimum systolic value can be roughly estimated by palpation, most often used in emergency situations, but should be used with caution. It has been estimated that, using 50% percentiles, carotid, femoral and radial pulses are present in patients with a systolic blood pressure > 70 mmHg, carotid and femoral pulses alone in patients with systolic blood pressure of > 50 mmHg, and only a carotid pulse in patients with a systolic blood pressure of > 40 mmHg. A more accurate value of systolic blood pressure can be obtained with a sphygmomanometer and palpating

Systolic hypertension In medicine, systolic hypertension is defined as an elevated systolic blood pressure (SBP). If the systolic blood pressure is elevated (>140) with a normal (<90) diastolic blood pressure (DBP), it is called ""isolated systolic hypertension"". Systolic hypertension may be due to reduced compliance of the aorta with increasing age. This increases the load on the ventricle and compromises coronary blood flow, eventually resulting in left ventricular hypertrophy, coronary ischemia, and heart failure. Contemporary science shows an immersed boundary method of computational illustration of a single heartbeat. Applied to physiologic models, immersed boundary theory sees the heart as a","For each heartbeat, blood pressure varies between systolic and diastolic pressures.",Cat3,SUPPORTED,PASS,FAIL,CLEAR,ENTAILED,INVALID,PASS,FAIL,CLEAR,ENTAILED,INVALID,A_B_AGREEMENT,,,,,,PASS,FAIL,CLEAR,ENTAILED,INVALID,SUPPORTED,INVALID,REMOVE,ELIGIBILITY
641,"Abraham Roqueñi Iglesias (born April 16, 1978) is a Spanish welterweight kickboxer, he holds notable wins over Andy Souwer, a Dutch welterweight shoot boxer, a two time K-1 World MAX champion, in which years?"," He holds notable wins over Gago Drago, Luis Reis, Andy Souwer and Artur Kyshenko. He is two time K-1 World MAX champion (2005, 2007) as well as a four time Shootboxing World tournament champion, fighting out of Mejiro Gym, Amsterdam, Netherlands.",Abraham Roqueñi Iglesias defeated Andy Souwer in 2015.,Cat4,UNSUPPORTED,PASS,PASS,CLEAR,NOT_ENOUGH_INFO,Cat4,PASS,FAIL,CLEAR,NOT_ENOUGH_INFO,INVALID,THIRD_PERSON_ADJUDICATION,PASS,FAIL,CLEAR,NOT_ENOUGH_INFO,Cat4,PASS,FAIL,CLEAR,NOT_ENOUGH_INFO,INVALID,UNSUPPORTED,INVALID,REMOVE,ELIGIBILITY
642,When did the food stamp card come out?,"Food Stamp Act of 1964 The Food Stamp Act (P.L. 88-525) provided permanent legislative authority to the Food Stamp Program, which had been administratively implemented on a pilot basis in 1962. On August 31, 1964 it was signed into law by President Lyndon B. Johnson. It was later replaced and completely rewritten and revised by the food stamp provisions of the Food and Agriculture Act of 1977 (P.L. 95-113, Title XIII; 7 U.S.C. 2011 et seq.), which eliminated the purchase requirement and simplified eligibility requirements. Amendments were made to this Act in 1981-82, 1984-85, 1988, 1990, 1994, 1996, 1997, 1998

turn, it created the Farm Security Administration (FSA), which replaced the Resettlement Administration. The Food Stamp Plan—a major new welfare program for urban poor—was established in 1939 to provide stamps to poor people who could use them to purchase food at retail outlets. The program ended during wartime prosperity in 1943, but was restored in 1961. It survived into the 21st century with little controversy because it was seen to benefit the urban poor, food producers, grocers and wholesalers as well as farmers, thus it gained support from both liberal and conservative Congressmen. In 2013, Tea Party activists in the

of their 1:1 value ratio with actual currency, the coupons were printed by the Bureau of Engraving and Printing. Their rectangular shape resembled a U.S. dollar bill (although about one-half the size), including intaglio printing on high-quality paper with watermarks. In the late 1990s, the Food Stamp Program was revamped, with some states phasing out actual stamps in favor of a specialized debit card system known as Electronic Benefit Transfer (EBT), provided by private contractors. EBT has been implemented in all states since June 2004. Each month, SNAP benefits are directly deposited into the household's EBT card account. Households may","In the early 1990s, most states phased out actual stamps in favor of a specialized credit card system known as Electronic Benefit Transfer (EBT).",Cat3,UNSUPPORTED,PASS,PASS,CLEAR,CONTRADICTED,Cat4,PASS,PASS,CLEAR,CONTRADICTED,Cat4,A_B_AGREEMENT,,,,,,PASS,PASS,CLEAR,CONTRADICTED,Cat4,UNSUPPORTED,ELIGIBLE,RELABEL,CATEGORY
643,What year was the latest recipient of The European Film Award for Best Actor released?,The European Film Award for Best Actor is awarded by the European Film Academy to actors of European language films.Youth is a 2015 Italian comedy-drama film written and directed by Paolo Sorrentino.,The latest recipient of The European Film Award for Best Actor was released in 2014.,Cat5,UNSUPPORTED,PASS,PASS,CLEAR,CONTRADICTED,Cat4,FAIL,PASS,AMBIGUOUS,CONTRADICTED,INVALID,THIRD_PERSON_ADJUDICATION,FAIL,PASS,AMBIGUOUS,CONTRADICTED,INVALID,FAIL,PASS,AMBIGUOUS,CONTRADICTED,INVALID,UNSUPPORTED,INVALID,REMOVE,ELIGIBILITY
644,What is a small network appliance and entertainment device that serves as a the media player for the iTunes Store?," It also serves as a media player for television shows and films purchased in the iTunes Store, replacing the ""Videos"" application on earlier versions of iOS.Apple TV is a digital media player and microconsole developed and sold by Apple Inc. It is a small network appliance and entertainment device that can receive digital data from a number of sources and stream it to a capable television.",Apple TV is a client device for content CompactFlash Type LXXVI.,Cat1,UNSUPPORTED,PASS,PASS,CLEAR,NOT_ENOUGH_INFO,Cat1,FAIL,FAIL,AMBIGUOUS,NOT_ENOUGH_INFO,INVALID,THIRD_PERSON_ADJUDICATION,PASS,PASS,AMBIGUOUS,NOT_ENOUGH_INFO,Cat1,PASS,PASS,AMBIGUOUS,NOT_ENOUGH_INFO,INVALID,UNSUPPORTED,INVALID,REMOVE,ELIGIBILITY
645,"Richard Conte appeared in which 1960 heist film, famously filled with Rat Pack stars?"," He appeared in more than 100 films from the 1940s through 1970s, including ""I'll Cry Tomorrow"", ""Ocean's 11"", and ""The Godfather"".Ocean's 11 is a 1960 heist film directed by Lewis Milestone and starring five Rat Packers: Peter Lawford, Frank Sinatra, Dean Martin, Sammy Davis, Jr. and Joey Bishop.",Richard Conte was not in Ocean's 11.,Cat2,UNSUPPORTED,PASS,PASS,CLEAR,CONTRADICTED,Cat2,PASS,PASS,CLEAR,CONTRADICTED,Cat2,A_B_AGREEMENT,,,,,,PASS,PASS,CLEAR,CONTRADICTED,Cat2,UNSUPPORTED,ELIGIBLE,RETAIN_UNCHANGED,
646,Who is Yulia Zagoruychenko's dance partner?,"Riccardo Cocchi (born December 7, 1977, Terni, Italy) is a six-time Latin Dance Champion, with his partner, Yulia Zagoruychenko.Yulia Zagoruychenko (born September 11, 1981) is the current World Latin Dance Champion, with her partner, Riccardo Cocchi.",Riccardo Cocchi is a person.,Cat1,SUPPORTED,PASS,PASS,CLEAR,ENTAILED,Cat1,PASS,FAIL,CLEAR,ENTAILED,INVALID,THIRD_PERSON_ADJUDICATION,PASS,FAIL,CLEAR,ENTAILED,Cat1,PASS,FAIL,CLEAR,ENTAILED,INVALID,SUPPORTED,INVALID,REMOVE,ELIGIBILITY
647,Where does anything you can do i can do better come from?,"Anything You Can Do (I Can Do Better) ""Anything You Can Do"" is a song composed by Irving Berlin for the 1946 Broadway musical ""Annie Get Your Gun"". The song is a duet, with one male singer and one female singer attempting to outdo each other in increasingly complex tasks. In the musical, the song sets the scene for the climactic sharpshooting contest between Annie Oakley and Frank Butler. Its most memorable lines are, ""Anything you can do I can do better; I can do anything better than you."" The song was first performed in ""Annie Get Your Gun"" by

Ethel Merman and Ray Middleton. During the song, they argue playfully about who can, for example, sing softer, sing higher, sing sweeter, and hold a note for longer, and boast of their abilities and accomplishments, such as opening safes and living on bread and cheese, although Annie always seems to counter Frank's argument. Neither can ""bake a pie,"" though. Anything You Can Do (I Can Do Better) ""Anything You Can Do"" is a song composed by Irving Berlin for the 1946 Broadway musical ""Annie Get Your Gun"". The song is a duet, with one male singer and one female singer

choosing the occupation of ""newspaper carrier"" was required to ride a bicycle down a narrow yellow line (without veering from it) and throw several newspapers at targets. She lost control of the bicycle, fell to the studio floor, and apparently broke a bone. Wood mentioned other contestants being injured as well. The title of the show is inspired by a 1946 song called ""Anything You Can Do, I Can Do Better"" from the hit broadway musical ""Annie Get Your Gun"" (composed by Irving Berlin) as a sprirted duet with one male singer and one female singer attempting to outdo each",Frank Butler can bake a pie better than Annie Oakley.,Cat5,UNSUPPORTED,PASS,FAIL,CLEAR,CONTRADICTED,INVALID,PASS,FAIL,CLEAR,CONTRADICTED,INVALID,A_B_AGREEMENT,,,,,,PASS,FAIL,CLEAR,CONTRADICTED,INVALID,UNSUPPORTED,INVALID,REMOVE,ELIGIBILITY
648,"An edited version of ""Just the Two of Us"" reached number two on the ""Billboard"" Hot 100 behind a song written and composed by Donna Weiss and Jackie DeShannon which spend how many weeks at No. 1 on the ""Billboard"" hot 100?","""Just the Two of Us"" is a 1981 R&B single written by Bill Withers, William Salter and Ralph MacDonald, which was recorded by Grover Washington Jr. and Bill Withers. An edited version reached number two on the ""Billboard"" Hot 100, staying there for 3 weeks, behind ""Morning Train (9 to 5)"" by Sheena Easton and ""Bette Davis Eyes"" by Kim Carnes.""Bette Davis Eyes"" is a song written and composed by Donna Weiss and Jackie DeShannon, and made popular by American singer Kim Carnes. DeShannon recorded it in 1974; Carnes's 1981 version spent nine weeks at No. 1 on the ""Billboard"" Hot 100 and was ""Billboard""' s biggest hit of 1981.","""Bette Davis Eyes"" spent five weeks at No. 1 on the Billboard Hot 100.",Cat6,UNSUPPORTED,PASS,PASS,CLEAR,NOT_ENOUGH_INFO,Cat6,PASS,PASS,CLEAR,CONTRADICTED,Cat6,THIRD_PERSON_ADJUDICATION,PASS,PASS,CLEAR,CONTRADICTED,Cat6,PASS,PASS,CLEAR,CONTRADICTED,Cat6,UNSUPPORTED,ELIGIBLE,RETAIN_UNCHANGED,
649,The cover art for EA Sports UFC 2 features Ronda Rousey and a boxer born in what year?," The game's cover art features Ronda Rousey and Conor McGregor.Conor Anthony McGregor (Irish: ""Conchúr Antóin Mac Gréagóir"" ; born 14 July 1988) is an Irish professional mixed martial artist and professional boxer who is currently signed to the Ultimate Fighting Championship (UFC).",Conor McGregor was born in 1988.,Cat6,SUPPORTED,PASS,PASS,CLEAR,ENTAILED,Cat4,PASS,PASS,CLEAR,ENTAILED,Cat4,A_B_AGREEMENT,,,,,,PASS,PASS,CLEAR,ENTAILED,Cat4,SUPPORTED,ELIGIBLE,RELABEL,CATEGORY
650,The 1996 Air Force Falcons finished the season with a 5–3 record in in an American collegiate athletic conference formed on what date?,"The 1996 Air Force Falcons football team competed for the United States Air Force Academy in the 1996 NCAA Division I-A football season. It finished the season with a 6–5 record overall and a 5–3 record in Western Athletic Conference games.The Western Athletic Conference (WAC) is an American collegiate athletic conference formed on July 27, 1962 and affiliated with the National Collegiate Athletic Association (NCAA) Division I.",The conference was not formed in 1962.,Cat2,UNSUPPORTED,PASS,PASS,CLEAR,ENTAILED,Cat2,PASS,PASS,CLEAR,CONTRADICTED,Cat2,THIRD_PERSON_ADJUDICATION,PASS,PASS,CLEAR,ENTAILED,Cat2,PASS,PASS,CLEAR,ENTAILED,Cat2,SUPPORTED,ELIGIBLE,RELABEL,SUPPORT
651,Who sings better than i in joseph king of dreams?,"companion to the video"", also written by Mackall. ""Joseph, King of Dreams: read-along"" (8 Mar 2001) was a full-color storybook and accompanying cassette which ""capture[d] all the emotional and dramatic high points"". Written by Catherine McCafferty, it included the song ""Better Than I"" and dialogue from the film. A fourth book was published as well. The film received mixed to positive reviews from critics. While praising the film's merits including animation, storytelling, and music, much of the criticism came with comparing it negatively to its theatrically released predecessor ""The Prince of Egypt"". The song ""You Know Better Than I"" was

You Know Better Than I ""You Know Better Than I"" (aka ""Better Than I"") is a song from the 2000 direct-to-video film """". It is performed by Joseph (David Campbell). The song is performed when Joseph is at his lowest point, almost giving up on his faith. He decides to trust fully in God and acknowledge that he is the master of the universe who has an ultimate plan, even if things seem bad at present and he doesn't fully understand why. PluggedIn explains the song's meaning: ""Persevering through dark times can yield great rewards. God’s role in Joseph’s comeback

yet never feel sentimental or generic"". You Know Better Than I ""You Know Better Than I"" (aka ""Better Than I"") is a song from the 2000 direct-to-video film """". It is performed by Joseph (David Campbell). The song is performed when Joseph is at his lowest point, almost giving up on his faith. He decides to trust fully in God and acknowledge that he is the master of the universe who has an ultimate plan, even if things seem bad at present and he doesn't fully understand why. PluggedIn explains the song's meaning: ""Persevering through dark times can yield great","During the song, they argue about who can sing higher.",Cat5,SUPPORTED,PASS,FAIL,CLEAR,NOT_ENOUGH_INFO,INVALID,PASS,FAIL,CLEAR,NOT_ENOUGH_INFO,INVALID,A_B_AGREEMENT,,,,,,PASS,FAIL,CLEAR,NOT_ENOUGH_INFO,INVALID,UNSUPPORTED,INVALID,REMOVE,ELIGIBILITY
652,Sergeant James B. Bell received what honor for his actions in the war that broke out April 1861 ,"Sergeant James B. Bell (August 9, 1835 – June 30, 1910) was an American soldier who fought in the American Civil War and a recipient of the U.S. military's highest decoration, the Medal of Honor, for his actions at the Battle of Missionary Ridge on November 25, 1863. The result of a long-standing controversy over slavery, war broke out in April 1861, when Confederates attacked Fort Sumter in South Carolina, shortly after Abraham Lincoln was inaugurated.",The Medal of Honor is the highest military decoration.,Cat5,SUPPORTED,PASS,PASS,CLEAR,ENTAILED,Cat5,PASS,PASS,CLEAR,ENTAILED,Cat5,A_B_AGREEMENT,,,,,,PASS,PASS,CLEAR,ENTAILED,Cat5,SUPPORTED,ELIGIBLE,RETAIN_UNCHANGED,
653,Bryan Brown performed in what 1984 British musical drama that was directed by Peter Webb?," He has performed in over eighty film and television projects since the late 1970s, both in his native Australia and abroad. Notable films include ""Breaker Morant"" (1980), ""Give My Regards to Broad Street"" (1984), ""F/X"" (1986), ""Cocktail"" (1988), ""Gorillas in the Mist"" (1988), ""F/X2"" (1991), ""Along Came Polly"" (2004), ""Australia"" (2008), ""Kill Me Three Times"" (2014) and ""Gods of Egypt"" (2016).Give My Regards to Broad Street is a 1984 British musical drama film directed by Peter Webb, which starred Paul McCartney, Bryan Brown and Ringo Starr.",Give My Regards to Broad Street was not a television project.,Cat2,SUPPORTED,PASS,PASS,CLEAR,ENTAILED,Cat2,PASS,PASS,CLEAR,ENTAILED,Cat2,A_B_AGREEMENT,,,,,,PASS,PASS,CLEAR,ENTAILED,Cat2,SUPPORTED,ELIGIBLE,RETAIN_UNCHANGED,
654,Greenland is the largest island in the world in which continent it is situated?,"Greenland Greenland (, ; , ) is an autonomous constituent country of the Kingdom of Denmark between the Arctic and Atlantic Oceans, east of the Canadian Arctic Archipelago. Though physiographically a part of the continent of North America, Greenland has been politically and culturally associated with Europe (specifically Norway and Denmark, the colonial powers, as well as the nearby island of Iceland) for more than a millennium. The majority of its residents are Inuit, whose ancestors began migrating from the Canadian mainland in the 13th century, gradually settling across the island. Greenland is the world's largest island. Australia and Antarctica

of its natural resources, the grant will gradually be diminished. This is generally considered to be a step toward eventual full independence from Denmark. Greenlandic was declared the sole official language of Greenland at the historic ceremony. Greenland is the world's largest non-continental island and the third largest country in North America. It is between latitudes 59° and 83°N, and longitudes 11° and 74°W. The Atlantic Ocean borders Greenland's southeast; the Greenland Sea is to the east; the Arctic Ocean is to the north; and Baffin Bay is to the west. The nearest countries are Canada, to the west and

Geography of Greenland Greenland is located between the Arctic Ocean and the North Atlantic Ocean, northeast of Canada and northwest of Iceland. The territory comprises the island of Greenland–the largest island in the world–and more than a hundred other smaller islands (see ). As an island, Greenland has no land boundaries and 44,087 km of coastline. A sparse population is confined to small settlements along certain sectors of the coast. Greenland possesses the world's second largest ice sheet. Greenland sits atop the Greenland plate, a subplate of the North American plate. The Greenland craton is made up of some of",Greenland is the world's largest island.,Cat5,SUPPORTED,PASS,FAIL,CLEAR,ENTAILED,INVALID,PASS,FAIL,CLEAR,ENTAILED,INVALID,A_B_AGREEMENT,,,,,,PASS,FAIL,CLEAR,ENTAILED,INVALID,SUPPORTED,INVALID,REMOVE,ELIGIBILITY
655,"The World's Best Prom and Shape of the Moon, are films of which genre?","The World's Best Prom is a 2006 documentary film about a high school prom in Racine, Wisconsin.Shape of the Moon (Dutch: ""Stand van de maan"" ) is a Dutch/Indonesian documentary film from 2004 directed by Leonard Retel Helmrich.",The World's Best Prom is a non-fiction movie.,Cat1,SUPPORTED,PASS,PASS,CLEAR,ENTAILED,Cat1,PASS,PASS,CLEAR,ENTAILED,Cat1,A_B_AGREEMENT,,,,,,PASS,PASS,CLEAR,ENTAILED,Cat1,SUPPORTED,ELIGIBLE,RETAIN_UNCHANGED,
656,Where was the first north american indigenous games held?,"Aboriginal people could come together to excel in their athletic field of endeavour and to come together to do other things: to make new friendships, to renew old ones, and so on..."" (Charles Wood, 1990 Chairperson) The dream became a reality in 1990. The first Indigenous Games (or ""NAIG"") were held in 1990 in Edmonton, Alberta, followed by Games in Prince Albert, Saskatchewan in 1993, Blaine, Minnesota in 1995, Victoria, British Columbia in 1997, and Winnipeg, Manitoba in 2002. Denver, Colorado in 2006 and Cowichan, British Columbia in 2008. The 2011 games were to be held in Milwaukee, Wisconsin, but

North American Indigenous Games The North American Indigenous Games is a multi-sport event involving indigenous North American athletes staged intermittently since 1990. The Games are governed by the North American Indigenous Games Council, a 26-member council of representatives from 13 provinces and territories in Canada and 13 regions in the United States. The dream to hold a Games for the Indigenous Peoples of North America began in the 1970s. In 1971, the Native Summer Games held in Enoch, Alberta, Canada drew 3,000 participants competing in 13 sports and many cultural events. In 1973, the Western Canada Native Winter Games were

2017 North American Indigenous Games The 2017 North American Indigenous Games were held in Toronto, Ontario, Canada July 16 to 23. The event featured 5000 athletes aged 13 to 19 in 14 sports. The 2017 North American Indigenous Games bidding process began on January 12, 2015 and Toronto submitted its bid on January 30, 2015. The bid to host the Games in Toronto, led by the Aboriginal Sport & Wellness Council of Ontario and the Mississaugas of New Credit First Nation, received unanimous support from the NAIG's International Governing Body. The Games was awarded to Toronto on June 26, 2015","The Native Summer Games were held in Enoch, Alberta, Canada in 1971.",Cat4,SUPPORTED,PASS,FAIL,CLEAR,ENTAILED,INVALID,PASS,FAIL,CLEAR,ENTAILED,INVALID,A_B_AGREEMENT,,,,,,PASS,FAIL,CLEAR,ENTAILED,INVALID,SUPPORTED,INVALID,REMOVE,ELIGIBILITY
657, Teri W. Odom is a member of a scientific journal first published in 2007 by who?,"Teri W. Odom is an American chemist and materials scientist. Odom is a member of the editorial advisory board of ACS Nano, Chemical Physics Letters, Journal of Physical Chemistry, and Nano Letters.ACS Nano is a monthly, peer-reviewed, scientific journal, first published in August 2007 by the American Chemical Society.",Teri W. Odom is a member of the editorial advisory board of Chemical Physics Letters.,Cat7,SUPPORTED,PASS,FAIL,CLEAR,ENTAILED,INVALID,PASS,FAIL,CLEAR,ENTAILED,INVALID,A_B_AGREEMENT,,,,,,PASS,FAIL,CLEAR,ENTAILED,INVALID,SUPPORTED,INVALID,REMOVE,ELIGIBILITY
658,Who sang if i were a boy originally?,"If I Were a Boy ""If I Were a Boy"" is a song performed by American singer and songwriter Beyoncé from her third studio album ""I Am... Sasha Fierce"" (2008). ""If I Were a Boy"" was written by BC Jean and Toby Gad, who also handled its production alongside Beyoncé. Inspired by the difficult break-up of a romantic relationship, the song was initially recorded by Jean, whose record company rejected it. Beyoncé then recorded her own version. Jean was upset when she learned that Beyoncé was releasing it as a single, but eventually, they reached an agreement. Columbia Records released

was an artist, so it was, like, 'Oh, this songwriter BC.' "" ""If I Were a Boy"" was the first song she ever recorded, and she initially did not intend to hand it to another singer. Jean said that the fact that Beyoncé recorded the ballad provided many opportunities, and she was approached by many people who wanted to purchase her lyrics. She refused their offers, desiring to use her songs for her own album. However, Jean still intends to write for other artists. ""If I Were a Boy"" is a midtempo pop and R&B ballad, with folk rock and

US. The accompanying music video for ""If I Were a Boy"" was directed by Jake Nava and shot in black-and-white. With a theme of role reversal, it is conceptually similar to the American comedy film ""Freaky Friday"" (1976). A video for the Spanish version of the ballad was edited from the original clip. Beyoncé promoted ""If I Were a Boy"" through live performances at venues including ""The Oprah Winfrey Show"", the 52nd Grammy Awards, and the I Am... World Tour (2009–10). The song has been covered several times on televised music competitions. American singer Reba McEntire sang a country version","""If I Were a Boy"" was written by Toby Gad.",Cat7,SUPPORTED,PASS,FAIL,CLEAR,ENTAILED,INVALID,PASS,FAIL,CLEAR,ENTAILED,INVALID,A_B_AGREEMENT,,,,,,PASS,FAIL,CLEAR,ENTAILED,INVALID,SUPPORTED,INVALID,REMOVE,ELIGIBILITY
659,Who sings better than i in joseph king of dreams?,"companion to the video"", also written by Mackall. ""Joseph, King of Dreams: read-along"" (8 Mar 2001) was a full-color storybook and accompanying cassette which ""capture[d] all the emotional and dramatic high points"". Written by Catherine McCafferty, it included the song ""Better Than I"" and dialogue from the film. A fourth book was published as well. The film received mixed to positive reviews from critics. While praising the film's merits including animation, storytelling, and music, much of the criticism came with comparing it negatively to its theatrically released predecessor ""The Prince of Egypt"". The song ""You Know Better Than I"" was

You Know Better Than I ""You Know Better Than I"" (aka ""Better Than I"") is a song from the 2000 direct-to-video film """". It is performed by Joseph (David Campbell). The song is performed when Joseph is at his lowest point, almost giving up on his faith. He decides to trust fully in God and acknowledge that he is the master of the universe who has an ultimate plan, even if things seem bad at present and he doesn't fully understand why. PluggedIn explains the song's meaning: ""Persevering through dark times can yield great rewards. God’s role in Joseph’s comeback

yet never feel sentimental or generic"". You Know Better Than I ""You Know Better Than I"" (aka ""Better Than I"") is a song from the 2000 direct-to-video film """". It is performed by Joseph (David Campbell). The song is performed when Joseph is at his lowest point, almost giving up on his faith. He decides to trust fully in God and acknowledge that he is the master of the universe who has an ultimate plan, even if things seem bad at present and he doesn't fully understand why. PluggedIn explains the song's meaning: ""Persevering through dark times can yield great","The song ""Better Than I"" was originally performed by the character Moses.",Cat7,UNSUPPORTED,PASS,PASS,CLEAR,CONTRADICTED,Cat1,PASS,PASS,CLEAR,CONTRADICTED,Cat1,A_B_AGREEMENT,,,,,,PASS,PASS,CLEAR,CONTRADICTED,Cat1,UNSUPPORTED,ELIGIBLE,RELABEL,CATEGORY
660,"What band from Savannah, Georgia did the singer singer John Dyer Bailey sing for?"," Artwork and design were by Baroness singer John Dyer Baizley.Baroness is an American heavy metal band from Savannah, Georgia whose original members grew up together in Lexington, Virginia.",Baroness is considered one of the most innovative and influential bands in modern heavy music.,Cat5,UNSUPPORTED,PASS,PASS,CLEAR,NOT_ENOUGH_INFO,Cat5,PASS,FAIL,CLEAR,NOT_ENOUGH_INFO,INVALID,THIRD_PERSON_ADJUDICATION,PASS,FAIL,CLEAR,NOT_ENOUGH_INFO,Cat5,PASS,FAIL,CLEAR,NOT_ENOUGH_INFO,INVALID,UNSUPPORTED,INVALID,REMOVE,ELIGIBILITY
661,"Which director is American, Mark L. Lester or Ken Loach?","Mark L. Lester (born November 26, 1946) is an American film director, screenwriter, and producer.Kenneth Charles Loach (born 17 June 1936) is an English director of television and independent film.",Ken Loach is not American.,Cat2,SUPPORTED,PASS,PASS,CLEAR,ENTAILED,Cat2,PASS,PASS,CLEAR,ENTAILED,Cat2,A_B_AGREEMENT,,,,,,PASS,PASS,CLEAR,ENTAILED,Cat2,SUPPORTED,ELIGIBLE,RETAIN_UNCHANGED,
662,"The 1920 NCAA football season had no clear-cut champion, with the ""Official NCAA Division I Football Records Book"" listing California, Georgia, Harvard, Notre Dame, and Princeton as national champions, Notre Dame was led by its first Walter Camp All-American, nicknamed ""The Gipper"", who died before the year was over, his name?"," Notre Dame was led by its first Walter Camp All-American, George Gipp, who died before the year was over.George Gipp (February 18, 1895 – December 14, 1920), nicknamed ""The Gipper"", was a college football player who played for the University of Notre Dame.","The nickname of the first Walter Camp All-American who died during the 1920 NCAA football season was ""The Gipper.""",Cat7,SUPPORTED,PASS,PASS,CLEAR,ENTAILED,Cat1,PASS,FAIL,CLEAR,ENTAILED,INVALID,THIRD_PERSON_ADJUDICATION,PASS,FAIL,CLEAR,ENTAILED,INVALID,PASS,FAIL,CLEAR,ENTAILED,INVALID,SUPPORTED,INVALID,REMOVE,ELIGIBILITY
663,When did this American Southern rock band with multiple guitar players and a heavy metal drummer reach it's peak?,"Tommy Aldridge (born August 15, 1950) is an American heavy metal and hard rock drummer. Aldridge is noted for his work with numerous bands and artists since the 1970s, such as Black Oak Arkansas, Pat Travers Band, Ozzy Osbourne, Gary Moore, Whitesnake, Ted Nugent, Thin Lizzy, Vinnie Moore & Yngwie Malmsteen.Black Oak Arkansas is an American Southern rock band named after the band's hometown of Black Oak, Arkansas. Their style is punctuated by multiple guitar players and the raspy voice and on-stage antics of vocalist Jim ""Dandy"" Mangrum.",This American Southern rock band never reached its peak.,Cat2,UNSUPPORTED,PASS,PASS,CLEAR,CONTRADICTED,Cat2,PASS,PASS,CLEAR,NOT_ENOUGH_INFO,Cat2,THIRD_PERSON_ADJUDICATION,PASS,PASS,CLEAR,NOT_ENOUGH_INFO,Cat2,PASS,PASS,CLEAR,NOT_ENOUGH_INFO,Cat2,UNSUPPORTED,ELIGIBLE,RETAIN_UNCHANGED,
664,How large is the civil parish and townland in which Stephen Brown was born?,"Stephen James Meridith Brown (born 24 September 1881 in Holywood, County Down, Ireland, died 8 May 1962, in Kilcrony, Wicklow, Ireland) was an Irish Catholic Jesuit priest, writer, bibliographer and librarian. It is a civil parish and townland of 755 acres lying on the shore of Belfast Lough, between Belfast and Bangor.",The townland where Brown was born covers over 2000 acres.,Cat6,UNSUPPORTED,PASS,PASS,CLEAR,CONTRADICTED,Cat3,PASS,PASS,CLEAR,CONTRADICTED,Cat3,A_B_AGREEMENT,,,,,,PASS,PASS,CLEAR,CONTRADICTED,Cat3,UNSUPPORTED,ELIGIBLE,RELABEL,CATEGORY
665,"Which song is described as one of the most personal tracks on the album ""÷""?","Nancy Mulligan ""Nancy Mulligan"" is a song by English singer-songwriter Ed Sheeran. It was included on the deluxe edition of his third studio album ""÷"" (2017). After the album's release it charted at number 13 on the UK Singles Chart. Sheeran recorded the song together with Beoga. ""Nancy Mulligan"" is one of the most personal songs on the album, telling the story of how his grandparents, William Sheeran, a Protestant from Belfast, Northern Ireland and Nancy Mulligan (real name Anne Mulligan), a Catholic from Republic of Ireland, met, fell in love during the Second World War and got married at

Hopefully if these songs are successful, more people will do a bit more like it."" In 2017, the song was covered by the Irish country singer Mike Denver with an accompanying music video. Sheeran performed the song, backed on stage by Beoga, during his headline performance at the Glastonbury Festival. Nancy Mulligan ""Nancy Mulligan"" is a song by English singer-songwriter Ed Sheeran. It was included on the deluxe edition of his third studio album ""÷"" (2017). After the album's release it charted at number 13 on the UK Singles Chart. Sheeran recorded the song together with Beoga. ""Nancy Mulligan"" is

the Wexford border. Sheeran said: ""They got engaged and no one turned up at their wedding. He stole all the gold teeth in his dental surgery and melted them down into a wedding ring, and they wore borrowed clothes to get married, and just basically have this kind of Romeo and Juliet romance, which is like the most romantic thing. So I thought I'd write a song about it and make it a jig."" In an interview with the ""Irish Times"", talking about the song's Irish roots, Sheeran said ""I don't think enough people use Irish folk in pop music...","""Nancy Mulligan"" is one of the most personal songs on the album.",Cat5,SUPPORTED,PASS,PASS,CLEAR,ENTAILED,Cat5,PASS,PASS,CLEAR,ENTAILED,Cat5,A_B_AGREEMENT,,,,,,PASS,PASS,CLEAR,ENTAILED,Cat5,SUPPORTED,ELIGIBLE,RETAIN_UNCHANGED,
666,"What  Indian people living near Rock Hill, South Carolina was Fort Dobbs meant to protect against?"," It was intended to provide protection against Cherokee, Catawba, Shawnee, Delaware and French raids into North Carolina.The Catawba, also known as Issa or Essa or Iswä but most commonly Iswa (Catawba: ""iswa"" - “people of the river”), are a federally recognized tribe of Native Americans, known as the Catawba Indian Nation. They live in the Southeast United States, along the border of North Carolina near the city of Rock Hill, South Carolina.",Fort Dobbs was not built to protect against the Catawba.,Cat2,UNSUPPORTED,PASS,PASS,CLEAR,CONTRADICTED,Cat2,PASS,PASS,CLEAR,CONTRADICTED,Cat2,A_B_AGREEMENT,,,,,,PASS,PASS,CLEAR,CONTRADICTED,Cat2,UNSUPPORTED,ELIGIBLE,RETAIN_UNCHANGED,
667,"What railroad company acquired the Johnsonburg, Kane, Warren and Irvine Railroad?"," The JKWI was the designated operator of the Irvine, Warren, Kane & Johnsonburg Railroad, that was a partnership of Brock Railroad (a wholly owned subsidiary of Warren Car Company), Irvine Railroad (a wholly owned subsidiary of National Forge Company) and Struthers Wells Inter-American Corporation (a subsidiary of Struthers Wells), all three being Pennsylvania corporations, and had acquired from Conrail the following railroad line segments: MP 58.52 to MP 66.7 (Irvine to Warren) and MP 92.5 to MP 111.0 (Kane to Johnsonburg).Conrail, the Consolidated Rail Corporation, (reporting mark CR) , was the primary Class I railroad in the Northeastern United States between 1976 and 1999, when its routes were split between the CSX Corporation and Norfolk Southern Railway.",The JKWI had acquired from Conrail the railroad line segment from MP 58.52 to MP 66.7.,Cat7,SUPPORTED,PASS,PASS,CLEAR,NOT_ENOUGH_INFO,Cat6,PASS,PASS,CLEAR,ENTAILED,Cat1,THIRD_PERSON_ADJUDICATION,PASS,PASS,CLEAR,ENTAILED,Cat1,PASS,PASS,CLEAR,ENTAILED,Cat1,SUPPORTED,ELIGIBLE,RELABEL,CATEGORY
668,What connects Reinhard Heydrich and Erich Raeder?," He was sentenced to life in prison at the Nuremberg Trials, but was released early due to failing health. Raeder is also well known for dismissing Reinhard Heydrich from the Reichsmarine in April 1931 for ""conduct unbecoming to an officer and a gentleman"". He was an SS-""Obergruppenführer und General der Polizei"" (Senior Group Leader and General of Police) as well as chief of the Reich Main Security Office (including the Gestapo, Kripo, and SD). Heydrich served as president of the International Criminal Police Commission (ICPC; later known as Interpol) and chaired the January 1942 Wannsee Conference, which formalised plans for the Final Solution to the Jewish Question—the deportation and genocide of all Jews in German-occupied Europe.",Both served as Nazi officials.,Cat7,SUPPORTED,PASS,PASS,CLEAR,ENTAILED,Cat1,PASS,PASS,CLEAR,NOT_ENOUGH_INFO,Cat1,THIRD_PERSON_ADJUDICATION,PASS,PASS,CLEAR,ENTAILED,Cat1,PASS,PASS,CLEAR,ENTAILED,Cat1,SUPPORTED,ELIGIBLE,RELABEL,CATEGORY
669,Talking Smack is an American talk show whose past hosts have included the current Intercontinental Champion in his what?,"Talking Smack is an American talk show produced by WWE and currently airing on their subscription based streaming service, the WWE Network. Past hosts have included Daniel Bryan, Shane McMahon, The Miz and Jerry Lawler.Michael Gregory Mizanin (born October 8, 1980) is an American professional wrestler, reality television star, and actor. He is signed to WWE, where he performs on the Raw brand under the ring name The Miz and is the current Intercontinental Champion in his seventh reign.",Buddy Rogers was the first WWE Champion.,Cat4,UNSUPPORTED,PASS,FAIL,CLEAR,NOT_ENOUGH_INFO,INVALID,PASS,FAIL,CLEAR,NOT_ENOUGH_INFO,INVALID,A_B_AGREEMENT,,,,,,PASS,FAIL,CLEAR,NOT_ENOUGH_INFO,INVALID,UNSUPPORTED,INVALID,REMOVE,ELIGIBILITY
670,What country of origin does Nick Kroll and Get Him to the Greek have in common?,"Nicholas Kroll (born June 5, 1978) is an American actor, comedian, writer, and producer.Get Him to the Greek is a 2010 American black comedy film written, produced and directed by Nicholas Stoller and starring Russell Brand and Jonah Hill.",Nick Kroll and Get Him to the Greek are both American.,Cat7,SUPPORTED,PASS,PASS,CLEAR,ENTAILED,Cat1,PASS,PASS,CLEAR,ENTAILED,Cat1,A_B_AGREEMENT,,,,,,PASS,PASS,CLEAR,ENTAILED,Cat1,SUPPORTED,ELIGIBLE,RELABEL,CATEGORY
671, Lauren McCrostie is best known for her role in a 2014 British mystery drama film written and directed by who?,"Lauren McCrostie (born 10 January 1996) is a British actress from London, England, who is best known for her roles in the films ""Miss Peregrine's Home for Peculiar Children"", ""The Falling"" and short films ""Second Skin"" and ""Brothers"".The Falling is a 2014 British mystery drama film written and directed by Carol Morley. It stars Maisie Williams and Florence Pugh as best friends at an all-girls school.",The Falling is Lauren McCrostie's best-known film.,Cat5,UNSUPPORTED,PASS,FAIL,CLEAR,ENTAILED,INVALID,PASS,FAIL,CLEAR,ENTAILED,INVALID,A_B_AGREEMENT,,,,,,PASS,FAIL,CLEAR,ENTAILED,INVALID,SUPPORTED,INVALID,REMOVE,ELIGIBILITY
672,E'Shun Melvin was the voice of Young Boyd on Teen Wolf  developed by Jeff Davis for what television network," He is best known for his role as Noah on the BET original comedy television series Real Husbands of Hollywood, and for providing the voice of Young Boyd on Teen Wolf.Teen Wolf is an American television series developed by Jeff Davis for MTV.",MTV must not omit any statements.,Cat2,UNSUPPORTED,PASS,FAIL,CLEAR,NOT_ENOUGH_INFO,INVALID,FAIL,FAIL,AMBIGUOUS,NOT_ENOUGH_INFO,INVALID,THIRD_PERSON_ADJUDICATION,FAIL,FAIL,AMBIGUOUS,NOT_ENOUGH_INFO,INVALID,FAIL,FAIL,AMBIGUOUS,NOT_ENOUGH_INFO,INVALID,UNSUPPORTED,INVALID,REMOVE,ELIGIBILITY
673,What is the post-nominal abbreviation for the university where the Banded Mongoose Research Project is based?," Filmed and presented in the style of ""Meerkat Manor"", it follows the regular lives and activities of a family of banded mongooses being monitored by the Banded Mongoose Research Project of the University of Exeter, in Uganda's Queen Elizabeth National Park. In post-nominals, the University of Exeter is abbreviated as ""Exon.""",Exon is a term in genetics.,Cat1,UNSUPPORTED,PASS,FAIL,CLEAR,NOT_ENOUGH_INFO,INVALID,PASS,FAIL,CLEAR,NOT_ENOUGH_INFO,INVALID,A_B_AGREEMENT,,,,,,PASS,FAIL,CLEAR,NOT_ENOUGH_INFO,INVALID,UNSUPPORTED,INVALID,REMOVE,ELIGIBILITY
674,How many african american soldiers served in ww2?,"the period extending from July 1, 1944 through December 31, 1945. Blacks were an important source of manpower for the armed forces in World War II as is shown by the fact that a total of 1,056,841 African American registrants were inducted into the armed forces through Selective Service as of December 31, 1945. Of these, The African American inductees made up: Thus African Americans, who constituted approximately 11.0 percent of all registrants liable for service, furnished approximately this proportion of the inductees in all branches of the service except During the period July 1, 1944 – December 31, 1945,

in the navy during World War II. Many soldiers of color served their country with distinction during World War II. There were 125,000 African Americans who were overseas in World War II. Famous segregated units, such as the Tuskegee Airmen and 761st Tank Battalion and the lesser-known but equally distinguished 452nd Anti-Aircraft Artillery Battalion, proved their value in combat, leading to desegregation of all U.S. armed forces by order of President Harry S. Truman in July 1948 via Executive Order 9981. Benjamin O. Davis, Jr. served as commander of the Tuskegee Airmen during the war. He later went on to

combat. Approximately 75 percent of the soldiers who served in the European theater as truckers for the Red Ball Express and kept Allied supply lines open were African American. A total of 708 African Americans were killed in combat during World War II. The distinguished service of these units was a factor in President Harry S. Truman's order to end discrimination in the Armed Forces in July 1948, with the promulgation of Executive Order 9981. This led in turn to the integration of the Air Force and the other services by the early 1950s. Due to massive shortages as a","In World War II 225,000 African Americans served overseas.",Cat6,UNSUPPORTED,PASS,PASS,CLEAR,CONTRADICTED,Cat6,PASS,PASS,CLEAR,CONTRADICTED,Cat6,A_B_AGREEMENT,,,,,,PASS,PASS,CLEAR,CONTRADICTED,Cat6,UNSUPPORTED,ELIGIBLE,RETAIN_UNCHANGED,
675,What video game magazine was a part subsidiary of a Chinese-owned venture capital organization?,"GamePro was an American multiplatform video game magazine media company that published online and print content covering the video game industry, video game hardware and video game software.International Data Group, Inc. (IDG) is a Chinese-owned, American-based media, data and marketing services and venture capital organization.",GamePro was published by IDG Communications.,Cat7,UNSUPPORTED,PASS,PASS,CLEAR,ENTAILED,Cat1,PASS,PASS,CLEAR,ENTAILED,Cat7,THIRD_PERSON_ADJUDICATION,PASS,PASS,CLEAR,ENTAILED,Cat1,PASS,PASS,CLEAR,ENTAILED,Cat1,SUPPORTED,ELIGIBLE,RELABEL,CATEGORY;SUPPORT
676,"How many times has the titular character of LBJ, an upcoming American Political dram film directed by Rob Reiner, been nominated for the Academy Award?","LBJ is an upcoming American political drama film directed by Rob Reiner and written by Joey Hartstone, whose script was on the 2014 Black List. The film stars Woody Harrelson as the titular President, along with Richard Jenkins, Bill Pullman, Kim Allen, Michael Stahl-David, Jennifer Jason Leigh, Jeffrey Donovan, Doug McKeon, C. Thomas Howell, and Michael Mosley.Woodrow Tracy ""Woody"" Harrelson (born July 23, 1961) is an American actor, activist, and playwright. He is a two-time Academy Award nominee and has won one Emmy Award out of seven nominations.",Woody Harrelson has been nominated for the Academy Award twice.,Cat6,UNSUPPORTED,PASS,PASS,CLEAR,ENTAILED,Cat6,PASS,PASS,CLEAR,ENTAILED,Cat6,A_B_AGREEMENT,,,,,,PASS,PASS,CLEAR,ENTAILED,Cat6,SUPPORTED,ELIGIBLE,RELABEL,SUPPORT
677,"Skyler Elizabeth Day (born August 2, 1991) is an American actress and singer, best known for her recurring roles as Maggie Ritter on the series ""Gigantic"", on TeenNick is an American digital cable and satellite television channel that is owned by Nickelodeon Group, a unit of the Viacom Media Networks division of Viacom, aimed primarily at teenagers aged what span?"," She is best known for her recurring roles as Maggie Ritter on the TeenNick series ""Gigantic"" and as Amy Ellis on the NBC series ""Parenthood"". Aimed primarily at teenagers aged 13-18, the channel features a mix of original programming, Nickelodeon-produced series, and acquired programs initially geared towards pre-teens and young teenagers.",TeenNick is geared towards audiences of all ages.,Cat3,UNSUPPORTED,PASS,PASS,CLEAR,CONTRADICTED,Cat3,PASS,PASS,CLEAR,CONTRADICTED,Cat3,A_B_AGREEMENT,,,,,,PASS,PASS,CLEAR,CONTRADICTED,Cat3,UNSUPPORTED,ELIGIBLE,RETAIN_UNCHANGED,
678,Navarone Garibaldi is the half-brother of a singer who has been married how many times?," Garibaldi is the son of Marco Garibaldi and Priscilla Presley, and also half-brother of Lisa Marie Presley. Presley has been married four times, including to singer Michael Jackson and actor Nicolas Cage, before marrying music producer Michael Lockwood, father of her twin girls.",Lisa Marie Presley has been married four times.,Cat6,SUPPORTED,PASS,PASS,CLEAR,ENTAILED,Cat6,PASS,PASS,CLEAR,ENTAILED,Cat6,A_B_AGREEMENT,,,,,,PASS,PASS,CLEAR,ENTAILED,Cat6,SUPPORTED,ELIGIBLE,RETAIN_UNCHANGED,
679,Who sings you've got a friend in me in toy story 2?,"Woody sees this and has an epiphany, realizing that his mission as a toy is to be there for a child. (In-universe, the song was presumably written for ""Woody's Roundup"".) The ""Woody's Roundup"" version was performed by Tom Hanks, with acoustic guitar backing; Wheezy's version was sung by Robert Goulet (though the character was voiced by Joe Ranft); and the Spanish version, ""You've Got a Friend in Me (Para el Buzz Español)"", was performed by the Gipsy Kings. Michael Bublé covered ""You've Got a Friend in Me"" on his 2013 album, ""To Be Loved"". The track became a U.S. Adult

You've Got a Friend in Me ""You've Got a Friend in Me"" is a song by Randy Newman. Used as the theme song for the 1995 Disney/Pixar animated film ""Toy Story"", it has since become a major musical component for its sequels, ""Toy Story 2"" (1999) and ""Toy Story 3"" (2010) as well as a musical leitmotif throughout the whole ""Toy Story"" franchise. The song was nominated for both the Academy Award for Best Original Song and the Golden Globe Award for Best Original Song, but lost both to ""Colors of the Wind"" from Disney's ""Pocahontas"". Like many other Disney

Contemporary chart hit, spending 14 weeks on the chart and peaking at number 10. On May 31, 2018, Rex Orange County released a cover of “You’ve Got a Friend in Me”, performing along with Randy Newman, the creator of the song. You've Got a Friend in Me ""You've Got a Friend in Me"" is a song by Randy Newman. Used as the theme song for the 1995 Disney/Pixar animated film ""Toy Story"", it has since become a major musical component for its sequels, ""Toy Story 2"" (1999) and ""Toy Story 3"" (2010) as well as a musical leitmotif throughout the",Wheezy's version of the song 'You've Got a Friend in Me' was not during Woody's Roundup.,Cat2,UNSUPPORTED,PASS,PASS,CLEAR,NOT_ENOUGH_INFO,Cat2,PASS,PASS,CLEAR,ENTAILED,Cat2,THIRD_PERSON_ADJUDICATION,PASS,PASS,CLEAR,ENTAILED,Cat2,PASS,PASS,CLEAR,ENTAILED,Cat2,SUPPORTED,ELIGIBLE,RELABEL,SUPPORT
680,"Which band was founded first, Hole, the rock band that Courtney Love was a frontwoman of, or The Wolfhounds?","Courtney Michelle Love (born Courtney Michelle Harrison; July 9, 1964) is an American singer, songwriter, actress, and visual artist. She rose to prominence as the frontwoman of the alternative rock band Hole, which she formed in 1989.The Wolfhounds are an indie pop/noise pop band formed in Romford, UK in 1985 by Dave Callahan, Paul Clark, Andy Golding, Andy Bolton and Frank Stebbing, and originally active until 1990.","The Wolfhounds' most recent album is ""Untied Kingdom... Or How to Come to Terms with Your Culture"".",Cat5,UNSUPPORTED,PASS,FAIL,CLEAR,NOT_ENOUGH_INFO,INVALID,PASS,FAIL,CLEAR,NOT_ENOUGH_INFO,INVALID,A_B_AGREEMENT,,,,,,PASS,FAIL,CLEAR,NOT_ENOUGH_INFO,INVALID,UNSUPPORTED,INVALID,REMOVE,ELIGIBILITY
681,Which musician has a solo punk rock project: Toshiko Koshijima or Frank Iero?,"Toshiko Koshijima (こしじま としこ , Koshijima Toshiko , born March 3, 1980 in Kanazawa, Ishikawa) is a Japanese singer.Frank Anthony Iero, Jr. (born October 31, 1981) is an American musician who was the rhythm guitarist and backup vocalist of the rock band My Chemical Romance and post-hardcore band Leathermouth. He has a solo punk rock project titled Frank Iero and the Patience.","Frank Anthony Iero, Jr. is a person.",Cat1,SUPPORTED,PASS,PASS,CLEAR,ENTAILED,Cat1,PASS,FAIL,CLEAR,ENTAILED,INVALID,THIRD_PERSON_ADJUDICATION,PASS,PASS,CLEAR,ENTAILED,Cat1,PASS,PASS,CLEAR,ENTAILED,Cat1,SUPPORTED,ELIGIBLE,RETAIN_UNCHANGED,
682,What other name was the Hotak dynasty ruled once ruled by Shah Ashraf Hotak known as?,"Shāh Ashraf Hotak, (Pashto, Dari: ), also known as Shāh Ashraf Ghiljī (Pashto: شاه اشرف غلجي‎ ) (died 1730), son of Abdul Aziz Hotak, was the fourth ruler of the Hotak dynasty.The Hotak dynasty or the Hotaki dynasty was an Afghan monarchy of the Ghilji Pashtuns, established in April 1709 by Mirwais Hotak after leading a successful revolution against their declining Persian Safavid overlords in Kandahar.",The Hotaki dynasty was followed by the Afsharid dynasty in 1738 after being toppled by Nader Shah Afshar.,Cat4,UNSUPPORTED,PASS,PASS,CLEAR,ENTAILED,Cat4,PASS,PASS,CLEAR,ENTAILED,Cat1,THIRD_PERSON_ADJUDICATION,PASS,PASS,CLEAR,ENTAILED,Cat4,PASS,PASS,CLEAR,ENTAILED,Cat4,SUPPORTED,ELIGIBLE,RELABEL,SUPPORT
683,Was Jan Egil Storholt born in the third largest city in Norway?,"Jan Egil Storholt (born 13 February 1949) is a former speed skater from Norway. He was born in Trondheim. It is the third largest city in the country, with a population (2013) of 169,972 inhabitants within the city borders.",Jan Egil Storholt was born in one of Norway's largest cities.,Cat5,SUPPORTED,PASS,PASS,CLEAR,ENTAILED,Cat5,PASS,PASS,AMBIGUOUS,ENTAILED,Cat3,THIRD_PERSON_ADJUDICATION,PASS,PASS,CLEAR,CONTRADICTED,Cat5,PASS,PASS,CLEAR,CONTRADICTED,Cat5,UNSUPPORTED,ELIGIBLE,RELABEL,SUPPORT
684,"When a Man Falls in Love, is a 2013 South Korean television series, starring Song Seung-heon, Shin Se-kyung, Chae Jung-an, and which South Korean actor, born on ? ","When a Man Falls in Love () is a 2013 South Korean television series, starring Song Seung-heon, Shin Se-kyung, Chae Jung-an, and Yeon Woo-jin.Yeon Woo-jin (born Kim Bong-hoe on July 5, 1984) is a South Korean actor.",The South Korean actor was born in 1984.,Cat4,SUPPORTED,PASS,PASS,CLEAR,ENTAILED,Cat4,PASS,PASS,CLEAR,ENTAILED,Cat4,A_B_AGREEMENT,,,,,,PASS,PASS,CLEAR,ENTAILED,Cat4,SUPPORTED,ELIGIBLE,RETAIN_UNCHANGED,
685,"Which genus is aquatic, Phylica or Nelumbo?","Phylica is a genus of plants in the family Rhamnaceae.Nelumbo is a genus of aquatic plants with large, showy flowers. Members are commonly called lotus, though ""lotus"" is a name also applied to various other plants and plant groups, including the unrelated genus ""Lotus"".",Phylica is not an aquatic genus.,Cat2,UNSUPPORTED,PASS,PASS,CLEAR,ENTAILED,Cat2,PASS,PASS,CLEAR,ENTAILED,Cat2,A_B_AGREEMENT,,,,,,PASS,PASS,CLEAR,ENTAILED,Cat2,SUPPORTED,ELIGIBLE,RELABEL,SUPPORT
686,What was population of the city where the Dutch retired footballer Foeke Booy born?,"Foeke Booy (born 25 April 1962 in Leeuwarden) is a Dutch retired footballer and football manager.Leeuwarden (] , ] ), Stadsfries: ""Liwwadden"") is a city and municipality with a population of 108,249 in Friesland in the Netherlands.","Leeuwarden's population was 108,248.",Cat6,UNSUPPORTED,PASS,PASS,CLEAR,CONTRADICTED,Cat6,PASS,PASS,CLEAR,CONTRADICTED,Cat6,A_B_AGREEMENT,,,,,,PASS,PASS,CLEAR,CONTRADICTED,Cat6,UNSUPPORTED,ELIGIBLE,RETAIN_UNCHANGED,
687,When did the fur trade began in canada?,"North American fur trade The North American fur trade was the industry and activities related to the acquisition, trade, exchange, and sale of animal furs in North America. Aboriginal peoples in Canada and Native Americans in the United States of different regions traded among themselves in the pre–Columbian Era, but Europeans participated in the trade beginning from the time of their arrival in the New World and extended its reach to Europe. The French started trading in the 16th century, the English established trading posts on Hudson Bay in present-day Canada in the 17th century, and the Dutch had trade

(now called New York) fell into English hands with the 1667 Treaty of Breda. In 1668 the English fur trade entered a new phase. Two French citizens, Pierre-Esprit Radisson and Médard des Groseilliers, had traded with great success west of Lake Superior in 1659–60, but upon their return to Canada, most of their furs were seized by the authorities. Their trading voyage had convinced them that the best fur country was far to the north and west, and could best be reached by ships sailing into Hudson Bay. Their treatment in Canada suggested that they would not find support from

these two groups would lead to the creation of the Métis people, who would be considered the offspring of the fur trade. The North American fur trade began in the seventeenth century when European and Aboriginal people began meeting at the Saint Lawrence River to trade goods. The Europeans were mainly interested in buying furs for the luxury fur and felt market in Europe. Beaver pelts for use in millinery were particularly sought after. Aboriginal people knew the best places and methods for trapping, and therefore became valuable procurers for the Europeans. Because European traders had no knowledge of the","Later in the 1400s, trade between Europeans and First Nations began.",Cat4,UNSUPPORTED,PASS,PASS,CLEAR,NOT_ENOUGH_INFO,Cat4,PASS,PASS,CLEAR,CONTRADICTED,Cat4,THIRD_PERSON_ADJUDICATION,PASS,PASS,CLEAR,CONTRADICTED,Cat4,PASS,PASS,CLEAR,CONTRADICTED,Cat4,UNSUPPORTED,ELIGIBLE,RETAIN_UNCHANGED,
688,"Which private, nonsectarian institution has a famous artist featured in major museum solo shows?"," Swoon has since been featured in major museums including a 2014 solo show, ""Submerged Motherlands"", at the Brooklyn Museum.Pratt Institute is a private, nonsectarian, non-profit institution of higher learning located in the Clinton Hill neighborhood of Brooklyn, New York, United States, with a satellite campus located at 14th Street in Manhattan and an extension campus in Utica, New York (Pratt MWP).",Pratt Institute is known for its strong emphasis on creativity and innovation.,Cat1,UNSUPPORTED,PASS,PASS,CLEAR,NOT_ENOUGH_INFO,Cat1,PASS,FAIL,CLEAR,NOT_ENOUGH_INFO,INVALID,THIRD_PERSON_ADJUDICATION,PASS,FAIL,CLEAR,NOT_ENOUGH_INFO,Cat1,PASS,FAIL,CLEAR,NOT_ENOUGH_INFO,INVALID,UNSUPPORTED,INVALID,REMOVE,ELIGIBILITY
689,"Which species, Cardwellia or Ochagavia, is native to South America?"," The species Cardwellia sublimis (northern silky oak) grows naturally only (endemic) in the rainforests of the wet tropics region of north eastern Queensland, Australia.Ochagavia is a genus of the botanical family Bromeliaceae, subfamily Bromelioideae. The genus is named for Sylvestris Ochagavia, Chilean minister of education. Endemic to southern and central Chile (including the Juan Fernández Islands), this genus is represented by four accepted species.",Sylvestris Ochagavia was the longest-serving minister of education in Chile.,Cat5,UNSUPPORTED,PASS,FAIL,CLEAR,NOT_ENOUGH_INFO,INVALID,PASS,FAIL,CLEAR,NOT_ENOUGH_INFO,INVALID,A_B_AGREEMENT,,,,,,PASS,FAIL,CLEAR,NOT_ENOUGH_INFO,INVALID,UNSUPPORTED,INVALID,REMOVE,ELIGIBILITY
690,Who owns green and black's organic chocolate?,"Green & Black's Green & Black's is a British chocolate company founded in 1991. The company produces a range of organic products, including: chocolate bars, ice cream, biscuits and hot chocolate, with its principal manufacturing sites in Canada, Poland, and Italy. It was bought by Cadbury in 2005, and later became part of Mondelēz International (formerly known as Kraft Foods). Green & Black's was founded in 1991 by the couple Craig Sams and Josephine Fairley, organic food pioneer and journalist respectively. The name was derived from a wordplay — ""Green"" standing for the environmental concerns of the founders, and ""Black""

are Fairtrade Certified. On 15 October 2012 Mondelēz Global LLC conducted voluntary U.S. recall of Green & Black’s organic peanut and sea salt milk chocolate bar due to possible health risk. Green & Black's Green & Black's is a British chocolate company founded in 1991. The company produces a range of organic products, including: chocolate bars, ice cream, biscuits and hot chocolate, with its principal manufacturing sites in Canada, Poland, and Italy. It was bought by Cadbury in 2005, and later became part of Mondelēz International (formerly known as Kraft Foods). Green & Black's was founded in 1991 by the

Grain, the following year. He and his brother Greg and their father Ken edited and published 'Seed, the Journal of Organic Living' 1971-1977. In 1970 Greg and Craig set up Harmony Foods, which eventually became known as Whole Earth Foods. In 1991, with his partner Josephine Fairley, he founded Green & Black's chocolate, which was sold to Cadbury in 2005. He continues to be involved with the company. He writes a monthly column in the organic products section of Natural Product News From 1990 until 2001 he was honorary treasurer of the Soil Association, the British organic food and farming",Green & Black's was founded by Josephine Fairley.,Cat7,SUPPORTED,PASS,PASS,CLEAR,ENTAILED,Cat1,PASS,FAIL,CLEAR,ENTAILED,INVALID,THIRD_PERSON_ADJUDICATION,PASS,FAIL,CLEAR,ENTAILED,Cat1,PASS,FAIL,CLEAR,ENTAILED,INVALID,SUPPORTED,INVALID,REMOVE,ELIGIBILITY
691,"What year did the namesake of Fort Davis, Alaska die?"," It was named for General Jefferson C. Davis, the military commander of Alaska from 1868 to 1870.Jefferson Columbus Davis (March 2, 1828 – November 30, 1879) was a regular officer of the United States Army during the American Civil War, known for the similarity of his name to Confederate President Jefferson Davis and for his killing of a superior officer in 1862.",General Jefferson C. Davis did not die in Alaska.,Cat2,UNSUPPORTED,PASS,FAIL,CLEAR,NOT_ENOUGH_INFO,INVALID,PASS,FAIL,CLEAR,NOT_ENOUGH_INFO,INVALID,A_B_AGREEMENT,,,,,,PASS,FAIL,CLEAR,NOT_ENOUGH_INFO,INVALID,UNSUPPORTED,INVALID,REMOVE,ELIGIBILITY
692,What is a small network appliance and entertainment device that serves as a the media player for the iTunes Store?," It also serves as a media player for television shows and films purchased in the iTunes Store, replacing the ""Videos"" application on earlier versions of iOS.Apple TV is a digital media player and microconsole developed and sold by Apple Inc. It is a small network appliance and entertainment device that can receive digital data from a number of sources and stream it to a capable television.",Apple TV is the smallest network appliance developed by Apple Inc.,Cat5,UNSUPPORTED,PASS,PASS,CLEAR,NOT_ENOUGH_INFO,Cat5,PASS,FAIL,CLEAR,NOT_ENOUGH_INFO,INVALID,THIRD_PERSON_ADJUDICATION,PASS,PASS,CLEAR,CONTRADICTED,Cat5,PASS,PASS,CLEAR,CONTRADICTED,Cat5,UNSUPPORTED,ELIGIBLE,RETAIN_UNCHANGED,
693,Was We Are Scientists or Needtobreathe formed further west?,"Needtobreathe (stylized as NEEDTOBREATHE) is an American Christian rock band from Seneca, South Carolina, United States. The band is composed of Bear Rinehart (lead vocals, guitar, piano), Bo Rinehart (backing vocals, guitar), Seth Bolt (backing vocals, bass) and Josh Lovelace (backing vocals, keys). It consists of guitarist and vocalist Keith Murray and bass guitarist Chris Cain.","Needtobreathe consists of Bear Rinehart, Bo Rinehart, Seth Bolt, and Josh Lovelace.",Cat7,SUPPORTED,PASS,FAIL,CLEAR,ENTAILED,INVALID,PASS,FAIL,CLEAR,ENTAILED,INVALID,A_B_AGREEMENT,,,,,,PASS,FAIL,CLEAR,ENTAILED,INVALID,SUPPORTED,INVALID,REMOVE,ELIGIBILITY
694,KCFO (970 AM) airs the show of an American historical theologian that has been described as what?,"KCFO (970 AM) is a Tulsa, Oklahoma, area Christian radio station. KCFO airs national shows such as Dave Ramsey, J. Vernon McGee, David Jeremiah, Dennis Rainey, and Albert Mohler.Richard Albert Mohler Jr. (born October 19, 1959), is an American historical theologian and the ninth president of the Southern Baptist Theological Seminary in Louisville, Kentucky. He has been described as ""one of America's most influential evangelicals"".",Richard Albert Mohler Jr. has been described as one of America's most influential evangelicals.,Cat5,SUPPORTED,PASS,PASS,CLEAR,ENTAILED,Cat5,PASS,PASS,CLEAR,ENTAILED,Cat5,A_B_AGREEMENT,,,,,,PASS,PASS,CLEAR,ENTAILED,Cat5,SUPPORTED,ELIGIBLE,RETAIN_UNCHANGED,
695,Was the memphis belle the first to complete 25 missions?,"chosen by the Eighth Air Force from those who had flown combat aboard, led by Capt. Morgan, for a 31-city war bond tour. Morgan's original co-pilot was Capt. James A. Verinis, who himself piloted the ""Memphis Belle"" for one mission. Verinis was promoted to aircraft commander of another B-17 for his final 16 missions and finished his tour on 13 May. He rejoined Morgan's crew as co-pilot for the flight back to the United States. The B-17 ""Hell's Angels"" (41-24577) of the 303rd Bomb Group completed 25 combat missions on 13 May 1943, becoming the first B-17 to complete the

of the 324th Bomb Squadron (Heavy); the squadron code ""DF"" and individual aircraft letter ""A."" Captain Robert K. Morgan's crew flew 29 combat missions with the 324th Bomb Squadron, all but four in the ""Memphis Belle"". The aircraft's 25 combat missions, which included eight German aircraft shot down by her crew, were: <nowiki>*</nowiki> Sources disagree on which two of these three missions the ""Memphis Belle"" received mission credits for. Morgan's crew completed the following missions in B-17s other than the ""Memphis Belle"": The aircraft was then flown back to the United States on 8 June 1943, by a composite crew

had been the pilot on the majority of the missions flown by the B-17 Flying Fortress, ""Memphis Belle"", when it was designated the official ""first"" bomber to complete 25 operations, while flying with the 91st Bomb Group, VIII Bomber Command, in the European Theatre of Operations. (""Hell's Angels"", of the 303d Bomb Group, actually beat the ""Belle"" by one week.) ""Memphis Belle"" was the first combat-veteran bomber to return to the United States as part of a publicity campaign to sell war bonds. Morgan flew the plane all over the United States for bond rallies. Promoted to Major, Morgan flew",The Memphis Belle completed 25 missions.,Cat6,SUPPORTED,PASS,PASS,CLEAR,ENTAILED,Cat6,PASS,PASS,CLEAR,ENTAILED,Cat4,THIRD_PERSON_ADJUDICATION,PASS,PASS,CLEAR,ENTAILED,Cat4,PASS,PASS,CLEAR,ENTAILED,Cat4,SUPPORTED,ELIGIBLE,RELABEL,CATEGORY
696,What is stacey's surname in gavin and stacey?,"from Billericay in Essex, and Stacey, from Barry in the Vale of Glamorgan, Wales. Initially, Gavin lives with his parents, Pam and Mick, and spends most of his time with his best friend, Smithy. Stacey lives with her widowed mother, Gwen, and is frequently visited by her uncle, Bryn, who lives across the road, and by her best friend Nessa. The series follows the key moments in their relationship: their first meeting, meeting each other's families, getting engaged, marrying, looking for a flat, briefly splitting up, looking for new jobs and trying for children. The characters of Gavin and Stacey

Gavin & Stacey Gavin & Stacey is a British sitcom, written by James Corden and Ruth Jones, that follows the long-distance relationship of an Englishman and a Welsh woman. The merging of their quirky families forms the focus of the show. Mathew Horne and Joanna Page play the title characters, while the writers co-star as Gavin and Stacey's friends, Smithy and Nessa. Other prominent cast members include Alison Steadman and Larry Lamb, who play Gavin's parents, Pam and Mick, and Melanie Walters and Rob Brydon, who portray Stacey's mother, Gwen, and her uncle, Bryn. The theme for the series was

to Sullivan as her housemate; a member of the band she initially lives with. Nessa had also claimed to have had an affair with Prescott. The initial series begins with the lives of the title characters, Gavin Shipman (Mathew Horne) and Stacey West (Joanna Page). Gavin is 28 and lives at home in Billericay, Essex, with his parents, Mick (Larry Lamb) and Pam (Alison Steadman). He and Stacey, along with their respective best friends Neil ""Smithy"" Smith (James Corden) and Nessa Jenkins (Ruth Jones), go out on a double date. The night ends with Gavin and Stacey returning to a",Gavin spends most of his time with his best friend Smithy.,Cat3,SUPPORTED,PASS,FAIL,CLEAR,ENTAILED,INVALID,PASS,FAIL,CLEAR,ENTAILED,INVALID,A_B_AGREEMENT,,,,,,PASS,FAIL,CLEAR,ENTAILED,INVALID,SUPPORTED,INVALID,REMOVE,ELIGIBILITY
697,Which star in The Pokrovsky Gate was also a director and occasional singer?," It was directed by Mikhail Kozakov and stars Oleg Menshikov, Leonid Bronevoy, and Inna Ulyanova.Oleg Evgenyevich Menshikov, (Russian: Оле́г Евге́ньевич Ме́ньшиков ; born 8 November 1960) is a Russian actor, theatre director and occasional singer.",Oleg Menshikov is one of Russia's most influential actors.,Cat5,UNSUPPORTED,PASS,PASS,CLEAR,NOT_ENOUGH_INFO,Cat5,PASS,FAIL,CLEAR,NOT_ENOUGH_INFO,INVALID,THIRD_PERSON_ADJUDICATION,PASS,FAIL,CLEAR,CONTRADICTED,Cat5,PASS,FAIL,CLEAR,CONTRADICTED,Cat5,UNSUPPORTED,ELIGIBLE,RETAIN_UNCHANGED,
698,"What is the name of the first album released by the American country singer and songwriter who also recorded the 2011 single written by Bryan, Rhett Akins, Dallas Davidson and Ben Hayslip?","""I Don't Want This Night to End"" is a song co-written and recorded by American country music artist Luke Bryan. The song, written by Bryan, Rhett Akins, Dallas Davidson and Ben Hayslip, is a ""guy meets girl"" love story. He began his musical career in the mid-2000s, writing songs for his longtime friends from high school, performers Travis Tritt and Billy Currington, and releasing his first ""Spring Break"" album.",Luke Bryan did not begin his musical career before the mid-2000s.,Cat2,SUPPORTED,PASS,FAIL,CLEAR,ENTAILED,INVALID,PASS,FAIL,CLEAR,ENTAILED,INVALID,A_B_AGREEMENT,,,,,,PASS,FAIL,CLEAR,ENTAILED,INVALID,SUPPORTED,INVALID,REMOVE,ELIGIBILITY
699,What band did the man who released 2541 form after Hüsker Dü's breakup?,"2541 is the first solo EP from Grant Hart, formerly of the band Hüsker Dü.Grant Vernon Hart (March 18, 1961 – September 13, 2017) was an American musician, best known as the drummer and co-songwriter for the alternative rock and hardcore punk band Hüsker Dü. After the band's breakup in 1988, he formed the alternative rock trio Nova Mob, where he moved to vocals and guitar.",Nova Mob was formed in 1990.,Cat4,UNSUPPORTED,PASS,PASS,CLEAR,ENTAILED,Cat4,PASS,PASS,CLEAR,ENTAILED,Cat4,A_B_AGREEMENT,,,,,,PASS,PASS,CLEAR,ENTAILED,Cat4,SUPPORTED,ELIGIBLE,RELABEL,SUPPORT
700,E'Shun Melvin was the voice of Young Boyd on Teen Wolf  developed by Jeff Davis for what television network," He is best known for his role as Noah on the BET original comedy television series Real Husbands of Hollywood, and for providing the voice of Young Boyd on Teen Wolf.Teen Wolf is an American television series developed by Jeff Davis for MTV.",Teen Wolf was not developed for MTV.,Cat2,UNSUPPORTED,PASS,PASS,CLEAR,CONTRADICTED,Cat2,PASS,PASS,CLEAR,CONTRADICTED,Cat2,A_B_AGREEMENT,,,,,,PASS,PASS,CLEAR,CONTRADICTED,Cat2,UNSUPPORTED,ELIGIBLE,RETAIN_UNCHANGED,
